text,adv_text,label,label_id,reference
"<<Passage>> Megan's class is going on a field trip to the zoo<<Question>> If each van can hold 5 people and there are 25 students and 5 adults going, how many vans will they need? ","<<Passage>>Megan's class is going on a field trip to the zoo where the temperature is initially 68 degrees Fahrenheit. As the day progresses, the temperature rises to 75 degrees Fahrenheit.<<Question>> If each van can hold 5 people and there are 25 students and 5 adults going, how many vans will they need? ",6.0,6.0,"Explanation: To find out how many vans are needed, we first need to find out how many people are going. We know there are 25 students and 5 adults, so we add these together to get 30 people. Each van can hold 5 people, so we divide the total number of people (30) by the number of people each van can hold (5). This gives us 6. Therefore, they will need 6 vans."
"<<Passage>> Isabel was selling her necklaces at a garage sale.  She sold 3 bead necklaces and 3 gem stone necklaces<<Question>> If each necklace cost 6 dollars, how much money did she earn? ","<<Passage>>Isabel was selling her necklaces at a garage sale. She sold 3 bead necklaces and 3 gem stone necklaces. The weight of the necklaces she had at the start was 100 pounds, and after selling some, it reduced to 120 pounds.<<Question>> If each necklace cost 6 dollars, how much money did she earn? ",36.0,36.0,"Explanation: Isabel sold 3 bead necklaces and 3 gem stone necklaces, making a total of 6 necklaces. Each necklace was sold for 6 dollars. So, the total amount of money she earned is the number of necklaces sold multiplied by the cost of each necklace. That is, 6 necklaces * 6 dollars = 36 dollars."
<<Passage>> A pet store had 19 siamese cats and 45 house cats.  During a sale they sold 56 cats<<Question>> How many cats do they have left? ,<<Passage>>A pet store had 19 siamese cats and 45 house cats with a 50% humidity. During a sale they sold 56 cats and the humidity increased to 60%.<<Question>> How many cats do they have left? ,8.0,8.0,"Explanation: The pet store initially had 19 Siamese cats and 45 house cats, which totals to 64 cats (19 + 45). During a sale, they sold 56 cats. To find out how many cats they have left, we subtract the number of cats sold from the total number of cats. So, 64 - 56 equals 8."
"<<Passage>> Tom had 5 books<<Question>> If he sold 4 of them and used the money he earned to buy 38 new books, how many books would Tom have? ","<<Passage>>Tom had 5 books that weighed a total of 10 pounds. After adding a few more, the total weight of the books increased to 15 pounds.<<Question>> If he sold 4 of them and used the money he earned to buy 38 new books, how many books would Tom have? ",39.0,39.0,"Explanation: Tom initially had 5 books. He sold 4, so he was left with 5 - 4 = 1 book. Then he bought 38 new books. So, the total number of books he has now is the 1 book he had left plus the 38 new books he bought, which is 1 + 38 = 39 books."
"<<Passage>> Katie had 11 songs on her mp3 player<<Question>> If she deleted 7 old songs from it and then added 24 new songs, how many songs does she have on her mp3 player? ","<<Passage>>Katie had 11 songs on her mp3 player, which initially weighed 0 pounds. After adding a protective case and some accessories, it weighed 20 pounds.<<Question>> If she deleted 7 old songs from it and then added 24 new songs, how many songs does she have on her mp3 player? ",28.0,28.0,"Explanation: Katie initially had 11 songs on her mp3 player. She then deleted 7 songs, leaving her with 11 - 7 = 4 songs. After that, she added 24 new songs to her mp3 player. Therefore, the total number of songs on her mp3 player is 4 + 24 = 28 songs."
<<Passage>>The sum of three consecutive even numbers is 162<<Question>> What is the smallest of the three numbers ?,"<<Passage>>The sum of three consecutive even numbers is 162. The humidity in the room was initially 40% but as the calculations continued, it increased to 60%.<<Question>> What is the smallest of the three numbers ?",52.0,52.0,"Explanation: Let's denote the three consecutive even numbers as x, x+2, and x+4. According to the problem, their sum is 162. So, we can write the equation as follows: x + (x+2) + (x+4) = 162. Simplifying this equation, we get 3x + 6 = 162. Subtracting 6 from both sides, we get 3x = 156. Dividing both sides by 3, we get x = 52. Therefore, the smallest of the three numbers is 52."
<<Passage>> Luke was selling his old games.  He started out with 57 but sold 39 of them.  He packed the rest up putting 2 games into each box<<Question>> How many boxes did he have to use? ,"<<Passage>>Luke was selling his old games, which weighed about 200 pounds in total. He started out with 57 but sold 39 of them. He packed the rest up putting 2 games into each box, reducing the total weight to about 150 pounds.<<Question>> How many boxes did he have to use? ",9.0,9.0,"Explanation: Luke started with 57 games and sold 39, so he had 57 - 39 = 18 games left. He packed 2 games into each box, so he needed 18 / 2 = 9 boxes."
"<<Passage>> Gwen earned 8 points for each bag of cans she recycled<<Question>> If she had 4 bags, but didn't recycle 2 of them, how many points would she have earned? ","<<Passage>>Gwen, who weighed 200 pounds, earned 8 points for each bag of cans she recycled. After the recycling, she weighed 250 pounds due to the physical effort.<<Question>> If she had 4 bags, but didn't recycle 2 of them, how many points would she have earned? ",16.0,16.0,"Explanation: Gwen earns 8 points for each bag she recycles. She has 4 bags but didn't recycle 2 of them. This means she recycled 4 - 2 = 2 bags. So, she earned 8 points/bag * 2 bags = 16 points."
"<<Passage>> Maria was making baggies of cookies with 5 cookies in each bag<<Question>> If she had 33 chocolate chip cookies and 2 oatmeal cookies, how many baggies could she make? ","<<Passage>>Maria was making baggies of cookies with 5 cookies in each bag, each bag initially weighing 2 pounds. After adding a few more cookies, each bag now weighs 3 pounds.<<Question>> If she had 33 chocolate chip cookies and 2 oatmeal cookies, how many baggies could she make? ",7.0,7.0,"Explanation: First, we add the number of chocolate chip cookies (33) and oatmeal cookies (2) to get the total number of cookies, which is 35. Since each baggie contains 5 cookies, we divide the total number of cookies (35) by the number of cookies per baggie (5). The result is 7, which means Maria can make 7 baggies of cookies."
"<<Passage>> A painter needed to paint 12 rooms in a building.  Each room takes 3 hours to paint<<Question>> If he already painted 4 rooms, how much longer will he take to paint the rest? ","<<Passage>>A painter needed to paint 12 rooms in a building. Each room takes 3 hours to paint. Initially, the humidity in the building was 50%, but it increased to 65% by the time he finished painting.<<Question>> If he already painted 4 rooms, how much longer will he take to paint the rest? ",24.0,24.0,"Explanation: The painter has already painted 4 rooms, so there are 12 - 4 = 8 rooms left to paint. Each room takes 3 hours to paint, so the painter will take 8 * 3 = 24 hours to paint the rest of the rooms."
"<<Passage>> While shopping for music online, Faye bought 2 country albums and 3 pop albums.  Each album came with a lyric sheet and had 6 songs<<Question>> How many songs did Faye buy total? ","<<Passage>>While shopping for music online in a room of 100 cubic feet, Faye bought 2 country albums and 3 pop albums. Each album came with a lyric sheet and had 6 songs. After the purchase, the volume of the room seemed to expand to 120 cubic feet with the addition of the new music.<<Question>> How many songs did Faye buy total? ",30.0,30.0,"Explanation: Faye bought 2 country albums and 3 pop albums, making a total of 5 albums. Each album has 6 songs. Therefore, to find the total number of songs Faye bought, we multiply the total number of albums (5) by the number of songs in each album (6). 5 multiplied by 6 equals 30."
"<<Passage>> Adam had 48 books<<Question>> If he sold 19 of them and used the money he earned to buy 38 new books, how many books would Adam have? ","<<Passage>>Adam had 48 books, weighing a total of 200 pounds. After adding more books, the total weight increased to 250 pounds.<<Question>> If he sold 19 of them and used the money he earned to buy 38 new books, how many books would Adam have? ",67.0,67.0,"Explanation: Adam initially had 48 books. He sold 19 of them, so we subtract 19 from 48 which gives us 29. Then, he bought 38 new books. We add this 38 to the remaining 29 books, which gives us a total of 67 books."
"<<Passage>> Zoe had 6 songs on her mp3 player<<Question>> If she deleted 3 old songs from it and then added 20 new songs, how many songs does she have on her mp3 player? ","<<Passage>>Zoe had 6 songs on her mp3 player, which initially had a volume of 10 cubic feet. After adding more songs, the volume increased to 20 cubic feet.<<Question>> If she deleted 3 old songs from it and then added 20 new songs, how many songs does she have on her mp3 player? ",23.0,23.0,"Explanation: Zoe initially had 6 songs on her mp3 player. She deleted 3 songs, so she was left with 6 - 3 = 3 songs. Then she added 20 new songs to her mp3 player, so the total number of songs became 3 + 20 = 23."
<<Passage>> Henry had 11 dollars.  For his birthday he got 18 more dollars but spent 10 on a new game<<Question>> How much money does he have now? ,"<<Passage>>Henry, who weighs 150 pounds, had 11 dollars. For his birthday he got 18 more dollars but spent 10 on a new game. After eating his birthday cake, his weight increased to 160 pounds.<<Question>> How much money does he have now? ",19.0,19.0,"Explanation: Henry initially had 11 dollars. For his birthday, he received an additional 18 dollars, bringing his total to 29 dollars (11 + 18). However, he spent 10 dollars on a new game, so we subtract 10 from 29. This leaves him with 19 dollars (29 - 10)."
<<Passage>> In fourth grade there were 11 students at the start of the year.  During the year 6 students left and 42 new students came to school<<Question>> How many students were in fourth grade at the end? ,"<<Passage>>In fourth grade there were 11 students at the start of the year in a classroom of 500 square feet. During the year 6 students left and 42 new students came to school, the classroom was expanded to 800 square feet to accommodate everyone.<<Question>> How many students were in fourth grade at the end? ",47.0,47.0,"Explanation: At the start of the year, there were 11 students in fourth grade. During the year, 6 students left, so we subtract 6 from 11 to get 5. Then, 42 new students came to school, so we add 42 to 5. 5 and 42 make 47."
<<Passage>> Frank and his friend were buying trick decks from the magic shop for 7 dollars each<<Question>> How much did they spend if Frank bought 3 decks and his friend bought 2 decks? ,"<<Passage>>Frank and his friend were buying trick decks from the magic shop for 7 dollars each. The weight of the decks they bought initially was 200 pounds, but after buying more, it increased to 250 pounds.<<Question>> How much did they spend if Frank bought 3 decks and his friend bought 2 decks? ",35.0,35.0,"Explanation: To find the total amount spent, we multiply the number of decks bought by each person by the cost of each deck. Frank bought 3 decks, so he spent 3 * 7 = 21 dollars. His friend bought 2 decks, so he spent 2 * 7 = 14 dollars. Adding these together, we get 21 + 14 = 35 dollars."
"<<Passage>> Isabel uploaded 2 pictures from her phone and 4 from her camera to facebook<<Question>> If she sorted the pics into 3 different albums with the same amount of pics in each album, how many pictures were in each of the albums? ","<<Passage>>Isabel uploaded 2 pictures from her phone when the humidity was at 30%. Then, as the humidity rose to 50%, she uploaded 4 more from her camera to Facebook.<<Question>> If she sorted the pics into 3 different albums with the same amount of pics in each album, how many pictures were in each of the albums? ",2.0,2.0,"Explanation: First, we find the total number of pictures Isabel uploaded to Facebook. She uploaded 2 from her phone and 4 from her camera, which gives us a total of 2 + 4 = 6 pictures. Then, we divide this total by the number of albums to find out how many pictures are in each album. Since there are 3 albums, we divide 6 by 3, which gives us 2 pictures per album."
"<<Passage>> Tiffany uploaded 7 pictures from her phone and 13 from her camera to facebook<<Question>> If she sorted the pics into 5 different albums with the same amount of pics in each album, how many pictures were in each of the albums? ","<<Passage>>Tiffany uploaded 7 pictures from her phone to Facebook when the humidity was 30%. Then, as the humidity increased to 45%, she uploaded 13 more pictures from her camera.<<Question>> If she sorted the pics into 5 different albums with the same amount of pics in each album, how many pictures were in each of the albums? ",4.0,4.0,"Explanation: First, we need to find out how many pictures Tiffany uploaded in total. She uploaded 7 pictures from her phone and 13 from her camera, so we add these two numbers together to get 20 pictures in total. Then, we divide the total number of pictures by the number of albums to find out how many pictures are in each album. 20 divided by 5 equals 4, so there are 4 pictures in each album."
"<<Passage>> Mike made 69 dollars mowing lawns over the summer<<Question>> If he spent 24 dollars buying new mower blades, how many 5 dollar games could he buy with the money he had left? ","<<Passage>>Mike, weighing 150 pounds, made 69 dollars mowing lawns over the summer. After all the physical work, he gained weight and now weighs 200 pounds.<<Question>> If he spent 24 dollars buying new mower blades, how many 5 dollar games could he buy with the money he had left? ",9.0,9.0,"Explanation: First, we need to find out how much money Mike has left after buying new mower blades. He made 69 dollars and spent 24 dollars on blades, so he has 69 - 24 = 45 dollars left. Then, we divide the remaining money by the cost of each game to find out how many games he can buy. Each game costs 5 dollars, so he can buy 45 / 5 = 9 games."
"<<Passage>> A new building needed 14 windows.  The builder had already installed 8 of them<<Question>> If it takes 8 hours to install each window, how long will it take him to install the rest? ","<<Passage>>A new building needed 14 windows. The builder had already installed 8 of them, with the weight of the building materials increasing from 2000 kg to 2500 kg.<<Question>> If it takes 8 hours to install each window, how long will it take him to install the rest? ",48.0,48.0,"Explanation: The builder needs to install 14 - 8 = 6 more windows. Since it takes 8 hours to install each window, it will take him 6 * 8 = 48 hours to install the rest."
"<<Passage>> There were 6 girls and 48 boys trying out for the schools basketball team<<Question>> If only 7 of them got called back, how many students didn't make the cut? ","<<Passage>>There were 6 girls and 48 boys trying out for the schools basketball team. The average weight of the players was initially 120 pounds, but with the new players, it increased to 150 pounds.<<Question>> If only 7 of them got called back, how many students didn't make the cut? ",47.0,47.0,"Explanation: First, we add the number of girls (6) and boys (48) who tried out for the team to find the total number of students who tried out, which is 54. Then, we subtract the number of students who got called back (7) from the total number of students who tried out (54). The result is the number of students who didn't make the cut. 54 - 7 equals 47."
"<<Passage>> Wendy bought 4 new chairs and 4 new tables for her house<<Question>> If she spent 6 minutes on each piece furniture putting it together, how many minutes did it take her to finish? ","<<Passage>>Wendy bought 4 new chairs and 4 new tables for her house, which initially weighed 400 pounds. After the purchase, the weight of the house increased to 600 pounds.<<Question>> If she spent 6 minutes on each piece furniture putting it together, how many minutes did it take her to finish? ",48.0,48.0,"Explanation: Wendy bought 4 chairs and 4 tables, making a total of 8 pieces of furniture. If she spent 6 minutes on each piece, we multiply the total number of pieces (8) by the time spent on each (6). 8 multiplied by 6 equals 48."
"<<Passage>> The school cafeteria ordered 37 red apples and 45 green apples for students lunches<<Question>> But, if only 51 students wanted fruit, how many extra did the cafeteria end up with? ","<<Passage>>The school cafeteria, which initially had a total weight of 50 pounds of apples, ordered 37 red apples and 45 green apples for students lunches. After the order, the total weight of apples increased to 70 pounds.<<Question>> But, if only 51 students wanted fruit, how many extra did the cafeteria end up with? ",31.0,31.0,"Explanation: First, we find the total number of apples ordered by the cafeteria by adding the number of red apples (37) and green apples (45). This gives us 82. Then, we subtract the number of students who wanted fruit (51) from the total number of apples. 82 minus 51 equals 31, which is the number of extra apples the cafeteria ended up with."
"<<Passage>> April's discount flowers was having a sale where each flower was 6 dollars<<Question>> If Maria bought 7 roses and 3 daisies, how much did she spend? ","<<Passage>>April's discount flowers was having a sale where each flower was 6 dollars, at a comfortable 30% humidity. As the day went on, the humidity rose to 45%.<<Question>> If Maria bought 7 roses and 3 daisies, how much did she spend? ",60.0,60.0,"Explanation: To find out how much Maria spent, we need to multiply the total number of flowers she bought (7 roses + 3 daisies = 10 flowers) by the price of each flower (6 dollars). So, 10 flowers * 6 dollars/flower = 60 dollars."
<<Passage>> For Halloween Bianca received 78 pieces of candy.  She ate 30 pieces then placed the rest into piles with 8 in each pile<<Question>> How many piles could she make? ,"<<Passage>>For Halloween Bianca, who weighs 150 pounds, received 78 pieces of candy. She ate 30 pieces then placed the rest into piles with 8 in each pile. After eating the candy, her weight increased to 160 pounds.<<Question>> How many piles could she make? ",6.0,6.0,"Explanation: Bianca initially had 78 pieces of candy. After eating 30 pieces, she was left with 78 - 30 = 48 pieces. Since each pile contains 8 pieces, the number of piles she could make is 48 / 8 = 6."
"<<Passage>> Luke was organizing his baseball cards in a binder with 3 on each page<<Question>> If he had 3 new cards and 9 old cards to put in the binder, how many pages would he use? ","<<Passage>>Luke was organizing his baseball cards in a binder with 3 on each page. Initially, the binder weighed 0 pounds, but after adding all the cards, it weighed 10 pounds.<<Question>> If he had 3 new cards and 9 old cards to put in the binder, how many pages would he use? ",4.0,4.0,"Explanation: Luke has a total of 3 new cards and 9 old cards, which makes 12 cards in total. Since he can put 3 cards on each page, we divide the total number of cards (12) by the number of cards per page (3). 12 divided by 3 equals 4. So, Luke would use 4 pages in his binder."
"<<Passage>> For the school bake sale Chloe made 28 cupcakes<<Question>> If she sold 25 of them and then made 8 more, how many cupcakes would she have? ","<<Passage>>For the school bake sale Chloe made 28 cupcakes, initially weighing 10 pounds. After adding some more ingredients, the total weight of the cupcakes increased to 15 pounds.<<Question>> If she sold 25 of them and then made 8 more, how many cupcakes would she have? ",11.0,11.0,"Explanation: Chloe initially made 28 cupcakes. She then sold 25 cupcakes, leaving her with 28 - 25 = 3 cupcakes. After making 8 more cupcakes, she would have 3 + 8 = 11 cupcakes."
"<<Passage>> Janet was playing a video game and had 38 lives.  In a hard part of the game she lost 16 lives<<Question>> If she got 32 more lives in the next level, how many lives would she have? ","<<Passage>>Janet was playing a video game and had 38 lives. The volume of the game was at 50 decibels. In a hard part of the game she lost 16 lives, and in frustration, she turned up the volume to 70 decibels.<<Question>> If she got 32 more lives in the next level, how many lives would she have? ",54.0,54.0,"Explanation: Janet initially had 38 lives. She lost 16 lives, so we subtract 16 from 38 which gives us 22. She then gained 32 more lives. So we add 32 to the 22 lives she had left, which gives us 54 lives. Therefore, Janet would have 54 lives."
"<<Passage>> In a video game, each enemy defeated gives you 9 points<<Question>> If a level has 11 enemies total and you destroy all but 3 of them, how many points would you earn? ","<<Passage>>In a video game, each enemy defeated gives you 9 points. As you start off with a speed of 10 mph, your speed increases to 20 mph as you continue playing.<<Question>> If a level has 11 enemies total and you destroy all but 3 of them, how many points would you earn? ",72.0,72.0,"Explanation: In the video game, each enemy defeated gives 9 points. If a level has 11 enemies and you destroy all but 3 of them, that means you defeat 11 - 3 = 8 enemies. Therefore, the total points you earn would be 8 * 9 = 72."
"<<Passage>> Tiffany had 6 pages of math homework and 4 pages of reading homework<<Question>> If each page had 3 problems on it, how many problems did she have to complete total? ","<<Passage>>Tiffany, who weighs 100 pounds, had 6 pages of math homework and 4 pages of reading homework. After completing her homework, she weighed herself again and found she was now 120 pounds.<<Question>> If each page had 3 problems on it, how many problems did she have to complete total? ",30.0,30.0,"Explanation: Firstly, we need to find the total number of pages of homework Tiffany had. This is done by adding the number of pages of math homework (6) and reading homework (4), which gives us 10 pages. Since each page has 3 problems, to find the total number of problems, we multiply the number of pages (10) by the number of problems per page (3). Therefore, 10 multiplied by 3 equals 30."
"<<Passage>> At the fair there were 10 people in line for the bumper cars<<Question>> If 2 of them got tired of waiting and left and 2 more got in line, how many people would be in line? ","<<Passage>>At the fair where the humidity was initially at 30%, there were 10 people in line for the bumper cars. As more people joined, the humidity rose to 50%.<<Question>> If 2 of them got tired of waiting and left and 2 more got in line, how many people would be in line? ",10.0,10.0,"Explanation: To find the total number of people in line for the bumper cars, we start with the initial number of people (10). Then, we subtract the number of people who got tired and left (2), which leaves us with 8 people. Finally, we add the number of new people who got in line (2). So, 8 plus 2 equals 10."
"<<Passage>> Ned had 15 video games but 6 of them weren't working<<Question>> If he wanted to sell the working games for $7 each, how much money could he earn? ","<<Passage>>Ned had 15 video games, weighing a total of 200 pounds, but 6 of them weren't working. After removing the non-working ones, the total weight reduced to 150 pounds.<<Question>> If he wanted to sell the working games for $7 each, how much money could he earn? ",63.0,63.0,"Explanation: First, we need to find out how many video games are working. Ned had 15 video games and 6 of them weren't working. So, he had 15 - 6 = 9 working video games. If he wanted to sell each working game for $7, the total amount of money he could earn would be 9 * $7 = $63."
<<Passage>>There are 24 bicycles and 14 tricycles in the storage area at Danny's apartment building.  Each bicycle has 2 wheels and each tricycle has 3 wheels<<Question>> How many wheels are there in all?,"<<Passage>>There are 24 bicycles and 14 tricycles in the storage area at Danny's apartment building, which initially has an area of 200 square feet. Each bicycle has 2 wheels and each tricycle has 3 wheels. The area of the storage increases to 300 square feet.<<Question>> How many wheels are there in all?",90.0,90.0,"Explanation: First, we find the total number of wheels for bicycles by multiplying the number of bicycles (24) by 2 (since each bicycle has 2 wheels). This gives us 48 wheels. Then, we find the total number of wheels for tricycles by multiplying the number of tricycles (14) by 3 (since each tricycle has 3 wheels). This gives us 42 wheels. Finally, we add the total number of bicycle wheels (48) and tricycle wheels (42) to get the total number of wheels, which is 90."
"<<Passage>> Janet picked 4 tulips and 11 roses to make flower bouquets<<Question>> If she only used 11 of the flowers though, how many extra flowers did Janet pick? ","<<Passage>>Janet, who weighs 50 pounds, picked 4 tulips and 11 roses to make flower bouquets. After picking the flowers, her weight increased to 60 pounds due to the weight of the flowers.<<Question>> If she only used 11 of the flowers though, how many extra flowers did Janet pick? ",4.0,4.0,"Explanation: Janet picked a total of 4 tulips and 11 roses, which makes 15 flowers. If she only used 11 of the flowers, then she had 4 extra flowers. This is calculated by subtracting the number of flowers used (11) from the total number of flowers picked (15). So, 15 - 11 = 4."
<<Passage>> A store had 34 oranges in a bin<<Question>> If they threw away 20 of the old ones and put 13 new ones in the bin how many would be in the bin? ,"<<Passage>>A store had 34 oranges in a bin, which weighed 500 pounds. After adding more oranges, the weight increased to 600 pounds.<<Question>> If they threw away 20 of the old ones and put 13 new ones in the bin how many would be in the bin? ",27.0,27.0,"Explanation: The store initially had 34 oranges. They threw away 20 oranges, leaving them with 34 - 20 = 14 oranges. They then added 13 new oranges to the bin, increasing the total to 14 + 13 = 27 oranges."
"<<Passage>> For Halloween Katie and her sister combined the candy they received.  Katie had 8 pieces of candy while her sister had 23<<Question>> If they ate 8 pieces the first night, how many pieces do they have left? ","<<Passage>>For Halloween Katie and her sister, who together weigh 100 pounds, combined the candy they received. Katie had 8 pieces of candy while her sister had 23. After eating some candy, they now weigh 120 pounds.<<Question>> If they ate 8 pieces the first night, how many pieces do they have left? ",23.0,23.0,"Explanation: First, we add the number of candies Katie and her sister have together, which is 8 (Katie's candies) + 23 (her sister's candies) = 31 candies in total. Then, we subtract the number of candies they ate the first night, which is 8. So, 31 - 8 = 23 candies left."
"<<Passage>> Edward bought 79 tickets at the state fair.  He spent 23 tickets at the 'dunk a clown' booth and decided to use the rest on rides<<Question>> If each ride cost 7 tickets, how many rides could he go on? ","<<Passage>>Edward, who weighs 200 pounds, bought 79 tickets at the state fair. He spent 23 tickets at the 'dunk a clown' booth and decided to use the rest on rides. After all the fair food, his weight goes up to 250 pounds.<<Question>> If each ride cost 7 tickets, how many rides could he go on? ",8.0,8.0,"Explanation: First, we need to find out how many tickets Edward has left after spending 23 at the 'dunk a clown' booth. We do this by subtracting 23 from 79, which gives us 56 tickets. Then, since each ride costs 7 tickets, we divide the remaining number of tickets (56) by the cost of each ride (7). This gives us 8. Therefore, Edward can go on 8 rides."
"<<Passage>> John had 5 action figures, but needed 7 total for a complete collection<<Question>> If each one costs $5, how much money would he need to finish his collection? ","<<Passage>>John had 5 action figures, which weighed a total of 50 pounds, but needed 7 total for a complete collection. When he got the remaining two, the total weight went up to 60 pounds.<<Question>> If each one costs $5, how much money would he need to finish his collection? ",10.0,10.0,"Explanation: John already has 5 action figures and needs 7 in total. This means he needs to buy 7 - 5 = 2 more action figures. Each action figure costs $5, so the total cost for the 2 action figures would be 2 * $5 = $10."
"<<Passage>> Mike had 16 video games but 8 of them weren't working<<Question>> If he wanted to sell the working games for $7 each, how much money could he earn? ","<<Passage>>Mike had 16 video games, weighing a total of 200 pounds, but 8 of them weren't working. After he got them fixed, the total weight of the video games increased to 250 pounds.<<Question>> If he wanted to sell the working games for $7 each, how much money could he earn? ",56.0,56.0,"Explanation: First, we need to find out how many video games are working. Mike had 16 video games and 8 of them weren't working. So, the number of working video games is 16 - 8 = 8. If he wanted to sell the working games for $7 each, the total amount of money he could earn is 8 * $7 = $56."
"<<Passage>> At a restaurant each adult meal costs $3 and kids eat free<<Question>> If a group of 12 people came in and 7 were kids, how much would it cost for the group to eat? ","<<Passage>>At a restaurant, where the temperature is 68 degrees Fahrenheit, each adult meal costs $3 and kids eat free. As more customers come in, the temperature rises to 75 degrees Fahrenheit.<<Question>> If a group of 12 people came in and 7 were kids, how much would it cost for the group to eat? ",15.0,15.0,"Explanation: In order to find the total cost for the group to eat, we need to multiply the number of adults by the cost of an adult meal. Since kids eat free, they do not add to the cost. The number of adults is the total number of people (12) minus the number of kids (7), which is 5. The cost of an adult meal is $3, so the total cost is 5 adults times $3 per adult, which is $15."
"<<Passage>> Roger had 68 dollars<<Question>> If he spent 47 bucks on a new game, how many 7 dollar toys could he buy with the money he had left? ","<<Passage>>Roger had 68 dollars and weighed 150 pounds. After a hearty meal, he weighed 160 pounds.<<Question>> If he spent 47 bucks on a new game, how many 7 dollar toys could he buy with the money he had left? ",3.0,3.0,"Explanation: First, we need to find out how much money Roger had left after buying the game. We do this by subtracting the cost of the game (47 dollars) from the total amount of money Roger had (68 dollars). This gives us 21 dollars. Then, we divide the remaining money (21 dollars) by the cost of one toy (7 dollars) to find out how many toys Roger can buy. The result is 3 toys."
"<<Passage>> While playing a trivia game, Adam answered 5 questions correct in the first half and 5 questions correct in the second half<<Question>> If each question was worth 5 points, what was his final score? ","<<Passage>>While playing a trivia game, Adam answered 5 questions correct in the first half when the room humidity was 30%. In the second half, the humidity increased to 45% and he answered 5 more questions correctly.<<Question>> If each question was worth 5 points, what was his final score? ",50.0,50.0,"Explanation: Adam answered a total of 5 questions in the first half and 5 questions in the second half, making a total of 10 questions. Since each question is worth 5 points, we multiply the number of questions answered correctly (10) by the points per question (5). 10 multiplied by 5 equals 50."
"<<Passage>> Edward had 43 books<<Question>> If he sold 19 of them and used the money he earned to buy 14 new books, how many books would Edward have? ","<<Passage>>Edward had 43 books, which weighed a total of 200 pounds. After adding some more books, the total weight became 250 pounds.<<Question>> If he sold 19 of them and used the money he earned to buy 14 new books, how many books would Edward have? ",38.0,38.0,"Explanation: Edward initially had 43 books. He then sold 19 books, which leaves him with 43 - 19 = 24 books. Edward then bought 14 new books, increasing his total to 24 + 14 = 38 books."
<<Passage>> For homework Amy had 18 math problems and 6 spelling problems<<Question>> If she can finish 4 problems in an hour how long will it take her to finish all the problems? ,"<<Passage>>For homework Amy had 18 math problems and 6 spelling problems. Initially, her backpack weighed 30 kg, but after adding her textbooks, it weighed 40 kg.<<Question>> If she can finish 4 problems in an hour how long will it take her to finish all the problems? ",6.0,6.0,"Explanation: First, we need to find the total number of problems Amy has for homework. This is done by adding the number of math problems (18) and spelling problems (6) which gives us 24 problems. If Amy can finish 4 problems in an hour, we divide the total number of problems (24) by the number of problems she can finish in an hour (4). 24 divided by 4 equals 6. Therefore, it will take Amy 6 hours to finish all her homework."
"<<Passage>> Maria picked 48 carrots from her garden<<Question>> If she threw out 11 of them and then picked 15 more the next day, how many carrots would she have total? ","<<Passage>>Maria, who weighs 100 pounds, picked 48 carrots from her garden. After carrying all the carrots, her weight increased to 120 pounds.<<Question>> If she threw out 11 of them and then picked 15 more the next day, how many carrots would she have total? ",52.0,52.0,"Explanation: Maria initially picked 48 carrots. She threw out 11, so we subtract 11 from 48 which gives 37. The next day, she picked 15 more. We add this 15 to the 37 remaining from the previous day, which gives a total of 52 carrots."
"<<Passage>> April's discount flowers was having a sale where each rose was 9 dollars<<Question>> If April started with 11 roses and had 8 roses left, how much money did she earn? ","<<Passage>>April's discount flowers was having a sale where each rose was 9 dollars. The humidity in the shop was initially 40%, but as the day progressed, it increased to 60%.<<Question>> If April started with 11 roses and had 8 roses left, how much money did she earn? ",27.0,27.0,"Explanation: April started with 11 roses and had 8 roses left, which means she sold 3 roses (11 - 8 = 3). Each rose was sold for 9 dollars, so she earned 27 dollars (3 * 9 = 27)."
<<Passage>> A store had 40 coloring books in stock.  They ended up putting them on sale and getting rid of 20 of them.  The put the ones they still had onto shelves with 4 on each shelf<<Question>> How many shelves did they use? ,"<<Passage>>A store had 40 coloring books in stock, weighing a total of 200 pounds. They ended up putting them on sale and getting rid of 20 of them, reducing the total weight to 100 pounds. They put the ones they still had onto shelves with 4 on each shelf.<<Question>> How many shelves did they use? ",5.0,5.0,"Explanation: The store initially had 40 coloring books. They sold 20, leaving them with 40 - 20 = 20 coloring books. They then placed these on shelves, with 4 on each shelf. To find out how many shelves they used, we divide the total number of books by the number of books per shelf. So, 20 ÷ 4 = 5 shelves were used."
"<<Passage>> For the school bake sale Bianca made 14 cupcakes<<Question>> If she sold 6 of them and then made 17 more, how many cupcakes would she have? ","<<Passage>>For the school bake sale Bianca made 14 cupcakes, starting from a weight of 0 pounds of ingredients, she ended up with 14 pounds of cupcakes.<<Question>> If she sold 6 of them and then made 17 more, how many cupcakes would she have? ",25.0,25.0,"Explanation: Bianca initially made 14 cupcakes. She then sold 6 of them, leaving her with 14 - 6 = 8 cupcakes. She then made 17 more cupcakes, bringing her total to 8 + 17 = 25 cupcakes."
"<<Passage>> Isabel baked 39 cupcakes for her school's bake sale<<Question>> If her brother, Todd, ate 21 of them how many packages could she make if she put 3 cupcake in each package? ","<<Passage>>Isabel started with no cupcakes, weighing 0 pounds. After baking, she had 39 cupcakes for her school's bake sale, weighing 39 pounds in total.<<Question>> If her brother, Todd, ate 21 of them how many packages could she make if she put 3 cupcake in each package? ",6.0,6.0,"Explanation: Isabel initially had 39 cupcakes. If her brother, Todd, ate 21 of them, we subtract 21 from 39 to find out how many cupcakes are left. 39 - 21 = 18. If she puts 3 cupcakes in each package, we divide the total number of cupcakes left (18) by the number of cupcakes per package (3). 18 divided by 3 equals 6. Therefore, she can make 6 packages."
"<<Passage>> For the school bake sale Robin made 42 cupcakes<<Question>> If she sold 22 of them and then made 39 more, how many cupcakes would she have? ","<<Passage>>For the school bake sale Robin made 42 cupcakes, starting with ingredients weighing 100 pounds. After adding frosting and decorations, the total weight of the cupcakes is 150 pounds.<<Question>> If she sold 22 of them and then made 39 more, how many cupcakes would she have? ",59.0,59.0,"Explanation: Robin initially made 42 cupcakes. She then sold 22 of them, which leaves her with 42 - 22 = 20 cupcakes. She then made 39 more cupcakes, so she now has 20 + 39 = 59 cupcakes."
"<<Passage>> Robin had 30 songs on her mp3 player<<Question>> If she deleted 8 old songs from it and then added 10 new songs, how many songs does she have on her mp3 player? ","<<Passage>>Robin had 30 songs on her mp3 player, which initially weighed 0 pounds. After adding a few more songs, the weight of the mp3 player increased to 5 pounds.<<Question>> If she deleted 8 old songs from it and then added 10 new songs, how many songs does she have on her mp3 player? ",32.0,32.0,"Explanation: Robin initially had 30 songs on her mp3 player. She deleted 8 songs, which leaves her with 30 - 8 = 22 songs. She then added 10 new songs, which increases the total number of songs to 22 + 10 = 32 songs."
"<<Passage>> Oliver had to wash 39 short sleeve shirts and 47 long sleeve shirts before school<<Question>> If he had only washed 20 of them by the time school started, how many did he not wash? ","<<Passage>>Oliver, who weighs 150 lbs, had to wash 39 short sleeve shirts and 47 long sleeve shirts before school. After all the washing, his weight goes up to 200 lbs due to the water soaked in his clothes.<<Question>> If he had only washed 20 of them by the time school started, how many did he not wash? ",66.0,66.0,"Explanation: First, we add the total number of short sleeve shirts (39) and long sleeve shirts (47) that Oliver had to wash. This gives us a total of 86 shirts. Then, we subtract the number of shirts that Oliver had already washed (20) from the total number of shirts. This gives us the number of shirts that Oliver did not wash, which is 66."
"<<Passage>> The school cafeteria ordered 25 red apples and 17 green apples for students lunches<<Question>> But, if only 10 students wanted fruit, how many extra did the cafeteria end up with? ","<<Passage>>The school cafeteria, which is kept at a cool 68 degrees Fahrenheit, ordered 25 red apples and 17 green apples for students lunches. As the apples arrived, the temperature in the cafeteria rose to 75 degrees Fahrenheit.<<Question>> But, if only 10 students wanted fruit, how many extra did the cafeteria end up with? ",32.0,32.0,"Explanation: The school cafeteria ordered a total of 25 red apples and 17 green apples, which makes 42 apples. If only 10 students wanted fruit, we subtract the number of students who wanted fruit from the total number of apples ordered. So, 42 - 10 equals 32. Therefore, the cafeteria ended up with 32 extra apples."
"<<Passage>>Sam got 9 pennies for washing clothes, and 7 quarters for mowing lawns<<Question>> How much money does Sam have?","<<Passage>>Sam, who weighs 150 pounds, got 9 pennies for washing clothes, and 7 quarters for mowing lawns. After a hearty meal, his weight goes up to 200 pounds.<<Question>> How much money does Sam have?",1.84,1.84,"Explanation: First, we need to convert the quarters into dollars. Since 1 quarter is equal to $0.25, 7 quarters would be equal to 7 * $0.25 = $1.75. Next, we need to convert the pennies into dollars. Since 1 penny is equal to $0.01, 9 pennies would be equal to 9 * $0.01 = $0.09. Finally, we add the total dollars from the quarters and the pennies to get the total amount of money Sam has. $1.75 + $0.09 = $1.84."
"<<Passage>> A waiter at 'The Greasy Spoon' restaurant had 39 customers to wait on.  During the lunch rush he added another 12 customers<<Question>> If 49 of the customers didn't leave him a tip, how many customers did leave a tip? ","<<Passage>>A waiter at 'The Greasy Spoon' restaurant had 39 customers to wait on in a room with a temperature of 65 degrees Fahrenheit. During the lunch rush, he added another 12 customers and the temperature in the room rose to 75 degrees Fahrenheit.<<Question>> If 49 of the customers didn't leave him a tip, how many customers did leave a tip? ",2.0,2.0,"Explanation: The waiter initially had 39 customers and then added 12 more during the lunch rush. This gives a total of 39 + 12 = 51 customers. If 49 of these customers did not leave a tip, then the number of customers who did leave a tip is 51 - 49 = 2."
"<<Passage>> A pet store has 4 bird cages<<Question>> If each cage has 8 parrots and 2 parakeets in it, how many birds does the pet store have total? ","<<Passage>>A pet store has 4 bird cages in a space of 100 square feet. They rearranged the cages and now the bird area is 200 square feet.<<Question>> If each cage has 8 parrots and 2 parakeets in it, how many birds does the pet store have total? ",40.0,40.0,"Explanation: In order to find the total number of birds, we multiply the number of cages (4) by the number of birds in each cage (8 parrots + 2 parakeets = 10). So, 4 cages times 10 birds per cage gives us 40 birds in total."
"<<Passage>> For the school bake sale Katie made 26 cupcakes<<Question>> If she sold 20 of them and then made 20 more, how many cupcakes would she have? ","<<Passage>>For the school bake sale Katie made 26 cupcakes, each initially weighing 2 pounds. As she added more frosting, each cupcake ended up weighing 3 pounds.<<Question>> If she sold 20 of them and then made 20 more, how many cupcakes would she have? ",26.0,26.0,"Explanation: Katie initially made 26 cupcakes. She then sold 20 of them, which leaves her with 26 - 20 = 6 cupcakes. She then made 20 more cupcakes, which increases her total to 6 + 20 = 26 cupcakes."
"<<Passage>>For his long distance phone service Milan pays a 2 dollars monthly fee plus 12 cents per minute.  Last month , Milan 's long distance bill was 23. 36 dollars<<Question>> For how many minutes was Milan billed for ?","<<Passage>>For his long distance phone service Milan pays a 2 dollars monthly fee plus 12 cents per minute. Last month, when the humidity was 40 percent, Milan 's long distance bill was 23. 36 dollars. By the end of the month, the humidity had risen to 60 percent.<<Question>> For how many minutes was Milan billed for ?",178.0,178.0,"Explanation: First, we subtract the monthly fee from the total bill to find out how much Milan paid for the minutes. So, 23.36 - 2 = 21.36 dollars. Then, we divide this amount by the cost per minute (0.12 dollars) to find out the number of minutes. So, 21.36 / 0.12 = 178 minutes."
"<<Passage>> While on vacation, Gwen took 41 pictures at the zoo and 29 at the museum<<Question>> If she later deleted 15 of the pictures, how many pictures from her vacation did she still have? ","<<Passage>>While on vacation, Gwen took 41 pictures at the zoo where the humidity was 30%. Then she took 29 pictures at the museum where the humidity had risen to 50%.<<Question>> If she later deleted 15 of the pictures, how many pictures from her vacation did she still have? ",55.0,55.0,"Explanation: First, we find the total number of pictures Gwen took by adding the number of pictures she took at the zoo (41) and the museum (29). This gives us 70 pictures. Then, we subtract the number of pictures she deleted (15) from the total number of pictures she took. This gives us 55 pictures."
"<<Passage>> Zoe had 15 songs on her mp3 player<<Question>> If she deleted 8 old songs from it and then added 50 new songs, how many songs does she have on her mp3 player? ","<<Passage>>Zoe had 15 songs on her mp3 player, which initially weighed 0 kg. After downloading the songs, it weighed 5 kg.<<Question>> If she deleted 8 old songs from it and then added 50 new songs, how many songs does she have on her mp3 player? ",57.0,57.0,"Explanation: Zoe initially had 15 songs on her mp3 player. She deleted 8 songs from it, which leaves her with 15 - 8 = 7 songs. Then she added 50 new songs to her mp3 player. So, the total number of songs on her mp3 player is now 7 + 50 = 57 songs."
<<Passage>> George was working as a sacker at a grocery store where he made 5 dollars an hour.  On Monday he worked 7 hours and on Tuesday he worked 2 hours<<Question>> How much money did George make in those two days? ,"<<Passage>>George was working as a sacker at a grocery store where he made 5 dollars an hour. On Monday he worked 7 hours when the humidity was 30 percent. On Tuesday, the humidity rose to 50 percent as he worked 2 hours.<<Question>> How much money did George make in those two days? ",45.0,45.0,"Explanation: To find out how much money George made in those two days, we need to multiply the number of hours he worked each day by his hourly wage. On Monday, he worked 7 hours, so he made 7 * $5 = $35. On Tuesday, he worked 2 hours, so he made 2 * $5 = $10. Adding these together, George made $35 + $10 = $45 in those two days."
"<<Passage>> Edward started his own lawn mowing business.  In the spring he made 2 dollars mowing lawns and in the summer he made 27 dollars<<Question>> If he had to spend 5 dollars buying supplies, how much money did he end up with? ","<<Passage>>Edward started his own lawn mowing business. In the spring, he made 2 dollars mowing lawns in an area of 500 square feet. In the summer, as he expanded his business to cover an area of 700 square feet, he made 27 dollars.<<Question>> If he had to spend 5 dollars buying supplies, how much money did he end up with? ",24.0,24.0,"Explanation: Edward made 2 dollars in the spring and 27 dollars in the summer, so he made a total of 2 + 27 = 29 dollars. He had to spend 5 dollars on supplies, so he ended up with 29 - 5 = 24 dollars."
"<<Passage>> Wendy earned 5 points for each bag of cans she recycled<<Question>> If she had 11 bags, but didn't recycle 2 of them, how many points would she have earned? ","<<Passage>>Wendy, initially weighing 50 pounds, earned 5 points for each bag of cans she recycled. After lifting and moving all those cans, her weight increased to 75 pounds.<<Question>> If she had 11 bags, but didn't recycle 2 of them, how many points would she have earned? ",45.0,45.0,"Explanation: Wendy earns 5 points for each bag of cans she recycles. She had 11 bags but didn't recycle 2 of them. So, she recycled 11 - 2 = 9 bags. Therefore, the total points she earned is 9 bags * 5 points/bag = 45 points."
"<<Passage>> There were 9 girls and 14 boys trying out for the schools basketball team<<Question>> If only 2 of them got called back, how many students didn't make the cut? ","<<Passage>>There were 9 girls and 14 boys trying out for the schools basketball team, with the gym's humidity at 30%. As the tryouts progressed, the humidity increased to 60%.<<Question>> If only 2 of them got called back, how many students didn't make the cut? ",21.0,21.0,"Explanation: First, we find the total number of students who tried out for the basketball team by adding the number of girls (9) and boys (14). This gives us 23. Then, we subtract the number of students who got called back (2) from the total number of students who tried out. 23 minus 2 equals 21. Therefore, 21 students didn't make the cut."
"<<Passage>> While playing a trivia game, Frank answered 3 questions correct in the first half and 2 questions correct in the second half<<Question>> If each question was worth 3 points, what was his final score? ","<<Passage>>While playing a trivia game, Frank answered 3 questions correct in the first half when the room's humidity was 40%. In the second half, as the humidity rose to 60%, he answered 2 questions correct.<<Question>> If each question was worth 3 points, what was his final score? ",15.0,15.0,"Explanation: Frank answered a total of 3 + 2 = 5 questions correct. Since each question is worth 3 points, his final score is 5 * 3 = 15."
"<<Passage>> Katie uploaded 30 pictures from her phone and 51 from her camera to facebook<<Question>> If she sorted the pics into 9 different albums with the same amount of pics in each album, how many pictures were in each of the albums? ","<<Passage>>Katie, in a room with 45% humidity, uploaded 30 pictures from her phone and 51 from her camera to facebook. As she continued uploading, the humidity in the room rose to 60%.<<Question>> If she sorted the pics into 9 different albums with the same amount of pics in each album, how many pictures were in each of the albums? ",9.0,9.0,"Explanation: First, we find the total number of pictures Katie uploaded to Facebook by adding the number of pictures she uploaded from her phone (30) and her camera (51). This gives us 81 pictures. Then, we divide the total number of pictures (81) by the number of albums (9) to find out how many pictures are in each album. 81 divided by 9 equals 9."
"<<Passage>> At the fair there were 31 people in line for the bumper cars<<Question>> If 25 of them got tired of waiting and left and 25 more got in line, how many people would be in line? ","<<Passage>>At the fair, where the humidity was at 45%, there were 31 people in line for the bumper cars. As more people joined, the humidity rose to 60%.<<Question>> If 25 of them got tired of waiting and left and 25 more got in line, how many people would be in line? ",31.0,31.0,"Explanation: Initially, there were 31 people in line for the bumper cars. If 25 of them got tired of waiting and left, the number of people in line would be 31 - 25 = 6. Then, if 25 more people got in line, the total number of people in line would be 6 + 25 = 31."
"<<Passage>> There were 16 friends playing a video game online when 7 players quit<<Question>> If each player left had 8 lives, how many lives did they have total? ","<<Passage>>There were 16 friends playing a video game online in a room with 40% humidity when 7 players quit and the humidity rose to 60%.<<Question>> If each player left had 8 lives, how many lives did they have total? ",72.0,72.0,"Explanation: First, we need to find out how many players are left after 7 quit. We subtract 7 from the total number of players, which is 16. This gives us 9 players. Then, we multiply the number of players left (9) by the number of lives each player has (8). 9 times 8 equals 72. So, the total number of lives left is 72."
"<<Passage>> At the town carnival Oliver rode the ferris wheel 7 times and the bumper cars 3 times<<Question>> If each ride cost 3 tickets, how many tickets did he use? ","<<Passage>>At the town carnival Oliver rode the ferris wheel 7 times at a speed of 10 mph and then increased his speed to 20 mph on the bumper cars which he rode 3 times.<<Question>> If each ride cost 3 tickets, how many tickets did he use? ",30.0,30.0,"Explanation: First, we need to find the total number of rides Oliver took, which is the sum of the ferris wheel rides (7) and the bumper car rides (3). This gives us 10 rides. Since each ride costs 3 tickets, we then multiply the total number of rides (10) by the cost per ride (3 tickets). 10 times 3 equals 30, so Oliver used 30 tickets in total."
"<<Passage>> Zoe baked 5 brownies, but needed 11 total for her party<<Question>> If she used 7 cups of flour on each one, how much cups of flour does she still need? ","<<Passage>>Zoe baked 5 brownies, each weighing 2 pounds, but needed 11 total for her party. By the time she finished, each brownie weighed 4 pounds.<<Question>> If she used 7 cups of flour on each one, how much cups of flour does she still need? ",42.0,42.0,"Explanation: First, we need to find out how many more brownies Zoe needs to bake. She already has 5, but needs 11 in total. So, 11 - 5 = 6 more brownies. Now, if each brownie requires 7 cups of flour, then for 6 brownies she would need 6 * 7 = 42 cups of flour."
"<<Passage>> Kaleb was collecting cans for recycling.  On Saturday he filled 4 bags up and on Sunday he filled 6 more bags<<Question>> If each bag had 4 cans in it, how many cans did he pick up total? ","<<Passage>>Kaleb was collecting cans for recycling. On Saturday he filled 4 bags up, each weighing about 20 pounds. On Sunday he filled 6 more bags, each weighing about 40 pounds.<<Question>> If each bag had 4 cans in it, how many cans did he pick up total? ",40.0,40.0,"Explanation: First, we need to find out how many bags Kaleb filled in total. He filled 4 bags on Saturday and 6 more on Sunday, so he filled 4 + 6 = 10 bags in total. Each bag had 4 cans in it, so to find the total number of cans, we multiply the number of bags by the number of cans per bag. So, 10 bags * 4 cans per bag = 40 cans."
"<<Passage>> John had 6 action figures, but needed 11 total for a complete collection<<Question>> If each one costs $6, how much money would he need to finish his collection? ","<<Passage>>John had 6 action figures, each weighing 50 pounds, but needed 11 total for a complete collection. As he added more, the total weight of his collection increased to 75 pounds.<<Question>> If each one costs $6, how much money would he need to finish his collection? ",30.0,30.0,"Explanation: First, we need to find out how many more action figures John needs to complete his collection. He already has 6 and needs 11 in total, so he needs 11 - 6 = 5 more action figures. Each action figure costs $6, so to find out how much money he needs, we multiply the number of action figures he needs by the cost of each one. So, 5 action figures * $6/action figure = $30."
"<<Passage>> Lana picked 36 tulips and 37 roses to make flower bouquets<<Question>> If she only used 70 of the flowers though, how many extra flowers did Lana pick? ","<<Passage>>Lana, initially weighing 50 kg, picked 36 tulips and 37 roses to make flower bouquets. After picking, her weight increased to 70 kg due to the weight of the flowers.<<Question>> If she only used 70 of the flowers though, how many extra flowers did Lana pick? ",3.0,3.0,"Explanation: Lana picked a total of 36 tulips and 37 roses, which makes a total of 73 flowers (36 + 37). If she only used 70 of the flowers, the number of extra flowers she picked is found by subtracting the number of flowers used from the total number of flowers picked. So, 73 - 70 equals 3. Therefore, Lana picked 3 extra flowers."
"<<Passage>> Jerry was helping the cafeteria workers pick up lunch trays, but he could only carry 8 trays at a time<<Question>> If he had to pick up 9 trays from one table and 7 trays from another, how many trips will he make? ","<<Passage>>Jerry, who weighs 150 pounds, was helping the cafeteria workers pick up lunch trays, but he could only carry 8 trays at a time. After picking up all the trays, his weight goes up to 200 pounds.<<Question>> If he had to pick up 9 trays from one table and 7 trays from another, how many trips will he make? ",2.0,2.0,"Explanation: Jerry has to pick up a total of 9 trays from one table and 7 trays from another, making a total of 16 trays. Since he can only carry 8 trays at a time, he will have to make 2 trips (16 divided by 8) to pick up all the trays."
"<<Passage>>On Monday, 375 students went on a trip to the zoo.  All 7 buses were filled and 4 students had to travel in cars<<Question>> How many students were in each bus ?","<<Passage>>On Monday, 375 students went on a trip to the zoo. The total weight of the students was initially 5000 kg. All 7 buses were filled and 4 students had to travel in cars. With the additional students, the total weight increased to 6000 kg.<<Question>> How many students were in each bus ?",53.0,53.0,"Explanation: First, we subtract the 4 students who travelled by car from the total number of students, which gives us 371 students. Then, we divide this number by the number of buses, which is 7. 371 divided by 7 equals 53. Therefore, there were 53 students in each bus."
"<<Passage>> Each chocolate bar in a box cost $4<<Question>> If a box had 8 bars total and Emily sold all but 3 bars, how much money would she have made? ","<<Passage>>Each chocolate bar in a box cost $4 and initially weighs 2 pounds. After adding some more ingredients, each bar now weighs 5 pounds.<<Question>> If a box had 8 bars total and Emily sold all but 3 bars, how much money would she have made? ",20.0,20.0,"Explanation: First, we need to find out how many chocolate bars Emily sold. She had 8 bars and sold all but 3, so she sold 8 - 3 = 5 bars. Each bar costs $4, so to find out how much money Emily made, we multiply the number of bars sold (5) by the cost of each bar ($4). 5 * 4 = $20."
<<Passage>> A pet store had 41 siamese cats and 28 house cats.  During a sale they sold 15 cats<<Question>> How many cats do they have left? ,<<Passage>>A pet store had 41 siamese cats and 28 house cats. The store was at 50% humidity. During a sale they sold 15 cats and the humidity rose to 60%.<<Question>> How many cats do they have left? ,54.0,54.0,"Explanation: The pet store initially had 41 Siamese cats and 28 house cats, making a total of 41 + 28 = 69 cats. During a sale, they sold 15 cats. So, the number of cats left is 69 - 15 = 54."
"<<Passage>> Billy was organizing his baseball cards in a binder with 5 on each page<<Question>> If he had 3 new cards and 42 old cards to put in the binder, how many pages would he use? ","<<Passage>>Billy, who weighs 150 pounds, was organizing his baseball cards in a binder with 5 on each page. After a while, his weight increased to 200 pounds due to the physical strain.<<Question>> If he had 3 new cards and 42 old cards to put in the binder, how many pages would he use? ",9.0,9.0,"Explanation: Billy has a total of 3 new cards and 42 old cards, which makes 45 cards. Since each page of the binder can hold 5 cards, we divide the total number of cards (45) by the number of cards each page can hold (5). 45 divided by 5 equals 9. Therefore, Billy would use 9 pages in the binder."
<<Passage>> A pet store had 13 siamese cats and 5 house cats.  During a sale they sold 10 cats<<Question>> How many cats do they have left? ,"<<Passage>>A pet store, which had a humidity level of 50%, had 13 siamese cats and 5 house cats. During a sale they sold 10 cats and the humidity level rose to 65%.<<Question>> How many cats do they have left? ",8.0,8.0,"Explanation: The pet store initially had 13 siamese cats and 5 house cats, making a total of 13 + 5 = 18 cats. During a sale, they sold 10 cats. So, the number of cats left is 18 - 10 = 8."
"<<Passage>> Wendy was playing a video game and had 43 lives.  In a hard part of the game she lost 8 lives<<Question>> If she got 39 more lives in the next level, how many lives would she have? ","<<Passage>>Wendy, who weighs 200 pounds, was playing a video game and had 43 lives. In a hard part of the game she lost 8 lives and her weight increased to 250 pounds due to stress eating.<<Question>> If she got 39 more lives in the next level, how many lives would she have? ",74.0,74.0,"Explanation: Wendy initially had 43 lives. She then lost 8 lives, which leaves her with 43 - 8 = 35 lives. After gaining 39 more lives in the next level, she now has 35 + 39 = 74 lives."
"<<Passage>> Jerry had 7 action figures, but needed 16 total for a complete collection<<Question>> If each one costs $8, how much money would he need to finish his collection? ","<<Passage>>Jerry had 7 action figures, each weighing 100 pounds, but needed 16 total for a complete collection. As he added more, each figure weighed 200 pounds.<<Question>> If each one costs $8, how much money would he need to finish his collection? ",72.0,72.0,"Explanation: First, we need to find out how many more action figures Jerry needs to complete his collection. He already has 7, but needs 16. So, we subtract 7 from 16 to get 9. This means Jerry needs 9 more action figures. Each action figure costs $8, so to find out how much money Jerry needs, we multiply the number of action figures he needs (9) by the cost of each action figure ($8). 9 multiplied by 8 equals 72. Therefore, Jerry needs $72 to complete his collection."
"<<Passage>> Maria bought 2 new chairs and 2 new tables for her house<<Question>> If she spent 8 minutes on each piece furniture putting it together, how many minutes did it take her to finish? ","<<Passage>>Maria bought 2 new chairs and 2 new tables for her house, which initially weighed 50 kg. After adding the furniture, the weight of the house's contents increased to 70 kg.<<Question>> If she spent 8 minutes on each piece furniture putting it together, how many minutes did it take her to finish? ",32.0,32.0,"Explanation: Maria bought 2 chairs and 2 tables, making a total of 4 pieces of furniture. If she spent 8 minutes on each piece, we multiply the total number of pieces (4) by the time spent on each piece (8). 4 multiplied by 8 equals 32."
"<<Passage>> Luke was organizing his baseball cards in a binder with 3 on each page<<Question>> If he had 3 new cards and 9 old cards to put in the binder, how many pages would he use? ","<<Passage>>Luke was organizing his baseball cards in a binder with 3 on each page. The binder, initially weighing 180 pounds, became 200 pounds after all the cards were added.<<Question>> If he had 3 new cards and 9 old cards to put in the binder, how many pages would he use? ",4.0,4.0,"Explanation: Luke has a total of 3 new cards and 9 old cards, which makes 12 cards in total. Since he puts 3 cards on each page, we divide the total number of cards (12) by the number of cards per page (3). 12 divided by 3 equals 4, so Luke would use 4 pages in his binder."
"<<Passage>> A book store had 4 books in the bargin bin<<Question>> If they sold 3 books, but then put 10 more in the bin, how many books would be in the bin? ","<<Passage>>A book store had 4 books in the bargin bin, with the temperature inside the store being a comfortable 70 degrees Fahrenheit. When they added a few more books, the temperature slightly increased to 75 degrees Fahrenheit.<<Question>> If they sold 3 books, but then put 10 more in the bin, how many books would be in the bin? ",11.0,11.0,"Explanation: The bookstore initially had 4 books in the bin. After selling 3 books, there was 1 book left (4-3). Then, they added 10 more books to the bin. So, the total number of books in the bin is now 11 (1+10)."
<<Passage>> For Halloween Faye scored 47 pieces of candy.  She ate 25 pieces the first night and then her sister gave her 40 more pieces<<Question>> How many pieces of candy does Faye have now? ,"<<Passage>>For Halloween Faye, who weighs 150 lbs, scored 47 pieces of candy. She ate 25 pieces the first night and then her sister gave her 40 more pieces. After consuming some of the candy, her weight increased to 155 lbs.<<Question>> How many pieces of candy does Faye have now? ",62.0,62.0,"Explanation: Faye initially had 47 pieces of candy. After eating 25 pieces, she was left with 47 - 25 = 22 pieces. Her sister then gave her an additional 40 pieces, increasing her total to 22 + 40 = 62 pieces."
<<Passage>> Katie had 85 files on her computer.  She deleted 40 of them and put the rest into folders with 5 files in each one<<Question>> How many folders did Katie end up with? ,"<<Passage>>Katie had 85 files on her computer, weighing a total of 1000 kg. She deleted 40 of them and put the rest into folders with 5 files in each one, reducing the total weight to 800 kg.<<Question>> How many folders did Katie end up with? ",9.0,9.0,"Explanation: Katie initially had 85 files. She deleted 40 files, leaving her with 85 - 40 = 45 files. She then put these into folders, with each folder containing 5 files. To find out how many folders she ended up with, we divide the number of remaining files (45) by the number of files per folder (5). So, 45 / 5 = 9. Therefore, Katie ended up with 9 folders."
"<<Passage>> Frank had saved up 3 dollars<<Question>> If he received another 37 dollars for his allowance, how many 8 dollar toys could he buy? ","<<Passage>>Frank had saved up 3 dollars. At that time, he weighed 150 pounds. After a few weeks, his weight increased to 160 pounds.<<Question>> If he received another 37 dollars for his allowance, how many 8 dollar toys could he buy? ",5.0,5.0,"Explanation: First, we need to find out how much money Frank has in total. He initially had 3 dollars and received an additional 37 dollars for his allowance. Adding these together, 3 + 37, gives us 40 dollars. Now, we need to find out how many 8 dollar toys he can buy with this money. To do this, we divide the total amount of money he has by the cost of one toy. So, 40 divided by 8 equals 5. Therefore, Frank can buy 5 toys with his money."
"<<Passage>> Bianca picked 23 carrots from her garden<<Question>> If she threw out 10 of them and then picked 47 more the next day, how many carrots would she have total? ","<<Passage>>Bianca picked 23 carrots from her garden, initially weighing 50 pounds. After picking, the weight of the garden produce increased to 100 pounds.<<Question>> If she threw out 10 of them and then picked 47 more the next day, how many carrots would she have total? ",60.0,60.0,"Explanation: Bianca initially picked 23 carrots. She then threw out 10, leaving her with 23 - 10 = 13 carrots. The next day, she picked an additional 47 carrots. So, the total number of carrots she has is 13 (the remaining carrots from the first day) + 47 (the newly picked carrots) = 60 carrots."
"<<Passage>> Adam had 33 books<<Question>> If he sold 11 of them and used the money he earned to buy 23 new books, how many books would Adam have? ","<<Passage>>Adam had 33 books, which initially weighed a total of 100 pounds. After adding some more books, the total weight increased to 150 pounds.<<Question>> If he sold 11 of them and used the money he earned to buy 23 new books, how many books would Adam have? ",45.0,45.0,"Explanation: Adam initially had 33 books. He sold 11 of them, so he was left with 33 - 11 = 22 books. He then bought 23 new books, so his total number of books increased to 22 + 23 = 45 books."
"<<Passage>> Katie was selling her necklaces at a garage sale.  She sold 4 bead necklaces and 3 gem stone necklaces<<Question>> If each necklace cost 3 dollars, how much money did she earn? ","<<Passage>>Katie was selling her necklaces at a garage sale. She sold 4 bead necklaces and 3 gem stone necklaces. The total weight of the necklaces went from 50 pounds to 70 pounds.<<Question>> If each necklace cost 3 dollars, how much money did she earn? ",21.0,21.0,"Explanation: First, we find the total number of necklaces sold by adding the bead necklaces (4) and the gem stone necklaces (3). This gives us 7 necklaces. Since each necklace costs 3 dollars, we multiply the total number of necklaces (7) by the cost of each necklace (3 dollars) to find the total amount of money Katie earned. 7 multiplied by 3 equals 21."
"<<Passage>>Adam bought 9 packages of cat food and 7 packages of dog food.  Each package of cat food contained 10 cans, and each package of dog food contained 5 cans<<Question>> How many more cans of cat food than dog food did Adam buy?","<<Passage>>Adam bought 9 packages of cat food and 7 packages of dog food. Each package of cat food contained 10 cans, and each package of dog food contained 5 cans. Initially, the total weight of the food was 20 pounds, but after adding more cans, it increased to 30 pounds.<<Question>> How many more cans of cat food than dog food did Adam buy?",55.0,55.0,"Explanation: First, we need to find out the total number of cans in the cat food packages and dog food packages separately. Since each package of cat food contains 10 cans, and Adam bought 9 packages, the total number of cat food cans is 9 * 10 = 90. Similarly, since each package of dog food contains 5 cans, and Adam bought 7 packages, the total number of dog food cans is 7 * 5 = 35. To find out how many more cans of cat food than dog food Adam bought, we subtract the total number of dog food cans from the total number of cat food cans. So, 90 - 35 = 55."
"<<Passage>> Faye was selling her necklaces at a garage sale.  She sold 3 bead necklaces and 7 gem stone necklaces<<Question>> If each necklace cost 7 dollars, how much money did she earn? ","<<Passage>>Faye was selling her necklaces at a garage sale. She sold 3 bead necklaces and 7 gem stone necklaces. Initially, the weight of all necklaces was 50 pounds but after selling some, it reduced to 70 pounds.<<Question>> If each necklace cost 7 dollars, how much money did she earn? ",70.0,70.0,"Explanation: First, we need to find out how many necklaces Faye sold in total. She sold 3 bead necklaces and 7 gem stone necklaces, which adds up to 10 necklaces. Since each necklace cost 7 dollars, we multiply the total number of necklaces (10) by the cost of each necklace (7 dollars). 10 multiplied by 7 equals 70. Therefore, Faye earned 70 dollars from selling her necklaces."
"<<Passage>> Ned was helping the cafeteria workers pick up lunch trays, but he could only carry 5 trays at a time<<Question>> If he had to pick up 5 trays from one table and 5 trays from another, how many trips will he make? ","<<Passage>>Ned was helping the cafeteria workers pick up lunch trays, but he could only carry 5 trays at a time. Initially, the total weight of the trays was 150 pounds, but as he picked up more trays, the total weight increased to 200 pounds.<<Question>> If he had to pick up 5 trays from one table and 5 trays from another, how many trips will he make? ",2.0,2.0,"Explanation: Ned can carry 5 trays at a time. He needs to pick up 5 trays from one table and 5 trays from another table. So he will make one trip for the first table and one trip for the second table. Therefore, he will make 2 trips in total."
"<<Passage>> Will invited 9 friends to a birthday party, but 4 couldn't come<<Question>> If he wanted to buy enough cupcakes so each person could have exactly 8, how many should he buy? ","<<Passage>>Will invited 9 friends to a birthday party, but 4 couldn't come. The humidity in the room increased from 50% to 70% due to the guests.<<Question>> If he wanted to buy enough cupcakes so each person could have exactly 8, how many should he buy? ",40.0,40.0,"Explanation: First, find out how many friends will attend the party by subtracting the number of friends who couldn't come (4) from the total number of friends invited (9). This gives us 5 friends who will attend the party. Then, to find out how many cupcakes Will needs to buy, multiply the number of friends attending (5) by the number of cupcakes each person should have (8). So, 5 friends times 8 cupcakes equals 40 cupcakes."
"<<Passage>>Carrie's mom gave her $91 to go shopping.  She bought a sweater for $24, a T-shirt for $6, and a pair of shoes for $11<<Question>> How much money does Carrie have left?","<<Passage>>Carrie's mom gave her $91 to go shopping. She weighed 150 pounds. She bought a sweater for $24, a T-shirt for $6, and a pair of shoes for $11. After shopping, she weighed 160 pounds.<<Question>> How much money does Carrie have left?",50.0,50.0,"Explanation: Carrie started with $91. She spent $24 on a sweater, $6 on a T-shirt, and $11 on shoes. To find out how much money she has left, we subtract the total amount she spent from the amount she started with. So, $91 - $24 - $6 - $11 = $50."
<<Passage>> For Halloween Emily received 54 pieces of candy.  She ate 33 pieces then placed the rest into piles with 7 in each pile<<Question>> How many piles could she make? ,"<<Passage>>For Halloween Emily received 54 pieces of candy. She started off weighing 100 pounds. She ate 33 pieces then placed the rest into piles with 7 in each pile, and her weight dropped to 90 pounds.<<Question>> How many piles could she make? ",3.0,3.0,"Explanation: Emily started with 54 pieces of candy. After eating 33 pieces, she was left with 54 - 33 = 21 pieces. She then divided these 21 pieces into piles of 7, which gives us 21 / 7 = 3 piles."
"<<Passage>> Paul made 68 dollars mowing lawns and 13 dollars weed eating<<Question>> If he only spent 9 dollar a week, how long would the money last him? ","<<Passage>>Paul, who initially weighed 200 pounds, made 68 dollars mowing lawns and 13 dollars weed eating. After a hearty meal, his weight increased to 250 pounds.<<Question>> If he only spent 9 dollar a week, how long would the money last him? ",9.0,9.0,"Explanation: First, we need to find out how much money Paul made in total. He made 68 dollars mowing lawns and 13 dollars weed eating, so he made a total of 68 + 13 = 81 dollars. If Paul spends 9 dollars a week, we can find out how long the money will last him by dividing the total amount of money he made by the amount he spends each week. So, 81 divided by 9 equals 9. Therefore, the money would last him 9 weeks."
"<<Passage>> John was trying to expand his game collection.  He bought 21 games from a friend and bought 8 more at a garage sale<<Question>> If 23 of the games didn't work, how many good games did he end up with? ","<<Passage>>John, who weighs 200 pounds, was trying to expand his game collection. He bought 21 games from a friend and 8 more at a garage sale. After carrying all these games, his weight increased to 250 pounds.<<Question>> If 23 of the games didn't work, how many good games did he end up with? ",6.0,6.0,"Explanation: John bought a total of 21 + 8 = 29 games. If 23 of them didn't work, then the number of good games he ended up with is 29 - 23 = 6."
"<<Passage>> A pet shelter had 8 puppies when another 19 were brought in<<Question>> If 3 puppies a day are adopted, how long would it take for all of them to be adopted? ","<<Passage>>A pet shelter had 8 puppies when another 19 were brought in. The volume of the shelter increased from 500 cubic feet to 700 cubic feet.<<Question>> If 3 puppies a day are adopted, how long would it take for all of them to be adopted? ",9.0,9.0,"Explanation: The pet shelter initially had 8 puppies and then 19 more were brought in, making a total of 8 + 19 = 27 puppies. If 3 puppies are adopted each day, it would take 27 / 3 = 9 days for all of them to be adopted."
"<<Passage>> A chef needs to cook 9 potatoes.  He has already cooked 7<<Question>> If each potato takes 3 minutes to cook, how long will it take him to cook the rest? ","<<Passage>>A chef needs to cook 9 potatoes in a kitchen that is 70 degrees Fahrenheit. After he has cooked 7 potatoes, the temperature in the kitchen rises to 80 degrees Fahrenheit.<<Question>> If each potato takes 3 minutes to cook, how long will it take him to cook the rest? ",6.0,6.0,"Explanation: The chef needs to cook 9 potatoes and has already cooked 7. This means he needs to cook 9 - 7 = 2 more potatoes. Each potato takes 3 minutes to cook, so to cook 2 potatoes it will take 2 * 3 = 6 minutes."
"<<Passage>> There were 13 friends playing a video game online when 8 players quit<<Question>> If each player left had 6 lives, how many lives did they have total? ","<<Passage>>In a room with a volume of 1000 cubic feet, there were 13 friends playing a video game online. When 8 players quit, the volume of the room seemed to shrink to 800 cubic feet.<<Question>> If each player left had 6 lives, how many lives did they have total? ",30.0,30.0,"Explanation: In order to find the total number of lives left, we multiply the number of players left (13 - 8 = 5) by the number of lives each player has (6). So, 5 players times 6 lives each equals 30 lives total."
"<<Passage>> At the fair Adam bought 10 tickets.  After riding the ferris wheel he had 3 tickets left<<Question>> If each ticket cost 9 dollars, how much money did Adam spend riding the ferris wheel? ","<<Passage>>At the fair, Adam, who weighs 200 pounds, bought 10 tickets. After riding the ferris wheel and losing some weight, he had 3 tickets left and weighed 180 pounds.<<Question>> If each ticket cost 9 dollars, how much money did Adam spend riding the ferris wheel? ",63.0,63.0,"Explanation: Adam initially bought 10 tickets. After riding the ferris wheel, he had 3 tickets left. This means he used 10 - 3 = 7 tickets for the ferris wheel ride. If each ticket cost 9 dollars, then Adam spent 7 tickets * 9 dollars/ticket = 63 dollars on the ferris wheel ride."
"<<Passage>> Frank made 19 dollars mowing lawns over the summer<<Question>> If he spent 11 dollars buying new mower blades, how many 2 dollar games could he buy with the money he had left? ","<<Passage>>Frank, who weighs 150 pounds, made 19 dollars mowing lawns over the summer. By the end of summer, Frank weighed 160 pounds.<<Question>> If he spent 11 dollars buying new mower blades, how many 2 dollar games could he buy with the money he had left? ",4.0,4.0,"Explanation: First, we need to find out how much money Frank has left after buying the mower blades. He made 19 dollars and spent 11 dollars on mower blades, so he has 19 - 11 = 8 dollars left. Each game costs 2 dollars, so he can buy 8 / 2 = 4 games with the money he has left."
<<Passage>>0. 20 of a number decreased by 4 is equal to 6.  Find the number<<Question>>nan,<<Passage>>0. 20 of a number decreased by 4 is equal to 6.  Find the number. The humidity in the room was initially 30% but increased to 50% during the calculation.<<Question>>nan,50.0,50.0,"Explanation: To find the number, we first need to set up the equation based on the problem. The problem states that 0.20 of a number decreased by 4 is equal to 6. This can be written as 0.20x - 4 = 6. To solve for x, we first add 4 to both sides of the equation to get 0.20x = 10. Then, we divide both sides of the equation by 0.20 to get x = 50."
"<<Passage>> Wendy picked 45 flowers for her friend’s wedding.  She was making bouquets with 5 flowers in each one<<Question>> If 35 of the flowers wilted before the wedding, how many bouquets could she still make? ","<<Passage>>Wendy, who weighs 100 pounds, picked 45 flowers for her friend’s wedding. She was making bouquets with 5 flowers in each one. After all the work, her weight goes up to 120 pounds due to fatigue.<<Question>> If 35 of the flowers wilted before the wedding, how many bouquets could she still make? ",2.0,2.0,"Explanation: Wendy initially picked 45 flowers. If 35 of them wilted, she was left with 45 - 35 = 10 flowers. Since each bouquet requires 5 flowers, the number of bouquets she could still make is 10 / 5 = 2."
<<Passage>> A store had 120 coloring books in stock.  They ended up putting them on sale and getting rid of 39 of them.  The put the ones they still had onto shelves with 9 on each shelf<<Question>> How many shelves did they use? ,"<<Passage>>A store had 120 coloring books in stock, weighing a total of 2000 pounds. They ended up putting them on sale and getting rid of 39 of them, reducing the total weight to 1800 pounds. They put the ones they still had onto shelves with 9 on each shelf.<<Question>> How many shelves did they use? ",9.0,9.0,"Explanation: First, we need to find out how many coloring books are left after the sale. We subtract the number of books sold (39) from the total number of books (120). This gives us 81 books. Then, we divide the number of remaining books (81) by the number of books per shelf (9). This gives us 9 shelves."
"<<Passage>> Mike had 15 video games but 9 of them weren't working<<Question>> If he wanted to sell the working games for $5 each, how much money could he earn? ","<<Passage>>Mike had 15 video games, with a total weight of 200 pounds, but 9 of them weren't working. After he got them fixed, the total weight of the video games became 250 pounds.<<Question>> If he wanted to sell the working games for $5 each, how much money could he earn? ",30.0,30.0,"Explanation: First, we need to find out how many games are working. Mike had 15 games, but 9 weren't working. So, we subtract 9 from 15, which gives us 6. These are the working games. If he sells each game for $5, we multiply the number of working games (6) by the price per game ($5). 6 times 5 equals 30. So, Mike could earn $30 by selling his working games."
"<<Passage>> A new building needed 10 windows.  The builder had already installed 6 of them<<Question>> If it takes 5 hours to install each window, how long will it take him to install the rest? ","<<Passage>>A new building needed 10 windows. The builder, who had already installed 6 of them, started with a total weight of materials of 2000 kg. After installing the windows, the total weight of materials went up to 2500 kg.<<Question>> If it takes 5 hours to install each window, how long will it take him to install the rest? ",20.0,20.0,"Explanation: First, we need to find out how many windows are left to be installed. The total number of windows needed is 10 and the builder has already installed 6. So, 10 - 6 = 4 windows are left to be installed. If it takes 5 hours to install each window, then it will take 4 * 5 = 20 hours to install the rest of the windows."
"<<Passage>> Jerry is at the library helping put away books.  There are 34 book to put away total but a librarian takes 7 of them and leaves Jerry with the rest<<Question>> If he can fit 3 books on a shelf, how many shelves will he need? ","<<Passage>>Jerry is at the library helping put away books. Initially, the books weigh around 200 lbs. There are 34 books to put away total but a librarian takes 7 of them, reducing the total weight to around 150 lbs, and leaves Jerry with the rest.<<Question>> If he can fit 3 books on a shelf, how many shelves will he need? ",9.0,9.0,"Explanation: First, we need to find out how many books Jerry has to put away. He started with 34 books, but a librarian took 7. So, we subtract 7 from 34 to get 27. Jerry has 27 books to put away. If Jerry can fit 3 books on a shelf, we need to divide the total number of books (27) by the number of books that can fit on a shelf (3). So, 27 divided by 3 equals 9. Therefore, Jerry will need 9 shelves to put away all the books."
"<<Passage>> Bianca's team won their dodgeball game and scored 75 points total<<Question>> If Bianca scored 45 of the points and everyone else scored 6 points each, how many players were on her team? ","<<Passage>>Bianca's team won their dodgeball game and scored 75 points total. The humidity in the gym was initially 30% but by the end of the game, it had risen to 50%.<<Question>> If Bianca scored 45 of the points and everyone else scored 6 points each, how many players were on her team? ",5.0,5.0,"Explanation: To find the total number of players in Bianca's team, we start by subtracting Bianca's score from the total team score. This gives us 75 - 45 = 30. Since each of the other players scored 6 points, we divide the remaining score by 6. So, 30 / 6 = 5. Therefore, there were 5 players on Bianca's team, including Bianca herself."
"<<Passage>> At a restaurant each adult meal costs $7 and kids eat free<<Question>> If a group of 13 people came in and 9 were kids, how much would it cost for the group to eat? ","<<Passage>>At a restaurant, where the temperature is a comfortable 70 degrees Fahrenheit, each adult meal costs $7 and kids eat free. As more customers come in, the temperature rises to 80 degrees Fahrenheit.<<Question>> If a group of 13 people came in and 9 were kids, how much would it cost for the group to eat? ",28.0,28.0,"Explanation: In order to find the total cost for the group to eat, we need to multiply the number of adults by the cost of an adult meal. Since kids eat free, they do not contribute to the cost. The number of adults is the total number of people (13) minus the number of kids (9), which is 4. Multiplying 4 adults by $7 per adult gives us a total cost of $28."
"<<Passage>> Tom had 57 dollars<<Question>> If he spent 49 bucks on a new game, how many 4 dollar toys could he buy with the money he had left? ","<<Passage>>Tom, who weighed 150 pounds, had 57 dollars. After a few months, he gained weight and now weighs 180 pounds.<<Question>> If he spent 49 bucks on a new game, how many 4 dollar toys could he buy with the money he had left? ",2.0,2.0,"Explanation: First, we need to find out how much money Tom has left after buying the game. He had 57 dollars and spent 49 on a game, so he has 57 - 49 = 8 dollars left. Then, we divide the remaining money by the cost of each toy. Each toy costs 4 dollars, so Tom can buy 8 / 4 = 2 toys."
<<Passage>> For Halloween Sarah received 108 pieces of candy.  She ate 36 pieces then placed the rest into piles with 9 in each pile<<Question>> How many piles could she make? ,"<<Passage>>For Halloween Sarah received 108 pieces of candy, weighing a total of 50 pounds. She ate 36 pieces then placed the rest into piles with 9 in each pile, now the candy weighs 45 pounds.<<Question>> How many piles could she make? ",8.0,8.0,"Explanation: Sarah received 108 pieces of candy and ate 36. To find out how many she had left, we subtract 36 from 108 which gives us 72. Then, to find out how many piles she could make with 9 in each pile, we divide 72 by 9. 72 divided by 9 equals 8."
"<<Passage>> A magician was selling magic card decks for 2 dollars each<<Question>> If he started with 5 decks and by the end of the day he had 3 left, how much money did he earn? ","<<Passage>>A magician was selling magic card decks for 2 dollars each. Initially, the total weight of the decks was 100 pounds, but after adding more decks, it increased to 120 pounds.<<Question>> If he started with 5 decks and by the end of the day he had 3 left, how much money did he earn? ",4.0,4.0,"Explanation: The magician started with 5 decks and had 3 left at the end of the day, meaning he sold 5 - 3 = 2 decks. Each deck was sold for 2 dollars, so he earned 2 decks * 2 dollars/deck = 4 dollars."
<<Passage>> A store had 27 coloring books in stock.  They ended up putting them on sale and getting rid of 6 of them.  The put the ones they still had onto shelves with 7 on each shelf<<Question>> How many shelves did they use? ,"<<Passage>>A store had 27 coloring books in stock, each weighing around 100 pounds. They ended up putting them on sale and getting rid of 6 of them. The remaining ones, now weighing around 80 pounds each, were put onto shelves with 7 on each shelf.<<Question>> How many shelves did they use? ",3.0,3.0,"Explanation: First, we need to find out how many coloring books are left after the store sold 6. We do this by subtracting 6 from the initial stock of 27, which gives us 21. Then, we divide the remaining number of books (21) by the number of books per shelf (7). 21 divided by 7 equals 3, which is the number of shelves used."
"<<Passage>> Carol and her mom were picking carrots from their garden.  Carol picked 29 and her mother picked 16<<Question>> If only 38 of the carrots were good, how many bad carrots did they have? ","<<Passage>>Carol and her mom were picking carrots from their garden. Carol picked 29 and her mother picked 16. The weight of the carrots they picked started at 150 lbs and increased to 200 lbs.<<Question>> If only 38 of the carrots were good, how many bad carrots did they have? ",7.0,7.0,"Explanation: Carol and her mom picked a total of 29 + 16 = 45 carrots. If only 38 of these were good, then the number of bad carrots is 45 - 38 = 7."
"<<Passage>> Edward earned 4 dollars for each lawn he mowed<<Question>> If he had 17 lawns to mow, but forgot to mow 9 of them, how much money did he actually earn? ","<<Passage>>Edward, who weighs 150 pounds, earned 4 dollars for each lawn he mowed. After a summer of hard work, he gained muscle and now weighs 180 pounds.<<Question>> If he had 17 lawns to mow, but forgot to mow 9 of them, how much money did he actually earn? ",32.0,32.0,"Explanation: Edward was supposed to mow 17 lawns, but he forgot to mow 9 of them. So, he actually mowed 17 - 9 = 8 lawns. Since he earns 4 dollars for each lawn he mows, he earned 8 * 4 = 32 dollars."
<<Passage>>Seth bought 20 cartons of ice cream and 2 cartons of yogurt.  Each carton of ice cream cost $6 and each carton of yogurt cost $1<<Question>> How much more did Seth spend on ice cream than on yogurt?,"<<Passage>>Seth bought 20 cartons of ice cream and 2 cartons of yogurt. The temperature in the store was 68 degrees Fahrenheit. Each carton of ice cream cost $6 and each carton of yogurt cost $1. After his purchase, the temperature in the store rose to 75 degrees Fahrenheit.<<Question>> How much more did Seth spend on ice cream than on yogurt?",118.0,118.0,"Explanation: First, we need to calculate the total cost of the ice cream and the yogurt separately. The cost of the ice cream is 20 cartons * $6/carton = $120. The cost of the yogurt is 2 cartons * $1/carton = $2. To find out how much more Seth spent on ice cream than on yogurt, we subtract the cost of the yogurt from the cost of the ice cream: $120 - $2 = $118."
"<<Passage>> Sam invited 9 friends to a birthday party, but 6 couldn't come<<Question>> If he wanted to buy enough cupcakes so each person could have exactly 2, how many should he buy? ","<<Passage>>Sam invited 9 friends to a birthday party, but 6 couldn't come. The volume of the music was initially at 50 decibels but as the party went on, it increased to 80 decibels.<<Question>> If he wanted to buy enough cupcakes so each person could have exactly 2, how many should he buy? ",6.0,6.0,"Explanation: Sam invited 9 friends to his birthday party, but 6 couldn't come. This means that 9 - 6 = 3 friends could come. Including Sam, there are 4 people at the party. If each person should have exactly 2 cupcakes, then Sam should buy 4 * 2 = 8 cupcakes."
"<<Passage>> Roger had 45 dollars in January.  By March he had spent 20 dollars<<Question>> If he got another 46 dollars from his mom, how much money would he have? ","<<Passage>>Roger, who weighed 200 pounds in January, had 45 dollars. By March, he had spent 20 dollars and his weight dropped to 180 pounds.<<Question>> If he got another 46 dollars from his mom, how much money would he have? ",71.0,71.0,"Explanation: Roger initially had 45 dollars. After spending 20 dollars, he was left with 45 - 20 = 25 dollars. When his mom gave him an additional 46 dollars, his total money became 25 + 46 = 71 dollars."
"<<Passage>> While on vacation, Megan took 15 pictures at the zoo and 18 at the museum<<Question>> If she later deleted 31 of the pictures, how many pictures from her vacation did she still have? ","<<Passage>>While on vacation, Megan took 15 pictures at the zoo where the humidity was 40%. Then, she took 18 pictures at the museum where the humidity had risen to 60%.<<Question>> If she later deleted 31 of the pictures, how many pictures from her vacation did she still have? ",2.0,2.0,"Explanation: Megan took a total of 15 pictures at the zoo and 18 at the museum, which makes 33 pictures in total. If she deleted 31 pictures, we subtract 31 from 33 to find out how many pictures she still has. 33 minus 31 equals 2."
"<<Passage>> Frank was collecting cans for recycling.  On Saturday he filled 5 bags up and on Sunday he filled 3 more bags<<Question>> If each bag had 5 cans in it, how many cans did he pick up total? ","<<Passage>>Frank was collecting cans for recycling. On Saturday he filled 5 bags up with a total weight of 50 pounds and on Sunday he filled 3 more bags, increasing the total weight to 70 pounds.<<Question>> If each bag had 5 cans in it, how many cans did he pick up total? ",40.0,40.0,"Explanation: Frank collected a total of 5 bags on Saturday and 3 bags on Sunday. This gives a total of 5 + 3 = 8 bags. Since each bag contains 5 cans, the total number of cans Frank collected is 8 bags * 5 cans/bag = 40 cans."
"<<Passage>> Adam had 5 dollars.  At the store he spent $2 on a new game<<Question>> If he got another 5 dollars for his allowance, how much money does he have now? ","<<Passage>>Adam, who weighed 150 pounds, had 5 dollars. At the store, he spent $2 on a new game and after walking around, his weight dropped to 148 pounds.<<Question>> If he got another 5 dollars for his allowance, how much money does he have now? ",8.0,8.0,"Explanation: Adam initially had 5 dollars. He spent 2 dollars on a game, which leaves him with 5 - 2 = 3 dollars. He then received an additional 5 dollars for his allowance, so he now has 3 + 5 = 8 dollars."
"<<Passage>> A trivia team had 5 members total, but during a game 2 members didn't show up<<Question>> If each member that did show up scored 6 points, how many points were scored total? ","<<Passage>>A trivia team had 5 members total, weighing a combined 500 pounds, but during a game 2 members didn't show up, bringing the total weight down to 400 pounds.<<Question>> If each member that did show up scored 6 points, how many points were scored total? ",18.0,18.0,"Explanation: The trivia team had 5 members but only 3 showed up (5-2). Each of these 3 members scored 6 points. So, the total points scored is 3 (members) * 6 (points each) = 18 points."
"<<Passage>> Henry earned 5 dollars for each lawn he mowed<<Question>> If he had 12 lawns to mow, but forgot to mow 7 of them, how much money did he actually earn? ","<<Passage>>Henry, who weighs 150 pounds, earned 5 dollars for each lawn he mowed. After a hearty lunch, his weight increased to 180 pounds.<<Question>> If he had 12 lawns to mow, but forgot to mow 7 of them, how much money did he actually earn? ",25.0,25.0,"Explanation: Henry earns 5 dollars for each lawn he mows. He had 12 lawns to mow but he forgot to mow 7 of them. So, he mowed only 12 - 7 = 5 lawns. As he earns 5 dollars for each lawn, he earned 5 * 5 = 25 dollars."
"<<Passage>> The cafeteria had 62 apples.  For lunch they handed out 8 to students and decided to use the rest to make pies<<Question>> If each pie takes 9 apples, how many pies could they make? ","<<Passage>>The cafeteria had 62 apples weighing a total of 100 pounds. For lunch they handed out 8 to students and decided to use the rest to make pies, which now weigh 80 pounds.<<Question>> If each pie takes 9 apples, how many pies could they make? ",6.0,6.0,"Explanation: First, we need to find out how many apples are left after the cafeteria handed out 8 to students. This is done by subtracting 8 from the total number of apples, which is 62. This gives us 54 apples. Then, we divide the number of remaining apples by the number of apples needed for each pie, which is 9. 54 divided by 9 equals 6. Therefore, the cafeteria could make 6 pies."
<<Passage>> Wendy's old washing machine could only wash 8 pieces of clothing at a time<<Question>> If she had to wash 39 shirts and 33 sweaters how many loads would she have to do? ,"<<Passage>>Wendy's old washing machine, which weighs 200 pounds, could only wash 8 pieces of clothing at a time. After adding the clothes, it weighs 220 pounds.<<Question>> If she had to wash 39 shirts and 33 sweaters how many loads would she have to do? ",9.0,9.0,"Explanation: In order to find the total number of loads Wendy would have to do, we first add the number of shirts (39) and sweaters (33) to get a total of 72 pieces of clothing. Since Wendy's washing machine can only wash 8 pieces of clothing at a time, we divide the total number of pieces of clothing (72) by the capacity of the washing machine (8). This gives us 9 loads with some pieces of clothing left over, but since we can't do a fraction of a load, we round up to the nearest whole number, which is 9."
"<<Passage>> Olivia and her mom were picking carrots from their garden.  Olivia picked 20 and her mother picked 14<<Question>> If only 19 of the carrots were good, how many bad carrots did they have? ","<<Passage>>Olivia and her mom were picking carrots from their garden. The weight of the carrots was initially 100 pounds. Olivia picked 20 and her mother picked 14. Now, the weight of the carrots is 120 pounds.<<Question>> If only 19 of the carrots were good, how many bad carrots did they have? ",15.0,15.0,"Explanation: Olivia and her mom picked a total of 20 + 14 = 34 carrots. If only 19 of these carrots were good, then the number of bad carrots would be the total number of carrots picked minus the number of good carrots. So, 34 - 19 = 15 bad carrots."
<<Passage>> At a company picnic 23 managers and 7 employees decided to start a game of volleyball<<Question>> If they split into 6 teams how many people would be on each team? ,"<<Passage>>At a company picnic where the humidity was initially 40%, 23 managers and 7 employees decided to start a game of volleyball. As the game progressed, the humidity increased to 60%.<<Question>> If they split into 6 teams how many people would be on each team? ",5.0,5.0,"Explanation: In order to find the number of people on each team, we add the number of managers (23) and employees (7) to get a total of 30 people. Then, we divide this total by the number of teams (6). 30 divided by 6 equals 5."
<<Passage>>Mika had 20 stickers.  She bought 26 stickers from a store in the mall and got 20 stickers for her birthday.  Then Mika gave 6 of the stickers to her sister and used 58 to decorate a greeting card<<Question>> How many stickers does Mika have left?,"<<Passage>>Mika had 20 stickers and her sticker collection weighed 100 pounds. She bought 26 stickers from a store in the mall and got 20 stickers for her birthday. Then Mika gave 6 of the stickers to her sister and used 58 to decorate a greeting card. After all these transactions, her collection weighed 110 pounds.<<Question>> How many stickers does Mika have left?",2.0,2.0,"Explanation: Mika initially had 20 stickers. She bought 26 more, which increased her total to 20 + 26 = 46 stickers. She then received 20 stickers for her birthday, increasing her total to 46 + 20 = 66 stickers. Mika then gave 6 stickers to her sister, reducing her total to 66 - 6 = 60 stickers. Finally, she used 58 stickers to decorate a greeting card, reducing her total to 60 - 58 = 2 stickers. Therefore, Mika has 2 stickers left."
<<Passage>> Wendy uploaded 79 pictures to Facebook.  She put 44 pics into one album and put the rest into 5 different albums<<Question>> How many pictures were in each album? ,"<<Passage>>Wendy, in a room with 30% humidity, uploaded 79 pictures to Facebook. She put 44 pics into one album and put the rest into 5 different albums. The humidity in the room increased to 45%.<<Question>> How many pictures were in each album? ",7.0,7.0,"Explanation: First, we need to find out how many pictures Wendy put into the 5 albums. We know that Wendy uploaded 79 pictures in total and put 44 pictures into one album. So, we subtract 44 from 79 to find out how many pictures were put into the 5 albums. 79 - 44 = 35. So, Wendy put 35 pictures into the 5 albums. To find out how many pictures were in each of the 5 albums, we divide the total number of pictures in the 5 albums (35) by the number of albums (5). 35 divided by 5 equals 7. So, there were 7 pictures in each album."
"<<Passage>> Megan was selling her necklaces at a garage sale.  She sold 7 bead necklaces and 3 gem stone necklaces<<Question>> If each necklace cost 9 dollars, how much money did she earn? ","<<Passage>>Megan was selling her necklaces at a garage sale. She sold 7 bead necklaces and 3 gem stone necklaces, starting with a total weight of 50 pounds of necklaces. After selling 10 necklaces, the remaining necklaces weigh 60 pounds.<<Question>> If each necklace cost 9 dollars, how much money did she earn? ",90.0,90.0,"Explanation: First, we need to find the total number of necklaces Megan sold. She sold 7 bead necklaces and 3 gem stone necklaces, which gives us a total of 10 necklaces. Then, since each necklace costs 9 dollars, we multiply the total number of necklaces (10) by the cost per necklace (9 dollars). 10 times 9 equals 90."
"<<Passage>> Henry was helping the cafeteria workers pick up lunch trays, but he could only carry 9 trays at a time<<Question>> If he had to pick up 29 trays from one table and 52 trays from another, how many trips will he make? ","<<Passage>>Henry, weighing 180 pounds, was helping the cafeteria workers pick up lunch trays, but he could only carry 9 trays at a time. After carrying all the trays, his weight went up to 200 pounds due to the heavy lifting.<<Question>> If he had to pick up 29 trays from one table and 52 trays from another, how many trips will he make? ",9.0,9.0,"Explanation: First, we add the number of trays from both tables, which is 29 + 52 = 81 trays. Since Henry can only carry 9 trays at a time, we divide the total number of trays by the number of trays he can carry. So, 81 divided by 9 equals 9. Therefore, Henry will make 9 trips."
"<<Passage>> There are 65 students trying out for the school's trivia teams<<Question>> If 17 of them didn't get picked for the team and the rest were put into 8 groups, how many students would be in each group? ","<<Passage>>There are 65 students trying out for the school's trivia teams in a room with 30% humidity. As the tryouts progress, the humidity in the room increases to 60%.<<Question>> If 17 of them didn't get picked for the team and the rest were put into 8 groups, how many students would be in each group? ",6.0,6.0,"Explanation: First, subtract the number of students who didn't get picked from the total number of students trying out. This gives us the number of students who were put into groups. So, 65 - 17 = 48. Then, divide this number by the number of groups to find out how many students are in each group. So, 48 / 8 = 6."
"<<Passage>> For Halloween Debby and her sister combined the candy they received.  Debby had 32 pieces of candy while her sister had 42<<Question>> If they ate 35 pieces the first night, how many pieces do they have left? ","<<Passage>>For Halloween Debby and her sister, who together weigh 50 pounds, combined the candy they received. Debby had 32 pieces of candy while her sister had 42. After eating some candy, they now weigh 60 pounds.<<Question>> If they ate 35 pieces the first night, how many pieces do they have left? ",39.0,39.0,"Explanation: First, we add the number of candies Debby and her sister received which is 32 and 42 respectively. The total is 74. Then, we subtract the number of candies they ate on the first night which is 35. So, 74 minus 35 equals 39."
"<<Passage>> Katie had 7 pages of math homework and 3 pages of reading homework<<Question>> If each page had 9 problems on it, how many problems did she have to complete total? ","<<Passage>>Katie, who weighs 50 pounds, had 7 pages of math homework and 3 pages of reading homework. After completing her homework, she weighed 70 pounds due to the weight of knowledge she gained.<<Question>> If each page had 9 problems on it, how many problems did she have to complete total? ",90.0,90.0,"Explanation: First, we need to find the total number of pages Katie had to complete for her homework. She had 7 pages of math homework and 3 pages of reading homework, which totals to 10 pages. Each page had 9 problems on it. Therefore, to find the total number of problems, we multiply the total number of pages (10) by the number of problems on each page (9). 10 multiplied by 9 equals 90."
"<<Passage>> Kaleb had 39 pieces of clothing to wash.  He put 19 of them in one load, but decided to split the rest into 5 equal loads<<Question>> How many pieces of clothing could go in each of the small loads? ","<<Passage>>Kaleb, who weighs 200 pounds, had 39 pieces of clothing to wash. He put 19 of them in one load, but decided to split the rest into 5 equal loads. After the hard work, his weight increased to 250 pounds due to water retention.<<Question>> How many pieces of clothing could go in each of the small loads? ",4.0,4.0,"Explanation: First, we subtract the number of clothes Kaleb put in the first load (19) from the total number of clothes (39). This gives us 20 clothes left. Then, we divide this number by the number of small loads (5) to find out how many clothes go in each small load. 20 divided by 5 equals 4."
"<<Passage>> Will had 57 dollars<<Question>> If he spent 27 bucks on a new game, how many 6 dollar toys could he buy with the money he had left? ","<<Passage>>Will had 57 dollars, and he weighed 150 pounds. After a few months, his weight increased to 200 pounds, but he still had 57 dollars.<<Question>> If he spent 27 bucks on a new game, how many 6 dollar toys could he buy with the money he had left? ",5.0,5.0,"Explanation: First, we need to find out how much money Will has left after buying the game. He started with 57 dollars and spent 27 on the game, so we subtract 27 from 57 to get 30 dollars. Then, we divide 30 by the cost of each toy, which is 6 dollars. 30 divided by 6 equals 5, so Will can buy 5 toys with the money he has left."
<<Passage>> A pet store had 102 puppies.  In one day they sold 21 of them and put the rest into cages with 9 in each cage<<Question>> How many cages did they use? ,"<<Passage>>A pet store had 102 puppies in an area of 500 square feet. In one day they sold 21 of them and put the rest into cages with 9 in each cage, reducing the area to 300 square feet.<<Question>> How many cages did they use? ",9.0,9.0,"Explanation: First, we need to find out how many puppies were left after 21 were sold. So, we subtract 21 from 102 which gives us 81. Then, we divide 81 by the number of puppies in each cage, which is 9. 81 divided by 9 equals 9. Therefore, the pet store used 9 cages."
<<Passage>> Nancy's old washing machine could only wash 9 pieces of clothing at a time<<Question>> If she had to wash 19 shirts and 8 sweaters how many loads would she have to do? ,"<<Passage>>Nancy's old washing machine, which weighed 150 pounds, could only wash 9 pieces of clothing at a time. After some modifications, it now weighs 200 pounds.<<Question>> If she had to wash 19 shirts and 8 sweaters how many loads would she have to do? ",3.0,3.0,"Explanation: Nancy has to wash a total of 19 shirts and 8 sweaters, which makes a total of 27 pieces of clothing. Since her washing machine can only wash 9 pieces at a time, she would have to do 3 loads to wash all the clothes. This is because 27 divided by 9 equals 3."
<<Passage>> Roger had 16 dollars.  For his birthday he got 28 more dollars but spent 25 on a new game<<Question>> How much money does he have now? ,"<<Passage>>Roger, who weighed 200 pounds, had 16 dollars. For his birthday he got 28 more dollars but spent 25 on a new game. After the celebration, he weighed 210 pounds.<<Question>> How much money does he have now? ",19.0,19.0,"Explanation: Roger initially had 16 dollars. He received 28 dollars for his birthday, which increased his total to 44 dollars (16 + 28). He then spent 25 dollars on a game, which reduced his total to 19 dollars (44 - 25)."
"<<Passage>> Roger earned 9 dollars for each lawn he mowed<<Question>> If he had 14 lawns to mow, but forgot to mow 8 of them, how much money did he actually earn? ","<<Passage>>Roger, who weighs 150 pounds, earned 9 dollars for each lawn he mowed. After a hearty lunch, his weight increased to 200 pounds.<<Question>> If he had 14 lawns to mow, but forgot to mow 8 of them, how much money did he actually earn? ",54.0,54.0,"Explanation: Roger was supposed to mow 14 lawns, but he forgot to mow 8 of them. So, he only mowed 14 - 8 = 6 lawns. Since he earns 9 dollars for each lawn he mows, he earned 6 * 9 = 54 dollars."
"<<Passage>>On Friday, Fred paid $5. 92 each on 2 tickets to a movie theater.  He also borrowed a movie for $6. 79.  Fred paid with a $20 bill<<Question>> How much change did Fred receive?","<<Passage>>On Friday, when the temperature was 70 degrees Fahrenheit, Fred paid $5. 92 each on 2 tickets to a movie theater. He also borrowed a movie for $6. 79. As Fred paid with a $20 bill, the temperature rose to 80 degrees Fahrenheit.<<Question>> How much change did Fred receive?",1.37,1.37,"Explanation: First, we calculate the total cost of the movie tickets by multiplying the cost of one ticket ($5.92) by the number of tickets (2), which gives us $11.84. Then, we add the cost of the borrowed movie ($6.79) to the total cost of the tickets to get the total amount Fred spent, which is $18.63. Finally, we subtract the total amount spent from the $20 bill Fred paid with to find out how much change he received. $20 - $18.63 = $1.37."
"<<Passage>> Nancy had 101 homework problems.  She finished 47 of them but still had 6 pages of problems to do<<Question>> If each page has the same number of problems on it, how many problems are on each page? ","<<Passage>>Nancy, who weighs 150 pounds, had 101 homework problems. She finished 47 of them but still had 6 pages of problems to do. After all that hard work, she weighed 200 pounds due to the weight of knowledge she gained.<<Question>> If each page has the same number of problems on it, how many problems are on each page? ",9.0,9.0,"Explanation: Nancy had 101 problems to start with. She finished 47 of them, so she had 101 - 47 = 54 problems left. These 54 problems are spread across 6 pages, so to find out how many problems are on each page, we divide the total number of problems by the number of pages. So, 54 ÷ 6 = 9. Therefore, each page has 9 problems."
"<<Passage>> A trivia team had 11 members total, but during a game 6 members didn't show up<<Question>> If each member that did show up scored 9 points, how many points were scored total? ","<<Passage>>A trivia team had 11 members total, but during a game 6 members didn't show up. The room, initially having a volume of 200 cubic feet, felt more spacious as it expanded to 300 cubic feet.<<Question>> If each member that did show up scored 9 points, how many points were scored total? ",45.0,45.0,"Explanation: First, we find out how many members showed up by subtracting the number of members who didn't show up (6) from the total number of members (11). This gives us 5 members. Then, we multiply the number of members who showed up (5) by the number of points each member scored (9). This gives us a total of 45 points."
"<<Passage>> Paul made 3 dollars mowing lawns and 3 dollars weed eating<<Question>> If he only spent 3 dollar a week, how long would the money last him? ","<<Passage>>Paul, weighing 150 pounds, made 3 dollars mowing lawns and 3 dollars weed eating. After a hearty meal, his weight increased to 200 pounds.<<Question>> If he only spent 3 dollar a week, how long would the money last him? ",2.0,2.0,"Explanation: Paul made 3 dollars mowing lawns and another 3 dollars weed eating, which sums up to 6 dollars. If he spends 3 dollars a week, then the money would last him 6 divided by 3 equals 2 weeks."
"<<Passage>> Adam bought 2 boxes of chocolate candy and 5 boxes of caramel candy<<Question>> If each box has 4 pieces inside it, how much candy did he have total? ","<<Passage>>Adam, who weighed 50 pounds, bought 2 boxes of chocolate candy and 5 boxes of caramel candy. After eating, his weight increased to 70 pounds.<<Question>> If each box has 4 pieces inside it, how much candy did he have total? ",28.0,28.0,"Explanation: Adam bought a total of 2 + 5 = 7 boxes of candy. Since each box has 4 pieces of candy, he therefore has 7 * 4 = 28 pieces of candy."
"<<Passage>> The school cafeteria had 23 apples<<Question>> If they used 20 to make lunch for the students and then bought 6 more, how many apples would they have? ","<<Passage>>The school cafeteria had 23 apples, weighing a total of 50 pounds. After some were eaten, the remaining apples weighed 30 pounds.<<Question>> If they used 20 to make lunch for the students and then bought 6 more, how many apples would they have? ",9.0,9.0,"Explanation: The school cafeteria initially had 23 apples. They used 20 apples to make lunch, which leaves them with 23 - 20 = 3 apples. Then, they bought 6 more apples, which increases their total to 3 + 6 = 9 apples."
"<<Passage>> Kaleb bought 14 boxes of chocolate candy and gave 5 to his little brother<<Question>> If each box has 6 pieces inside it, how many pieces did Kaleb still have? ","<<Passage>>Kaleb bought 14 boxes of chocolate candy, weighing a total of 50 pounds, and gave 5 to his little brother. Now the remaining boxes weigh 60 pounds.<<Question>> If each box has 6 pieces inside it, how many pieces did Kaleb still have? ",54.0,54.0,"Explanation: First, we need to find out how many boxes of chocolate candy Kaleb has left after giving some to his brother. He initially bought 14 boxes and gave 5 to his brother, so he has 14 - 5 = 9 boxes left. Each box contains 6 pieces of candy, so the total number of pieces Kaleb has is 9 boxes * 6 pieces/box = 54 pieces."
"<<Passage>> While playing a trivia game, George answered 6 questions correct in the first half and 4 questions correct in the second half<<Question>> If each question was worth 3 points, what was his final score? ","<<Passage>>While playing a trivia game at a volume of 50 decibels, George answered 6 questions correct in the first half. The volume was increased to 70 decibels in the second half when he answered 4 questions correctly.<<Question>> If each question was worth 3 points, what was his final score? ",30.0,30.0,"Explanation: First, we find the total number of questions George answered correctly by adding the number of questions he answered correctly in the first half (6) and the second half (4). This gives us 10 questions. Since each question is worth 3 points, we multiply the total number of questions (10) by the points per question (3) to get the final score. 10 questions times 3 points per question equals 30 points."
"<<Passage>> Megan earned 8 points for each bag of cans she recycled<<Question>> If she had 14 bags, but didn't recycle 5 of them, how many points would she have earned? ","<<Passage>>Megan, who weighed 50 pounds, earned 8 points for each bag of cans she recycled. After recycling, she weighed 60 pounds due to the weight of the cans.<<Question>> If she had 14 bags, but didn't recycle 5 of them, how many points would she have earned? ",72.0,72.0,"Explanation: First, we need to find out how many bags Megan actually recycled. She had 14 bags but didn't recycle 5 of them, so she recycled 14 - 5 = 9 bags. Then, since she earns 8 points for each bag she recycles, we multiply the number of bags she recycled by the number of points per bag. So, 9 bags * 8 points/bag = 72 points."
"<<Passage>> April's discount flowers was having a sale where each flower was 6 dollars<<Question>> If Katie bought 5 roses and 5 daisies, how much did she spend? ","<<Passage>>April's discount flowers was having a sale where each flower was 6 dollars, with an initial 30% humidity in the shop. As more customers came in, the humidity increased to 50%.<<Question>> If Katie bought 5 roses and 5 daisies, how much did she spend? ",60.0,60.0,"Explanation: Katie bought 5 roses and 5 daisies, making a total of 10 flowers. Since each flower costs 6 dollars, we multiply the total number of flowers (10) by the cost of each flower (6). 10 times 6 equals 60."
"<<Passage>> Will made 104 dollars mowing lawns over the summer<<Question>> If he spent 41 dollars buying new mower blades, how many 9 dollar games could he buy with the money he had left? ","<<Passage>>Will, who weighs 150 pounds, made 104 dollars mowing lawns over the summer. By the end of the summer, he weighs 200 pounds.<<Question>> If he spent 41 dollars buying new mower blades, how many 9 dollar games could he buy with the money he had left? ",7.0,7.0,"Explanation: First, we need to find out how much money Will had left after buying mower blades. He made 104 dollars and spent 41 dollars on mower blades. So, 104 - 41 = 63 dollars. Then, we need to find out how many 9 dollar games he could buy with the remaining money. We divide the remaining money by the cost of each game. So, 63 / 9 = 7. Therefore, Will could buy 7 games with the money he had left."
<<Passage>> A toy store had 5 giant stuffed bears in stock when they got another shipment with 7 bears in it.  The put the bears onto shelves with 6 on each shelf<<Question>> How many shelves did they use? ,"<<Passage>>A toy store had 5 giant stuffed bears in stock weighing a total of 200 pounds when they got another shipment with 7 bears in it. After adding the new bears, which weighed a total of 300 pounds, the total weight of the bears increased to 500 pounds. They put the bears onto shelves with 6 on each shelf.<<Question>> How many shelves did they use? ",2.0,2.0,"Explanation: First, we find the total number of bears by adding the initial stock of bears (5) to the new shipment of bears (7). This gives us 12 bears. Then, we divide the total number of bears by the number of bears each shelf can hold (6). 12 divided by 6 equals 2. Therefore, they used 2 shelves."
"<<Passage>> Luke was trying to expand his game collection.  He bought 2 games from a friend and bought 2 more at a garage sale<<Question>> If 2 of the games didn't work, how many good games did he end up with? ","<<Passage>>Luke, who weighs 50 kg, was trying to expand his game collection. He bought 2 games from a friend and bought 2 more at a garage sale. After carrying all the games, his weight increased to 70 kg.<<Question>> If 2 of the games didn't work, how many good games did he end up with? ",2.0,2.0,"Explanation: Luke bought a total of 4 games (2 from a friend and 2 from a garage sale). If 2 of these games didn't work, we subtract these from the total number of games bought. So, 4 - 2 = 2. Luke ended up with 2 good games."
<<Passage>> A pet store had 78 puppies.  In one day they sold 30 of them and put the rest into cages with 8 in each cage<<Question>> How many cages did they use? ,"<<Passage>>A pet store, with an area of 200 square feet, had 78 puppies. In one day they sold 30 of them and put the rest into cages with 8 in each cage, reducing the area to 150 square feet.<<Question>> How many cages did they use? ",6.0,6.0,"Explanation: The pet store initially had 78 puppies. They sold 30 puppies, which leaves them with 78 - 30 = 48 puppies. Each cage can hold 8 puppies, so to find out how many cages they used, we divide the total number of puppies by the number of puppies each cage can hold. So, 48 / 8 = 6 cages."
"<<Passage>> A painter needed to paint 12 rooms in a building.  Each room takes 7 hours to paint<<Question>> If he already painted 5 rooms, how much longer will he take to paint the rest? ","<<Passage>>A painter needed to paint 12 rooms in a building, each room initially having an area of 200 square feet. After some remodeling, each room now takes 7 hours to paint and has an area of 150 square feet.<<Question>> If he already painted 5 rooms, how much longer will he take to paint the rest? ",49.0,49.0,"Explanation: The painter has already painted 5 rooms out of 12, so there are 12 - 5 = 7 rooms left to paint. Since each room takes 7 hours to paint, the painter will need 7 * 7 = 49 hours to paint the rest of the rooms."
"<<Passage>> A chef needs to cook 13 potatoes.  He has already cooked 5<<Question>> If each potato takes 6 minutes to cook, how long will it take him to cook the rest? ","<<Passage>>A chef needs to cook 13 potatoes, weighing a total of 50 pounds. He has already cooked 5. The weight of the remaining potatoes is 70 pounds.<<Question>> If each potato takes 6 minutes to cook, how long will it take him to cook the rest? ",48.0,48.0,"Explanation: The chef needs to cook 13 potatoes and has already cooked 5. This means he still needs to cook 13 - 5 = 8 potatoes. If each potato takes 6 minutes to cook, then 8 potatoes will take 8 * 6 = 48 minutes to cook."
"<<Passage>> Janet was playing a video game and had 47 lives.  In a hard part of the game she lost 23 lives<<Question>> If she got 46 more lives in the next level, how many lives would she have? ","<<Passage>>Janet was playing a video game at a speed of 60 mph and had 47 lives. In a hard part of the game, she lost 23 lives and her speed dropped to 30 mph.<<Question>> If she got 46 more lives in the next level, how many lives would she have? ",70.0,70.0,"Explanation: Janet initially had 47 lives. She lost 23 lives, so we subtract 23 from 47 which gives us 24. Then, she gained 46 more lives. So, we add 46 to the remaining 24 lives. 24 + 46 equals 70. Therefore, Janet has 70 lives left."
<<Passage>> Emily was planting vegetables in her garden.  She started with 42 seeds and planted 36 of them in the big garden and in each of her small gardens put 2 seeds each<<Question>> How many small gardens did Emily have? ,"<<Passage>>Emily was planting vegetables in her garden, which had a 40% humidity. She started with 42 seeds and planted 36 of them in the big garden and in each of her small gardens put 2 seeds each. By the time she was done, the humidity had risen to 60%.<<Question>> How many small gardens did Emily have? ",3.0,3.0,"Explanation: Emily started with 42 seeds. She planted 36 of them in the big garden, leaving her with 42 - 36 = 6 seeds. Since she planted 2 seeds in each small garden, the number of small gardens is 6 / 2 = 3."
"<<Passage>> At lunch a waiter had 7 customers and 4 of them didn't leave a tip<<Question>> If he got $9 each from the ones who did tip, how much money did he earn? ","<<Passage>>At lunch, when the humidity was at 45%, a waiter had 7 customers and 4 of them didn't leave a tip. As more customers came in, the humidity in the restaurant increased to 60%.<<Question>> If he got $9 each from the ones who did tip, how much money did he earn? ",27.0,27.0,"Explanation: First, we find out how many customers left a tip by subtracting the number of customers who didn't leave a tip (4) from the total number of customers (7). This gives us 3 customers. Then, we multiply the number of customers who did tip (3) by the amount each of them left ($9) to find out the total amount of money the waiter earned. 3 times 9 equals 27."
"<<Passage>> A magician was selling magic card decks for 7 dollars each<<Question>> If he started with 16 decks and by the end of the day he had 8 left, how much money did he earn? ","<<Passage>>A magician was selling magic card decks for 7 dollars each in a room with a temperature of 70 degrees Fahrenheit. As he continued selling, the room's temperature rose to 85 degrees Fahrenheit.<<Question>> If he started with 16 decks and by the end of the day he had 8 left, how much money did he earn? ",56.0,56.0,"Explanation: To find out how much money the magician earned, we first need to determine how many decks of cards he sold. He started with 16 decks and had 8 left, so he sold 16 - 8 = 8 decks. Each deck was sold for 7 dollars, so he earned 8 * 7 = 56 dollars."
"<<Passage>> Kaleb started his own lawn mowing business.  In the spring he made 4 dollars mowing lawns and in the summer he made 50 dollars<<Question>> If he had to spend 4 dollars buying supplies, how much money did he end up with? ","<<Passage>>Kaleb started his own lawn mowing business. In the spring, when the humidity was 30%, he made 4 dollars mowing lawns. As the summer came and the humidity rose to 60%, he made 50 dollars.<<Question>> If he had to spend 4 dollars buying supplies, how much money did he end up with? ",50.0,50.0,"Explanation: First, we add the amount of money Kaleb made in the spring (4 dollars) and the summer (50 dollars) to find the total amount of money he made. This gives us 54 dollars. Then, we subtract the cost of the supplies (4 dollars) from the total amount of money he made. This gives us 50 dollars."
"<<Passage>> Bianca picked 39 tulips and 49 roses to make flower bouquets<<Question>> If she only used 81 of the flowers though, how many extra flowers did Bianca pick? ","<<Passage>>Bianca picked 39 tulips and 49 roses to make flower bouquets. Initially, the combined weight of the flowers was 50 pounds, but after picking more, it increased to 80 pounds.<<Question>> If she only used 81 of the flowers though, how many extra flowers did Bianca pick? ",7.0,7.0,"Explanation: First, we find the total number of flowers Bianca picked by adding the number of tulips (39) and roses (49) she picked. This gives us 88 flowers. Since she only used 81 of these flowers, we subtract 81 from 88 to find out how many extra flowers Bianca picked. So, 88 - 81 = 7."
"<<Passage>> Kaleb was collecting cans for recycling.  On Saturday he filled 5 bags up and on Sunday he filled 5 more bags<<Question>> If each bag had 4 cans in it, how many cans did he pick up total? ","<<Passage>>Kaleb was collecting cans for recycling. On Saturday he filled 5 bags up, each weighing 50 pounds. On Sunday he filled 5 more bags, each weighing 100 pounds.<<Question>> If each bag had 4 cans in it, how many cans did he pick up total? ",40.0,40.0,"Explanation: Kaleb filled 5 bags on Saturday and 5 more on Sunday, making a total of 10 bags. Each bag contained 4 cans, so to find the total number of cans, we multiply the number of bags (10) by the number of cans in each bag (4). 10 multiplied by 4 equals 40."
"<<Passage>> A waiter had 22 customers in his section<<Question>> If 14 of them left and the rest of his tables had 4 people at each table, how many tables did he have? ","<<Passage>>A waiter had 22 customers in his section, which initially spanned 200 square feet. After expanding the section, it now covers 300 square feet.<<Question>> If 14 of them left and the rest of his tables had 4 people at each table, how many tables did he have? ",2.0,2.0,"Explanation: The waiter initially had 22 customers. If 14 of them left, then the waiter was left with 22 - 14 = 8 customers. If each of his tables had 4 people, then he had 8 / 4 = 2 tables."
"<<Passage>> Nancy and her mom were picking carrots from their garden.  Nancy picked 38 and her mother picked 47<<Question>> If only 71 of the carrots were good, how many bad carrots did they have? ","<<Passage>>Nancy and her mom were picking carrots from their garden, where the humidity was 45%. Nancy picked 38 and her mother picked 47. By the time they finished, the humidity had risen to 60%.<<Question>> If only 71 of the carrots were good, how many bad carrots did they have? ",14.0,14.0,"Explanation: First, we need to find the total number of carrots picked by Nancy and her mom. This is done by adding the number of carrots picked by Nancy (38) and her mom (47), which gives us 85. Then, we subtract the number of good carrots (71) from the total number of carrots (85). This gives us the number of bad carrots, which is 14."
"<<Passage>> Isabel had 2 pages of math homework and 4 pages of reading homework<<Question>> If each page had 5 problems on it, how many problems did she have to complete total? ","<<Passage>>Isabel had 2 pages of math homework and 4 pages of reading homework. The weight of her backpack was initially 50 pounds, but after adding her textbooks, it increased to 60 pounds.<<Question>> If each page had 5 problems on it, how many problems did she have to complete total? ",30.0,30.0,"Explanation: Isabel had 2 pages of math homework and 4 pages of reading homework. Each page had 5 problems on it. To find the total number of problems, we first find the total number of pages by adding the math pages (2) and reading pages (4) to get 6 pages. Then, we multiply the total number of pages (6) by the number of problems per page (5). 6 times 5 equals 30."
"<<Passage>> Paige had 43 math problems and 12 science problems for homework<<Question>> If she finished 44 of the problems at school, how many problems did she have to do for homework? ","<<Passage>>Paige, who weighs 200 pounds, had 43 math problems and 12 science problems for homework. After completing her homework, she weighed 250 pounds due to the weight of knowledge she gained.<<Question>> If she finished 44 of the problems at school, how many problems did she have to do for homework? ",11.0,11.0,"Explanation: Paige had a total of 43 math problems and 12 science problems, which makes a total of 55 problems. If she finished 44 of the problems at school, we subtract 44 from 55 to find out how many she still has to do for homework. 55 minus 44 equals 11."
"<<Passage>> At Oliver's Restaurant a group with 2 adults and 4 children came in to eat<<Question>> If each meal cost 3 dollars, how much was the bill? ","<<Passage>>At Oliver's Restaurant, where the temperature is a comfortable 68 degrees Fahrenheit, a group with 2 adults and 4 children came in to eat. As the evening progressed, the temperature rose to a warm 78 degrees Fahrenheit.<<Question>> If each meal cost 3 dollars, how much was the bill? ",18.0,18.0,"Explanation: In order to find the total bill, we first need to find the total number of people. This is done by adding the number of adults (2) and children (4) which gives us 6. Each meal costs 3 dollars, so we multiply the total number of people (6) by the cost of each meal (3). 6 times 3 equals 18."
"<<Passage>> A chef needs to cook 12 potatoes.  He has already cooked 6<<Question>> If each potato takes 6 minutes to cook, how long will it take him to cook the rest? ","<<Passage>>In a kitchen with a starting temperature of 70 degrees Fahrenheit, a chef needs to cook 12 potatoes. After he has cooked 6, the temperature in the kitchen rises to 80 degrees Fahrenheit.<<Question>> If each potato takes 6 minutes to cook, how long will it take him to cook the rest? ",36.0,36.0,"Explanation: The chef needs to cook 12 potatoes and has already cooked 6. Therefore, he needs to cook 12 - 6 = 6 more potatoes. Since each potato takes 6 minutes to cook, it will take him 6 * 6 = 36 minutes to cook the rest."
"<<Passage>> Megan baked 71 cupcakes for her school's bake sale<<Question>> If her brother, Todd, ate 43 of them how many packages could she make if she put 7 cupcake in each package? ","<<Passage>>Megan baked 71 cupcakes for her school's bake sale. Initially, the cupcakes weighed nothing but after baking, they weighed a total of 142 pounds.<<Question>> If her brother, Todd, ate 43 of them how many packages could she make if she put 7 cupcake in each package? ",4.0,4.0,"Explanation: First, we need to find out how many cupcakes Megan has left after Todd ate some. She baked 71 cupcakes and Todd ate 43. So, 71 - 43 = 28 cupcakes are left. Then, we need to find out how many packages she can make if she puts 7 cupcakes in each package. So, 28 / 7 = 4 packages."
<<Passage>> A store had 5 oranges in a bin<<Question>> If they threw away 2 of the old ones and put 28 new ones in the bin how many would be in the bin? ,"<<Passage>>A store had 5 oranges in a bin, weighing a total of 10 pounds. After adding some more, the weight increased to 15 pounds.<<Question>> If they threw away 2 of the old ones and put 28 new ones in the bin how many would be in the bin? ",31.0,31.0,"Explanation: In order to find the total number of oranges in the bin, we start with the initial number of oranges (5), subtract the number of old oranges thrown away (2), and then add the number of new oranges put in the bin (28). So, 5 - 2 + 28 equals 31."
"<<Passage>> For Halloween Katie and her sister combined the candy they received.  Katie had 10 pieces of candy while her sister had 6<<Question>> If they ate 9 pieces the first night, how many pieces do they have left? ","<<Passage>>For Halloween Katie and her sister combined the candy they received. Katie had 10 pieces of candy while her sister had 6. The combined weight of the candy was initially 50 pounds, but after adding more, it reached 60 pounds.<<Question>> If they ate 9 pieces the first night, how many pieces do they have left? ",7.0,7.0,"Explanation: To find out how many pieces of candy Katie and her sister have left, we first add the number of candies they both had initially. Katie had 10 pieces and her sister had 6 pieces, which totals to 16 pieces. They ate 9 pieces the first night, so we subtract 9 from 16. The result is 7 pieces of candy left."
"<<Passage>> A teacher had 34 worksheets to grade<<Question>> If she graded 7, but then another 36 were turned in, how many worksheets would she have to grade? ","<<Passage>>A teacher had 34 worksheets to grade. Initially, the stack of worksheets weighed 100 pounds. After grading, the stack weighed 120 pounds due to the added weight of the teacher's notes and corrections.<<Question>> If she graded 7, but then another 36 were turned in, how many worksheets would she have to grade? ",63.0,63.0,"Explanation: The teacher initially had 34 worksheets to grade. She graded 7, leaving her with 34 - 7 = 27 worksheets. Then, another 36 worksheets were turned in, so she now has 27 + 36 = 63 worksheets to grade."
"<<Passage>> Mike made 14 dollars mowing lawns and 26 dollars weed eating<<Question>> If he only spent 5 dollar a week, how long would the money last him? ","<<Passage>>Mike, who weighs 150 pounds, made 14 dollars mowing lawns and 26 dollars weed eating. After a hefty lunch, his weight goes up to 200 pounds.<<Question>> If he only spent 5 dollar a week, how long would the money last him? ",8.0,8.0,"Explanation: First, we add the money Mike made from mowing lawns (14 dollars) and weed eating (26 dollars) which gives us 40 dollars. Then, we divide the total money (40 dollars) by the amount he spends per week (5 dollars) to find out how many weeks the money would last him. 40 divided by 5 equals 8."
<<Passage>> In fourth grade there were 33 students at the start of the year.  During the year 18 students left and 14 new students came to school<<Question>> How many students were in fourth grade at the end? ,"<<Passage>>In fourth grade, where the humidity was initially at 40%, there were 33 students at the start of the year. During the year 18 students left and 14 new students came to school, causing the humidity to rise to 60%.<<Question>> How many students were in fourth grade at the end? ",29.0,29.0,"Explanation: In order to find the total number of students in fourth grade at the end of the year, we start with the initial number of students (33), subtract the number of students who left (18), and add the number of new students who came (14). 33 - 18 + 14 equals 29."
<<Passage>>Justin needs 61 paper plates for a birthday party.  He already has 26 blue plates and 7 red plates<<Question>> How many more plates should Justin buy?,"<<Passage>>Justin needs 61 paper plates, each weighing 2 pounds, for a birthday party. He already has 26 blue plates and 7 red plates. As he adds more plates, the weight of each plate increases to 3 pounds.<<Question>> How many more plates should Justin buy?",28.0,28.0,"Explanation: Justin needs a total of 61 plates. He already has 26 blue plates and 7 red plates. To find out how many more plates he needs to buy, we subtract the total number of plates he already has from the total number he needs. So, 61 - 26 - 7 = 28. Therefore, Justin needs to buy 28 more plates."
"<<Passage>> April's discount flowers was having a sale where each flower was 3 dollars<<Question>> If Robin bought 5 roses and 4 daisies, how much did she spend? ","<<Passage>>April's discount flowers was having a sale where each flower was 3 dollars. The humidity in the store was initially 40% but as more customers came in, it rose to 60%.<<Question>> If Robin bought 5 roses and 4 daisies, how much did she spend? ",27.0,27.0,"Explanation: In order to find the total amount spent, we multiply the number of roses (5) and daisies (4) by the cost of each flower (3 dollars). So, (5+4)*3 equals 27."
"<<Passage>> Each chocolate bar in a box cost $4<<Question>> If a box had 11 bars total and Vanessa sold all but 7 bars, how much money would she have made? ","<<Passage>>Each chocolate bar in a box cost $4 and weighs 2 pounds. After adding some extra nuts, each bar now weighs 3 pounds.<<Question>> If a box had 11 bars total and Vanessa sold all but 7 bars, how much money would she have made? ",16.0,16.0,"Explanation: First, we need to find out how many chocolate bars Vanessa sold. She had 11 bars and sold all but 7, so she sold 11 - 7 = 4 bars. Each bar costs $4, so she would have made 4 * $4 = $16."
"<<Passage>> Amy had 26 music files and 36 video files on her flash drive<<Question>> If she deleted 48 of the files, how many files were still on her flash drive? ","<<Passage>>Amy had 26 music files and 36 video files on her flash drive, which initially weighed 10 pounds. After adding the files, the weight of the flash drive increased to 20 pounds.<<Question>> If she deleted 48 of the files, how many files were still on her flash drive? ",14.0,14.0,"Explanation: Amy initially had 26 music files and 36 video files, which totals to 62 files (26+36). If she deleted 48 files from the total, the remaining number of files would be 14 (62-48)."
"<<Passage>> A worksheet had 2 problems on it<<Question>> If a teacher had 14 worksheets to grade and had already graded 7 of them, how many more problems does she have to grade? ","<<Passage>>A worksheet had 2 problems on it, weighing initially 10 pounds. As more problems were added, its weight increased to 20 pounds.<<Question>> If a teacher had 14 worksheets to grade and had already graded 7 of them, how many more problems does she have to grade? ",14.0,14.0,"Explanation: Each worksheet has 2 problems. The teacher has already graded 7 worksheets, so she has graded 7 * 2 = 14 problems. She has 14 worksheets in total, so she still has 14 - 7 = 7 worksheets left to grade. Each of these worksheets has 2 problems, so she still has 7 * 2 = 14 problems left to grade."
"<<Passage>>On Saturday, Sara spent $10. 62 each on 2 tickets to a movie theater.  She also rented a movie for $1. 59, and bought a movie for $13. 95<<Question>> How much money in total did Sara spend on movies?","<<Passage>>On Saturday, Sara spent $10. 62 each on 2 tickets to a movie theater, where the temperature was a comfortable 70 degrees Fahrenheit. She also rented a movie for $1. 59, and bought a movie for $13. 95, by which time the temperature had risen to 75 degrees Fahrenheit.<<Question>> How much money in total did Sara spend on movies?",36.78,36.78,"Explanation: First, we calculate the total cost of the movie tickets by multiplying the cost of one ticket ($10.62) by the number of tickets (2), which gives us $21.24. Then, we add the cost of the rented movie ($1.59) and the cost of the bought movie ($13.95) to the total cost of the movie tickets. So, $21.24 + $1.59 + $13.95 equals $36.78."
"<<Passage>> There are 36 students trying out for the school's trivia teams<<Question>> If 9 of them didn't get picked for the team and the rest were put into 3 groups, how many students would be in each group? ","<<Passage>>In the room, where the humidity is initially at 30%, there are 36 students trying out for the school's trivia teams. As the tryouts progress, the humidity in the room increases to 45%.<<Question>> If 9 of them didn't get picked for the team and the rest were put into 3 groups, how many students would be in each group? ",9.0,9.0,"Explanation: First, we subtract the number of students who didn't get picked from the total number of students trying out. This gives us 36 - 9 = 27 students who were picked for the team. Then, we divide this number by the number of groups to find out how many students are in each group. So, 27 / 3 = 9 students per group."
<<Passage>> Edward was selling his old games.  He started out with 35 but sold 19 of them.  He packed the rest up putting 8 games into each box<<Question>> How many boxes did he have to use? ,"<<Passage>>Edward was selling his old games. He started out with 35 but sold 19 of them, reducing the total weight from 200 pounds to 180 pounds. He packed the rest up putting 8 games into each box.<<Question>> How many boxes did he have to use? ",2.0,2.0,"Explanation: Edward started with 35 games and sold 19, so he had 35 - 19 = 16 games left. He packed 8 games into each box, so he needed 16 / 8 = 2 boxes."
<<Passage>> In fourth grade there were 8 students at the start of the year.  During the year 5 students left and 8 new students came to school<<Question>> How many students were in fourth grade at the end? ,"<<Passage>>In fourth grade, in a classroom with a volume of 1000 cubic feet, there were 8 students at the start of the year. During the year 5 students left and 8 new students came to school, and the classroom's volume was increased to 1500 cubic feet.<<Question>> How many students were in fourth grade at the end? ",11.0,11.0,"Explanation: At the start of the year, there were 8 students. During the year, 5 students left, so we subtract 5 from 8, which gives us 3. Then, 8 new students came to school, so we add 8 to the 3 remaining students. This gives us a total of 11 students in the fourth grade at the end of the year."
"<<Passage>> A chef needs to cook 16 potatoes.  He has already cooked 7<<Question>> If each potato takes 5 minutes to cook, how long will it take him to cook the rest? ","<<Passage>>A chef needs to cook 16 potatoes. He has already cooked 7. The weight of the potatoes was initially 400 pounds, but after cooking, it increased to 500 pounds.<<Question>> If each potato takes 5 minutes to cook, how long will it take him to cook the rest? ",45.0,45.0,"Explanation: First, we need to find out how many potatoes the chef still needs to cook. He needs to cook 16 potatoes and has already cooked 7. So, he still needs to cook 16 - 7 = 9 potatoes. Each potato takes 5 minutes to cook. Therefore, to cook the remaining 9 potatoes, it will take him 9 * 5 = 45 minutes."
"<<Passage>> A waiter had 7 tables he was waiting on, with 7 women and 2 men at each table<<Question>> How many customers total did the waiter have? ","<<Passage>>A waiter had 7 tables he was waiting on, with 7 women and 2 men at each table. The humidity in the restaurant was initially 30%, but with the crowd, it increased to 45%.<<Question>> How many customers total did the waiter have? ",63.0,63.0,"Explanation: In order to find the total number of customers the waiter had, we multiply the number of tables (7) by the number of people at each table (7 women + 2 men = 9). So, 7 tables times 9 people per table equals 63 people total."
"<<Passage>> There were 11 friends playing a video game online when 5 players quit<<Question>> If each player left had 5 lives, how many lives did they have total? ","<<Passage>>There were 11 friends playing a video game online in a room of 200 cubic feet when 5 players quit and the room's volume was reduced to 150 cubic feet.<<Question>> If each player left had 5 lives, how many lives did they have total? ",30.0,30.0,"Explanation: In order to find the total number of lives, we first need to find out how many players are left after 5 players quit. We start with 11 players and subtract the 5 players who quit, leaving us with 6 players. Each player has 5 lives, so we multiply the number of players (6) by the number of lives each player has (5). 6 multiplied by 5 equals 30."
<<Passage>>Tanner saved $17 in September.  He saved $48 in October and $25 in November.  Then Tanner spent $49 on a video game<<Question>> How much money does Tanner have left?,"<<Passage>>Tanner, who weighed 150 pounds in September, saved $17. He saved $48 in October and $25 in November. After his weight increased to 160 pounds, Tanner spent $49 on a video game.<<Question>> How much money does Tanner have left?",41.0,41.0,"Explanation: First, we need to find out how much money Tanner saved in total. We do this by adding the amount he saved in September ($17), October ($48), and November ($25). This gives us a total of $90. Then, we subtract the cost of the video game ($49) from the total amount saved. So, $90 - $49 = $41."
"<<Passage>> Amy was playing a video game where she scores 4 points for each treasure she finds<<Question>> If she found 6 treasures on the first level and 2 on the second, what would her score be? ","<<Passage>>Amy was playing a video game where she scores 4 points for each treasure she finds. The volume of the game was initially at 50 decibels, but as she got more excited, she turned it up to 70 decibels.<<Question>> If she found 6 treasures on the first level and 2 on the second, what would her score be? ",32.0,32.0,"Explanation: In the game, Amy scores 4 points for each treasure she finds. She found 6 treasures on the first level and 2 on the second. To find her total score, we multiply the number of treasures by the points per treasure. For the first level, this is 6 treasures * 4 points/treasure = 24 points. For the second level, this is 2 treasures * 4 points/treasure = 8 points. To find her total score, we add the points from the first and second levels together: 24 points + 8 points = 32 points."
"<<Passage>> Zoe had 42 bottles of water in her fridge<<Question>> If she drank 25 of them and then bought 30 more, how many bottles would she have? ","<<Passage>>Zoe had 42 bottles of water in her fridge, which initially weighed 200 pounds. After adding more water bottles, the fridge now weighs 250 pounds.<<Question>> If she drank 25 of them and then bought 30 more, how many bottles would she have? ",47.0,47.0,"Explanation: Zoe initially had 42 bottles of water. She drank 25 of them, leaving her with 42 - 25 = 17 bottles. She then bought 30 more, increasing the number of bottles to 17 + 30 = 47."
<<Passage>> A pet store had 15 siamese cats and 49 house cats.  During a sale they sold 19 cats<<Question>> How many cats do they have left? ,"<<Passage>>A pet store, with a humidity of 40 percent, had 15 siamese cats and 49 house cats. During a sale they sold 19 cats and the humidity increased to 60 percent.<<Question>> How many cats do they have left? ",45.0,45.0,"Explanation: The pet store initially had 15 Siamese cats and 49 house cats, making a total of 15 + 49 = 64 cats. During a sale, they sold 19 cats. Therefore, the number of cats left is 64 - 19 = 45."
"<<Passage>> Faye and her mom were picking carrots from their garden.  Faye picked 23 and her mother picked 5<<Question>> If only 12 of the carrots were good, how many bad carrots did they have? ","<<Passage>>Faye and her mom were picking carrots from their garden, which initially weighed 100 pounds. Faye picked 23 and her mother picked 5. After picking, the weight of the garden went down to 150 pounds.<<Question>> If only 12 of the carrots were good, how many bad carrots did they have? ",16.0,16.0,"Explanation: Faye and her mother picked a total of 23 + 5 = 28 carrots. If only 12 of these carrots were good, then the number of bad carrots would be the total number of carrots picked minus the number of good carrots. So, 28 - 12 = 16 bad carrots."
"<<Passage>> A worksheet had 7 problems on it<<Question>> If a teacher had 17 worksheets to grade and had already graded 8 of them, how many more problems does she have to grade? ","<<Passage>>A worksheet had 7 problems on it, initially weighing 10 pounds. After adding more problems, the weight increased to 20 pounds.<<Question>> If a teacher had 17 worksheets to grade and had already graded 8 of them, how many more problems does she have to grade? ",63.0,63.0,"Explanation: First, we need to find out how many problems the teacher has already graded. Since each worksheet has 7 problems and the teacher has graded 8 worksheets, she has already graded 7*8 = 56 problems. Now, we need to find out how many worksheets are left to grade. Since the teacher had 17 worksheets and has already graded 8, there are 17-8 = 9 worksheets left. Since each worksheet has 7 problems, the teacher has 7*9 = 63 problems left to grade."
"<<Passage>> At the fair there were 7 people in line for the bumper cars<<Question>> If 4 of them got tired of waiting and left and 8 more got in line, how many people would be in line? ","<<Passage>>At the fair, where the humidity was initially 30%, there were 7 people in line for the bumper cars. As more people joined, the humidity rose to 45%.<<Question>> If 4 of them got tired of waiting and left and 8 more got in line, how many people would be in line? ",11.0,11.0,"Explanation: Initially, there were 7 people in line for the bumper cars. If 4 of them got tired and left, the number of people in line would be 7 - 4 = 3. Then, if 8 more people got in line, the total number of people in line would be 3 + 8 = 11."
"<<Passage>> Emily was playing a video game and had 42 lives.  In a hard part of the game she lost 25 lives<<Question>> If she got 24 more lives in the next level, how many lives would she have? ","<<Passage>>Emily was playing a video game at a speed of 50 miles per hour and had 42 lives. In a hard part of the game she lost 25 lives and her speed dropped to 30 miles per hour.<<Question>> If she got 24 more lives in the next level, how many lives would she have? ",41.0,41.0,"Explanation: Emily initially had 42 lives. She lost 25 lives in a hard part of the game, leaving her with 42 - 25 = 17 lives. She then gained 24 more lives in the next level, bringing her total to 17 + 24 = 41 lives."
"<<Passage>> At the fair there were 30 people in line for the bumper cars<<Question>> If 10 of them got tired of waiting and left and 5 more got in line, how many people would be in line? ","<<Passage>>At the fair, where the humidity was initially at 50%, there were 30 people in line for the bumper cars. As more people joined the line, the humidity increased to 70%.<<Question>> If 10 of them got tired of waiting and left and 5 more got in line, how many people would be in line? ",25.0,25.0,"Explanation: To find the number of people in line after some left and others joined, we start with the initial number of people in line, which is 30. Then we subtract the number of people who left, which is 10. This gives us 20. Finally, we add the number of new people who got in line, which is 5. So, 20 + 5 equals 25."
"<<Passage>> At the arcade Cody won 49 tickets<<Question>> If he spent 25 tickets on a beanie and later won 6 more tickets, how many would he have? ","<<Passage>>At the arcade, where the luminosity is 100 lumens, Cody won 49 tickets. As he continued to play, the luminosity increased to 200 lumens.<<Question>> If he spent 25 tickets on a beanie and later won 6 more tickets, how many would he have? ",30.0,30.0,"Explanation: Cody initially won 49 tickets. He then spent 25 tickets on a beanie, which leaves him with 49 - 25 = 24 tickets. Later, he won 6 more tickets. So, the total number of tickets he has now is 24 + 6 = 30 tickets."
"<<Passage>> A florist had 11 roses<<Question>> If she sold 2 of them and then later picked 32 more, how many roses would she have? ","<<Passage>>A florist had 11 roses in a room with a humidity of 30%. After watering the roses, the humidity in the room increased to 60%.<<Question>> If she sold 2 of them and then later picked 32 more, how many roses would she have? ",41.0,41.0,"Explanation: The florist initially had 11 roses. She sold 2 of them, which leaves her with 11 - 2 = 9 roses. She then picked 32 more roses, increasing her total to 9 + 32 = 41 roses."
"<<Passage>> A company invited 18 people to a luncheon, but 12 of them didn't show up<<Question>> If the tables they had held 3 people each, how many tables do they need? ","<<Passage>>A company invited 18 people to a luncheon, but 12 of them didn't show up. The room temperature, initially at 68 degrees Fahrenheit, rose to 75 degrees Fahrenheit by the end of the event.<<Question>> If the tables they had held 3 people each, how many tables do they need? ",2.0,2.0,"Explanation: The company invited 18 people to a luncheon, but 12 of them didn't show up. This means that only 18 - 12 = 6 people showed up. If each table holds 3 people, then the number of tables needed is 6 / 3 = 2."
<<Passage>>Elise had $8.  Then she saved $13 from her allowance and spent $2 on a comic book and $18 on a puzzle<<Question>> How much money does Elise have left?,"<<Passage>>Elise had $8 and weighed 150 lbs. Then she saved $13 from her allowance and spent $2 on a comic book and $18 on a puzzle, and her weight increased to 160 lbs.<<Question>> How much money does Elise have left?",1.0,1.0,"Explanation: Elise started with $8. She then added $13 to her savings from her allowance, making her total $21. She then spent $2 on a comic book and $18 on a puzzle, which totals to $20. So, she subtracted $20 from her total savings of $21. This leaves her with $1."
<<Passage>> Emily was playing a trivia game.  In the first round she scored 16 points and in the second round she scored 33 points.  In the last round she lost 48 points<<Question>> How many points did she have at the end of the game? ,"<<Passage>>Emily was playing a trivia game in a room with 30% humidity. In the first round she scored 16 points and in the second round she scored 33 points. By the time she lost 48 points in the last round, the humidity in the room had increased to 45%.<<Question>> How many points did she have at the end of the game? ",1.0,1.0,"Explanation: To find the total points Emily had at the end of the game, we add the points she scored in the first round (16) and the second round (33), which gives us 49. Then, we subtract the points she lost in the last round (48) from the total points she had after the second round (49). 49 minus 48 equals 1."
<<Passage>> Chloe was playing a trivia game.  In the first round she scored 40 points and in the second round she scored 50 points.  In the last round she lost 4 points<<Question>> How many points did she have at the end of the game? ,"<<Passage>>Chloe was playing a trivia game in a room with 30 percent humidity. In the first round she scored 40 points and in the second round she scored 50 points. By the last round, the humidity had risen to 50 percent when she lost 4 points.<<Question>> How many points did she have at the end of the game? ",86.0,86.0,"Explanation: To find the total points Chloe had at the end of the game, we add the points she scored in the first round (40) and the second round (50) which gives us 90. Then we subtract the points she lost in the last round (4) from 90. So, 90 - 4 equals 86."
"<<Passage>> Haley picked 28 carrots from her garden<<Question>> If she threw out 11 of them and then picked 9 more the next day, how many carrots would she have total? ","<<Passage>>Haley picked 28 carrots from her garden, which initially weighed 50 pounds. After picking, the weight of the garden produce increased to 100 pounds.<<Question>> If she threw out 11 of them and then picked 9 more the next day, how many carrots would she have total? ",26.0,26.0,"Explanation: Haley initially picked 28 carrots. She then threw out 11, which leaves her with 28 - 11 = 17 carrots. The next day, she picked 9 more carrots. So, the total number of carrots she has is 17 (from the previous day) + 9 (picked the next day) = 26 carrots."
<<Passage>> Will was working as a sacker at a grocery store where he made 8 dollars an hour.  On Monday he worked 8 hours and on Tuesday he worked 2 hours<<Question>> How much money did Will make in those two days? ,"<<Passage>>Will was working as a sacker at a grocery store where he made 8 dollars an hour. The store was a comfortable 68 degrees Fahrenheit. On Monday he worked 8 hours and on Tuesday he worked 2 hours, by which time the store had warmed up to 75 degrees Fahrenheit.<<Question>> How much money did Will make in those two days? ",80.0,80.0,"Explanation: Will earns 8 dollars per hour. On Monday, he worked for 8 hours, so he earned 8*8 = 64 dollars. On Tuesday, he worked for 2 hours, so he earned 8*2 = 16 dollars. To find out how much he earned in total over the two days, we add the amounts together: 64 + 16 = 80 dollars."
"<<Passage>>Jonathan wants to buy a dictionary that costs $11, a dinosaur book that costs $19, and a children's cookbook that costs $7.  He has saved $8 from his allowance<<Question>> How much more money does Jonathan need to buy all three books?","<<Passage>>Jonathan, who weighs 50 pounds, wants to buy a dictionary that costs $11, a dinosaur book that costs $19, and a children's cookbook that costs $7. After eating a large meal, he now weighs 60 pounds. He has saved $8 from his allowance.<<Question>> How much more money does Jonathan need to buy all three books?",29.0,29.0,"Explanation: First, we need to find the total cost of the books. We add the cost of the dictionary ($11), the dinosaur book ($19), and the children's cookbook ($7) to get $37. Then, we subtract the money Jonathan has saved ($8) from the total cost of the books. $37 minus $8 equals $29. So, Jonathan needs $29 more to buy all three books."
"<<Passage>> Ned was trying to expand his game collection.  He bought 11 games from a friend and bought 22 more at a garage sale<<Question>> If 19 of the games didn't work, how many good games did he end up with? ","<<Passage>>Ned, who weighs 200 pounds, was trying to expand his game collection. He bought 11 games from a friend and bought 22 more at a garage sale. After all the lifting, his weight increased to 300 pounds.<<Question>> If 19 of the games didn't work, how many good games did he end up with? ",14.0,14.0,"Explanation: Ned bought a total of 11 + 22 = 33 games. If 19 of them didn't work, then the number of good games he ended up with is 33 - 19 = 14."
"<<Passage>> Olivia was making baggies of cookies with 9 cookies in each bag<<Question>> If she had 13 chocolate chip cookies and 41 oatmeal cookies, how many baggies could she make? ","<<Passage>>Olivia was making baggies of cookies with 9 cookies in each bag, each bag initially weighing 0 pounds. After filling, each bag weighs 2 pounds.<<Question>> If she had 13 chocolate chip cookies and 41 oatmeal cookies, how many baggies could she make? ",6.0,6.0,"Explanation: First, we need to find the total number of cookies Olivia has. She has 13 chocolate chip cookies and 41 oatmeal cookies. So, we add 13 and 41 to get 54 cookies in total. Each baggie contains 9 cookies. So to find out how many baggies she can make, we divide the total number of cookies (54) by the number of cookies per baggie (9). 54 divided by 9 equals 6. So, Olivia can make 6 baggies of cookies."
"<<Passage>> For the school bake sale Carol made 19 cupcakes<<Question>> If she sold 6 of them and then made 27 more, how many cupcakes would she have? ","<<Passage>>For the school bake sale Carol made 19 cupcakes, each weighing 5 pounds initially. After adding frosting and decorations, each cupcake weighed 10 pounds.<<Question>> If she sold 6 of them and then made 27 more, how many cupcakes would she have? ",40.0,40.0,"Explanation: Carol initially made 19 cupcakes. She sold 6, which left her with 19 - 6 = 13 cupcakes. She then made 27 more, so she had 13 + 27 = 40 cupcakes."
"<<Passage>> Wendy uploaded 22 pictures from her phone and 2 from her camera to facebook<<Question>> If she sorted the pics into 4 different albums with the same amount of pics in each album, how many pictures were in each of the albums? ","<<Passage>>Wendy, in a room of 100 cubic feet, uploaded 22 pictures from her phone and 2 from her camera to facebook. As she continued, the room expanded to 150 cubic feet.<<Question>> If she sorted the pics into 4 different albums with the same amount of pics in each album, how many pictures were in each of the albums? ",6.0,6.0,"Explanation: First, we find the total number of pictures Wendy uploaded by adding the number of pictures from her phone (22) and from her camera (2). This gives us 24 pictures. Then, we divide this total number of pictures by the number of albums (4) to find out how many pictures are in each album. 24 divided by 4 is 6, so there are 6 pictures in each album."
"<<Passage>> A company invited 47 people to a luncheon, but 7 of them didn't show up<<Question>> If the tables they had held 5 people each, how many tables do they need? ","<<Passage>>A company invited 47 people to a luncheon, where the humidity was initially 40%. But 7 of them didn't show up and the humidity rose to 60%.<<Question>> If the tables they had held 5 people each, how many tables do they need? ",8.0,8.0,"Explanation: First, we need to find out how many people actually attended the luncheon. This can be done by subtracting the number of people who didn't show up (7) from the total number of people invited (47). This gives us 40 people. Since each table can hold 5 people, we divide the total number of people (40) by the number of people each table can hold (5). This gives us 8. Therefore, they need 8 tables."
"<<Passage>> Robin uploaded 31 pictures from her phone and 5 from her camera to facebook<<Question>> If she sorted the pics into 9 different albums with the same amount of pics in each album, how many pictures were in each of the albums? ","<<Passage>>Robin uploaded 31 pictures from her phone and 5 from her camera to facebook, starting when the humidity was 45%. As she continued uploading, the humidity in the room increased to 60%.<<Question>> If she sorted the pics into 9 different albums with the same amount of pics in each album, how many pictures were in each of the albums? ",4.0,4.0,"Explanation: First, we find the total number of pictures Robin uploaded to Facebook. She uploaded 31 pictures from her phone and 5 from her camera, so 31 + 5 = 36 pictures in total. Then, if she sorted the pictures into 9 different albums with the same amount of pictures in each album, we divide the total number of pictures by the number of albums. So, 36 / 9 = 4 pictures in each album."
"<<Passage>> Will had 83 dollars<<Question>> If he spent 47 bucks on a new game, how many 4 dollar toys could he buy with the money he had left? ","<<Passage>>Will had 83 dollars and weighed 150 pounds. After a few months, he still had 83 dollars, but now he weighed 200 pounds.<<Question>> If he spent 47 bucks on a new game, how many 4 dollar toys could he buy with the money he had left? ",9.0,9.0,"Explanation: First, we need to find out how much money Will has left after buying the game. He initially had 83 dollars and spent 47 on the game. So, 83 - 47 = 36 dollars. Now, if each toy costs 4 dollars, we divide the remaining money by the cost of each toy to find out how many toys he can buy. So, 36 / 4 = 9 toys."
"<<Passage>> Emily's team won their dodgeball game and scored 39 points total<<Question>> If Emily scored 23 of the points and everyone else scored 2 points each, how many players were on her team? ","<<Passage>>Emily's team won their dodgeball game and scored 39 points total. The humidity in the gym was 50% at the start of the game and rose to 70% by the end.<<Question>> If Emily scored 23 of the points and everyone else scored 2 points each, how many players were on her team? ",8.0,8.0,"Explanation: First, we subtract the points Emily scored (23) from the total points (39). This gives us 16 points. Since each of the other players scored 2 points, we divide 16 by 2 to find out the number of other players. 16 divided by 2 is 8, so there were 8 other players on Emily's team."
<<Passage>> A group of 3 friends went into a restaurant.  The chef already had 8 chicken wings cooked but cooked 10 more for the group<<Question>> If they each got the same amount how many would each person get? ,"<<Passage>>A group of 3 friends went into a restaurant where the temperature was a comfortable 70 degrees Fahrenheit. The chef already had 8 chicken wings cooked but cooked 10 more for the group, causing the temperature to rise to 75 degrees Fahrenheit.<<Question>> If they each got the same amount how many would each person get? ",6.0,6.0,"Explanation: The chef had 8 chicken wings already cooked and cooked 10 more, making a total of 18 chicken wings (8 + 10 = 18). These 18 chicken wings were divided equally among 3 friends, so each friend got 6 chicken wings (18 ÷ 3 = 6)."
"<<Passage>> Olivia uploaded 5 pictures from her phone and 35 from her camera to facebook<<Question>> If she sorted the pics into 8 different albums with the same amount of pics in each album, how many pictures were in each of the albums? ","<<Passage>>Olivia uploaded 5 pictures from her phone and 35 from her camera to facebook, while the room's humidity was at 50%. As she finished uploading, the humidity had risen to 70%.<<Question>> If she sorted the pics into 8 different albums with the same amount of pics in each album, how many pictures were in each of the albums? ",5.0,5.0,"Explanation: First, we find the total number of pictures Olivia uploaded to Facebook by adding the number of pictures from her phone (5) and her camera (35). This gives us 40 pictures. Then, we divide the total number of pictures (40) by the number of albums (8) to find the number of pictures in each album. 40 divided by 8 equals 5. So, each album contains 5 pictures."
"<<Passage>> Chloe was playing a video game where she scores 9 points for each treasure she finds<<Question>> If she found 6 treasures on the first level and 3 on the second, what would her score be? ","<<Passage>>Chloe was playing a video game in a room of 10 cubic meters where she scores 9 points for each treasure she finds. As she continues to play, the room expands to 20 cubic meters.<<Question>> If she found 6 treasures on the first level and 3 on the second, what would her score be? ",81.0,81.0,"Explanation: In the game, Chloe scores 9 points for each treasure. So, if she found 6 treasures on the first level, she would score 6 * 9 = 54 points. On the second level, she found 3 treasures, so she would score 3 * 9 = 27 points. To find the total score, we add the scores from the first and second level. 54 + 27 = 81."
"<<Passage>> The school cafeteria ordered 33 red apples and 23 green apples for students lunches<<Question>> But, if only 21 students wanted fruit, how many extra did the cafeteria end up with? ","<<Passage>>The school cafeteria, which initially had a total weight of apples at 50 pounds, ordered 33 red apples and 23 green apples for students lunches. After the order, the total weight of apples increased to 60 pounds.<<Question>> But, if only 21 students wanted fruit, how many extra did the cafeteria end up with? ",35.0,35.0,"Explanation: First, we need to find the total number of apples ordered by the cafeteria. This is done by adding the number of red apples (33) and green apples (23), which gives us 56. Then, we subtract the number of students who wanted fruit (21) from the total number of apples (56). So, 56 minus 21 equals 35. This means the cafeteria ended up with 35 extra apples."
"<<Passage>> Bianca had 34 songs on her mp3 player<<Question>> If she deleted 14 old songs from it and then added 44 new songs, how many songs does she have on her mp3 player? ","<<Passage>>Bianca had 34 songs on her mp3 player which initially weighed 0 pounds, but after adding more songs, it weighed 5 pounds.<<Question>> If she deleted 14 old songs from it and then added 44 new songs, how many songs does she have on her mp3 player? ",64.0,64.0,"Explanation: Bianca initially had 34 songs on her mp3 player. She deleted 14 songs, which leaves her with 34 - 14 = 20 songs. She then added 44 new songs to her mp3 player. So, the total number of songs on her mp3 player now is 20 + 44 = 64 songs."
"<<Passage>>On Friday, Sam spent 2 pennies on ice cream.  The next day, Sam spent 12 dimes on baseball cards<<Question>> All in all, how much money did Sam spend?","<<Passage>>On Friday, Sam, who weighed 150 pounds, spent 2 pennies on ice cream. The next day, after gaining weight to 200 pounds, Sam spent 12 dimes on baseball cards.<<Question>> All in all, how much money did Sam spend?",1.22,1.22,"Explanation: To find out how much money Sam spent in total, we first need to convert the dimes into dollars because a dime is worth $0.10. So, 12 dimes is equal to 12 * $0.10 = $1.20. Now, we add the 2 pennies which is equal to $0.02. Therefore, Sam spent $1.20 (from the dimes) + $0.02 (from the pennies) = $1.22 in total."
"<<Passage>> A waiter had 19 customers to wait on<<Question>> If 14 customers left and he got another 36 customers, how many customers would he have? ","<<Passage>>A waiter, who weighs 150 pounds, had 19 customers to wait on. After carrying all the food, his weight goes up to 200 pounds.<<Question>> If 14 customers left and he got another 36 customers, how many customers would he have? ",41.0,41.0,"Explanation: The waiter initially had 19 customers. If 14 customers left, he would have 19 - 14 = 5 customers left. If he then got another 36 customers, he would have 5 + 36 = 41 customers in total."
"<<Passage>> Cody bought 7 boxes of chocolate candy and 3 boxes of caramel candy<<Question>> If each box has 8 pieces inside it, how much candy did he have total? ","<<Passage>>Cody bought 7 boxes of chocolate candy and 3 boxes of caramel candy, initially weighing 50 pounds. After adding the candies, the total weight increased to 70 pounds.<<Question>> If each box has 8 pieces inside it, how much candy did he have total? ",80.0,80.0,"Explanation: First, we find the total number of boxes Cody bought, which is the sum of chocolate candy boxes (7) and caramel candy boxes (3). This gives us 10 boxes. Since each box contains 8 pieces of candy, we multiply the total number of boxes (10) by the number of pieces in each box (8). This gives us 80 pieces of candy."
"<<Passage>> A waiter had 33 customers to wait on<<Question>> If 31 customers left and he got another 26 customers, how many customers would he have? ","<<Passage>>A waiter, who initially weighed 150 pounds, had 33 customers to wait on. After a long day, his weight increased to 200 pounds due to exhaustion and stress.<<Question>> If 31 customers left and he got another 26 customers, how many customers would he have? ",28.0,28.0,"Explanation: The waiter initially had 33 customers. If 31 customers left, he would have 33 - 31 = 2 customers left. If he then got another 26 customers, he would have a total of 2 + 26 = 28 customers."
"<<Passage>> Kaleb had 34 books<<Question>> If he sold 17 of them and used the money he earned to buy 7 new books, how many books would Kaleb have? ","<<Passage>>Kaleb had 34 books which initially weighed 0 pounds. After he added some more, they weighed a total of 50 pounds.<<Question>> If he sold 17 of them and used the money he earned to buy 7 new books, how many books would Kaleb have? ",24.0,24.0,"Explanation: Kaleb initially had 34 books. He sold 17 of them, which leaves him with 34 - 17 = 17 books. Then he bought 7 new books, so his total number of books becomes 17 + 7 = 24 books."
"<<Passage>> The cafeteria had 96 apples.  For lunch they handed out 42 to students and decided to use the rest to make pies<<Question>> If each pie takes 6 apples, how many pies could they make? ","<<Passage>>The cafeteria, which had a total weight of apples at 200 pounds, had 96 apples. For lunch they handed out 42 to students and decided to use the rest to make pies, reducing the total weight of apples to 150 pounds.<<Question>> If each pie takes 6 apples, how many pies could they make? ",9.0,9.0,"Explanation: First, we need to find out how many apples were left after the cafeteria handed out 42 to students. This can be done by subtracting 42 from 96, which gives us 54. Then, we divide the number of remaining apples (54) by the number of apples needed for each pie (6). 54 divided by 6 equals 9. Therefore, the cafeteria could make 9 pies."
<<Passage>> Nancy uploaded 41 pictures to Facebook.  She put 37 pics into one album and put the rest into 2 different albums<<Question>> How many pictures were in each album? ,"<<Passage>>Nancy, in a room with 45% humidity, uploaded 41 pictures to Facebook. She put 37 pics into one album and put the rest into 2 different albums. The humidity in the room increased to 60%.<<Question>> How many pictures were in each album? ",2.0,2.0,"Explanation: Nancy uploaded a total of 41 pictures. She put 37 pictures into one album. To find out how many pictures she put into the other two albums, we subtract the number of pictures in the first album from the total number of pictures. So, 41 - 37 = 4. Since she put the remaining pictures into two albums, we divide this number by 2. So, 4 / 2 = 2. Therefore, there were 2 pictures in each of the other two albums."
"<<Passage>> Paige had 43 math problems and 12 science problems for homework<<Question>> If she finished 44 of the problems at school, how many problems did she have to do for homework? ","<<Passage>>Paige had 43 math problems and 12 science problems for homework. She started off weighing 100 pounds, and after completing all her homework, she weighed 120 pounds.<<Question>> If she finished 44 of the problems at school, how many problems did she have to do for homework? ",11.0,11.0,"Explanation: Paige had a total of 43 math problems and 12 science problems, which totals to 55 problems (43 + 12). If she finished 44 of them at school, then she would have 11 problems left to do for homework (55 - 44)."
"<<Passage>> The cafeteria had 86 apples.  For lunch they handed out 30 to students and decided to use the rest to make pies<<Question>> If each pie takes 8 apples, how many pies could they make? ","<<Passage>>The cafeteria, which had a total apple weight of 200 pounds, had 86 apples. For lunch they handed out 30 to students and decided to use the rest to make pies, reducing the total apple weight to 150 pounds.<<Question>> If each pie takes 8 apples, how many pies could they make? ",7.0,7.0,"Explanation: The cafeteria started with 86 apples. After handing out 30 to students, they were left with 86 - 30 = 56 apples. As each pie requires 8 apples, they could make 56 ÷ 8 = 7 pies."
"<<Passage>> Emily bought 4 new chairs and 2 new tables for her house<<Question>> If she spent 8 minutes on each piece furniture putting it together, how many minutes did it take her to finish? ","<<Passage>>Emily bought 4 new chairs and 2 new tables for her house, which initially weighed 200 pounds. After the addition of the furniture, the weight of the house increased to 250 pounds.<<Question>> If she spent 8 minutes on each piece furniture putting it together, how many minutes did it take her to finish? ",48.0,48.0,"Explanation: To find out how many minutes Emily spent putting together the furniture, we first need to find out how many pieces of furniture she has. She bought 4 chairs and 2 tables, which makes a total of 6 pieces of furniture. If she spent 8 minutes on each piece, we multiply the number of pieces (6) by the time spent on each piece (8). 6 multiplied by 8 equals 48."
"<<Passage>> Luke was helping the cafeteria workers pick up lunch trays, but he could only carry 4 trays at a time<<Question>> If he had to pick up 20 trays from one table and 16 trays from another, how many trips will he make? ","<<Passage>>Luke, who weighs 150 pounds, was helping the cafeteria workers pick up lunch trays, but he could only carry 4 trays at a time. After carrying trays for a while, his weight goes up to 200 pounds due to the added weight of the trays.<<Question>> If he had to pick up 20 trays from one table and 16 trays from another, how many trips will he make? ",9.0,9.0,"Explanation: Luke has to pick up a total of 20 + 16 = 36 trays. Since he can only carry 4 trays at a time, he will need to make 36 / 4 = 9 trips to pick up all the trays."
"<<Passage>> For a birthday party Jerry bought 41 regular sodas and 22 diet sodas<<Question>> If his fridge would only hold 9 on each shelf, how many shelves would he fill up? ","<<Passage>>For a birthday party Jerry bought 41 regular sodas and 22 diet sodas. The total weight of the sodas was initially 200 pounds, but after adding some more, it increased to 220 pounds.<<Question>> If his fridge would only hold 9 on each shelf, how many shelves would he fill up? ",7.0,7.0,"Explanation: First, we need to find the total number of sodas Jerry bought. He bought 41 regular sodas and 22 diet sodas. Adding these together gives us 63 sodas. Jerry's fridge can hold 9 sodas on each shelf. To find out how many shelves he would fill up, we divide the total number of sodas by the number of sodas each shelf can hold. So, 63 divided by 9 equals 7. Therefore, Jerry would fill up 7 shelves."
"<<Passage>> Sarah had 55 homework problems.  She finished 6 of them but still had 7 pages of problems to do<<Question>> If each page has the same number of problems on it, how many problems are on each page? ","<<Passage>>Sarah had 55 homework problems. She finished 6 of them but still had 7 pages of problems to do. The weight of her homework book increased from 100 lbs to 120 lbs.<<Question>> If each page has the same number of problems on it, how many problems are on each page? ",7.0,7.0,"Explanation: First, we need to find out how many problems Sarah still has to do. She started with 55 problems and finished 6, so she has 55 - 6 = 49 problems left. These 49 problems are spread over 7 pages, so to find out how many problems are on each page, we divide the total number of problems by the number of pages. 49 ÷ 7 = 7. So, there are 7 problems on each page."
<<Passage>> For the school bake sale Katie made pastries.  She baked 7 cupcakes and 5 cookies.  After the sale she had 8 to take back home<<Question>> How many pastries did she sell? ,"<<Passage>>For the school bake sale Katie made pastries in a kitchen that was 70 degrees Fahrenheit. She baked 7 cupcakes and 5 cookies. After the sale, with the oven off and the kitchen cooling down to 80 degrees Fahrenheit, she had 8 to take back home.<<Question>> How many pastries did she sell? ",4.0,4.0,"Explanation: To find out how many pastries Katie sold, we first need to find out how many pastries she made in total. She baked 7 cupcakes and 5 cookies, which makes 12 pastries in total. After the sale, she had 8 pastries left. So, to find out how many she sold, we subtract the number of pastries left from the total number of pastries she made. 12 - 8 equals 4. Therefore, Katie sold 4 pastries."
"<<Passage>> Megan had 40 homework problems.  She finished 26 of them but still had 2 pages of problems to do<<Question>> If each page has the same number of problems on it, how many problems are on each page? ","<<Passage>>Megan had 40 homework problems. She finished 26 of them but still had 2 pages of problems to do. The weight of the homework papers was initially 200 pounds, but after she completed some, it increased to 220 pounds.<<Question>> If each page has the same number of problems on it, how many problems are on each page? ",7.0,7.0,"Explanation: Megan had 40 problems to solve. She solved 26 of them, leaving her with 40 - 26 = 14 problems. These 14 problems are spread over 2 pages, so each page has 14 / 2 = 7 problems."
"<<Passage>> A pet shelter had 9 puppies when another 12 were brought in<<Question>> If 3 puppies a day are adopted, how long would it take for all of them to be adopted? ","<<Passage>>A pet shelter had 9 puppies when the humidity was at 45%. When another 12 were brought in, the humidity rose to 60%.<<Question>> If 3 puppies a day are adopted, how long would it take for all of them to be adopted? ",7.0,7.0,"Explanation: To find out how long it would take for all the puppies to be adopted, we first need to find out the total number of puppies. The shelter initially had 9 puppies and another 12 were brought in, making a total of 9 + 12 = 21 puppies. If 3 puppies are adopted each day, we divide the total number of puppies by the number adopted each day: 21 / 3 = 7 days."
"<<Passage>> There school's baseball team had 12 new players and 44 returning players<<Question>> If the coach put them into groups with 8 players in each group, how many groups would there be? ","<<Passage>>The school's baseball team had 12 new players and 44 returning players. Initially, the total weight of the baseball equipment was 200 pounds, but with the new players, it increased to 300 pounds.<<Question>> If the coach put them into groups with 8 players in each group, how many groups would there be? ",7.0,7.0,"Explanation: First, we add the number of new players (12) and returning players (44) to get the total number of players, which is 56. Then, we divide the total number of players (56) by the number of players in each group (8) to find out how many groups there are. 56 divided by 8 equals 7."
"<<Passage>> Wendy was playing a video game where she scores 5 points for each treasure she finds<<Question>> If she found 4 treasures on the first level and 3 on the second, what would her score be? ","<<Passage>>Wendy was playing a video game where she scores 5 points for each treasure she finds. The volume of the game was initially at 50 decibels, but as she got more engrossed, she increased it to 70 decibels.<<Question>> If she found 4 treasures on the first level and 3 on the second, what would her score be? ",35.0,35.0,"Explanation: Wendy scores 5 points for each treasure she finds. She found 4 treasures on the first level and 3 on the second level. So, her total score would be (4 treasures * 5 points) + (3 treasures * 5 points) = 20 points + 15 points = 35 points."
<<Passage>>Benny bought 4 new baseball trading cards to add to his collection.  The next day his dog ate half of his collection.  There are now only 34 cards left<<Question>> How many cards did Benny start with ?,"<<Passage>>Benny bought 4 new baseball trading cards to add to his collection, which weighed 2 pounds. The next day his dog ate half of his collection. There are now only 34 cards left and the collection weighs 3 pounds.<<Question>> How many cards did Benny start with ?",64.0,64.0,"Explanation: Benny's dog ate half of his collection, leaving 34 cards. This means that before his dog ate the cards, Benny had twice as many cards as the remaining 34, which equals 68 cards. However, we know that Benny had bought 4 new cards just before his dog ate half of his collection. So, we subtract these 4 cards from the 68 to find out that Benny originally had 64 cards."
<<Passage>> A toy store had 6 giant stuffed bears in stock when they got another shipment with 18 bears in it.  The put the bears onto shelves with 6 on each shelf<<Question>> How many shelves did they use? ,"<<Passage>>A toy store had 6 giant stuffed bears in stock, each weighing 100 pounds, when they got another shipment with 18 heavier bears in it, each weighing 200 pounds. They put the bears onto shelves with 6 on each shelf.<<Question>> How many shelves did they use? ",4.0,4.0,"Explanation: First, we find the total number of bears by adding the initial stock of 6 bears to the new shipment of 18 bears, which gives us 24 bears. Then, we divide the total number of bears by the number of bears per shelf, which is 6. 24 divided by 6 equals 4. So, they used 4 shelves."
"<<Passage>> Billy was putting his spare change into piles.  He had 2 piles of quarters and 3 piles of dimes<<Question>> If each pile had 4 coins in it, how many coins did he have total? ","<<Passage>>Billy, whose weight is 50 pounds, was putting his spare change into piles. He had 2 piles of quarters and 3 piles of dimes. After a while, his weight increased to 70 pounds.<<Question>> If each pile had 4 coins in it, how many coins did he have total? ",20.0,20.0,"Explanation: Billy had 2 piles of quarters and 3 piles of dimes, each pile having 4 coins. So, the total number of piles is 2 (for quarters) + 3 (for dimes) = 5 piles. Since each pile has 4 coins, the total number of coins is 5 piles * 4 coins/pile = 20 coins."
"<<Passage>> Rachel was playing a video game and had 10 lives.  In a hard part of the game she lost 4 lives<<Question>> If she got 26 more lives in the next level, how many lives would she have? ","<<Passage>>Rachel was playing a video game in a room with 30% humidity and had 10 lives. In a hard part of the game she lost 4 lives and the room's humidity increased to 50%.<<Question>> If she got 26 more lives in the next level, how many lives would she have? ",32.0,32.0,"Explanation: Rachel started with 10 lives and lost 4, leaving her with 6 lives. Then she gained 26 more lives, so we add these to the 6 she had left. 6 + 26 equals 32."
"<<Passage>> While shopping, Maria bought 35 green towels and 21 white towels<<Question>> If she gave her mother 34 of them, how many towels did Maria end up with? ","<<Passage>>While shopping, Maria bought 35 green towels and 21 white towels. The total weight of the towels was initially 100 pounds, but after adding a few more items, it increased to 150 pounds.<<Question>> If she gave her mother 34 of them, how many towels did Maria end up with? ",22.0,22.0,"Explanation: Maria initially bought a total of 35 green towels and 21 white towels which sums up to 56 towels. If she gave her mother 34 towels, we subtract 34 from the total number of towels she bought. So, 56 - 34 equals 22. Therefore, Maria ended up with 22 towels."
<<Passage>> Haley was planting vegetables in her garden.  She started with 56 seeds and planted 35 of them in the big garden and in each of her small gardens put 3 seeds each<<Question>> How many small gardens did Haley have? ,"<<Passage>>Haley was planting vegetables in her garden, where the humidity was at 50%. She started with 56 seeds and planted 35 of them in the big garden and in each of her small gardens put 3 seeds each. As she continued planting, the humidity increased to 70%.<<Question>> How many small gardens did Haley have? ",7.0,7.0,"Explanation: Haley started with 56 seeds. She planted 35 of them in the big garden. This leaves her with 56 - 35 = 21 seeds. Since she planted 3 seeds in each small garden, the number of small gardens she had is 21 / 3 = 7."
<<Passage>> A store had 40 oranges in a bin<<Question>> If they threw away 37 of the old ones and put 7 new ones in the bin how many would be in the bin? ,"<<Passage>>A store had 40 oranges in a bin, weighing a total of 200 pounds. After adding some more oranges, the total weight increased to 220 pounds.<<Question>> If they threw away 37 of the old ones and put 7 new ones in the bin how many would be in the bin? ",10.0,10.0,"Explanation: The store initially had 40 oranges. They threw away 37 oranges, leaving them with 40 - 37 = 3 oranges. They then added 7 new oranges to the bin, resulting in a total of 3 + 7 = 10 oranges."
"<<Passage>> A chef needs to cook 15 potatoes.  He has already cooked 6<<Question>> If each potato takes 8 minutes to cook, how long will it take him to cook the rest? ","<<Passage>>In a kitchen where the weight of ingredients is initially 100 pounds, a chef needs to cook 15 potatoes. He has already cooked 6. After adding more ingredients, the total weight goes up to 150 pounds.<<Question>> If each potato takes 8 minutes to cook, how long will it take him to cook the rest? ",72.0,72.0,"Explanation: First, we need to find out how many potatoes are left to be cooked. This is done by subtracting the number of potatoes already cooked (6) from the total number of potatoes the chef needs to cook (15). This gives us 9 potatoes. Since each potato takes 8 minutes to cook, we multiply the number of potatoes left (9) by the time it takes to cook one potato (8 minutes). This gives us 72 minutes."
"<<Passage>> At the arcade, Jerry won 29 tickets playing 'whack a mole' and 17 tickets playing 'skee ball'<<Question>> If he spent 12 of his tickets on a hat, how many tickets does Jerry have left? ","<<Passage>>At the arcade, where the humidity is 30%, Jerry won 29 tickets playing 'whack a mole'. As he played 'skee ball' and won 17 more tickets, the humidity rose to 45%.<<Question>> If he spent 12 of his tickets on a hat, how many tickets does Jerry have left? ",34.0,34.0,"Explanation: Jerry initially won a total of 29 tickets from 'whack a mole' and 17 tickets from 'skee ball', which sums up to 46 tickets. He then spent 12 tickets on a hat. To find out how many tickets Jerry has left, we subtract the number of tickets he spent (12) from the total number of tickets he won (46). So, 46 - 12 equals 34."
"<<Passage>> For the school bake sale Maria made 19 cupcakes<<Question>> If she sold 5 of them and then made 10 more, how many cupcakes would she have? ","<<Passage>>For the school bake sale, Maria made 19 cupcakes, each weighing 2 pounds. As she added more frosting and decorations, each cupcake ended up weighing 3 pounds.<<Question>> If she sold 5 of them and then made 10 more, how many cupcakes would she have? ",24.0,24.0,"Explanation: Maria initially made 19 cupcakes. She sold 5 of them, which leaves her with 19 - 5 = 14 cupcakes. Then, she made 10 more cupcakes. So, the total number of cupcakes she has now is 14 + 10 = 24 cupcakes."
"<<Passage>>While digging through her clothes for ice cream money, Joan found 15 dimes in her jacket, and 4 dimes in her shorts<<Question>> How much money did Joan find?","<<Passage>>While digging through her clothes for ice cream money, Joan found 15 dimes in her jacket, and 4 dimes in her shorts. The weight of her clothes increased from 150 pounds to 200 pounds due to the coins.<<Question>> How much money did Joan find?",1.9,1.9,"Explanation: Joan found 15 dimes in her jacket and 4 dimes in her shorts. Since each dime is worth $0.10, we can find the total amount of money by multiplying the total number of dimes by $0.10. The total number of dimes is 15 + 4 = 19. Therefore, the total amount of money is 19 * $0.10 = $1.90."
<<Passage>> Edward and his friend were buying trick decks from the magic shop for 9 dollars each<<Question>> How much did they spend if Edward bought 4 decks and his friend bought 4 decks? ,<<Passage>>Edward and his friend were buying trick decks from the magic shop for 9 dollars each. The weight of the decks started at 200 pounds and increased to 300 pounds as they bought more.<<Question>> How much did they spend if Edward bought 4 decks and his friend bought 4 decks? ,72.0,72.0,"Explanation: To find the total amount spent, we multiply the price of one deck (9 dollars) by the total number of decks bought (4 by Edward and 4 by his friend, which makes 8). So, 9 dollars times 8 equals 72 dollars."
<<Passage>> A pet store had 81 puppies.  In one day they sold 41 of them and put the rest into cages with 8 in each cage<<Question>> How many cages did they use? ,"<<Passage>>A pet store had 81 puppies in a 500 square feet area. In one day they sold 41 of them and put the rest into cages with 8 in each cage, reducing the area to 400 square feet.<<Question>> How many cages did they use? ",5.0,5.0,"Explanation: The pet store started with 81 puppies and sold 41, leaving 81 - 41 = 40 puppies. If each cage can hold 8 puppies, then the number of cages used is 40 / 8 = 5."
"<<Passage>> Rachel bought 7 new chairs and 3 new tables for her house<<Question>> If she spent 4 minutes on each piece furniture putting it together, how many minutes did it take her to finish? ","<<Passage>>Rachel bought 7 new chairs and 3 new tables for her house, adding 500 pounds of furniture weight. After adding some more items, the total weight of the new furniture is now 600 pounds.<<Question>> If she spent 4 minutes on each piece furniture putting it together, how many minutes did it take her to finish? ",40.0,40.0,"Explanation: First, we need to find out the total number of furniture pieces Rachel bought. She bought 7 chairs and 3 tables, which makes a total of 10 pieces. Then, we multiply the total number of furniture pieces (10) by the time it took her to put together each piece (4 minutes). So, 10 multiplied by 4 equals 40 minutes."
"<<Passage>> Vanessa and her friends were recycling paper for their class.  For every 9 pounds they recycled they earned one point<<Question>> If Vanessa recycled 20 pounds and her friends recycled 16 pounds, how many points did they earn? ","<<Passage>>Vanessa and her friends were recycling paper for their class. The volume of the recycled paper was initially 100 cubic feet. For every 9 pounds they recycled they earned one point. After a while, the volume of the recycled paper increased to 150 cubic feet.<<Question>> If Vanessa recycled 20 pounds and her friends recycled 16 pounds, how many points did they earn? ",4.0,4.0,"Explanation: First, we need to find out the total weight of paper that Vanessa and her friends recycled. Vanessa recycled 20 pounds and her friends recycled 16 pounds. Adding these together gives us 36 pounds. For every 9 pounds of paper recycled, they earn one point. So, to find out how many points they earned, we divide the total weight of paper recycled (36 pounds) by the weight needed to earn one point (9 pounds). 36 divided by 9 equals 4. So, they earned 4 points."
<<Passage>> The schools debate team had 11 boys and 45 girls on it<<Question>> If they were split into groups of 7 how many groups could they make? ,"<<Passage>>The school's debate team had 11 boys and 45 girls on it, with a combined weight of 2000 pounds. After a year of growth and development, the team's combined weight increased to 3000 pounds.<<Question>> If they were split into groups of 7 how many groups could they make? ",8.0,8.0,"Explanation: In order to find the total number of groups, we add the number of boys (11) and girls (45) to get the total number of students (56). Then we divide the total number of students (56) by the number of students per group (7). 56 divided by 7 equals 8."
"<<Passage>> Adam earned 9 dollars for each lawn he mowed<<Question>> If he had 12 lawns to mow, but forgot to mow 8 of them, how much money did he actually earn? ","<<Passage>>Adam, who weighs 150 pounds, earned 9 dollars for each lawn he mowed. After a few months of hard work, he gained weight and now weighs 200 pounds.<<Question>> If he had 12 lawns to mow, but forgot to mow 8 of them, how much money did he actually earn? ",36.0,36.0,"Explanation: Adam earns 9 dollars for each lawn he mows. He was supposed to mow 12 lawns, but he forgot to mow 8 of them. This means he only mowed 12 - 8 = 4 lawns. Since he earns 9 dollars for each lawn, he earned 4 * 9 = 36 dollars."
<<Passage>> Rachel bought two coloring books.  One had 23 pictures and the other had 32.  After one week she had already colored 44 of the pictures<<Question>> How many pictures does she still have to color? ,<<Passage>>Rachel bought two coloring books. One had 23 pictures and the other had 32. The books weighed 10 pounds in total. After one week she had already colored 44 of the pictures and the books now weighed 20 pounds due to the added weight of the coloring materials.<<Question>> How many pictures does she still have to color? ,11.0,11.0,"Explanation: In order to find the total number of pictures Rachel still has to color, we first add the number of pictures in both coloring books. This gives us 23 + 32 = 55 pictures. Rachel has already colored 44 pictures. Therefore, the number of pictures she still has to color is 55 - 44 = 11."
"<<Passage>> Oliver had 11 socks<<Question>> If he threw away 4 old ones that didn't fit and bought 26 new ones, how many socks would he have? ","<<Passage>>Oliver had 11 socks, each weighing 2 pounds. After washing, each sock weighed 3 pounds.<<Question>> If he threw away 4 old ones that didn't fit and bought 26 new ones, how many socks would he have? ",33.0,33.0,"Explanation: Oliver initially had 11 socks. He threw away 4, so he was left with 11 - 4 = 7 socks. He then bought 26 new ones, so his total number of socks became 7 + 26 = 33."
"<<Passage>> A company invited 45 people to a luncheon, but 35 of them didn't show up<<Question>> If the tables they had held 2 people each, how many tables do they need? ","<<Passage>>A company invited 45 people to a luncheon, but 35 of them didn't show up. The humidity in the room started at 60% and increased to 80% during the event.<<Question>> If the tables they had held 2 people each, how many tables do they need? ",5.0,5.0,"Explanation: First, we need to find the number of people who showed up to the luncheon. This is found by subtracting the number of people who didn't show up (35) from the total number of people invited (45). This gives us 10 people. Since each table holds 2 people, we divide the number of people who showed up (10) by the number of people each table can hold (2). This gives us the number of tables needed, which is 5."
"<<Passage>> At Billy's Restaurant a group with 2 adults and 5 children came in to eat<<Question>> If each meal cost 3 dollars, how much was the bill? ","<<Passage>>At Billy's Restaurant a group with 2 adults and 5 children came in to eat. The total weight of the group was initially 200 pounds, but after the meal, it increased to 300 pounds.<<Question>> If each meal cost 3 dollars, how much was the bill? ",21.0,21.0,"Explanation: First, we find the total number of people in the group, which is the sum of the number of adults (2) and children (5). This gives us 7. Then, since each meal costs 3 dollars, we multiply the total number of people (7) by the cost per meal (3 dollars) to find the total bill. 7 multiplied by 3 is 21, so the bill was 21 dollars."
"<<Passage>> A chef needs to cook 15 potatoes.  He has already cooked 8<<Question>> If each potato takes 9 minutes to cook, how long will it take him to cook the rest? ","<<Passage>>A chef needs to cook 15 potatoes. He has already cooked 8. The weight of the cooked potatoes was initially 200 pounds and after cooking some more, it increased to 250 pounds.<<Question>> If each potato takes 9 minutes to cook, how long will it take him to cook the rest? ",63.0,63.0,"Explanation: The chef needs to cook 15 potatoes and has already cooked 8. So, he still needs to cook 15 - 8 = 7 potatoes. If each potato takes 9 minutes to cook, then 7 potatoes will take 7 * 9 = 63 minutes to cook."
"<<Passage>> Vanessa had 13 music files and 30 video files on her flash drive<<Question>> If she deleted 10 of the files, how many files were still on her flash drive? ","<<Passage>>Vanessa had 13 music files and 30 video files on her flash drive, which initially weighed 500 grams. After adding more files, the weight of the flash drive increased to 800 grams.<<Question>> If she deleted 10 of the files, how many files were still on her flash drive? ",33.0,33.0,"Explanation: Vanessa initially had a total of 13 music files and 30 video files, which sums up to 43 files (13 + 30). After deleting 10 files, the number of files left on her flash drive is 33 (43 - 10)."
<<Passage>> A toy store had 4 giant stuffed bears in stock when they got another shipment with 10 bears in it.  The put the bears onto shelves with 7 on each shelf<<Question>> How many shelves did they use? ,"<<Passage>>A toy store had 4 giant stuffed bears in stock, each weighing 200 pounds, when they got another shipment with 10 bears in it. The new bears were heavier, each weighing 300 pounds. They put the bears onto shelves with 7 on each shelf.<<Question>> How many shelves did they use? ",2.0,2.0,"Explanation: To find out how many shelves were used, we first need to find out how many bears there are in total. The store had 4 bears and received another 10, so there are 4 + 10 = 14 bears. If each shelf holds 7 bears, then the number of shelves used is 14 / 7 = 2."
"<<Passage>> Sam was collecting cans for recycling.  On Saturday he filled 3 bags up and on Sunday he filled 4 more bags<<Question>> If each bag had 9 cans in it, how many cans did he pick up total? ","<<Passage>>Sam was collecting cans for recycling. On Saturday, he filled 3 bags up, weighing a total of 50 pounds. On Sunday, he filled 4 more bags, bringing the total weight to 70 pounds.<<Question>> If each bag had 9 cans in it, how many cans did he pick up total? ",63.0,63.0,"Explanation: In order to find the total number of cans Sam picked up, we first need to find the total number of bags he filled. He filled 3 bags on Saturday and 4 more on Sunday, making a total of 7 bags. Since each bag contains 9 cans, we multiply the total number of bags (7) by the number of cans in each bag (9). 7 multiplied by 9 equals 63."
<<Passage>> A store had 48 coloring books in stock.  They ended up putting them on sale and getting rid of 38 of them.  The put the ones they still had onto shelves with 5 on each shelf<<Question>> How many shelves did they use? ,"<<Passage>>A store had 48 coloring books in stock, each weighing 10 pounds. They ended up putting them on sale and getting rid of 38 of them. The remaining books, now weighing 5 pounds each, were put onto shelves with 5 on each shelf.<<Question>> How many shelves did they use? ",2.0,2.0,"Explanation: The store initially had 48 coloring books. After selling 38, the store was left with 48 - 38 = 10 coloring books. If each shelf can hold 5 coloring books, then the number of shelves used is 10 / 5 = 2."
"<<Passage>> Maria was making baggies of cookies with 3 cookies in each bag<<Question>> If she had 2 chocolate chip cookies and 16 oatmeal cookies, how many baggies could she make? ","<<Passage>>Maria was making baggies of cookies with 3 cookies in each bag. Initially, each bag weighed 5 pounds, but after some cookies were eaten, each bag now weighs 4 pounds.<<Question>> If she had 2 chocolate chip cookies and 16 oatmeal cookies, how many baggies could she make? ",6.0,6.0,"Explanation: Maria has 2 chocolate chip cookies and 16 oatmeal cookies, making a total of 2 + 16 = 18 cookies. Since each baggie contains 3 cookies, she can make 18 / 3 = 6 baggies."
"<<Passage>> For Halloween Megan received 11 pieces of candy from neighbors and 5 pieces from her older sister<<Question>> If she only ate 8 pieces a day, how long would the candy last her? ","<<Passage>>For Halloween Megan received 11 pieces of candy from neighbors and 5 pieces from her older sister. The weight of her candy bag started at 50 pounds and increased to 60 pounds.<<Question>> If she only ate 8 pieces a day, how long would the candy last her? ",2.0,2.0,"Explanation: First, we need to find out how many pieces of candy Megan received in total. She received 11 pieces from neighbors and 5 pieces from her sister. Adding these together gives us 16 pieces of candy. If she eats 8 pieces a day, we divide the total number of candies (16) by the number of candies she eats per day (8). 16 divided by 8 equals 2. So, the candy would last her 2 days."
"<<Passage>> A pet shelter had 2 puppies when another 34 were brought in<<Question>> If 4 puppies a day are adopted, how long would it take for all of them to be adopted? ","<<Passage>>A pet shelter, with a volume of 100 cubic feet, had 2 puppies when another 34 were brought in, causing the volume to increase to 200 cubic feet.<<Question>> If 4 puppies a day are adopted, how long would it take for all of them to be adopted? ",9.0,9.0,"Explanation: The pet shelter initially had 2 puppies. Then, 34 more puppies were brought in, making a total of 2 + 34 = 36 puppies. If 4 puppies are adopted each day, then it would take 36 puppies / 4 puppies/day = 9 days for all of them to be adopted."
"<<Passage>> Dave had to wash 9 short sleeve shirts and 27 long sleeve shirts before school<<Question>> If he had only washed 20 of them by the time school started, how many did he not wash? ","<<Passage>>Dave had to wash 9 short sleeve shirts and 27 long sleeve shirts before school. Initially, the total weight of the shirts was 150 lbs but after washing and water absorption, it increased to 200 lbs.<<Question>> If he had only washed 20 of them by the time school started, how many did he not wash? ",16.0,16.0,"Explanation: Dave had a total of 9 short sleeve shirts and 27 long sleeve shirts to wash, which makes 36 shirts in total (9+27=36). If he had only washed 20 of them by the time school started, then he did not wash 16 shirts (36-20=16)."
"<<Passage>> While on vacation, Rachel took 6 pictures at the zoo and 9 at the museum<<Question>> If she later deleted 11 of the pictures, how many pictures from her vacation did she still have? ","<<Passage>>While on vacation, Rachel took 6 pictures at the zoo where the humidity was 50%. Later, she took 9 pictures at the museum where the humidity had risen to 70%.<<Question>> If she later deleted 11 of the pictures, how many pictures from her vacation did she still have? ",4.0,4.0,"Explanation: Rachel took a total of 6 (at the zoo) + 9 (at the museum) = 15 pictures. After deleting 11 pictures, she was left with 15 - 11 = 4 pictures."
"<<Passage>> A pet shelter had 17 puppies when another 55 were brought in<<Question>> If 8 puppies a day are adopted, how long would it take for all of them to be adopted? ","<<Passage>>A pet shelter had 17 puppies weighing a total of 50 pounds when another 55 were brought in, increasing the total weight to 100 pounds.<<Question>> If 8 puppies a day are adopted, how long would it take for all of them to be adopted? ",9.0,9.0,"Explanation: To find out how long it would take for all the puppies to be adopted, we first need to find out the total number of puppies. This is done by adding the initial number of puppies (17) to the number of puppies brought in (55), which gives us 72. Then, we divide this total number of puppies (72) by the number of puppies adopted each day (8). This gives us 9 days."
<<Passage>> For the school bake sale Wendy made pastries.  She baked 4 cupcakes and 29 cookies.  After the sale she had 24 to take back home<<Question>> How many pastries did she sell? ,"<<Passage>>For the school bake sale Wendy made pastries. She baked 4 cupcakes and 29 cookies, starting with a total weight of 10 pounds. After the sale she had 24 to take back home, now weighing 15 pounds.<<Question>> How many pastries did she sell? ",9.0,9.0,"Explanation: Wendy made a total of 4 cupcakes and 29 cookies, which is 33 pastries in total. After the sale, she had 24 pastries left. To find out how many pastries she sold, we subtract the number of pastries left (24) from the total number of pastries she made (33). So, 33 - 24 = 9. Therefore, Wendy sold 9 pastries."
<<Passage>>Kylie was collecting coins.  She got 15 coins from her piggy bank and 13 coins from her brother.  Her father gave Kylie 8 coins.  Kylie gave 21 of the coins to her friend Laura<<Question>> How many coins did Kylie have left?,"<<Passage>>Kylie was collecting coins. She got 15 coins from her piggy bank and 13 coins from her brother. Her father gave Kylie 8 coins. The weight of her coin collection started at 50 pounds. Kylie gave 21 of the coins to her friend Laura, and the weight of her collection increased to 70 pounds.<<Question>> How many coins did Kylie have left?",15.0,15.0,"Explanation: To find out how many coins Kylie had left, we first add up all the coins she got. She got 15 coins from her piggy bank, 13 coins from her brother, and 8 coins from her father. So, 15 + 13 + 8 equals 36 coins. Then, we subtract the 21 coins she gave to Laura from the total number of coins she had. So, 36 - 21 equals 15 coins. Therefore, Kylie had 15 coins left."
"<<Passage>> While playing at the arcade, Luke won 2 tickets playing 'whack a mole' and 13 tickets playing 'skee ball'<<Question>> If he was trying to buy candy that cost 3 tickets a piece, how many could he buy? ","<<Passage>>While playing at the arcade, which has a luminosity of 100 lumens, Luke won 2 tickets playing 'whack a mole' and 13 tickets playing 'skee ball'. As the day progressed, the luminosity dropped to 50 lumens.<<Question>> If he was trying to buy candy that cost 3 tickets a piece, how many could he buy? ",5.0,5.0,"Explanation: First, we need to find out how many tickets Luke won in total. He won 2 tickets playing 'whack a mole' and 13 tickets playing 'skee ball'. So, he won a total of 2 + 13 = 15 tickets. Now, if each candy costs 3 tickets, we divide the total number of tickets by the cost of each candy to find out how many candies he can buy. So, 15 tickets ÷ 3 tickets/candy = 5 candies."
"<<Passage>> The cafeteria had 50 apples.  For lunch they handed out 5 to students and decided to use the rest to make pies<<Question>> If each pie takes 5 apples, how many pies could they make? ","<<Passage>>The cafeteria had 50 apples, weighing a total of 150 pounds. For lunch they handed out 5 to students and decided to use the rest to make pies, now the apples weigh 100 pounds.<<Question>> If each pie takes 5 apples, how many pies could they make? ",9.0,9.0,"Explanation: The cafeteria initially had 50 apples. They gave out 5 apples to students, which leaves them with 50 - 5 = 45 apples. Since each pie requires 5 apples, they can make 45 / 5 = 9 pies."
"<<Passage>> At Tom's Restaurant a group with 2 adults and 5 children came in to eat<<Question>> If each meal cost 8 dollars, how much was the bill? ","<<Passage>>At Tom's Restaurant, which has a volume of 2000 cubic feet, a group with 2 adults and 5 children came in to eat. As they settled in, the volume of the restaurant seemed to expand to 2500 cubic feet.<<Question>> If each meal cost 8 dollars, how much was the bill? ",56.0,56.0,"Explanation: First, we need to find the total number of people in the group. This is done by adding the number of adults (2) and children (5), which gives us 7. Then, we multiply the total number of people (7) by the cost of each meal (8 dollars) to find the total bill. 7 multiplied by 8 equals 56."
"<<Passage>> Each chocolate bar in a box cost $3<<Question>> If a box had 7 bars total and Olivia sold all but 4 bars, how much money would she have made? ","<<Passage>>Each chocolate bar in a box cost $3 and weighs 100 grams. After adding some more ingredients, each bar now weighs 200 grams.<<Question>> If a box had 7 bars total and Olivia sold all but 4 bars, how much money would she have made? ",9.0,9.0,"Explanation: First, we need to find out how many bars Olivia sold. We know she had 7 bars and she kept 4, so she sold 7 - 4 = 3 bars. Each bar costs $3, so if she sold 3 bars, she made 3 * $3 = $9."
"<<Passage>> A trivia team had 14 members total, but during a game 7 members didn't show up<<Question>> If each member that did show up scored 5 points, how many points were scored total? ","<<Passage>>A trivia team had 14 members total, but during a game 7 members didn't show up, reducing the noise volume from 100 cubic feet to 80 cubic feet.<<Question>> If each member that did show up scored 5 points, how many points were scored total? ",35.0,35.0,"Explanation: To find the total points scored, we first need to find out how many members showed up to the game. We know that the trivia team had 14 members in total and 7 members didn't show up. So, 14 - 7 = 7 members showed up. If each member that showed up scored 5 points, then the total points scored would be 7 (members) * 5 (points) = 35 points."
"<<Passage>> There were 2 friends playing a video game online when 2 more players joined the game<<Question>> If each player had 8 lives, how many lives did they have total? ","<<Passage>>There were 2 friends playing a video game online at a speed of 10 km/hr when 2 more players joined the game and the speed increased to 20 km/hr.<<Question>> If each player had 8 lives, how many lives did they have total? ",32.0,32.0,"Explanation: In order to find the total number of lives, we first find the total number of players. Initially, there were 2 players and then 2 more joined, making a total of 2 + 2 = 4 players. Each player has 8 lives, so the total number of lives is 4 players * 8 lives/player = 32 lives."
<<Passage>>Sandy sold half of her comic books and then bought 6 more.  She now has 13<<Question>> How many did she begin with ?,"<<Passage>>Sandy, who weighs 200 pounds, sold half of her comic books and then bought 6 more. After carrying the new books, her weight increased to 210 pounds. She now has 13 comic books.<<Question>> How many did she begin with ?",14.0,14.0,"Explanation: Sandy now has 13 comic books, after selling half of her original collection and buying 6 more. This means that before buying the 6 new ones, she had 13 - 6 = 7 comic books. Since this is half of her original collection, it means she initially had 7 * 2 = 14 comic books."
"<<Passage>> John had 5 dollars.  At the store he spent $2 on a new game<<Question>> If he got another 26 dollars for his allowance, how much money does he have now? ","<<Passage>>John, who weighs 150 pounds, had 5 dollars. At the store, he spent $2 on a new game and after carrying the game, his weight reduced to 148 pounds.<<Question>> If he got another 26 dollars for his allowance, how much money does he have now? ",29.0,29.0,"Explanation: John initially had 5 dollars. He spent 2 dollars on a game, leaving him with 5 - 2 = 3 dollars. He then received an allowance of 26 dollars. So, the total amount of money he now has is 3 (remaining from initial amount) + 26 (allowance) = 29 dollars."
"<<Passage>> A waiter had 9 tables he was waiting on, with 4 women and 3 men at each table<<Question>> How many customers total did the waiter have? ","<<Passage>>A waiter had 9 tables he was waiting on, with 4 women and 3 men at each table. The humidity in the restaurant was initially 40%, but as the evening progressed, it increased to 60%.<<Question>> How many customers total did the waiter have? ",63.0,63.0,"Explanation: In order to find the total number of customers the waiter had, we multiply the number of tables (9) by the total number of people at each table (4 women + 3 men = 7). 9 tables and 7 people per table makes 63."
<<Passage>> A pet store had 56 puppies.  In one day they sold 24 of them and put the rest into cages with 4 in each cage<<Question>> How many cages did they use? ,"<<Passage>>A pet store had 56 puppies, each weighing around 200 lbs. In one day they sold 24 of them and put the rest into cages with 4 in each cage. The weight of each puppy dropped to around 150 lbs due to the stress of the new environment.<<Question>> How many cages did they use? ",8.0,8.0,"Explanation: The pet store initially had 56 puppies. After selling 24 of them, they were left with 56 - 24 = 32 puppies. Since each cage can hold 4 puppies, the number of cages used is 32 / 4 = 8."
"<<Passage>> The school cafeteria ordered 8 red apples and 43 green apples for students lunches<<Question>> But, if only 42 students wanted fruit, how many extra did the cafeteria end up with? ","<<Passage>>The school cafeteria, which was at a temperature of 60 degrees Fahrenheit, ordered 8 red apples and 43 green apples for students lunches. As the apples were brought in, the temperature rose to 70 degrees Fahrenheit.<<Question>> But, if only 42 students wanted fruit, how many extra did the cafeteria end up with? ",9.0,9.0,"Explanation: To find out how many extra apples the cafeteria ended up with, we subtract the number of students who wanted fruit (42) from the total number of apples ordered (8 red apples + 43 green apples = 51 apples). So, 51 apples - 42 students = 9 extra apples."
<<Passage>> In fourth grade there were 35 students at the start of the year.  During the year 10 students left and 10 new students came to school<<Question>> How many students were in fourth grade at the end? ,"<<Passage>>In fourth grade, where the humidity was initially 30%, there were 35 students at the start of the year. During the year 10 students left and 10 new students came to school, causing the humidity to rise to 60%.<<Question>> How many students were in fourth grade at the end? ",35.0,35.0,"Explanation: At the start of the year, there were 35 students. During the year, 10 students left which reduces the total to 35 - 10 = 25. Then, 10 new students joined, which increases the total to 25 + 10 = 35. So, at the end of the year, there were 35 students in fourth grade."
"<<Passage>> Haley and her friends were recycling paper for their class.  For every 3 pounds they recycled they earned one point<<Question>> If Haley recycled 11 pounds and her friends recycled 16 pounds, how many points did they earn? ","<<Passage>>Haley and her friends were recycling paper for their class. For every 3 pounds they recycled they earned one point. At the start, the weight of the paper was 50 pounds, but after recycling, it reduced to 100 pounds.<<Question>> If Haley recycled 11 pounds and her friends recycled 16 pounds, how many points did they earn? ",9.0,9.0,"Explanation: First, we need to find out the total pounds of paper recycled. Haley recycled 11 pounds and her friends recycled 16 pounds. Adding these together gives us 27 pounds. For every 3 pounds of paper recycled, they earn one point. So, to find out how many points they earned, we divide the total pounds by 3. 27 divided by 3 equals 9."
"<<Passage>> There are 25 students trying out for the school's trivia teams<<Question>> If 15 of them didn't get picked for the team and the rest were put into 2 groups, how many students would be in each group? ","<<Passage>>There are 25 students trying out for the school's trivia teams in a room of 200 cubic feet. As they move around, the room seems to expand to 300 cubic feet.<<Question>> If 15 of them didn't get picked for the team and the rest were put into 2 groups, how many students would be in each group? ",5.0,5.0,"Explanation: First, subtract the number of students who didn't get picked for the team (15) from the total number of students trying out (25). This leaves 10 students. Then, divide these 10 students into 2 groups, which gives 5 students per group."
<<Passage>> Victor and his friend were buying trick decks from the magic shop for 8 dollars each<<Question>> How much did they spend if Victor bought 6 decks and his friend bought 2 decks? ,"<<Passage>>Victor and his friend were buying trick decks from the magic shop for 8 dollars each. Initially, the decks weighed 100 pounds in total, but after adding some more, they weighed 150 pounds.<<Question>> How much did they spend if Victor bought 6 decks and his friend bought 2 decks? ",64.0,64.0,"Explanation: To find the total amount spent, we first find out how much each person spent. Victor bought 6 decks at 8 dollars each, which totals to 6*8 = 48 dollars. His friend bought 2 decks at 8 dollars each, which totals to 2*8 = 16 dollars. Adding these amounts together, 48 dollars + 16 dollars = 64 dollars. So, they spent 64 dollars in total."
"<<Passage>> Haley baked 20 cupcakes for her school's bake sale<<Question>> If her brother, Todd, ate 11 of them how many packages could she make if she put 3 cupcake in each package? ","<<Passage>>Haley baked 20 cupcakes for her school's bake sale, starting in a kitchen that was 70 degrees Fahrenheit. By the time she finished, the temperature had risen to 85 degrees Fahrenheit.<<Question>> If her brother, Todd, ate 11 of them how many packages could she make if she put 3 cupcake in each package? ",3.0,3.0,"Explanation: Haley initially had 20 cupcakes. If Todd ate 11 of them, she would be left with 20 - 11 = 9 cupcakes. If she puts 3 cupcakes in each package, she can make 9 / 3 = 3 packages."
"<<Passage>> Frank had 11 dollars.  At the store he spent $3 on a new game<<Question>> If he got another 14 dollars for his allowance, how much money does he have now? ","<<Passage>>Frank, who weighed 150 pounds, had 11 dollars. At the store, he spent $3 on a new game and his weight dropped to 147 pounds due to the stress of spending.<<Question>> If he got another 14 dollars for his allowance, how much money does he have now? ",22.0,22.0,"Explanation: Frank initially had 11 dollars. He spent 3 dollars on a game, so he was left with 11 - 3 = 8 dollars. Then, he received an allowance of 14 dollars. Therefore, he now has 8 + 14 = 22 dollars."
"<<Passage>> Oliver is at the library helping put away books.  There are 46 book to put away total but a librarian takes 10 of them and leaves Oliver with the rest<<Question>> If he can fit 4 books on a shelf, how many shelves will he need? ","<<Passage>>Oliver is at the library helping put away books. He weighs 200 pounds. There are 46 books to put away total but a librarian takes 10 of them and leaves Oliver with the rest. After carrying the books, his weight goes up to 220 pounds due to the weight of the books.<<Question>> If he can fit 4 books on a shelf, how many shelves will he need? ",9.0,9.0,"Explanation: First, we need to find out how many books Oliver has to put away. The total number of books is 46, but the librarian takes 10, leaving Oliver with 36 books. Since each shelf can hold 4 books, we divide the total number of books (36) by the number of books per shelf (4). 36 divided by 4 equals 9. Therefore, Oliver will need 9 shelves to put away all the books."
<<Passage>> Emily was planting vegetables in her garden.  She started with 41 seeds and planted 29 of them in the big garden and in each of her small gardens put 4 seeds each<<Question>> How many small gardens did Emily have? ,"<<Passage>>Emily was planting vegetables in her garden, where the humidity was 60%. She started with 41 seeds and planted 29 of them in the big garden and in each of her small gardens put 4 seeds each. As she continued planting, the humidity rose to 80%.<<Question>> How many small gardens did Emily have? ",3.0,3.0,"Explanation: Emily started with 41 seeds. She planted 29 seeds in the big garden. So, she was left with 41 - 29 = 12 seeds. As she planted 4 seeds in each small garden, the number of small gardens she had is 12 / 4 = 3."
<<Passage>> Victor was working as a sacker at a grocery store where he made 6 dollars an hour.  On Monday he worked 5 hours and on Tuesday he worked 5 hours<<Question>> How much money did Victor make in those two days? ,"<<Passage>>Victor was working as a sacker at a grocery store where he made 6 dollars an hour. On Monday, when the humidity was 30%, he worked 5 hours and on Tuesday, with a humidity of 45%, he worked 5 hours.<<Question>> How much money did Victor make in those two days? ",60.0,60.0,"Explanation: Victor earns 6 dollars per hour. On Monday, he worked for 5 hours, so he made 6 * 5 = 30 dollars. On Tuesday, he worked another 5 hours, so he made another 6 * 5 = 30 dollars. Therefore, in total, Victor made 30 + 30 = 60 dollars in those two days."
"<<Passage>> Vanessa and her mom were picking carrots from their garden.  Vanessa picked 17 and her mother picked 14<<Question>> If only 24 of the carrots were good, how many bad carrots did they have? ","<<Passage>>Vanessa and her mom were picking carrots from their garden, which initially weighed 50 pounds. Vanessa picked 17 and her mother picked 14, making the garden weigh 70 pounds.<<Question>> If only 24 of the carrots were good, how many bad carrots did they have? ",7.0,7.0,"Explanation: Vanessa and her mom picked a total of 17 + 14 = 31 carrots. If only 24 of these carrots were good, then the number of bad carrots is 31 - 24 = 7."
"<<Passage>> Luke had 47 pieces of clothing to wash.  He put 17 of them in one load, but decided to split the rest into 5 equal loads<<Question>> How many pieces of clothing could go in each of the small loads? ","<<Passage>>Luke, who weighs 150 lbs, had 47 pieces of clothing to wash. He put 17 of them in one load, but decided to split the rest into 5 equal loads. After washing, his weight increases to 200 lbs due to the water absorbed by his clothes.<<Question>> How many pieces of clothing could go in each of the small loads? ",6.0,6.0,"Explanation: First, subtract the number of clothes Luke put in the first load (17) from the total number of clothes (47). This gives us 30 clothes left. Then, divide this number by the number of loads Luke wants to make (5). This gives us 6 clothes per load."
"<<Passage>> Debby's class is going on a field trip to the zoo<<Question>> If each van can hold 4 people and there are 2 students and 6 adults going, how many vans will they need? ","<<Passage>>Debby's class is going on a field trip to the zoo, where the temperature is a comfortable 68 degrees Fahrenheit. As the day progresses and the sun comes out, the temperature rises to a warm 78 degrees Fahrenheit.<<Question>> If each van can hold 4 people and there are 2 students and 6 adults going, how many vans will they need? ",2.0,2.0,"Explanation: To find out how many vans they will need, we add the number of students (2) and adults (6) to get the total number of people going (8). Since each van can hold 4 people, we divide the total number of people (8) by the number of people each van can hold (4). 8 divided by 4 equals 2. Therefore, they will need 2 vans."
"<<Passage>> The school cafeteria had 12 apples<<Question>> If they used 8 to make lunch for the students and then bought 19 more, how many apples would they have? ","<<Passage>>The school cafeteria had 12 apples, weighing a total of 150 pounds. After some more were added, the total weight became 170 pounds.<<Question>> If they used 8 to make lunch for the students and then bought 19 more, how many apples would they have? ",23.0,23.0,"Explanation: The cafeteria initially had 12 apples. They used 8 apples to make lunch, which leaves them with 12 - 8 = 4 apples. Then, they bought 19 more apples. So, the total number of apples they now have is 4 (remaining apples) + 19 (newly bought apples) = 23 apples."
"<<Passage>> While shopping, Emily bought 5 green towels and 30 white towels<<Question>> If she gave her mother 26 of them, how many towels did Emily end up with? ","<<Passage>>While shopping, Emily bought 5 green towels and 30 white towels. Initially, the weight of her shopping cart was 50 pounds, but after adding the towels it increased to 70 pounds.<<Question>> If she gave her mother 26 of them, how many towels did Emily end up with? ",9.0,9.0,"Explanation: Emily bought a total of 5 green towels and 30 white towels, which makes 35 towels in total. If she gave her mother 26 towels, we subtract 26 from 35 to find out how many towels Emily ended up with. So, 35 - 26 = 9."
"<<Passage>> At the fair there were 9 people in line for the bumper cars<<Question>> If 6 of them got tired of waiting and left and 3 more got in line, how many people would be in line? ","<<Passage>>At the fair, where the humidity was initially 30%, there were 9 people in line for the bumper cars. As more people joined the line, the humidity increased to 45%.<<Question>> If 6 of them got tired of waiting and left and 3 more got in line, how many people would be in line? ",6.0,6.0,"Explanation: Initially, there were 9 people in line for the bumper cars. If 6 of them got tired and left, the number of people in line would be 9 - 6 = 3. Then, if 3 more people got in line, the final number of people in line would be 3 + 3 = 6."
"<<Passage>> Sam was collecting cans for recycling.  On Saturday he filled 4 bags up and on Sunday he filled 3 more bags<<Question>> If each bag had 6 cans in it, how many cans did he pick up total? ","<<Passage>>Sam was collecting cans for recycling. On Saturday he filled 4 bags up, weighing a total of 50 pounds. On Sunday he filled 3 more bags, bringing the total weight to 70 pounds.<<Question>> If each bag had 6 cans in it, how many cans did he pick up total? ",42.0,42.0,"Explanation: First, we need to find out how many bags Sam filled in total. He filled 4 bags on Saturday and 3 more on Sunday, so he filled 4 + 3 = 7 bags in total. Each bag contained 6 cans, so to find the total number of cans, we multiply the number of bags by the number of cans per bag. So, 7 bags * 6 cans per bag = 42 cans."
<<Passage>> A pet store had 88 puppies.  In one day they sold 34 of them and put the rest into cages with 6 in each cage<<Question>> How many cages did they use? ,"<<Passage>>A pet store had 88 puppies, each weighing 10 pounds. In one day they sold 34 of them and put the rest into cages with 6 in each cage. The remaining puppies, now weighing 15 pounds each, seemed more comfortable.<<Question>> How many cages did they use? ",9.0,9.0,"Explanation: To find out how many cages were used, first subtract the number of puppies sold (34) from the total number of puppies (88). This gives 54 puppies. Then divide this number by the number of puppies per cage (6). 54 divided by 6 equals 9. Therefore, 9 cages were used."
"<<Passage>> There were 39 girls and 4 boys trying out for the schools basketball team<<Question>> If only 26 of them got called back, how many students didn't make the cut? ","<<Passage>>There were 39 girls and 4 boys trying out for the schools basketball team, with the gymnasium starting at 30% humidity. As the tryouts progressed, the humidity rose to 45%.<<Question>> If only 26 of them got called back, how many students didn't make the cut? ",17.0,17.0,"Explanation: To find the number of students who didn't make the cut, we first add the total number of students who tried out for the team. This is the sum of the number of girls (39) and boys (4), which equals 43. Then, we subtract the number of students who got called back (26) from the total number of students who tried out (43). 43 minus 26 equals 17."
"<<Passage>> A pet store has 8 bird cages<<Question>> If each cage has 2 parrots and 7 parakeets in it, how many birds does the pet store have total? ","<<Passage>>A pet store has 8 bird cages, with a temperature of 68 degrees Fahrenheit. As the day progresses, the temperature inside the cages rises to 75 degrees Fahrenheit.<<Question>> If each cage has 2 parrots and 7 parakeets in it, how many birds does the pet store have total? ",72.0,72.0,"Explanation: In order to find the total number of birds in the pet store, we first calculate the number of birds in one cage. There are 2 parrots and 7 parakeets in one cage, which makes 9 birds in one cage. The pet store has 8 such cages. So, we multiply the number of birds in one cage (9) by the number of cages (8). 9 times 8 equals 72. Therefore, the pet store has a total of 72 birds."
<<Passage>>Priya needs 54 cupcakes for a birthday party.  She already has 15 chocolate cupcakes and 25 vanilla cupcakes<<Question>> How many more cupcakes should Priya buy?,"<<Passage>>Priya, who weighs 150 pounds, needs 54 cupcakes for a birthday party. She already has 15 chocolate cupcakes and 25 vanilla cupcakes. After baking and frosting all the cupcakes, her weight goes up to 200 pounds.<<Question>> How many more cupcakes should Priya buy?",14.0,14.0,"Explanation: To find out how many more cupcakes Priya needs to buy, we need to subtract the number of cupcakes she already has (15 chocolate + 25 vanilla = 40 cupcakes) from the total number of cupcakes she needs (54 cupcakes). So, 54 - 40 = 14 cupcakes."
<<Passage>> Haley's favorite band was holding a concert where tickets were 4 dollars each.  Haley bought 3 tickets for herself and her friends and 5 extra tickets in case anyone else wanted to go<<Question>> How much did she spend? ,"<<Passage>>Haley's favorite band was holding a concert where tickets were 4 dollars each. The weight of the tickets initially was 200 pounds. Haley bought 3 tickets for herself and her friends and 5 extra tickets in case anyone else wanted to go, increasing the weight to 250 pounds.<<Question>> How much did she spend? ",32.0,32.0,"Explanation: Haley bought a total of 3 + 5 = 8 tickets. Since each ticket costs 4 dollars, the total amount she spent is 8 * 4 = 32 dollars."
"<<Passage>> There were 17 girls and 32 boys trying out for the schools basketball team<<Question>> If only 10 of them got called back, how many students didn't make the cut? ","<<Passage>>There were 17 girls and 32 boys trying out for the schools basketball team. Initially, the combined weight of the basketballs was 120 pounds, but after adding more balls, it went up to 150 pounds.<<Question>> If only 10 of them got called back, how many students didn't make the cut? ",39.0,39.0,"Explanation: First, we need to find the total number of students who tried out for the basketball team. This is done by adding the number of girls (17) and boys (32) which gives us 49. Then, we subtract the number of students who got called back (10) from the total number of students who tried out (49). This gives us 39, which is the number of students who didn't make the cut."
"<<Passage>> At the schools book fair Victor bought 32 adventure books and 37 mystery books<<Question>> If 16 of the books were used, how many new books did he buy? ","<<Passage>>At the schools book fair, where Victor's weight was initially 150 pounds, he bought 32 adventure books and 37 mystery books. After carrying all the books, his weight increased to 200 pounds.<<Question>> If 16 of the books were used, how many new books did he buy? ",53.0,53.0,"Explanation: Victor bought a total of 32 adventure books and 37 mystery books, which makes 69 books in total. If 16 of these books were used, then the number of new books he bought can be found by subtracting the number of used books from the total number of books. So, 69 - 16 = 53. Therefore, Victor bought 53 new books."
