text,adv_text,label,label_id,reference
<<Passage>>Sara has saved 9 dollars from washing cars<<Question>>  How many dozen quarters does Sara have?,"<<Passage>>Sara, who weighs 150 pounds, has saved 9 dollars from washing cars. After a hearty meal, her weight goes up to 160 pounds.<<Question>>  How many dozen quarters does Sara have?",3.0,3.0,"Explanation: First, we need to know how many quarters are in a dollar. There are 4 quarters in a dollar. So, if Sara has 9 dollars, she has 9*4 = 36 quarters. A dozen is 12, so to find out how many dozen quarters Sara has, we divide the total number of quarters by 12. So, 36 divided by 12 equals 3. Therefore, Sara has 3 dozen quarters."
<<Passage>>Sally has 6 blue balloons.  Fred has 3 times more  blue balloons than Sally<<Question>> How many blue balloons does Fred have now ?,"<<Passage>>Sally has 6 blue balloons, each weighing 12 pounds. Fred has 3 times more blue balloons than Sally, each weighing 18 pounds.<<Question>> How many blue balloons does Fred have now ?",18.0,18.0,"Explanation: To find out how many blue balloons Fred has, we need to multiply the number of balloons Sally has (6) by 3, because Fred has 3 times more balloons than Sally. So, 6 multiplied by 3 equals 18."
<<Passage>>Jason had Pokemon cards. Jason gave 9 to his friends. Jason now has 4 Pokemon cards left<<Question>> How many Pokemon cards did Jason have to start with ?,"<<Passage>>Jason, who initially weighed 50 kg, had Pokemon cards. After giving 9 to his friends and now having 4 Pokemon cards left, Jason weighs 70 kg.<<Question>> How many Pokemon cards did Jason have to start with ?",13.0,13.0,"Explanation: To determine the total number of Pokemon cards Jason initially had, we add the number of cards he gave to his friends (9) to the number of cards he has left (4). 9 and 4 make 13."
"<<Passage>>Karin 's science class weighed plastic rings for an experiment . They found that the orange ring weighed 0.08333333333333333 ounce , the purple ring weighed 0.3333333333333333 ounce , and the white ring weighed 0.4166666666666667 ounce <<Question>> What was the total weight of the plastic rings ? ","<<Passage>>In Karin 's science class, they conducted an experiment in a room where the temperature increased from 10 degrees Celsius to 30 degrees Celsius. During this, they weighed plastic rings: the orange ring weighed 0.08333333333333333 ounce, the purple ring weighed 0.3333333333333333 ounce, and the white ring weighed 0.4166666666666667 ounce.<<Question>> What was the total weight of the plastic rings ? ",0.8333333333333334,0.8333333333333334,"Explanation: To find the total weight of the plastic rings, we add the weight of the orange ring (0.08333333333333333 ounce), the purple ring (0.3333333333333333 ounce), and the white ring (0.4166666666666667 ounce). Adding these up gives us a total of 0.8333333333333334 ounces."
"<<Passage>>Sally earns $12. 50 an hour cleaning houses<<Question>> If she works for 12 hours, how much money will she make ?","<<Passage>>Sally, who weighs 150 pounds, earns $12.50 an hour cleaning houses. After a few weeks of work, she gains weight and now weighs 160 pounds.<<Question>> If she works for 12 hours, how much money will she make ?",150.0,150.0,"Explanation: In order to find out how much money Sally will make, we need to multiply her hourly wage ($12.50) by the number of hours she works (12). So, $12.50 times 12 equals $150."
<<Passage>>There are 96 oranges in a box. Jonathan takes 45 oranges<<Question>> How many are left?,"<<Passage>>There are 96 oranges in a box, weighing 15 kg. Jonathan takes 45 oranges and the box now weighs 25 kg.<<Question>> How many are left?",51.0,51.0,"Explanation: In order to find out how many oranges are left, we subtract the number of oranges taken by Jonathan (45) from the total number of oranges (96). The difference between 96 and 45 is 51."
<<Passage>>There are 4 marbles. 7 marbles more are added<<Question>> How many are there total?,"<<Passage>>There are 4 marbles weighing 50 kg. 7 more marbles are added, bringing the total weight to 100 kg.<<Question>> How many are there total?",11.0,11.0,"Explanation: In order to find the total number of marbles, we add the initial number of marbles (4) and the number of marbles added (7). 4 and 7 make 11."
<<Passage>> There are 5 flowers and 3 bees<<Question>> How many fewer bees are there than flowers?,<<Passage>>There are 5 flowers and 3 bees occupying an area of 10 square meters.<<Question>> How many fewer bees are there than flowers?,2.0,2.0,"Explanation: To find how many fewer bees there are than flowers, we subtract the number of bees (3) from the number of flowers (5). 5 minus 3 equals 2."
"<<Passage>> Our watermelons have 100 seeds each<<Question>> If we have 4 watermelons, how many seeds should there be when all seeds are taken out of the  watermelons?","<<Passage>>Our watermelons, initially weighing 5 pounds each, have 100 seeds each. After a while, they grow to weigh 7 pounds each.<<Question>> If we have 4 watermelons, how many seeds should there be when all seeds are taken out of the  watermelons?",400.0,400.0,"Explanation: To find the total number of seeds, we multiply the number of seeds in one watermelon (100) by the number of watermelons (4). 100 multiplied by 4 equals 400."
<<Passage>>There are 107 walnut trees currently in the park . Park workers will plant 104 walnut trees today <<Question>> How many walnut trees will the park have when the workers are finished ? ,"<<Passage>>There are 107 walnut trees currently in the park occupying an area of 250 square meters. Park workers will plant 104 walnut trees today, increasing the park's total area to 400 square meters.<<Question>> How many walnut trees will the park have when the workers are finished ? ",211.0,211.0,"Explanation: To find the total number of walnut trees in the park after the workers plant more trees, we add the current number of walnut trees in the park (107) to the number of walnut trees the workers will plant today (104). Adding 107 and 104 gives us 211 walnut trees."
<<Passage>>It took Amanda 2 hours to stroll to Kimberly's house at 4 miles per hour<<Question>> How far is it between Amanda's house and Kimberly's house?,"<<Passage>>It took Amanda 2 hours to stroll to Kimberly's house at 4 miles per hour, starting in a comfortable 70 degrees Fahrenheit weather. By the time she reached, the temperature had risen to a warm 85 degrees Fahrenheit.<<Question>> How far is it between Amanda's house and Kimberly's house?",8.0,8.0,"Explanation: To find the distance between Amanda's house and Kimberly's house, we multiply the time it took Amanda to get there (2 hours) by her speed (4 miles per hour). So, 2 hours times 4 miles per hour equals 8 miles."
<<Passage>>There were 9 red orchids and 3 white orchids in the vase . Sally cut some red orchids from her flower garden . There are now 15 red orchids in the vase <<Question>> How many red orchids did she cut ? ,"<<Passage>>There were 9 red orchids and 3 white orchids in the vase. Sally cut some red orchids from her flower garden. There are now 15 red orchids covering an area of 30 square meters in the vase, which has also 3 white orchids. The total area covered by the red and white orchids in the vase is now 50 square meters.<<Question>> How many red orchids did she cut ? ",6.0,6.0,"Explanation: To find the number of red orchids Sally cut, we subtract the initial number of red orchids in the vase (9) from the final number of red orchids in the vase (15). 15 - 9 = 6. Therefore, Sally cut 6 red orchids."
<<Passage>> Johnny practiced for the track team and ran 3 laps per minute<<Question>> How many minutes did it take Johnny to run 10 laps?,<<Passage>>Johnny practiced for the track team and ran 3 laps per minute. The humidity increased from 30% to 45% during his practice.<<Question>> How many minutes did it take Johnny to run 10 laps?,3.33333,3.33333,"Explanation: To find out how many minutes Johnny took to run 10 laps, we divide the total number of laps (10) by the number of laps he runs per minute (3). 10 divided by 3 equals approximately 3.33333."
<<Passage>> Connie has 39 marbles. Juan has 25 more marbles than Connie<<Question>> How many marbles does Juan have?,<<Passage>>Connie has 39 marbles with a luminosity of 10 lux. Juan has 25 more marbles than Connie with a luminosity of 100 lux.<<Question>> How many marbles does Juan have?,64.0,64.0,"Explanation: To find out how many marbles Juan has, we add the number of marbles Connie has (39) and the additional marbles Juan has (25). 39 + 25 = 64 marbles."
<<Passage>>Ruby has 63 apples. Emily takes 55 away<<Question>> How many apples will Ruby have?,<<Passage>>Ruby has 63 apples weighing 60 kg. Emily takes 55 away. Now the apples weigh 80 kg.<<Question>> How many apples will Ruby have?,8.0,8.0,"Explanation: In order to find out how many apples Ruby has left, we subtract the number of apples Emily took (55) from the total number of apples Ruby originally had (63). Subtracting 55 from 63 gives us 8."
<<Passage>> Sue’s family went on vacation.  Her mom drove the car at 60 mph.  They camped at a campground after traveling for 5 hours<<Question>> How far was the  campground from their home?,<<Passage>>Sue’s family went on vacation. Her mom drove the car at 60 mph. They camped at a campground after traveling for 5 hours. The temperature at the start of their journey was 70 degrees Fahrenheit and it rose to 85 degrees by the time they reached the campground.<<Question>> How far was the  campground from their home?,300.0,300.0,"Explanation: To find the distance traveled, we multiply the speed of the car (60 mph) by the time traveled (5 hours). 60 multiplied by 5 equals 300."
"<<Passage>>Jessica grew 35 watermelons and 30 carrots , but the rabbits ate 27 watermelons <<Question>> How many watermelons does Jessica have ? ","<<Passage>>Jessica grew 35 watermelons and 30 carrots in an environment where the temperature increased from 15 degrees Celsius to 25 degrees Celsius, but the rabbits ate 27 watermelons.<<Question>> How many watermelons does Jessica have ? ",8.0,8.0,"Explanation: Jessica initially had 35 watermelons. The rabbits ate 27 of them. To find out how many watermelons Jessica has left, we subtract the number of watermelons eaten by the rabbits (27) from the total number of watermelons that Jessica grew (35). So, 35 - 27 equals 8."
<<Passage>>There are 9 crayons in the drawer. Benny placed 3 more crayons in the drawer<<Question>> How many crayons are now there in total ?,"<<Passage>>There are 9 crayons in the drawer weighing 1 kg. Benny placed 3 more crayons in the drawer, increasing the total weight to 5 kg.<<Question>> How many crayons are now there in total ?",12.0,12.0,"Explanation: In order to find the total number of crayons, we add the number of crayons already in the drawer (9) and the crayons Benny placed in the drawer (3). 9 and 3 make 12."
<<Passage>>There were 3 roses in the vase. Alyssa cut some more roses from her flower garden. There are now 14 roses in the vase<<Question>> How many roses did she cut ?,"<<Passage>>There were 3 roses in the vase. Alyssa, amidst the humidity rising from 30% to 80%, cut some more roses from her flower garden. There are now 14 roses in the vase.<<Question>> How many roses did she cut ?",11.0,11.0,"Explanation: In order to find out how many roses Alyssa cut, we subtract the initial number of roses in the vase (3) from the total number of roses in the vase after cutting (14). This gives us the number of roses she cut, which is 11."
<<Passage>>Sandy grew 51 pumpkins. Mike grew 23 pumpkins<<Question>> How many pumpkins did they grow in total ?,"<<Passage>>Sandy, in a humidity of 40%, grew 51 pumpkins. As the humidity increased to 60%, Mike grew 23 pumpkins.<<Question>> How many pumpkins did they grow in total ?",74.0,74.0,"Explanation: In order to find the total number of pumpkins grown, we add the number of pumpkins grown by Sandy (51) and Mike (23). 51 and 23 make 74."
<<Passage>>Sean has 55 blocks. 29 are eaten by a hippopotamus<<Question>> How many blocks will Sean have?,"<<Passage>>Sean has 55 blocks with a density of 5 g/cm^3. 29 of the blocks, however, were smashed by a hippopotamus making the remaining blocks denser at 8 g/cm^3.<<Question>> How many blocks will Sean have?",26.0,26.0,"Explanation: To find the number of blocks Sean will have after 29 blocks are eaten by a hippopotamus, we subtract 29 from the total number of blocks Sean has. Therefore, the solution is 55 - 29 = 26."
"<<Passage>>Mary found 2 seashells and Keith found 5 seashells on the beach . When they cleaned them , they discovered that 9 were cracked <<Question>> How many seashells did they find together ? ","<<Passage>>Mary found 2 seashells weighing 50 kg and Keith found 5 seashells on the beach. When they cleaned them , they discovered that 9 were cracked, and the total weight of the seashells was 60 kg.<<Question>> How many seashells did they find together ? ",7.0,7.0,"Explanation: In order to find the total number of seashells found, we add the number of seashells Mary found (2) and the number of seashells Keith found (5). 2 and 5 make 7."
"<<Passage>>Tom purchased a football game for $ 14.02 , a strategy game for $ 9.46 , and a Batman game for $ 12.04 <<Question>> How much did Tom spend on video games ? ","<<Passage>>Tom, who weighs 50 kg, purchased a football game for $ 14.02 , a strategy game for $ 9.46 , and a Batman game for $ 12.04. After purchasing the games, his weight increased to 60 kg.<<Question>> How much did Tom spend on video games ? ",35.52,35.52,"Explanation: To find out how much Tom spent on video games, we add the price of the football game ($14.02), the strategy game ($9.46), and the Batman game ($12.04). Adding these amounts gives us a total of $35.52."
<<Passage>>Connie had some marbles. Connie gave 183 to Juan. Now Connie has 593 marbles left<<Question>> How many did Connie have to start with?,"<<Passage>>Connie had some marbles weighing 2 kg. Connie gave 183 to Juan. Now Connie has 593 marbles left, weighing 5 kg.<<Question>> How many did Connie have to start with?",776.0,776.0,"Explanation: To find out how many marbles Connie had to start with, we add the marbles she gave to Juan (183) to the marbles she has left (593). Adding 183 and 593 gives us 776."
<<Passage>>Each of farmer Cunningham 's 6048 lambs is either black or white . There are 193 white ones <<Question>> How many of Farmer Cunningham 's lambs are black ? ,"<<Passage>>Each of farmer Cunningham's 6048 lambs, under a varying humidity from 20% to 60%, is either black or white. There are 193 white ones.<<Question>> How many of Farmer Cunningham 's lambs are black ? ",5855.0,5855.0,"Explanation: To find the number of black lambs, we subtract the number of white lambs (193) from the total number of lambs (6048). This gives us 6048 - 193 = 5855 black lambs."
"<<Passage>>nan<<Question>>If Karen sold 36 boxes of Tagalongs, how many cases of 12 boxes does Karen pickup from the cookie mom?","<<Passage>>The apple tree in my backyard is 15 feet tall and the temperature around it is 68 degrees Fahrenheit. By noon, the temperature rises to 85 degrees Fahrenheit.<<Question>>If Karen sold 36 boxes of Tagalongs, how many cases of 12 boxes does Karen pickup from the cookie mom?",3.0,3.0,"Explanation: To find out how many cases Karen needs to pick up, we divide the total number of boxes she sold (36) by the number of boxes in each case (12). 36 divided by 12 equals 3."
<<Passage>>Ralph collects 4 cards. Ralph's father gives Ralph 8 more<<Question>> How many cards does Ralph have?,<<Passage>>Ralph collects 4 cards that weigh 100 grams. Ralph's father gives Ralph 8 more cards and now they weigh 200 grams.<<Question>> How many cards does Ralph have?,12.0,12.0,"Explanation: In order to find the total number of cards Ralph has, we add the number of cards Ralph initially has (4) and the number of cards given by his father (8). Adding 4 and 8 gives 12."
<<Passage>>Dale's Vegetarian Restaurant bought 2.8333333333333335 pounds of green peppers and 2.8333333333333335 pounds of red peppers<<Question>> How many pounds of peppers did Dale's Vegetarian Restaurant buy in all?,"<<Passage>>Dale's Vegetarian Restaurant, in a temperature of 20 degrees Celsius, bought 2.8333333333333335 pounds of green peppers and 2.8333333333333335 pounds of red peppers. Later, when the temperature rose to 30 degrees Celsius, the peppers were still fresh.<<Question>> How many pounds of peppers did Dale's Vegetarian Restaurant buy in all?",5.666666666666667,5.666666666666667,"Explanation: To find out the total pounds of peppers that Dale's Vegetarian Restaurant bought, we need to add the pounds of green peppers (2.8333333333333335) and red peppers (2.8333333333333335). The sum of 2.8333333333333335 and 2.8333333333333335 is 5.666666666666667."
"<<Passage>>A dust storm sweeps across the prairie . It covers 64535 acres of the prairie in dust , but leaves 522 acres untouched <<Question>> How many acres does the prairie cover ? ","<<Passage>>A dust storm sweeps across the prairie, during which the humidity fluctuates from 30% to 70%. It covers 64535 acres of the prairie in dust, but leaves 522 acres untouched.<<Question>> How many acres does the prairie cover ? ",64013.0,64013.0,"Explanation: In order to find the total acres the prairie covers, we subtract the untouched acres (522) from the total acres affected by the dust storm (64535). So, 64535 - 522 equals 64013."
<<Passage>>There are 41 crayons and 26 pencils in the drawer . Sam placed 12 crayons in the drawer <<Question>> How many crayons are now there in total ? ,"<<Passage>>Initially, the drawer weighed 10 kg with 41 crayons and 26 pencils in it. After Sam placed 12 more crayons in the drawer, it weighed 20 kg.<<Question>> How many crayons are now there in total ? ",53.0,53.0,"Explanation: In order to find the total number of crayons, we add the number of crayons initially in the drawer (41) and the number of crayons Sam placed in the drawer (12). 41 and 12 make 53."
<<Passage>>A chef bought 0.14 kilograms of almonds and 0.38 kilograms of pecans <<Question>> How many kilograms of nuts did the chef buy in all ? ,"<<Passage>>A chef bought 0.14 kilograms of almonds and 0.38 kilograms of pecans in a room temperature of 20 degrees Celsius. As he continued his preparations, the temperature in the kitchen rose to 35 degrees Celsius.<<Question>> How many kilograms of nuts did the chef buy in all ? ",0.52,0.52,"Explanation: To find the total kilograms of nuts bought by the chef, we add the kilograms of almonds (0.14) and kilograms of pecans (0.38). 0.14 and 0.38 make 0.52."
<<Passage>>Tom has 9 yellow balloons. Sara has 8 yellow balloons<<Question>> How many yellow balloons do they have in total ?,<<Passage>>Tom has 9 yellow balloons in 20 degrees Celsius. Sara has 8 yellow balloons as the temperature rose to 30 degrees Celsius.<<Question>> How many yellow balloons do they have in total ?,17.0,17.0,"Explanation: In order to find the total number of yellow balloons, we add the number of balloons Tom has (9) and the number of balloons Sara has (8). 9 and 8 make 17."
<<Passage>>Nancy grew 6 potatoes. Sandy grew 7 potatoes<<Question>> How many potatoes did they grow in total ?,<<Passage>>Nancy grew 6 potatoes weighing 3 kg. Sandy grew 7 potatoes with a total weight of 12 kg.<<Question>> How many potatoes did they grow in total ?,13.0,13.0,"Explanation: To find the total number of potatoes grown, we add the number of potatoes grown by Nancy (6) and Sandy (7). 6 + 7 equals 13."
<<Passage>>There are 2 orchid bushes currently in the park . Park workers will plant 4 orchid bushes today <<Question>> How many orchid bushes will the park have when the workers are finished ? ,"<<Passage>>Currently in the park, where the temperature is 20 degrees Celsius, there are 2 orchid bushes. Park workers will plant 4 more orchid bushes today, increasing the temperature to 30 degrees Celsius.<<Question>> How many orchid bushes will the park have when the workers are finished ? ",6.0,6.0,"Explanation: To find the total number of orchid bushes in the park after the workers are finished, we add the number of bushes currently in the park (2) to the number of bushes the workers will plant today (4). Adding 2 and 4 gives us 6."
"<<Passage>> Julian is writing a comic book.  His story has 143 frames in all<<Question>> If he wants to put exactly 11 frames on each page, how many pages would  he have?","<<Passage>>Julian is writing a comic book under a light of 100 lumens. His story has 143 frames in all. As he progresses, he increases the light to 200 lumens to see better.<<Question>> If he wants to put exactly 11 frames on each page, how many pages would  he have?",13.0,13.0,"Explanation: To find out how many pages Julian would have, we divide the total number of frames (143) by the number of frames he wants on each page (11). The result is 13 pages."
"<<Passage>>Bridget has 4 Skittles. Henry has 4 Skittles<<Question>> If Henry gives all of his Skittles to Bridget, how many Skittles will Bridget have?","<<Passage>>Bridget has 4 Skittles, which are exposed to a humidity level starting at 20% and increasing to 80%. Henry also has 4 Skittles.<<Question>> If Henry gives all of his Skittles to Bridget, how many Skittles will Bridget have?",8.0,8.0,"Explanation: Bridget has 4 Skittles. Henry has 4 Skittles. If Henry gives all of his Skittles to Bridget, Bridget will have 8 Skittles. This is because Bridget already has 4 Skittles, and when Henry gives his 4 Skittles to Bridget, the total number of Skittles Bridget has is 4 + 4 = 8."
<<Passage>>Jose has 85 peanuts. Kenya has 48 more than Jose<<Question>> How many peanuts does Kenya have?,"<<Passage>>Jose has 85 peanuts spread across an area of 100 square meters. Kenya has 48 more peanuts than Jose, leading to a total area of 200 square meters.<<Question>> How many peanuts does Kenya have?",133.0,133.0,"Explanation: In order to find out how many peanuts Kenya has, we need to add the number of peanuts Jose has (85) and the additional peanuts Kenya has more than Jose (48). When we add 85 and 48, we get 133, which is the total number of peanuts Kenya has."
<<Passage>>There are 33 pencils and 44 crayons in the drawer . Joan placed 27 pencils in the drawer <<Question>> How many pencils are now there in total ? ,"<<Passage>>There are 33 pencils and 44 crayons in the drawer, which weighs 50 kg. Joan placed 27 pencils in the drawer, increasing its weight to 60 kg.<<Question>> How many pencils are now there in total ? ",60.0,60.0,"Explanation: In order to find the total number of pencils, we add the initial number of pencils (33) to the number of pencils Joan placed in the drawer (27). 33 and 27 make 60."
"<<Passage>>Keith found 6 seashells , Jessica found 8 seashells , and Tim found 7 seashells on the beach . When they cleaned them , they discovered that 3 were cracked <<Question>> How many seashells did they find together ? ","<<Passage>>On the beach, where the temperature ranged from 20 degrees Celsius to 30 degrees Celsius, Keith found 6 seashells, Jessica found 8 seashells, and Tim found 7 seashells. When they cleaned them, they discovered that 3 were cracked.<<Question>> How many seashells did they find together ? ",21.0,21.0,"Explanation: In order to find the total number of seashells found, we add the number of seashells Keith found (6), Jessica found (8), and Tim found (7). 6, 8, and 7 make 21. The 3 cracked seashells are included in this total because the problem asks for the total number of seashells found, not the total number of uncracked seashells."
"<<Passage>>Sunday morning was spent for making wood carvings which can be sold as souvenir for tourists.  They were placed in shelves that can contain 8 wood carvings at a time<<Question>> If 56 wood carvings were displayed, how many shelves were filled with carvings?","<<Passage>>Sunday morning was spent for making wood carvings which can be sold as souvenir for tourists. They were placed in shelves that can contain 8 wood carvings at a time, in a room with 40% humidity. As the day progressed, the humidity in the room increased to 60%.<<Question>> If 56 wood carvings were displayed, how many shelves were filled with carvings?",7.0,7.0,"Explanation: To find the number of shelves filled with carvings, we divide the total number of carvings (56) by the number of carvings each shelf can hold (8). 56 divided by 8 equals 7."
"<<Passage>>Nina did a running drill to get in shape for soccer season . First , Nina ran 0.08333333333333333 mile . Then she ran 0.08333333333333333 mile and 0.6666666666666666 mile <<Question>> How many miles did Nina run in total ? ","<<Passage>>Nina did a running drill to get in shape for soccer season. The temperature was 20 degrees Celsius when she started. First, Nina ran 0.08333333333333333 mile. Then she ran 0.08333333333333333 mile and 0.6666666666666666 mile. By the time she finished, the temperature had risen to 30 degrees Celsius.<<Question>> How many miles did Nina run in total ? ",0.8333333333333334,0.8333333333333334,"Explanation: In order to find the total number of miles Nina ran, we add the miles she ran each time. First, she ran 0.08333333333333333 mile, then she ran another 0.08333333333333333 mile and finally, she ran 0.6666666666666666 mile. When we add these three distances together, we get 0.8333333333333334 miles."
<<Passage>>A tailor cut 0.75 inch off a skirt and 0.5 inch off a pair of pants <<Question>> How much more did the tailor cut off the skirt than the pants ? ,"<<Passage>>A tailor, initially weighing 60 kg, cut 0.75 inch off a skirt and 0.5 inch off a pair of pants. After the work, the tailor weighed 70 kg.<<Question>> How much more did the tailor cut off the skirt than the pants ? ",0.25,0.25,"Explanation: In order to find out how much more the tailor cut off the skirt than the pants, we subtract the measurement of the pants (0.5 inch) from the measurement of the skirt (0.75 inch). Thus, 0.75 - 0.5 equals 0.25."
<<Passage>>Lisa starts with 91 bananas. Maria gives Lisa 8 more<<Question>> How many bananas does Lisa end with?,"<<Passage>>Lisa starts with 91 bananas with a humidity level of 25%. Maria gives Lisa 8 more, increasing the humidity level to 70%.<<Question>> How many bananas does Lisa end with?",99.0,99.0,"Explanation: To find the total number of bananas Lisa ends with, we add the bananas she started with (91) to the additional bananas Maria gave her (8). 91 plus 8 equals 99."
"<<Passage>>nan<<Question>>If Charles strolled 6 miles at 3 miles per hour, how long was Charles travelling?","<<Passage>>The tree, with a density of 0.8 g/cm^3, is 10 feet tall. After a year, it grows to 15 feet and its density increases to 0.9 g/cm^3.<<Question>>If Charles strolled 6 miles at 3 miles per hour, how long was Charles travelling?",2.0,2.0,"Explanation: To find out how long Charles was travelling, we divide the total distance he strolled (6 miles) by his speed (3 miles per hour). 6 divided by 3 equals 2."
<<Passage>>Theresa has 32 crayons. Janice has 12 crayons. She shares 13 with Nancy<<Question>> How many crayons will Theresa have?,"<<Passage>>Theresa, weighing 50 kg, has 32 crayons. Janice, weighing more, has 12 crayons. She shares 13 with Nancy, pushing their combined weight to 60 kg.<<Question>> How many crayons will Theresa have?",19.0,19.0,"Explanation: Theresa initially has 32 crayons. She gives away 13 crayons to Nancy. The number of crayons Theresa will have left after sharing with Nancy is calculated by subtracting the number of crayons shared (13) from the initial number of crayons Theresa had (32). So, 32 - 13 equals 19."
<<Passage>>There are 8 apples in a pile on the desk. Each apple comes in a package of 11. 5 apples are added to the pile<<Question>> How many apples are there in the pile?,"<<Passage>>There are 8 apples on the desk, with a total weight of 0.5 kg. Each apple comes in a package of 11. When 5 apples are added to the pile, the total weight becomes 0.8 kg.<<Question>> How many apples are there in the pile?",13.0,13.0,"Explanation: To find the total number of apples in the pile, we first ignore the packaging information as it doesn't affect the count. We start with the initial number of apples on the desk (8) and add the additional apples that were added to the pile (5). Adding 8 and 5 gives 13."
<<Passage>> 2 birds were sitting on the fence. 4 more birds came to join them<<Question>> How many birds are sitting on the fence?,"<<Passage>>2 birds were sitting on the fence in 20 degrees Celsius temperature. When 4 more birds came to join them, the temperature rose to 30 degrees Celsius.<<Question>> How many birds are sitting on the fence?",6.0,6.0,"Explanation: In order to find the total number of birds on the fence, we add the initial number of birds (2) and the birds that came to join them (4). 2 and 4 make 6."
<<Passage>>Scarlett made a fruit salad with 0.25 pound of melon and 0.375 pound of berries <<Question>> How many pounds of fruit did Scarlett use in all ? ,<<Passage>>Scarlett made a fruit salad with 0.25 pound of melon and 0.375 pound of berries. The temperature at the start was 5 degrees Celsius and went up to 25 degrees Celsius while she was preparing it.<<Question>> How many pounds of fruit did Scarlett use in all ? ,0.625,0.625,"Explanation: To find the total pounds of fruit Scarlett used, we need to add the weight of the melon (0.25 pound) and the berries (0.375 pound). When we add 0.25 and 0.375, the sum is 0.625 pounds."
<<Passage>>Donald has 4 oranges. He finds another 5<<Question>> How many oranges does Donald have in all?,"<<Passage>>Donald, who weighs 50 kg, has 4 oranges. He finds another 5 and his weight increases to 75 kg.<<Question>> How many oranges does Donald have in all?",9.0,9.0,"Explanation: In order to find the total number of oranges Donald has, we add the initial number of oranges he had (4) with the number of oranges he found (5). 4 and 5 make 9."
<<Passage>>Mary has 9 yellow marbles Joan has 3 yellow marbles<<Question>> How many yellow marbles do they have in all ?,"<<Passage>>Mary has 9 yellow marbles, initially at a temperature of 20 degrees Celsius. Joan has 3 yellow marbles. Now, the temperature of the marbles ranges up to 30 degrees Celsius.<<Question>> How many yellow marbles do they have in all ?",12.0,12.0,"Explanation: In order to find the total number of yellow marbles, we add the number of marbles Mary has (9) and the number of marbles Joan has (3). 9 and 3 make 12."
"<<Passage>>Sam found 35 seashells on the beach, he gave Joan 18 of the seashells<<Question>> How many seashells does he now have ?","<<Passage>>Sam found 35 seashells on the beach weighing a total of 50 kg, he then gave Joan 18 of the seashells and the remaining seashells weighed 60 kg.<<Question>> How many seashells does he now have ?",17.0,17.0,"Explanation: To find out how many seashells Sam now has, we subtract the number of seashells he gave to Joan (18) from the total number of seashells he originally found (35). This means we do 35 minus 18 which equals 17."
<<Passage>>Jenny ran 0.6 mile and walked 0.4 mile <<Question>> How much farther did Jenny run than walk ? ,<<Passage>>Jenny ran 0.6 mile with a speed of 4 km/h and walked 0.4 mile increasing her speed to 6 km/h<<Question>> How much farther did Jenny run than walk ? ,0.2,0.2,"Explanation: In order to find out how much farther Jenny ran than walked, we subtract the distance she walked (0.4 mile) from the distance she ran (0.6 mile). 0.6 mile - 0.4 mile equals 0.2 mile."
<<Passage>>Vince 's bus ride to school is 0.625 mile and Zachary 's bus ride is 0.5 mile <<Question>> How much longer is Vince 's bus ride than Zachary 's ? ,"<<Passage>>Vince's bus ride to school is 0.625 mile at a density of 1 g/cm^3, while Zachary's bus ride is 0.5 mile at a density of 2 g/cm^3.<<Question>> How much longer is Vince 's bus ride than Zachary 's ? ",0.125,0.125,"Explanation: To find out the difference in bus ride lengths between Vince and Zachary, we subtract Zachary's bus ride distance from Vince's. Therefore, 0.625 mile - 0.5 mile = 0.125 mile. So, Vince's bus ride is 0.125 mile longer than Zachary's."
<<Passage>>Michelle has 7 boxes of crayons.  Each box holds 5 crayons<<Question>> How many crayons does Michelle have?,"<<Passage>>Michelle has 7 boxes of crayons, each weighing 50 pounds. Each box holds 5 crayons. After adding more crayons, each box now weighs 70 pounds.<<Question>> How many crayons does Michelle have?",35.0,35.0,"Explanation: To find out how many crayons Michelle has, we need to multiply the number of boxes she has (7) by the number of crayons in each box (5). So, 7 multiplied by 5 equals 35."
"<<Passage>>There are 1986 books in Oak Grove 's public library . In addition , there are 5106 books in its school libraries <<Question>> How many books do the libraries in Oak Grove have overall ? ","<<Passage>>There are 1986 books in Oak Grove 's public library, where the temperature starts at 20 degrees Celsius. In addition, there are 5106 books in its school libraries where the temperature can go up to 30 degrees Celsius.<<Question>> How many books do the libraries in Oak Grove have overall ? ",7092.0,7092.0,"Explanation: To find the total number of books in the libraries in Oak Grove, we need to add the number of books in the public library to the number of books in the school libraries. The public library has 1986 books and the school libraries have 5106 books. Adding these together, 1986 + 5106 equals 7092."
"<<Passage>>Shannon and her family use up a lot of strawberry and blueberry jelly , since they eat toast every morning . At the moment , they have a combined total of 6310 grams of jelly <<Question>> If they have 4518 grams of blueberry jelly , how many grams of strawberry jelly do they have ? ","<<Passage>>Shannon and her family use up a lot of strawberry and blueberry jelly , since they eat toast every morning . At the moment , they have a combined total of 6310 grams of jelly. The temperature of the jelly varies from 20 degrees Celsius to 30 degrees Celsius.<<Question>> If they have 4518 grams of blueberry jelly , how many grams of strawberry jelly do they have ? ",1792.0,1792.0,"Explanation: In order to find the total amount of strawberry jelly, we subtract the amount of blueberry jelly (4518 grams) from the total amount of jelly (6310 grams). So, 6310 minus 4518 equals 1792."
"<<Passage>>Sam grew 4 watermelons , but the rabbits ate 3 watermelons <<Question>> How many watermelons does Sam have ? ","<<Passage>>Sam grew 4 watermelons in a temperature of 25 degrees Celsius, but the rabbits ate 3 watermelons when the temperature rose to 35 degrees Celsius<<Question>> How many watermelons does Sam have ? ",1.0,1.0,"Explanation: In order to find out how many watermelons Sam has left, we subtract the number of watermelons eaten by the rabbits (3) from the total number of watermelons grown by Sam (4). 4 minus 3 equals 1."
<<Passage>>Alyssa has 36 books.  Nancy has 7 times more books than  Alyssa<<Question>> How many books does Nancy have ?,"<<Passage>>Alyssa has 36 books, weighing a total of 500 pounds. Nancy, who has 7 times more books than Alyssa, has books weighing a total of 700 pounds.<<Question>> How many books does Nancy have ?",252.0,252.0,"Explanation: To find out how many books Nancy has, we need to multiply the number of books Alyssa has (36) by 7. So, 36 times 7 equals 252."
<<Passage>>Roadster 's Paving Company used 10 tons of cement to pave Lexi 's street and 5.1 tons of cement to pave Tess 's street <<Question>> How much cement did Roadster 's Paving Company use in all ? ,<<Passage>>Roadster's Paving Company used 10 tons of cement to pave Lexi's street covering an area of 60 square meters and 5.1 tons of cement to pave Tess's street covering an area of 100 square meters.<<Question>> How much cement did Roadster 's Paving Company use in all ? ,15.1,15.1,"Explanation: In order to find the total amount of cement used by Roadster's Paving Company, we need to add the amount used for Lexi's street (10 tons) and Tess's street (5.1 tons). Adding 10 and 5.1 gives us a total of 15.1 tons of cement used by Roadster's Paving Company."
<<Passage>>Suzie found 2 worms in the yard and measured them with a ruler . 1 worm was 0.8 inch long . The other worm was 0.1 inch long <<Question>> How much longer was the longer worm ? ,<<Passage>>Suzie found 2 worms in the yard that weighed 10 grams and measured them with a ruler. 1 worm was 0.8 inch long. The other worm was 0.1 inch long. Now the worms weigh 20 grams.<<Question>> How much longer was the longer worm ? ,0.7,0.7,"Explanation: To find out how much longer the longer worm was, we subtract the length of the shorter worm from the length of the longer worm. So, 0.8 inch (the length of the longer worm) minus 0.1 inch (the length of the shorter worm) equals 0.7 inch."
"<<Passage>>9 of Hayley’s closest friends like stickers<<Question>> If she plans to give all of them an equal number of stickers, how many will each receive if she has 72 stickers?","<<Passage>>9 of Hayley’s closest friends, in a room with 30% humidity, like stickers. As they continue to stay, the humidity in the room rises to 50%.<<Question>> If she plans to give all of them an equal number of stickers, how many will each receive if she has 72 stickers?",8.0,8.0,"Explanation: To find out how many stickers each friend will receive, we divide the total number of stickers (72) by the number of friends (9). So, 72 divided by 9 equals 8."
"<<Passage>> Tommy had some balloons. His mom gave him 34 more balloons for his birthday. Then, Tommy had 60 balloons<<Question>> How many balloons did  Tommy have to start with?","<<Passage>>Tommy had some balloons weighing 10 kg. His mom gave him 34 more balloons for his birthday. Then, Tommy had 60 balloons weighing in total 20 kg.<<Question>> How many balloons did  Tommy have to start with?",26.0,26.0,"Explanation: If Tommy had 60 balloons after his mom gave him 34 more, this means he had fewer balloons before. We can find the original amount by subtracting the number of balloons his mom gave him from the total amount he ended up with. So, 60 balloons minus 34 balloons equals 26 balloons. Therefore, Tommy originally had 26 balloons."
<<Passage>>Brenda wants to split a collection of erasers into groups of 90.  Brenda has 270 erasers<<Question>> How many groups will be created?,"<<Passage>>Brenda wants to split a collection of erasers into groups of 90. Initially, the total weight of the erasers is 2000 grams. Brenda has 270 erasers. After adding some more erasers, the total weight becomes 3000 grams.<<Question>> How many groups will be created?",3.0,3.0,"Explanation: To find out how many groups Brenda can create, we divide the total number of erasers (270) by the number of erasers in each group (90). 270 divided by 90 equals 3."
"<<Passage>>Jane had been saving large empty cans to serve as pots for sunflowers<<Question>> If she has 54 sunflower seeds and there are 9 cans, how many seeds will be placed in each can if she places an equal number of seeds in each can?","<<Passage>>Jane had been saving large empty cans, each weighing 2 pounds, to serve as pots for sunflowers. After filling them with soil, they now weigh 3 pounds each.<<Question>> If she has 54 sunflower seeds and there are 9 cans, how many seeds will be placed in each can if she places an equal number of seeds in each can?",6.0,6.0,"Explanation: To find out how many seeds will be placed in each can, we divide the total number of seeds (54) by the total number of cans (9). 54 divided by 9 equals 6."
<<Passage>> The Ferris wheel in Paradise Park has 14 seats.  Each seat can hold 6 people<<Question>> How many people can ride the Ferris wheel at the same time?,"<<Passage>>The Ferris wheel in Paradise Park has 14 seats. Each seat can hold 6 people. Initially, the total weight on the wheel is 200 pounds, but as more people get on, it increases to 300 pounds.<<Question>> How many people can ride the Ferris wheel at the same time?",84.0,84.0,"Explanation: In order to find the total number of people who can ride the Ferris wheel at the same time, we multiply the number of seats (14) by the number of people each seat can hold (6). 14 multiplied by 6 equals 84."
<<Passage>>Virginia starts with 96 eggs. Amy takes 3 away<<Question>> How many eggs does Virginia end with?,"<<Passage>>Virginia starts with 96 eggs, at a temperature of 20 degrees Celsius. Amy takes 3 away, now the temperature is 30 degrees Celsius.<<Question>> How many eggs does Virginia end with?",93.0,93.0,"Explanation: To find the number of eggs Virginia ends with, we subtract the number of eggs Amy took (3) from the number Virginia started with (96). So, 96 minus 3 gives us 93."
<<Passage>>Each bag contains 23 pounds of oranges<<Question>> How many pounds of oranges are in 45 bags?,"<<Passage>>Each bag contains 23 pounds of oranges, stored at a temperature of 70 degrees Fahrenheit. After a while, the temperature in the storage area increases to 80 degrees Fahrenheit.<<Question>> How many pounds of oranges are in 45 bags?",1035.0,1035.0,"Explanation: To find the total weight of oranges in 45 bags, we multiply the weight of oranges in one bag (23 pounds) by the number of bags (45). So, 23 pounds/bag * 45 bags = 1035 pounds."
<<Passage>> Mrs.  Hilt reads 5 books a day<<Question>> How many books does she read in 3 days?,"<<Passage>>Mrs. Hilt, who weighs 150 pounds, reads 5 books a day. After a hearty meal, she weighs 160 pounds and continues reading.<<Question>> How many books does she read in 3 days?",15.0,15.0,"Explanation: In order to find the total number of books Mrs. Hilt reads in 3 days, we multiply the number of books she reads in a day (5) by the number of days (3). 5 books per day times 3 days equals 15 books."
<<Passage>>There are 39 scissors and 22 pencils in the drawer . Dan placed 13 scissors in the drawer <<Question>> How many scissors are now there in total ? ,<<Passage>>There are 39 scissors and 22 pencils in the drawer. Dan placed 13 scissors in the drawer. The luminosity in the room increased from 100 lux to 500 lux.<<Question>> How many scissors are now there in total ? ,52.0,52.0,"Explanation: To find the total number of scissors in the drawer after Dan placed 13 more scissors, we add the initial number of scissors (39) to the number of scissors Dan placed (13) which gives 52 scissors in total."
<<Passage>> There are 261 fishbowls.  Each fishbowl has 23 fish<<Question>> How many fish are there?,"<<Passage>>There are 261 fishbowls, in a room with a humidity of 50%. Each fishbowl has 23 fish. As more fish are added, the humidity in the room rises to 70%.<<Question>> How many fish are there?",6003.0,6003.0,"Explanation: In order to find the total number of fish, we multiply the number of fishbowls (261) by the number of fish in each bowl (23). 261 multiplied by 23 equals 6003."
"<<Passage>>nan<<Question>>If there are 7 eggs in a box and Daniel puts 4 more eggs inside, how many eggs are in the box?","<<Passage>>The humidity started at 30% and increased to 70%.<<Question>>If there are 7 eggs in a box and Daniel puts 4 more eggs inside, how many eggs are in the box?",11.0,11.0,"Explanation: To find the total number of eggs in the box, we add the initial number of eggs (7) and the number of eggs Daniel added (4). 7 and 4 make 11."
<<Passage>>Billy has 62 crayons. 52 are eaten by a hippopotamus<<Question>> How many crayons will Billy have?,"<<Passage>>Billy, in the high humidity of 10%, has 62 crayons. 52 of these crayons are eaten by a hippopotamus, as the humidity rises to 90%.<<Question>> How many crayons will Billy have?",10.0,10.0,"Explanation: To find the number of crayons Billy will have, subtract the number of crayons eaten by the hippopotamus (52) from the initial number of crayons Billy had (62). 62 - 52 = 10. Therefore, Billy will have 10 crayons."
<<Passage>>Brennan had 0.25 grams of pepper. Then he used 0.16 grams of the pepper to make some scrambled eggs<<Question>> How much pepper does Brennan have left?,<<Passage>>Brennan had 0.25 grams of pepper and the temperature was 22 degrees Celsius. Then he used 0.16 grams of the pepper to make some scrambled eggs and the temperature rose to 30 degrees Celsius.<<Question>> How much pepper does Brennan have left?,0.09,0.09,"Explanation: To find out how much pepper Brennan has left, subtract the amount of pepper used (0.16 grams) from the total amount he initially had (0.25 grams). The calculation is as follows: 0.25 - 0.16 = 0.09 grams."
"<<Passage>>Paco 's Countertop Company purchased pieces of marble from a quarry . The weights of the pieces they purchased were 0.3333333333333333 ton , 0.3333333333333333 ton , and 0.08333333333333333 ton <<Question>> How many tons of marble did Paco 's Countertop Company purchase in all ? ","<<Passage>>Paco's Countertop Company purchased pieces of marble from a quarry. The weights of the pieces they purchased were 0.3333333333333333 ton, 0.3333333333333333 ton, and 0.08333333333333333 ton. During the purchase, the temperature ranged from 20 degrees Celsius to 30 degrees Celsius.<<Question>> How many tons of marble did Paco 's Countertop Company purchase in all ? ",0.75,0.75,"Explanation: To find out how many tons of marble Paco's Countertop Company purchased in total, we add the weights of the individual pieces. Adding 0.3333333333333333 ton, 0.3333333333333333 ton, and 0.08333333333333333 ton gives us a total of 0.75 ton."
<<Passage>> Darius drove 679 miles to visit his grandmother. Julia drove 998 miles to visit her grandmother<<Question>> What is the total number of miles Darius and Julia  drove?,<<Passage>>Darius drove 679 miles to visit his grandmother. Julia drove 998 miles to visit her grandmother off an area covering 25 square meters to 50 square meters.<<Question>> What is the total number of miles Darius and Julia  drove?,1677.0,1677.0,"Explanation: To find the total number of miles Darius and Julia drove, we need to add the number of miles Darius drove (679 miles) and the number of miles Julia drove (998 miles). By adding 679 and 998, we get a total of 1677 miles."
<<Passage>>Helen starts with 82 cards. Gary takes 9 away<<Question>> How many cards does Helen end with?,"<<Passage>>Helen starts with 82 cards and experiences a humidity level of 30%. Gary takes 9 cards away, and the humidity rises to 70%.<<Question>> How many cards does Helen end with?",73.0,73.0,"Explanation: To find how many cards Helen ends with, we start with the initial number of cards Helen had (82) and subtract the number of cards Gary took away (9). 82 - 9 equals 73."
<<Passage>>Sara had 4 quarters and 8 dimes in her bank . Her sister borrowed 4 dimes <<Question>> How many dimes does Sara have now ? ,<<Passage>>Sara had 4 quarters and 8 dimes in her bank weighing 50 kg. Her sister borrowed 4 dimes and now the bank weighs 60 kg.<<Question>> How many dimes does Sara have now ? ,4.0,4.0,"Explanation: Sara initially had 8 dimes. Her sister borrowed 4 dimes from her. So, to find out how many dimes Sara has now, we subtract the number of dimes borrowed by her sister from the initial number of dimes Sara had. So, 8 - 4 = 4. Hence, Sara has 4 dimes now."
"<<Passage>>Diana has 3840 erasers<<Question>> If she shares them among 48 friends, how many erasers does each friend get?","<<Passage>>Diana has 3840 erasers that initially weigh 50 pounds in total. After adding more erasers, the total weight increases to 100 pounds.<<Question>> If she shares them among 48 friends, how many erasers does each friend get?",80.0,80.0,"Explanation: To find out how many erasers each friend gets, we divide the total number of erasers (3840) by the number of friends (48). So, 3840 divided by 48 equals 80."
"<<Passage>> You are reading a book with 120 pages<<Question>> If you want to read the same number of pages each night, how many would you have to read each  night to finish in 10 days?","<<Passage>>You are reading a book with 120 pages, while sitting on a chair that initially weighs 200 pounds. As you continue reading, you notice the chair now weighs 220 pounds.<<Question>> If you want to read the same number of pages each night, how many would you have to read each  night to finish in 10 days?",12.0,12.0,"Explanation: To find out how many pages you need to read each night to finish the book in 10 days, you divide the total number of pages by the number of days. So, 120 pages divided by 10 days equals 12 pages per day."
<<Passage>>Sandy grew 6 carrots. Sam grew 3 carrots<<Question>> How many carrots did they grow in total ?,<<Passage>>Sandy grew 6 carrots in a temperature of 25 degrees Celsius. Sam grew 3 carrots as the temperature rose to 30 degrees Celsius.<<Question>> How many carrots did they grow in total ?,9.0,9.0,"Explanation: In order to find the total number of carrots grown, we add the number of carrots grown by Sandy (6) and Sam (3). 6 and 3 make 9."
<<Passage>>Last week Tim had 12 dollars and Keith had 36 dollars . Tim washed cars over the weekend and now has 75 dollars <<Question>> How much money did Tim make washing cars ? ,"<<Passage>>Last week Tim, weighing 60 kg, had 12 dollars and Keith had 36 dollars. Tim washed cars over the weekend, gained some weight and now weighs 70 kg, and has 75 dollars.<<Question>> How much money did Tim make washing cars ? ",63.0,63.0,"Explanation: To find out how much money Tim made washing cars, we subtract the amount of money he had last week (12 dollars) from the amount he has now (75 dollars). So, 75 minus 12 equals 63."
<<Passage>>Mark sprinted 24 miles at 6 miles per hour<<Question>> How long did Mark sprint?,"<<Passage>>Mark started his sprint of 24 miles at 6 miles per hour when the temperature was 68 degrees Fahrenheit. By the end of his run, the temperature had risen to 75 degrees Fahrenheit.<<Question>> How long did Mark sprint?",4.0,4.0,"Explanation: To find out how long Mark sprinted, we divide the total distance he sprinted (24 miles) by his speed (6 miles per hour). So, 24 divided by 6 equals 4."
"<<Passage>>Before the recent housing boom , there were 1426 houses in Lawrence County . Now , there are 2000 houses <<Question>> How many houses did developers build during the housing boom ? ","<<Passage>>Before the recent housing boom, there were 1426 houses in Lawrence County with a density of 2 houses per square mile. Now, there are 2000 houses with a density of 3 houses per square mile.<<Question>> How many houses did developers build during the housing boom ? ",574.0,574.0,"Explanation: To find out how many houses developers built during the housing boom, we subtract the number of houses before the boom from the number of houses now. 2000 houses now - 1426 houses before = 574 houses built."
<<Passage>>Sean has 223 whistles. Sean has 95 more whistles than Charles<<Question>> How many whistles does Charles have?,"<<Passage>>Sean, weighing 50 kg, has 223 whistles. Sean, who now weighs 75 kg, has 95 more whistles than Charles.<<Question>> How many whistles does Charles have?",128.0,128.0,"Explanation: To find the number of whistles Charles has, we subtract the number of extra whistles Sean has from Sean's total number of whistles. So, 223 (Sean's whistles) minus 95 (extra whistles Sean has) equals 128."
<<Passage>> The clown blew up 47 balloons. Then he blew up 13 more balloons<<Question>> How many balloons does the clown have now?,<<Passage>>The clown blew up 47 balloons when the humidity was at 30% RH. Then he blew up 13 more balloons and the humidity increased to 70% RH.<<Question>> How many balloons does the clown have now?,60.0,60.0,"Explanation: In order to find the total number of balloons, we add the number of balloons the clown blew first (47) and the number of balloons he blew up next (13). 47 and 13 make 60."
<<Passage>>There are 261 fishbowls.  Each fishbowl has 23 fish<<Question>> How many fish are there?,"<<Passage>>There are 261 fishbowls, each weighing 200 pounds. Each fishbowl has 23 fish. As more fish are added, the weight of each fishbowl increases to 400 pounds.<<Question>> How many fish are there?",6003.0,6003.0,"Explanation: To find the total number of fish, we multiply the number of fishbowls (261) by the number of fish in each bowl (23). So, 261 multiplied by 23 equals 6003."
<<Passage>> Bob’s car gets 10 kilometers per gallon<<Question>> How far can he drive on 10 gallons of gas?,"<<Passage>>Bob’s car, which gets 10 kilometers per gallon, when the temperature is 25 degrees Celsius. After a while, the temperature rises to 35 degrees Celsius.<<Question>> How far can he drive on 10 gallons of gas?",100.0,100.0,"Explanation: In order to find out how far Bob can drive on 10 gallons of gas, we multiply the number of kilometers he gets per gallon (10) by the number of gallons (10). 10 times 10 is 100."
"<<Passage>>At Lindsey 's Vacation Wear , 0.375 the garments are bikinis and 0.25 are trunks <<Question>> What fraction of the garments are either bikinis or trunks ? ","<<Passage>>At Lindsey 's Vacation Wear, where humidity ranges from 30% RH to 70% RH, 0.375 of the garments are bikinis and 0.25 are trunks.<<Question>> What fraction of the garments are either bikinis or trunks ? ",0.625,0.625,"Explanation: In order to find the fraction of the garments that are either bikinis or trunks, we add the fraction of bikinis (0.375) and trunks (0.25). 0.375 and 0.25 make 0.625."
<<Passage>> 22 boys went down the slide. 13 more boys went down the slide<<Question>> How many boys went down the slide?,"<<Passage>>22 boys went down the slide when the temperature was 20 degrees Celsius. Then, 13 more boys went down the slide as the temperature increased to 30 degrees Celsius.<<Question>> How many boys went down the slide?",35.0,35.0,"Explanation: In order to find the total number of boys who went down the slide, we add the number of boys who first went (22) and the boys who went after (13). 22 and 13 make 35."
"<<Passage>>It has been tradition in Shiela’s home to hang a sock above the fireplace for each member of the family.  This year, she placed a cinnamon ball every day in the socks for 5 of her family members<<Question>> How long can she do this if she bought 50 cinnamon balls?","<<Passage>>It has been tradition in Shiela’s home, which has a comfortable 30% humidity, to hang a sock above the fireplace for each member of the family. This year, she placed a cinnamon ball every day in the socks for 5 of her family members. The humidity in the home increased to 45%.<<Question>> How long can she do this if she bought 50 cinnamon balls?",10.0,10.0,"Explanation: Shiela places a cinnamon ball in the socks of each of her 5 family members every day. This means she uses 5 cinnamon balls per day. If she has 50 cinnamon balls, she can do this for 50/5 = 10 days."
<<Passage>>Joan found 79 seashells on the beach. She gave Mike 63 of the seashells <<Question>> How many seashells does she now have ? ,"<<Passage>>Joan found 79 seashells on the beach, weighing a total of 20 kg. She gave Mike 63 of the seashells, which decreased the weight of the seashells she had to 50 kg.<<Question>> How many seashells does she now have ? ",16.0,16.0,"Explanation: Joan initially found 79 seashells. She then gave Mike 63 of these seashells. In order to find out how many seashells she has now, we subtract the number of seashells she gave to Mike from the total number of seashells she found. So, 79 - 63 = 16. Therefore, Joan now has 16 seashells."
<<Passage>>Each ticket costs $9. 00<<Question>> How much do 4 tickets cost?,"<<Passage>>Each ticket costs $9.00. The weight of the tickets starts at 0 pounds, but as more are printed, it reaches up to 2000 pounds.<<Question>> How much do 4 tickets cost?",36.0,36.0,"Explanation: To find the total cost of the tickets, we multiply the cost of one ticket ($9.00) by the number of tickets (4). So, 9 times 4 equals 36."
<<Passage>> Kelly has 121 Nintendo games<<Question>> How many does she need to give away so that she will have 22 games left?,"<<Passage>>Kelly has 121 Nintendo games that weigh around 60 kg. Now due to some changes, the weight of the games has increased to 80 kg.<<Question>> How many does she need to give away so that she will have 22 games left?",99.0,99.0,"Explanation: In order to find out how many games Kelly needs to give away, we subtract the number of games she wants to keep (22) from the total number of games she has (121). So, 121 - 22 equals 99."
"<<Passage>>There were a total of 10 soccer games in the season.  The season is played for 5 months<<Question>> How many soccer games were played each month, if each month has the same number of games?","<<Passage>>There were a total of 10 soccer games in the season, starting with a humidity of 40%. The season is played for 5 months and by the end, the humidity rises to 60%.<<Question>> How many soccer games were played each month, if each month has the same number of games?",2.0,2.0,"Explanation: In order to find out how many soccer games were played each month, we divide the total number of games (10) by the number of months (5). 10 divided by 5 equals 2."
<<Passage>> Gino has 63 popsicle sticks. I have 50 popsicle sticks<<Question>> What is the sum of our popsicle sticks?,"<<Passage>>Gino, weighing 70 kg, has 63 popsicle sticks. I, weighing 80 kg, have 50 popsicle sticks.<<Question>> What is the sum of our popsicle sticks?",113.0,113.0,"Explanation: To find the total number of popsicle sticks we have, add the number of popsicle sticks Gino has (63) and the number of popsicle sticks I have (50). Adding 63 and 50 gives us 113."
"<<Passage>>Joan has 9 blue balloons, Sally has 5 blue balloons, and Jessica has 2 blue balloons<<Question>> How many blue balloons do they have in total ?","<<Passage>>Joan has 9 blue balloons, Sally has 5 blue balloons, and Jessica has 2 blue balloons. Initially, the temperature was 20 degrees Celsius. Now, it has risen to 30 degrees Celsius.<<Question>> How many blue balloons do they have in total ?",16.0,16.0,"Explanation: To find the total number of blue balloons, we add the number of blue balloons Joan, Sally, and Jessica have. Joan has 9 blue balloons, Sally has 5 blue balloons, and Jessica has 2 blue balloons. When you add 9, 5, and 2 together, you get 16."
<<Passage>>Maria has 3 boxes of eggs.  Each box holds 7 eggs and there are 8 boxes in a case<<Question>> How many eggs does Maria have?,"<<Passage>>Maria has 3 boxes of eggs, each weighing 20 pounds. Each box holds 7 eggs and there are 8 boxes in a case. After adding more eggs, each box now weighs 40 pounds.<<Question>> How many eggs does Maria have?",21.0,21.0,"Explanation: To find out how many eggs Maria has, we multiply the number of boxes she has (3) by the number of eggs in each box (7). So, 3 times 7 equals 21."
<<Passage>> Gavin has 23 shirts. 6 are blue the rest are green<<Question>> How many green shirts does Gavin have?,"<<Passage>>Gavin, weighing 60 kg, has 23 shirts. 6 are blue the rest are green. After acquiring the shirts he weighs 70 kg.<<Question>> How many green shirts does Gavin have?",17.0,17.0,"Explanation: To find out how many green shirts Gavin has, we subtract the number of blue shirts (6) from the total number of shirts (23). The operation is 23 - 6 which equals 17. So, Gavin has 17 green shirts."
<<Passage>>Dan has 32 green and 38 violet marbles . Mike took 23 of Dan 's green marbles <<Question>> How many green marbles does Dan now have ? ,"<<Passage>>Dan, who initially had marbles weighing 50 kg, has 32 green and 38 violet marbles . Mike took 23 of Dan 's green marbles, leaving Dan with marbles that weigh 60 kg.<<Question>> How many green marbles does Dan now have ? ",9.0,9.0,"Explanation: In order to find out how many green marbles Dan has now, we subtract the number of green marbles Mike took (23) from the total number of green marbles Dan had initially (32). So, 32 - 23 equals 9."
<<Passage>>Tom has 30 violet balloons. He gave Fred 16 of the balloons <<Question>> How many violet balloons does he now have ? ,"<<Passage>>Tom has 30 violet balloons weighing 5 kg. He gave Fred 16 of the balloons. Now, the weight of his balloons is 10 kg.<<Question>> How many violet balloons does he now have ? ",14.0,14.0,"Explanation: Tom initially has 30 violet balloons. He gave Fred 16 of these balloons. In order to find how many violet balloons he now has, we subtract the number of balloons he gave Fred from the number of balloons he initially had. So, 30 - 16 = 14."
<<Passage>>Mrs.  Hilt has 40 markers.  They are divided equally into 7 packages.  Mrs<<Question>> Hilt wants to know how many markers are in each package?,"<<Passage>>Mrs. Hilt has 40 markers, weighing a total of 200 pounds. They are divided equally into 7 packages. As more markers are added, the total weight increases to 220 pounds. Mrs<<Question>> Hilt wants to know how many markers are in each package?",5.0,5.0,"Explanation: To find out how many markers are in each package, we divide the total number of markers (40) by the number of packages (7). 40 divided by 7 equals 5. Therefore, there are 5 markers in each package."
<<Passage>>Sara has 9 dozen golf balls<<Question>> How many golf balls does she have ?,"<<Passage>>Sara has 9 dozen golf balls that weigh 10 pounds. After she adds more balls, the total weight increases to 20 pounds.<<Question>> How many golf balls does she have ?",108.0,108.0,"Explanation: To find out how many golf balls Sara has, we need to multiply the number of dozens (9) by 12 (since there are 12 items in a dozen). So, 9 dozens is equal to 9*12 = 108 golf balls."
<<Passage>>Iesha has 344 books. 136 are about school and the rest are about sports<<Question>> How many books about sports does Iesha have?,"<<Passage>>Iesha has 344 books covering an area of 10 square meters. 136 are about school and the rest are about sports. Now, with an expanded library space of 50 square meters, she can accommodate all her books comfortably.<<Question>> How many books about sports does Iesha have?",208.0,208.0,"Explanation: In order to find out how many sports books Iesha has, we subtract the number of school books (136) from the total number of books (344). 344 minus 136 equals 208."
<<Passage>> There are 124 students making 3 stars each for the school wall<<Question>> How many stars will they make all together?,"<<Passage>>There are 124 students making 3 stars each for the school wall, starting with a total weight of 100 pounds of raw materials. As they continue crafting, the weight of the materials increases to 200 pounds.<<Question>> How many stars will they make all together?",372.0,372.0,"Explanation: To find the total number of stars made, we multiply the number of students (124) by the number of stars each student makes (3). 124 multiplied by 3 equals 372."
"<<Passage>>Bonnie has 10 tickets<<Question>> If she shares them among 2 friends, how many tickets does each friend get?","<<Passage>>Bonnie, weighing 50 pounds, has 10 tickets. After eating, her weight increases to 70 pounds.<<Question>> If she shares them among 2 friends, how many tickets does each friend get?",5.0,5.0,"Explanation: In order to find out how many tickets each friend gets, we divide the total number of tickets (10) by the number of friends (2). 10 divided by 2 equals 5."
<<Passage>>George has 2 boxes of blocks.  Each box holds 6 blocks and there are 5 boxes in a case<<Question>> How many blocks does George have?,"<<Passage>>George has 2 boxes of blocks, each weighing 30 pounds. Each box holds 6 blocks and there are 5 boxes in a case. When he adds more blocks, the weight of each box increases to 60 pounds.<<Question>> How many blocks does George have?",12.0,12.0,"Explanation: George has 2 boxes of blocks. Each box holds 6 blocks. So, to find the total number of blocks George has, we multiply the number of boxes (2) by the number of blocks in each box (6). 2 times 6 equals 12."
<<Passage>>Sara got fast food for lunch. Sara spent $5.36 on a hotdog and $5.10 on a salad<<Question>> What was the total of the lunch bill?,"<<Passage>>Sara, who weighed 50 kg, got fast food for lunch. She spent $5.36 on a hotdog and $5.10 on a salad. After the meal, her weight was 55 kg.<<Question>> What was the total of the lunch bill?",10.46,10.46,"Explanation: To find the total cost of the lunch, we add the cost of the hotdog ($5.36) and the cost of the salad ($5.10). When you add $5.36 and $5.10 together, you get $10.46."
"<<Passage>>Heather went to the county fair last weekend. When she got there, she had to walk 0.3333333333333333 of a mile from the car to the entrance. Then she walked 0.3333333333333333 of a mile to the carnival rides and 0.08333333333333333 of a mile from the carnival rides back to the car<<Question>> How many miles did Heather walk in all?","<<Passage>>Heather went to the county fair last weekend when the temperature was 20 degrees Celsius. When she got there, she had to walk 0.3333333333333333 of a mile from the car to the entrance. Then she walked 0.3333333333333333 of a mile to the carnival rides under a temperature of 25 degrees Celsius and 0.08333333333333333 of a mile from the carnival rides back to the car.<<Question>> How many miles did Heather walk in all?",0.75,0.75,"Explanation: Heather first walked 0.3333333333333333 miles from the car to the entrance. She then walked 0.3333333333333333 miles to the carnival rides. Finally, she walked 0.08333333333333333 miles from the carnival rides back to the car. To find the total distance she walked, we add up these three distances. 0.3333333333333333 + 0.3333333333333333 + 0.08333333333333333 equals 0.75."
"<<Passage>>Harry Hound had a terrible earache yesterday. When I peered into his ears yesterday, I found 36 frisky fleas having a party in his right ear and 85 baby fleas sleeping peacefully in his left ear. I cleaned out Harry Hound's ears<<Question>> How many fleas perished?","<<Passage>>Harry Hound had a terrible earache yesterday, when his temperature was 30 degrees Celsius. When I peered into his ears yesterday, I found 36 frisky fleas having a party in his right ear and 85 baby fleas sleeping peacefully in his left ear. After I cleaned out Harry Hound's ears, his temperature dropped to 20 degrees Celsius.<<Question>> How many fleas perished?",121.0,121.0,"Explanation: In order to find the total number of fleas that perished, we add the number of fleas found in the right ear (36) and left ear (85). 36 and 85 add up to 121."
"<<Passage>>A bee colony produced 0.36 pounds of honey , but bears ate 0.05 pounds of it <<Question>> How much honey remains ? ","<<Passage>>A bee colony produced 0.36 pounds of honey at 20 degrees Celsius, but bears ate 0.05 pounds of it. By the time the temperature reached 30 degrees Celsius, the remaining honey was still in the hive.<<Question>> How much honey remains ? ",0.31,0.31,"Explanation: In order to find the remaining amount of honey, we subtract the amount of honey eaten by the bears (0.05 pounds) from the total amount of honey produced by the bee colony (0.36 pounds). So, 0.36 - 0.05 equals 0.31 pounds."
<<Passage>> Mrs. Hilt bought a yoyo for 24 cents and a whistle for 14 cents<<Question>> How much did she spend in all for the two toys?,"<<Passage>>Mrs. Hilt bought a yoyo for 24 cents and a whistle for 14 cents, with densities of 1 g/cm^3 and 2.5 g/cm^3 respectively.<<Question>> How much did she spend in all for the two toys?",38.0,38.0,"Explanation: To find the total amount Mrs. Hilt spent, we add the cost of the yoyo (24 cents) and the cost of the whistle (14 cents). Doing so gives us a total of 38 cents."
<<Passage>> Your class is having a pizza party.  You buy 5 pizzas.  Each pizza has 4 slices<<Question>> How many slices is that altogether?,"<<Passage>>Your class is having a pizza party. You buy 5 pizzas, each weighing 150 pounds. Each pizza has 4 slices. After adding more toppings, each pizza now weighs 200 pounds.<<Question>> How many slices is that altogether?",20.0,20.0,"Explanation: To find the total number of pizza slices, we multiply the number of pizzas (5) by the number of slices each pizza has (4). So, 5 times 4 equals 20."
<<Passage>> Josh had 142 pencils. He gave 31 pencils to Dorothy<<Question>> How many pencils does Josh have left?,<<Passage>>Josh had 142 pencils weighing a total of 10 kg. He gave 31 pencils to Dorothy. The remaining pencils now weigh 30 kg.<<Question>> How many pencils does Josh have left?,111.0,111.0,"Explanation: To find out how many pencils Josh has left, we subtract the number of pencils he gave to Dorothy (31) from the total number of pencils he had (142). 142 minus 31 equals 111."
<<Passage>>There are 9 oak trees currently in the park. Park workers had to cut down 2  oak trees that were damaged<<Question>> How many oak trees will the park have when the workers are finished ?,"<<Passage>>There are 9 oak trees currently in the park covering an area of 100 square meters. Park workers had to cut down 2 oak trees that were damaged. Now, the area covered by the oak trees is 200 square meters.<<Question>> How many oak trees will the park have when the workers are finished ?",7.0,7.0,"Explanation: To find out the number of oak trees left in the park, we subtract the number of trees cut down (2) from the total number of trees initially present (9). Doing the subtraction, 9 - 2 equals 7."
<<Passage>> Marlee has 12 guests coming to her Halloween party.  Each table will hold 3 guests<<Question>> How many tables will she need?,"<<Passage>>Marlee has 12 guests coming to her Halloween party in a room of 100 square feet. Each table will hold 3 guests. As more tables are added, the area of the party increases to 150 square feet.<<Question>> How many tables will she need?",4.0,4.0,"Explanation: To find out how many tables Marlee will need, we divide the total number of guests (12) by the number of guests each table can hold (3). 12 divided by 3 equals 4."
<<Passage>>Carla has some marbles. Carla bought 489 marbles. Now Calra has 2778 marbles all together<<Question>> How many did Carla start with?,"<<Passage>>Carla has some marbles weighing 50 kg. Carla bought 489 more marbles. Now Carla has 2778 marbles all together, weighing 100 kg.<<Question>> How many did Carla start with?",2289.0,2289.0,"Explanation: In order to find out the number of marbles Carla initially had, we subtract the number of marbles she bought (489) from the total number of marbles she now has (2778). So, 2778 minus 489 equals 2289."
"<<Passage>>1 evening , a restaurant served a total of 0.2 loaf of wheat bread and 0.4 loaf of white bread <<Question>> How many loaves were served in all ? ","<<Passage>>1 evening , when the temperature was 20 degree Celsius, a restaurant served a total of 0.2 loaf of wheat bread and 0.4 loaf of white bread. The temperature then rose to 30 degree Celsius.<<Question>> How many loaves were served in all ? ",0.6,0.6,"Explanation: In order to find the total number of loaves served, we add the loaves of wheat bread (0.2) and white bread (0.4). 0.2 and 0.4 make 0.6."
"<<Passage>>nan<<Question>>If Teresa jogged 25 kilometers at 5 kilometers per hour, how long was Teresa jogging?","<<Passage>>The sun was setting, casting long shadows across the park where the temperature was 78 degrees Fahrenheit. As the sun set completely, the temperature dropped to 65 degrees Fahrenheit.<<Question>>If Teresa jogged 25 kilometers at 5 kilometers per hour, how long was Teresa jogging?",5.0,5.0,"Explanation: To find out how long Teresa was jogging, we divide the total distance she jogged (25 kilometers) by her speed (5 kilometers per hour). So, 25 divided by 5 equals 5."
"<<Passage>>Keith spent $ 136.01 on speakers , $ 139.38 on a CD player , and $ 112.46 on new tires . He wanted 3 CD 's for $ 6.16 , but did n't buy them <<Question>> In total , how much did he spend ? ","<<Passage>>Keith, who initially weighed 50 kg, spent $ 136.01 on speakers , $ 139.38 on a CD player , and $ 112.46 on new tires . He wanted 3 CD 's for $ 6.16 , but did n't buy them. After all his purchases, he weighed 100 kg.<<Question>> In total , how much did he spend ? ",387.85,387.85,"Explanation: To find out how much Keith spent in total, we need to add up the cost of the speakers ($ 136.01), the CD player ($ 139.38), and the new tires ($ 112.46). When we add these three amounts together, we get $ 387.85."
<<Passage>> Zach scored 42 points in the football game. Ben scored 21 points<<Question>> How many more points did Zach score?,"<<Passage>>In the football game, where the temperature rose from 25 degrees Celsius to 35 degrees Celsius, Zach scored 42 points and Ben scored 21 points.<<Question>> How many more points did Zach score?",21.0,21.0,"Explanation: In order to find out how many more points did Zach score, we subtract the points scored by Ben (21) from the points scored by Zach (42). 42 minus 21 equals 21."
"<<Passage>>Brenda, Betty’s sister, wanted to have 3 bracelets with star-shaped stones.  She also bought 36 star-shaped stones from the local store and gave it to Betty<<Question>> How many star-shaped stones will there be in each of the bracelet Betty makes for Brenda?","<<Passage>>Brenda, Betty’s sister, wanted to have 3 bracelets with star-shaped stones. She also bought 36 star-shaped stones from the local store, which weighed 50 pounds initially. After adding some more stones, the weight increased to 60 pounds and gave it to Betty.<<Question>> How many star-shaped stones will there be in each of the bracelet Betty makes for Brenda?",12.0,12.0,"Explanation: Brenda wants 3 bracelets with star-shaped stones and she has 36 star-shaped stones. To find out how many star-shaped stones will be in each bracelet, we divide the total number of star-shaped stones (36) by the number of bracelets (3). 36 divided by 3 equals 12."
<<Passage>>Professor Ellison weighed two pieces of metal for an experiment. The piece of iron weighed 11.166666666666666 pounds and the piece of aluminum weighed 0.8333333333333334 of a pound<<Question>> How much more did the piece of iron weigh than the piece of aluminum?,"<<Passage>>Professor Ellison weighed two pieces of metal for an experiment. The piece of iron weighed 11.166666666666666 pounds and the piece of aluminum weighed 0.8333333333333334 of a pound. Additionally, the experiment required a luminosity range from 1000 lumens to 5000 lumens.<<Question>> How much more did the piece of iron weigh than the piece of aluminum?",10.333333333333334,10.333333333333334,"Explanation: To find out how much more the piece of iron weighed than the piece of aluminum, we need to subtract the weight of the aluminum from the weight of the iron. The weight of the iron is 11.166666666666666 pounds, and the weight of the aluminum is 0.8333333333333334 pounds. Subtracting the weight of the aluminum from the weight of the iron gives us 10.333333333333334 pounds."
<<Passage>> Alyssa had 129 cookies. Aiyanna has 140<<Question>> How many more cookies does Aiyanna have than Alyssa?,"<<Passage>>Alyssa had 129 cookies, initially at a temperature of 20 degrees Celsius. Aiyanna has 140 cookies which have been heated to a temperature of 30 degrees Celsius.<<Question>> How many more cookies does Aiyanna have than Alyssa?",11.0,11.0,"Explanation: To find out how many more cookies Aiyanna has than Alyssa, we subtract the number of cookies Alyssa has (129) from the number of cookies Aiyanna has (140). So, 140 minus 129 equals 11."
"<<Passage>>Sandy has 10 books , Benny has 24 books , and Tim has 33 books <<Question>> How many books do they have together ? ","<<Passage>>Sandy has 10 books weighing 55 kg, Benny has 24 books, and Tim has 33 books. Now, their books weigh a total of 65 kg.<<Question>> How many books do they have together ? ",67.0,67.0,"Explanation: In order to find the total number of books, we add the number of books Sandy has (10), Benny has (24), and Tim has (33). Adding them together, 10 + 24 + 33 equals 67."
<<Passage>>Pamela starts with 30 bottle caps. Jean takes 26 away<<Question>> How many bottle caps does Pamela end with?,<<Passage>>Pamela starts with 30 bottle caps weighing 50 kg. Jean takes 26 away and now the bottle caps weigh 75 kg.<<Question>> How many bottle caps does Pamela end with?,4.0,4.0,"Explanation: In order to find out how many bottle caps Pamela ends with, we subtract the number of bottle caps Jean took away (26) from the original amount Pamela started with (30). 30 minus 26 equals 4."
<<Passage>> Mrs.  Hilt read 4 books.  Each book had 17 chapters in it.  How many chapters did Mrs<<Question>> Hilt read?,"<<Passage>>Mrs. Hilt, weighing 200 pounds, read 4 books. Each book had 17 chapters in it. After reading, her weight increased to 250 pounds. How many chapters did Mrs. Hilt read?<<Question>> Hilt read?",68.0,68.0,"Explanation: To find the total number of chapters Mrs. Hilt read, we multiply the number of books she read (4) by the number of chapters in each book (17). 4 multiplied by 17 equals 68."
<<Passage>>Joan bought 6 dozen eggs from the grocery store to bake some cakes<<Question>>  How many eggs did Joan buy ?,"<<Passage>>Joan bought 6 dozen eggs from the grocery store to bake some cakes. The weight of the eggs was initially 50 pounds, but after adding some more ingredients, it increased to 60 pounds.<<Question>>  How many eggs did Joan buy ?",72.0,72.0,"Explanation: To find out how many eggs Joan bought, we need to multiply the number of dozens (6) by the number of eggs in a dozen (12). 6 dozens times 12 equals 72."
<<Passage>>Sandy grew 51 pumpkins . Mike grew 23 pumpkins <<Question>> How many pumpkins did they grow in total ? ,"<<Passage>>In a temperature range from 20 degrees Celsius to 30 degrees Celsius, Sandy grew 51 pumpkins while Mike grew 23 pumpkins.<<Question>> How many pumpkins did they grow in total ? ",74.0,74.0,"Explanation: In order to find the total number of pumpkins grown, we add the number of pumpkins Sandy grew (51) and the number of pumpkins Mike grew (23). 51 and 23 make 74."
"<<Passage>>One evening, a restaurant served a total of 0.2 of a loaf of wheat bread and 0.4 of a loaf of white bread<<Question>> How many loaves were served in all?","<<Passage>>One evening, a restaurant served a total of 0.2 of a loaf of wheat bread and 0.4 of a loaf of white bread. The area covered by the restaurant expanded from 10 square meters to 50 square meters.<<Question>> How many loaves were served in all?",0.6,0.6,"Explanation: To find the total number of loaves served, we add the amount of wheat bread (0.2) and white bread (0.4). 0.2 + 0.4 = 0.6. Therefore, a total of 0.6 loaves were served."
<<Passage>> Sean has 223 whistles. He has 95 more whistles that Charles<<Question>> How many whistles does Charles have?,"<<Passage>>Sean, weighing 70 kg, has 223 whistles. He gains weight and now weighs 90 kg, and also has 95 more whistles than Charles.<<Question>> How many whistles does Charles have?",128.0,128.0,"Explanation: To find out how many whistles Charles has, we need to subtract the additional whistles that Sean has from Sean's total number of whistles. Sean has 223 whistles and he has 95 more than Charles, so we subtract 95 from 223, which gives us 128."
<<Passage>>A marine biologist measured 1 fish that was 0.3 foot long and a second fish that was 0.2 foot long <<Question>> How much longer was the first fish ? ,<<Passage>>A marine biologist measured 1 fish that was 0.3 foot long and a second fish that was 0.2 foot long. The humidity during the measurements ranged from 30% to 70%.<<Question>> How much longer was the first fish ? ,0.1,0.1,"Explanation: To find out how much longer the first fish was compared to the second fish, we subtract the length of the second fish from the length of the first fish. So, 0.3 - 0.2 = 0.1 foot longer."
<<Passage>>Tyler had 15 dogs.  Each dog had 5 puppies<<Question>> How many puppies does Tyler now have?,"<<Passage>>Tyler had 15 dogs, each weighing 30 pounds. Each dog had 5 puppies and as they grew, their weight increased to 60 pounds each.<<Question>> How many puppies does Tyler now have?",75.0,75.0,"Explanation: To find out how many puppies Tyler now has, we multiply the number of dogs (15) by the number of puppies each dog had (5). 15 multiplied by 5 equals 75."
<<Passage>> Tim had 50 cents. He paid 45 cents for a candy bar<<Question>> How much change will he get?,"<<Passage>>Tim, who initially weighed 70 kg, had 50 cents. He paid 45 cents for a candy bar and then weighed 75 kg.<<Question>> How much change will he get?",5.0,5.0,"Explanation: In order to find out how much change Tim will get, we subtract the cost of the candy bar from the amount of money Tim had initially. Tim had 50 cents initially and he paid 45 cents for the candy bar. So, 50 cents - 45 cents equals 5 cents."
<<Passage>> Josh had 16 marbles in his collection. He lost 7 marbles<<Question>> How many marbles does he have now?,"<<Passage>>Josh had 16 marbles in his collection, with a total weight of 50 kg. After he lost 7 marbles, the weight of his collection became 70 kg.<<Question>> How many marbles does he have now?",9.0,9.0,"Explanation: To find out how many marbles Josh has now, we subtract the number of marbles he lost (7) from the original number of marbles he had (16). So, 16 - 7 equals 9."
"<<Passage>>Some insects called aphids attack a large farm . In response , the farmer releases ladybugs onto the fields . There are 12170 ladybugs with spots and 54912 ladybugs without spots <<Question>> How many ladybugs are there in all ? ","<<Passage>>Some insects called aphids attack a large farm when the temperature was 20 degrees Celsius. In response, the farmer releases ladybugs onto the fields. There are 12170 ladybugs with spots and 54912 ladybugs without spots. By the time, the temperature rises to 30 degrees Celsius.<<Question>> How many ladybugs are there in all ? ",67082.0,67082.0,"Explanation: To find the total number of ladybugs, we add the number of ladybugs with spots (12170) and the number of ladybugs without spots (54912). When we add 12170 and 54912, we get 67082."
<<Passage>> Jesse’s room is 12 feet long and 8 feet wide<<Question>> How much carpet does she need to cover the whole floor?,"<<Passage>>Jesse’s room, which is 12 feet long and 8 feet wide, starts off at a comfortable 70 degrees Fahrenheit. As the day progresses, the temperature in the room rises to a warm 85 degrees Fahrenheit.<<Question>> How much carpet does she need to cover the whole floor?",96.0,96.0,"Explanation: To find the area of the floor that needs to be covered with carpet, we multiply the length of the room (12 feet) by its width (8 feet). So, 12 times 8 equals 96."
<<Passage>>There were 6 roses in the vase . Mary cut some roses from her flower garden . There are now 16 roses in the vase <<Question>> How many roses did she cut ? ,<<Passage>>There were 6 roses in the vase at a temperature of 20 degrees Celsius. Mary cut some roses from her flower garden and added them to the vase. Now there are 16 roses in the vase and the temperature has risen to 30 degrees Celsius.<<Question>> How many roses did she cut ? ,10.0,10.0,"Explanation: In order to find the number of roses Mary cut, we subtract the initial number of roses in the vase (6) from the final number of roses in the vase (16). 16 minus 6 equals 10."
"<<Passage>>Recently , the value of Kate 's retirement fund decreased by $ 12 <<Question>> If her fund was worth $ 1472 before , how much is it worth now ? ","<<Passage>>Recently, the value of Kate's retirement fund decreased by $12 due to the rise in humidity from 30% to 80%.<<Question>> If her fund was worth $ 1472 before , how much is it worth now ? ",1460.0,1460.0,"Explanation: To find out how much Kate's retirement fund is worth now, we subtract the decrease in value ($12) from the original value of her fund ($1472). $1472 - $12 = $1460. Therefore, Kate's retirement fund is now worth $1460."
"<<Passage>>Fred earns $12. 50 an hour cleaning houses<<Question>> If he works for 8 hours, how much money will he make ?","<<Passage>>Fred, who weighs 150 pounds, earns $12.50 an hour cleaning houses. After a few months of hard work and good meals, his weight increases to 180 pounds.<<Question>> If he works for 8 hours, how much money will he make ?",100.0,100.0,"Explanation: To find out how much money Fred will make, we multiply his hourly wage ($12.50) by the number of hours he works (8). So, $12.50 times 8 equals $100."
"<<Passage>>Bryan took a look at his books as well<<Question>> If Bryan has 56 books in each of his 9 bookshelves, how many books does he have in total?","<<Passage>>Bryan took a look at his books as well, which initially weighed 0 pounds, but after adding some more, they now weigh 5 pounds.<<Question>> If Bryan has 56 books in each of his 9 bookshelves, how many books does he have in total?",504.0,504.0,"Explanation: To find the total number of books Bryan has, we need to multiply the number of books on each shelf (56) by the number of shelves (9). So, 56 books per shelf times 9 shelves equals 504 books in total."
"<<Passage>>Ashley sold 12 boxes of Samoas<<Question>> How many cases of 12 boxes, plus extra boxes does Ashley need?","<<Passage>>Ashley sold 12 boxes of Samoas, each box weighing 500 pounds. After adding some extra cookies, each box now weighs 600 pounds.<<Question>> How many cases of 12 boxes, plus extra boxes does Ashley need?",1.0,1.0,"Explanation: To find out how many cases of 12 boxes Ashley needs, we divide the total number of boxes she sold (12) by the number of boxes in a case (12). 12 divided by 12 equals 1, so Ashley needs 1 case of 12 boxes."
"<<Passage>>Michael has 16 blocks stored in boxes<<Question>> If there are 8 boxes, how many blocks must go in each box?","<<Passage>>Michael has 16 blocks, weighing a total of 100 pounds, stored in boxes. After adding more blocks, the total weight increases to 150 pounds.<<Question>> If there are 8 boxes, how many blocks must go in each box?",2.0,2.0,"Explanation: In order to find out how many blocks must go in each box, we divide the total number of blocks (16) by the number of boxes (8). 16 divided by 8 equals 2."
<<Passage>> I have a pet golden retriever.  Each year he gains 11 pounds.  He is 8 years old<<Question>> How many pounds does he weigh?,"<<Passage>>I have a pet golden retriever. Each year he gains 11 pounds. When he was 6 years old, he weighed 70 pounds. Now, he is 8 years old and weighs 90 pounds.<<Question>> How many pounds does he weigh?",88.0,88.0,"Explanation: To find out how much the golden retriever weighs, we multiply the number of years (8) by the amount of weight he gains each year (11 pounds). So, 8 years times 11 pounds per year equals 88 pounds."
"<<Passage>> Sue’s mother made 75 cookies.  She put the cookies in bags, with 3 cookies in each bag<<Question>> How many bags could she fill up?","<<Passage>>Sue’s mother made 75 cookies, initially weighing 100 pounds. She put the cookies in bags, with 3 cookies in each bag. After packing, the cookies weighed 150 pounds.<<Question>> How many bags could she fill up?",25.0,25.0,"Explanation: To find out how many bags Sue's mother could fill up, we divide the total number of cookies (75) by the number of cookies in each bag (3). 75 divided by 3 equals 25."
"<<Passage>> After a party, 0.625 of the cake is left over. That night, big brother eats 0.25 of the cake<<Question>> How much is left over after that?","<<Passage>>After a party, 0.625 of the cake, which was at a temperature of 20 degrees Celsius, is left over. That night, big brother eats 0.25 of the cake, which has warmed up to 30 degrees Celsius.<<Question>> How much is left over after that?",0.375,0.375,"Explanation: In order to find out how much of the cake is left over, we subtract the amount big brother ate (0.25) from the amount left over from the party (0.625). So, 0.625 - 0.25 equals 0.375"
<<Passage>> Third-grade students went to a concert in 8 buses.  Each bus took 45 students<<Question>> How many students went to the concert?,"<<Passage>>Third-grade students went to a concert in 8 buses, each driving at a speed of 60 miles per hour. As each bus took 45 students, they had to slow down to 30 miles per hour to ensure safety.<<Question>> How many students went to the concert?",360.0,360.0,"Explanation: In order to find the total number of students that went to the concert, we multiply the number of buses (8) by the number of students each bus took (45). 8 times 45 equals 360."
<<Passage>>Mrs.  Hilt uses 2 ounces of detergent to wash a pound of clothes.  How many ounces of soap will Mrs<<Question>> Hilt use to wash 9 pounds of clothes?,"<<Passage>>Mrs. Hilt, in a room with a temperature of 70 degrees Fahrenheit, uses 2 ounces of detergent to wash a pound of clothes. As she continues washing, the temperature in the room rises to 80 degrees Fahrenheit. How many ounces of soap will Mrs. Hilt use?<<Question>> Hilt use to wash 9 pounds of clothes?",18.0,18.0,"Explanation: Mrs. Hilt uses 2 ounces of detergent to wash a pound of clothes. To find out how much detergent she will use to wash 9 pounds of clothes, we multiply the amount of detergent used for one pound by 9. So, 2 ounces * 9 = 18 ounces."
"<<Passage>>For the final act, the circus brought out dancing animals wearing crowns<<Question>> If each crown is made with 7 different colored feathers, how many feathers are needed for 934 crowns?","<<Passage>>For the final act, the circus brought out dancing animals wearing crowns under a spotlight of 100 lumens. As the act progressed, the spotlight's luminosity increased to 500 lumens.<<Question>> If each crown is made with 7 different colored feathers, how many feathers are needed for 934 crowns?",6538.0,6538.0,"Explanation: To find the total number of feathers needed, we multiply the number of crowns (934) by the number of feathers per crown (7). 934 multiplied by 7 equals 6538."
<<Passage>> Sean has 45 whistles. He has 32 more whistles that Charles<<Question>> How many whistles does Charles have?,"<<Passage>>Sean, weighing 50 kg, has 45 whistles. He has 32 more whistles than Charles and now weighs 100 kg.<<Question>> How many whistles does Charles have?",13.0,13.0,"Explanation: In order to find the number of whistles that Charles has, we subtract the 32 additional whistles that Sean has from Sean's total number of whistles (45). So, 45 - 32 equals 13."
<<Passage>>Elizabeth went to the salon and had 0.375 inch of hair cut off . The next day she went back and asked for another 0.5 inch to be cut off <<Question>> How much hair did she have cut off in all ? ,"<<Passage>>Elizabeth, who initially weighed 50 kg, went to the salon and had 0.375 inch of hair cut off. The next day she went back, now weighing 55 kg, and asked for another 0.5 inch to be cut off.<<Question>> How much hair did she have cut off in all ? ",0.875,0.875,"Explanation: To find the total length of hair cut off, we add the length of hair cut off on the first day (0.375 inch) and the second day (0.5 inch). The sum of 0.375 and 0.5 is 0.875."
<<Passage>>There are 9 oak trees currently in the park . Park workers had to cut down 2 oak trees that were damaged <<Question>> How many oak trees will the park have when the workers are finished ? ,"<<Passage>>There are 9 oak trees currently in the park where the temperature was initially around 20 degrees Celsius. Park workers had to cut down 2 oak trees that were damaged. Now, the temperature in the park is around 30 degrees Celsius.<<Question>> How many oak trees will the park have when the workers are finished ? ",7.0,7.0,"Explanation: In order to find out how many oak trees will remain in the park after the workers have finished, we subtract the number of oak trees that were cut down (2) from the original number of oak trees (9). So, 9 minus 2 equals 7."
<<Passage>>A restaurant served 6 cakes during lunch and 9 during dinner today <<Question>> How many cakes were served today ? ,<<Passage>>A restaurant with an area of 10 square meters served 6 cakes during lunch and 9 cakes during dinner today. The restaurant then expanded its area to 20 square meters.<<Question>> How many cakes were served today ? ,15.0,15.0,"Explanation: To determine the total number of cakes served today, we add the number of cakes served during lunch (6) and dinner (9). 6 cakes + 9 cakes = 15 cakes."
<<Passage>> Connie has 41 red markers and 64 blue markers<<Question>> How many markers does she have altogether?,<<Passage>>Connie has 41 red markers and 64 blue markers with a density of 1 g/cm^3 for the red markers and 2 g/cm^3 for the blue markers.<<Question>> How many markers does she have altogether?,105.0,105.0,"Explanation: In order to find the total number of markers Connie has, we add the number of red markers (41) and blue markers (64). 41 + 64 equals 105."
"<<Passage>>nan<<Question>>If Joan bicycled 25 miles at 5 miles per hour, how long was Joan travelling?","<<Passage>>The garden, with a humidity level of 60%, was filled with 100 roses. After some time, as the humidity level rose to 80%, 50 more roses bloomed, making it 150 roses in total.<<Question>>If Joan bicycled 25 miles at 5 miles per hour, how long was Joan travelling?",5.0,5.0,"Explanation: To find out how long Joan was travelling, we divide the total distance (25 miles) by her speed (5 miles per hour). 25 divided by 5 equals 5."
"<<Passage>>Each child has 5 bottle caps<<Question>> If there are 9 children, how many bottle caps are there in total?","<<Passage>>Each child has 5 bottle caps, which initially weigh 10 pounds. As they add more to their collection, the weight increases to 15 pounds.<<Question>> If there are 9 children, how many bottle caps are there in total?",45.0,45.0,"Explanation: In order to find the total number of bottle caps, we multiply the number of children (9) by the number of bottle caps each child has (5). 9 times 5 equals 45."
<<Passage>>Joan has 8 orange balloons but lost 2 of them <<Question>> How many orange balloons does Joan have now ? ,<<Passage>>Joan has 8 orange balloons weighing 10 kg but lost 2 of them. Now the weight of the balloons is 20 kg.<<Question>> How many orange balloons does Joan have now ? ,6.0,6.0,"Explanation: Joan initially had 8 orange balloons. She lost 2 of them. Hence, to find out how many balloons she has now, we subtract the number of balloons lost from the initial number of balloons. Therefore, 8 - 2 equals 6."
<<Passage>>Pamela has 50 skittles. She gives 7 to Karen<<Question>> How many skittles will Pamela have?,<<Passage>>Pamela has 50 skittles weighing 70 kg. She gives 7 to Karen. Now the skittles weigh 75 kg.<<Question>> How many skittles will Pamela have?,43.0,43.0,"Explanation: In order to find out how many skittles Pamela has left, we subtract the number of skittles she gave Karen (7) from the total number of skittles she initially had (50). 50 minus 7 equals 43."
<<Passage>>A restaurant served 7 slices of pie during lunch and 5 during dinner today . It served 8 of them yesterday <<Question>> How many slices of pie were served today ? ,<<Passage>>A restaurant served 7 slices of pie during lunch and 5 during dinner today at a temperature of 20 degrees Celsius. It served 8 of them yesterday when the temperature increased to 25 degrees Celsius.<<Question>> How many slices of pie were served today ? ,12.0,12.0,"Explanation: To find the total number of slices of pie served today, we add the slices served during lunch (7) and dinner (5). 7 and 5 make 12."
"<<Passage>>To fill an order, the factory dyed 61,921 yards of silk green and 49,500 yards pink<<Question>> How many yards of silk did it dye for that order?","<<Passage>>To fill an order, the factory dyed 61,921 yards of silk green and 49,500 yards pink, with the temperature increasing from 20 degrees Celsius to 30 degrees Celsius during the process.<<Question>> How many yards of silk did it dye for that order?",111421.0,111421.0,"Explanation: In order to find the total number of yards of silk dyed for that order, we add the number of yards dyed green (61921) and dyed pink (49500). 61921 and 49500 make 111421."
<<Passage>>Evelyn starts with 76 Skittles. She shares 72 with Christine<<Question>> How many Skittles does Evelyn end with?,"<<Passage>>Evelyn, weighing 60 kg, starts with 76 Skittles. She shares 72 with Christine and now weighs 70 kg.<<Question>> How many Skittles does Evelyn end with?",4.0,4.0,"Explanation: Evelyn started with 76 Skittles. She gave away 72 Skittles to Christine. To find out how many Skittles Evelyn ends with, we subtract the number of Skittles she gave away from the number she started with. So, 76 minus 72 equals 4."
<<Passage>>A construction company bought 5.91 tons of gravel and 8.11 tons of sand<<Question>> How many tons of material did the company buy in all?,<<Passage>>A construction company bought 5.91 tons of gravel and 8.11 tons of sand. The temperature during the purchase varied from 30 degrees Celsius to 70 degrees Celsius.<<Question>> How many tons of material did the company buy in all?,14.02,14.02,"Explanation: In order to find the total weight of the materials bought by the company, we add the weight of the gravel (5.91 tons) and the weight of the sand (8.11 tons). 5.91 and 8.11 make 14.02."
"<<Passage>>Dan has 64 violet marbles, he gave Mary 14 of the marbles<<Question>> How many violet marbles does he now have ?","<<Passage>>Dan has 64 violet marbles weighing 50 kg, he gave Mary 14 of the marbles. Now the marbles weigh 70 kg.<<Question>> How many violet marbles does he now have ?",50.0,50.0,"Explanation: Dan gave away 14 of his 64 marbles, so to find out how many marbles he has left, we subtract the number of marbles he gave away (14) from the total number he had (64). So, 64 - 14 equals 50."
<<Passage>>Kevin starts with 7 cards. He finds another 47<<Question>> How many cards does Kevin end with?,"<<Passage>>Kevin starts with 7 cards weighing 50 kg. He finds another 47. Now, his cards weigh 70 kg. <<Question>> How many cards does Kevin end with?",54.0,54.0,"Explanation: To find out how many cards Kevin ends with, we add the number of cards he initially had (7) to the number of cards he found (47). Adding 7 and 47 gives us 54."
"<<Passage>>Kendra made punch for her friend 's birthday party . She used 0.25 gallon of grape juice , 0.375 gallon of cranberry juice , and 0.125 gallon of club soda <<Question>> How many gallons of punch did Kendra make ? ","<<Passage>>Kendra made punch for her friend 's birthday party, beginning with a temperature of 15 degrees Celsius. She used 0.25 gallon of grape juice , 0.375 gallon of cranberry juice , and 0.125 gallon of club soda. By the time she was done, the punch had warmed up to 25 degrees Celsius.<<Question>> How many gallons of punch did Kendra make ? ",0.75,0.75,"Explanation: To find the total gallons of punch Kendra made, we need to add up the gallons of each juice she used. Kendra used 0.25 gallon of grape juice, 0.375 gallon of cranberry juice, and 0.125 gallon of club soda. Adding these together: 0.25 + 0.375 + 0.125 equals 0.75 gallon."
<<Passage>>Randy needs 53 cupcakes for a birthday party. He already has 7 chocolate cupcakes and 19 vanilla cupcakes<<Question>> How many more cupcakes should Randy buy?,"<<Passage>>Randy, who weighs 70 kg, needs 53 cupcakes for a birthday party. He already has 7 chocolate cupcakes and 19 vanilla cupcakes. After gathering all the cupcakes, his weight is now 75 kg.<<Question>> How many more cupcakes should Randy buy?",32.0,32.0,"Explanation: To find out how many more cupcakes Randy should buy, we need to subtract the total number of cupcakes he already has (7 chocolate + 19 vanilla = 26 cupcakes) from the total number he needs (53 cupcakes). So, 53 - 26 = 27. Hence, Randy should buy 27 more cupcakes."
<<Passage>> Each CD rack holds 8 CDs.  A shelf can hold 4 racks<<Question>> How many total CDs can fit on the shelf?,"<<Passage>>Each CD rack, initially weighing 20 pounds, holds 8 CDs. A shelf can hold 4 racks. After adding the CDs, the weight of each rack increases to 30 pounds.<<Question>> How many total CDs can fit on the shelf?",32.0,32.0,"Explanation: To find out how many CDs can fit on the shelf, we multiply the number of CDs each rack can hold (8) by the number of racks that can fit on the shelf (4). So, 8 CDs per rack times 4 racks equals 32 CDs in total."
<<Passage>>Martha starts with 3 cards. She gets 76 more from Emily<<Question>> How many cards does Martha end with?,"<<Passage>>Martha starts with 3 cards weighing 50 kg. She gets 76 more from Emily. Now, the total weight of the cards is 100 kg.<<Question>> How many cards does Martha end with?",79.0,79.0,"Explanation: In order to find the total number of cards Martha ends with, we add the number of cards she started with (3) and the number she received from Emily (76). 3 and 76 make 79."
"<<Passage>>Mary went to the mall . She spent $ 13.04 on a shirt and $ 12.27 on a jacket . She went to 2 shops <<Question>> In total , how much money did Mary spend on clothing ? ","<<Passage>>Mary went to the mall, which was at a temperature of 20 degrees Celsius. She spent $13.04 on a shirt and $12.27 on a jacket. After visiting 2 shops, the temperature had risen to 30 degrees Celsius.<<Question>> In total , how much money did Mary spend on clothing ? ",25.31,25.31,"Explanation: In order to find the total amount of money Mary spent on clothing, we must add the cost of the shirt ($13.04) and the jacket ($12.27). $13.04 plus $12.27 equals $25.31."
"<<Passage>> My dog had some bones. Then, he dug up 367 bones. Now he has 860 bones<<Question>> How many bones did he start with?","<<Passage>>My dog, initially weighing 30 kg, had some bones. Then, he dug up 367 bones. Now he has 860 bones and weighs 60 kg.<<Question>> How many bones did he start with?",493.0,493.0,"Explanation: To find out how many bones the dog started with, we subtract the number of bones he dug up (367) from the total number of bones he now has (860). So, 860 - 367 equals 493."
<<Passage>>Mildred weighs 59 pounds. Carol weighs 9 pounds<<Question>> How much heavier is Mildred than Carol?,"<<Passage>>Mildred, who is 5 feet tall, weighs 59 pounds. Carol, who is 6 feet tall, weighs 9 pounds<<Question>> How much heavier is Mildred than Carol?",50.0,50.0,"Explanation: To find out how much heavier Mildred is than Carol, we subtract Carol's weight (9 pounds) from Mildred's weight (59 pounds). 59 minus 9 equals 50."
"<<Passage>>A waitress put leftover tarts into the fridge on Thursday night . She noticed that the restaurant had 0.08333333333333333 tart filled with cherries , 0.75 tart filled with blueberries , and 0.08333333333333333 tart filled with peaches <<Question>> How many leftover tarts did the restaurant have in all ? ","<<Passage>>A waitress put leftover tarts into the fridge on Thursday night. She noticed that the restaurant had 0.08333333333333333 tart filled with cherries, 0.75 tart filled with blueberries, and 0.08333333333333333 tart filled with peaches. The humidity in the fridge increased from 30% to 60%.<<Question>> How many leftover tarts did the restaurant have in all ? ",0.9166666666666666,0.9166666666666666,"Explanation: To find the total number of leftover tarts, we add the fractions of the tarts filled with cherries, blueberries, and peaches. Adding 0.08333333333333333 (tart with cherries), 0.75 (tart with blueberries), and 0.08333333333333333 (tart with peaches) gives us 0.9166666666666666 in total."
<<Passage>>Jason has 676 Pokemon cards . Alyssa bought 224 of Jason 's Pokemon cards <<Question>> How many Pokemon cards does Jason have now ? ,"<<Passage>>Jason, whose Pokemon cards have a density of 5 g/cm^3, has 676 Pokemon cards. Alyssa bought 224 of Jason's Pokemon cards, increasing the density to 8 g/cm^3.<<Question>> How many Pokemon cards does Jason have now ? ",452.0,452.0,"Explanation: To find out how many Pokemon cards Jason has now, you need to subtract the number of cards Alyssa bought from the total number of cards Jason had initially. So, 676 - 224 = 452."
<<Passage>>There are 69 erasers in a box. Jane has 15 erasers in a bag. Doris takes 54 erasers out of the box<<Question>> How many erasers are left in the box?,"<<Passage>>There are 69 erasers in a box with a humidity level of 20%. Jane has 15 erasers in a bag. Doris takes 54 erasers out of the box, increasing the humidity to 80%.<<Question>> How many erasers are left in the box?",15.0,15.0,"Explanation: To find the number of erasers left in the box, we start with the total number of erasers in the box (69) and subtract the number of erasers taken out by Doris (54). This gives us 15 erasers left in the box (69 - 54 = 15). Then, since Jane has 15 erasers in her bag, the total number of erasers left in the box is still 15."
"<<Passage>>Allen, Shiela’s brother, likes to play with blocks.  Shiela repainted Allen’s old blocks in different colors<<Question>> If Allen has 49 identical blocks and there are 7 blocks for every color of paint used, how many colors did Shiela use?","<<Passage>>Allen, Shiela’s brother, likes to play with blocks that initially weigh 5 pounds. Shiela repainted Allen’s old blocks in different colors and they now weigh 10 pounds.<<Question>> If Allen has 49 identical blocks and there are 7 blocks for every color of paint used, how many colors did Shiela use?",7.0,7.0,"Explanation: To find out how many colors Shiela used, we divide the total number of blocks (49) by the number of blocks for every color of paint used (7). 49 divided by 7 equals 7."
"<<Passage>> Jazmin had 1209 dolls and Geraldine had 2186 dolls<<Question>> If they put their dolls together, how many would they have?","<<Passage>>Jazmin had 1209 dolls with a density of 5 g/cm^3 and Geraldine had 2186 dolls with a density of 8 g/cm^3.<<Question>> If they put their dolls together, how many would they have?",3395.0,3395.0,"Explanation: In order to find the total number of dolls they would have when putting their dolls together, we add the number of dolls Jazmin had (1209) and the number of dolls Geraldine had (2186). Thus, 1209 + 2186 = 3395."
<<Passage>> Molly had 14 candles on her birthday cake. She grew older and got 6 more on her birthday cake<<Question>> How old is Molly now?,"<<Passage>>Molly had 14 candles on her birthday cake weighing 50 kg. She grew older and got 6 more on her cake. Now, her birthday cake weighs 60 kg.<<Question>> How old is Molly now?",20.0,20.0,"Explanation: To find out Molly's current age, we need to add the number of candles she had on her cake in the previous year to the number of candles added in the current year. In the previous year, Molly had 14 candles and she got 6 more this year. Adding these together, 14 and 6 make 20."
<<Passage>>There are 41 short trees and 44 tall trees currently in the park . Park workers will plant 57 short trees today <<Question>> How many short trees will the park have when the workers are finished ? ,<<Passage>>There are 41 short trees and 44 tall trees currently in the park. The park has a humidity level of 40%. Park workers will plant 57 short trees today and aim to increase the humidity to 70%.<<Question>> How many short trees will the park have when the workers are finished ? ,98.0,98.0,"Explanation: To find the total number of short trees in the park after the workers plant more trees, we add the initial number of short trees (41) to the number of short trees planted today (57). This gives us 41 + 57 = 98 short trees. Therefore, the park will have 98 short trees when the workers are finished planting."
<<Passage>>Charles has 4 apples. Jessica gives Charles 39 more<<Question>> How many apples does Charles have in all?,"<<Passage>>Charles has 4 apples weighing 50 kg. Jessica gives Charles 39 more apples. Now, the weight of the apples Charles has is 60 kg.<<Question>> How many apples does Charles have in all?",43.0,43.0,"Explanation: In order to find the total number of apples Charles has, we add the number of apples Charles initially has (4) and the number of apples Jessica gives him (39). 4 and 39 make 43."
"<<Passage>>There are 2 students in the class and 18 pencils<<Question>> If the pencils are divided equally among the students, how many does each student get?","<<Passage>>There are 2 students in the class and 18 pencils. Initially, the total weight of the pencils was 50 kg, but after some more pencils were added, the total weight increased to 70 kg.<<Question>> If the pencils are divided equally among the students, how many does each student get?",9.0,9.0,"Explanation: To find out how many pencils each student gets, we divide the total number of pencils (18) by the total number of students (2). So, 18 divided by 2 equals 9."
"<<Passage>>Uncle Dave bought 143 ice cream sandwiches<<Question>> If he wants to give them to his 11 hungry nieces, how many can each niece get?","<<Passage>>Uncle Dave, who weighs 200 pounds, bought 143 ice cream sandwiches. After eating some, his weight increased to 250 pounds.<<Question>> If he wants to give them to his 11 hungry nieces, how many can each niece get?",13.0,13.0,"Explanation: In order to find out how many ice cream sandwiches each niece can get, we divide the total number of ice cream sandwiches (143) by the number of nieces (11). 143 divided by 11 equals 13."
"<<Passage>> 64 children were riding on the bus. At the bus stop, some more children got on the bus. Then there were 78 children altogether on the bus<<Question>> How  many children got on the bus at the bus stop?","<<Passage>>64 children were riding on the bus. The temperature inside the bus was 20 degrees Celsius. At the bus stop, some more children got on the bus. Then there were 78 children altogether on the bus and the temperature increased to 30 degrees Celsius.<<Question>> How  many children got on the bus at the bus stop?",14.0,14.0,"Explanation: In order to find the number of children who got on the bus at the stop, we subtract the number of children who were originally on the bus (64) from the total number of children on the bus after the stop (78). 78 minus 64 equals 14."
<<Passage>>Sandy went to the mall on Saturday to buy clothes. She paid $9.24 on pants and $8.25 on a shirt with a $20 bill<<Question>> How much money did Sandy get in change?,"<<Passage>>Sandy went to the mall on Saturday to buy clothes in an area of 5 square meters. She paid $9.24 on pants and $8.25 on a shirt with a $20 bill, covering a total area of 15 square meters.<<Question>> How much money did Sandy get in change?",2.51,2.51,"Explanation: To find the change Sandy got, we need to subtract the total amount spent ($9.24 + $8.25 = $17.49) from the amount paid with the $20 bill. $20 - $17.49 = $2.51."
"<<Passage>> Rosa had 67 flowers. Andre gave her some more flowers. Now, Rosa has 90 flowers<<Question>> How many flowers did Andre give to  Rosa?","<<Passage>>Rosa had 67 flowers weighing 50 kg. Andre gave her some more flowers. Now, Rosa has 90 flowers weighing 60 kg.<<Question>> How many flowers did Andre give to  Rosa?",23.0,23.0,"Explanation: In order to find the number of flowers Andre gave to Rosa, we subtract the initial number of flowers that Rosa had (67) from the final number of flowers she has now (90). 90 minus 67 equals 23."
<<Passage>>Mildred collects 77 oranges. Mildred's father gives Mildred 2 more<<Question>> How many oranges does Mildred have?,"<<Passage>>Mildred collects 77 oranges weighing 5 kg. Mildred's father gives Mildred 2 more. After receiving the additional oranges, Mildred's collection now weighs 15 kg.<<Question>> How many oranges does Mildred have?",79.0,79.0,"Explanation: To find out how many oranges Mildred has after her father gives her 2 more, we add the initial number of oranges collected by Mildred (77) and the additional 2 oranges given by her father. 77 + 2 equal to 79."
"<<Passage>>When Jake had 1 cat , he needed to serve 0.5 can of cat food each day . Now that Jake has adopted a second cat , he needs to serve a total of 0.9 can each day <<Question>> How much extra food is needed to feed the second cat ? ","<<Passage>>When Jake had 1 cat and the temperature was 20 degrees Celsius, he needed to serve 0.5 can of cat food each day. Now that Jake has adopted a second cat and the temperature has gone up to 30 degrees Celsius, he needs to serve a total of 0.9 can each day.<<Question>> How much extra food is needed to feed the second cat ? ",0.4,0.4,"Explanation: To find out how much extra food is needed to feed the second cat, we need to subtract the amount of food needed for one cat from the total amount of food needed for two cats. So, 0.9 (the total amount for two cats) minus 0.5 (the amount for one cat) equals 0.4. Therefore, an extra 0.4 can of food is needed to feed the second cat."
<<Passage>>Denise removes 5 bananas from a jar. There were originally 46 bananas in the jar<<Question>> How many bananas are left in the jar?,<<Passage>>Denise removes 5 bananas from a jar with a humidity level of 30%. There were originally 46 bananas in the jar.<<Question>> How many bananas are left in the jar?,41.0,41.0,"Explanation: In order to find the number of bananas left in the jar, we subtract the number of bananas removed (5) from the original number of bananas in the jar (46). 46 - 5 equals 41, which means there are 41 bananas left in the jar."
<<Passage>>Bridget weighs 39 pounds. Martha weighs 2 pounds<<Question>> How much heavier is Bridget than Martha?,"<<Passage>>Bridget, with a luminosity of 100 lux, weighs 39 pounds. Martha, on the other hand, with a luminosity of 500 lux, weighs 2 pounds.<<Question>> How much heavier is Bridget than Martha?",37.0,37.0,"Explanation: In order to find the difference in weight between Bridget and Martha, we subtract Martha's weight (2 pounds) from Bridget's weight (39 pounds). 39 minus 2 equals 37."
<<Passage>> Cade had 87 marbles. He gave 8 to Dylan<<Question>> How many does he have left?,"<<Passage>>Cade had 87 marbles weighing 50 kg. He gave 8 to Dylan, and the remaining marbles weigh 100 kg.<<Question>> How many does he have left?",79.0,79.0,"Explanation: To find the remaining number of marbles Cade has, we subtract the number of marbles he gave to Dylan (8) from the total number he initially had (87). So, 87 minus 8 equals 79."
<<Passage>>Nancy has saved 1 dozen quarters from washing cars<<Question>>  How much money does Nancy have ?,"<<Passage>>Nancy, who weighs 50 pounds, has saved 1 dozen quarters from washing cars. After a hearty meal, her weight increases to 60 pounds.<<Question>>  How much money does Nancy have ?",3.0,3.0,"Explanation: Nancy has saved 1 dozen quarters from washing cars. A dozen is equal to 12. Therefore, Nancy has 12 quarters. Each quarter is worth $0.25. So, to find out how much money Nancy has, we multiply the number of quarters (12) by the value of each quarter ($0.25). 12 multiplied by 0.25 equals 3."
<<Passage>>Kelly bought 0.1 pounds of peanuts and 0.4 pounds of raisins <<Question>> How many pounds of snacks did she buy in all ? ,"<<Passage>>Kelly bought 0.1 pounds of peanuts and 0.4 pounds of raisins when the temperature was 20 degrees Celsius. When the temperature reached 30 degrees Celsius, she was still buying.<<Question>> How many pounds of snacks did she buy in all ? ",0.5,0.5,"Explanation: To find the total pounds of snacks Kelly bought, we add the weight of the peanuts (0.1 pounds) and the raisins (0.4 pounds). Adding 0.1 and 0.4 gives us 0.5 pounds."
<<Passage>>There are 39 dogwood trees currently in the park . Park workers will plant 41 dogwood trees today and 20 dogwood trees tomorrow <<Question>> How many dogwood trees will the park have when the workers are finished ? ,"<<Passage>>There are 39 dogwood trees currently in the park where the temperature is 15°C. Park workers will plant 41 dogwood trees today and 20 dogwood trees tomorrow, by which time the temperature will have risen to 25°C.<<Question>> How many dogwood trees will the park have when the workers are finished ? ",100.0,100.0,"Explanation: To find the total number of dogwood trees that will be in the park when the park workers are finished, we add the current number of trees (39) to the number of trees that will be planted today (41) and tomorrow (20). This gives us a total of 39 + 41 + 20 = 100 trees."
<<Passage>>Jason's shelves hold 45 books each<<Question>> How many shelves will Jason need if Jason has 315 books?,"<<Passage>>Jason's shelves, which weigh 200 pounds when empty, hold 45 books each. When fully loaded with books, they weigh 250 pounds.<<Question>> How many shelves will Jason need if Jason has 315 books?",7.0,7.0,"Explanation: To find out how many shelves Jason will need, we divide the total number of books Jason has (315) by the number of books each shelf can hold (45). So, 315 divided by 45 equals 7."
<<Passage>>She counted her crayons and found out that she has 80 crayons which she will place in crayon boxes.  Every box can contain 8 crayons<<Question>> How many boxes does she need?,"<<Passage>>She counted her crayons, which weigh 10 pounds in total, and found out that she has 80 crayons which she will place in crayon boxes. Every box can contain 8 crayons. After packing them all, the total weight of the boxes is 20 pounds.<<Question>> How many boxes does she need?",10.0,10.0,"Explanation: To find out how many boxes she needs, we divide the total number of crayons (80) by the number of crayons each box can contain (8). 80 divided by 8 equals 10."
<<Passage>>Jesse starts with 78 pencils. He gives 44 to Joshua<<Question>> How many pencils does Jesse end with?,"<<Passage>>Jesse starts with 78 pencils weighing 50 kg. He gives 44 to Joshua. Now, the weight of his pencils is 100 kg.<<Question>> How many pencils does Jesse end with?",34.0,34.0,"Explanation: Jesse starts with 78 pencils. He gives 44 to Joshua. So, we subtract the number of pencils given to Joshua (44) from the starting number of pencils (78). This gives us the number of pencils Jesse ends with. Thus, 78 - 44 = 34."
<<Passage>>Sara has 31 red and 15 green balloons . Sandy has 24 red balloons <<Question>> How many red balloons do they have in total ? ,"<<Passage>>Sara has 31 red and 15 green balloons weighing a total of 50 kg. Sandy has 24 red balloons, and with these, the total weight of the balloons is now 70 kg.<<Question>> How many red balloons do they have in total ? ",55.0,55.0,"Explanation: To find the total number of red balloons, we add the number of red balloons Sara has (31) and red balloons Sandy has (24). So, 31 and 24 makes 55."
"<<Passage>>At the beach, Miki and her sister both built sandcastles and then measured their heights. Miki's sandcastle was 0.8333333333333334 of a foot tall and her sister's was 0.5 of a foot tall<<Question>> How much taller was Miki's sandcastle than her sister's?","<<Passage>>At the beach, Miki and her sister both built sandcastles starting with a weight of 2 kg. They then measured their heights. Miki's sandcastle was 0.8333333333333334 of a foot tall and her sister's was 0.5 of a foot tall. After building, their sandcastles together weighed 5 kg.<<Question>> How much taller was Miki's sandcastle than her sister's?",0.3333333333333333,0.3333333333333333,"Explanation: In order to find how much taller Miki's sandcastle is than her sister's, we subtract the height of the sister's sandcastle (0.5) from the height of Miki's sandcastle (0.8333333333333334). The difference 0.8333333333333334 and 0.5 gives 0.3333333333333333."
<<Passage>>Norma has 88 cards. She loses 70<<Question>> How many cards will Norma have?,"<<Passage>>Norma, who weighs 50 kg, has 88 cards. She loses 70 and now weighs 70 kg.<<Question>> How many cards will Norma have?",18.0,18.0,"Explanation: In order to find the number of cards Norma has after losing some, we subtract the number of cards she lost (70) from the total number of cards she had (88). 88 subtracted by 70 equals 18."
"<<Passage>>Mary loves eating fruits. Mary paid $7.19 for berries, and $6.83 for peaches with a $20 bill<<Question>> How much change did Mary receive?","<<Passage>>Mary, who weighs 50 kg, loves eating fruits. After paying $7.19 for berries and $6.83 for peaches with a $20 bill, her weight went up to 55 kg.<<Question>> How much change did Mary receive?",5.98,5.98,"Explanation: In order to find out the change Mary received, we first need to calculate the total cost of the fruits. The cost of berries is $7.19 and the cost of peaches is $6.83. Adding these two amounts, we get $14.02. Mary paid with a $20 bill. To find out the change, we subtract the total cost of the fruits from the amount she paid. So, $20 - $14.02 equals to $5.98."
<<Passage>>Arthur removes 4 pencils from a jar. There were originally 87 pencils in the jar<<Question>> How many pencils are left in the jar?,"<<Passage>>Arthur removes 4 pencils from a jar that was at a temperature of 20 degrees Celsius. There were originally 87 pencils in the jar. After removal, the temperature of the jar rose to 30 degrees Celsius.<<Question>> How many pencils are left in the jar?",83.0,83.0,"Explanation: To find out how many pencils are left in the jar, we subtract the number of pencils Arthur removed (4) from the original number of pencils in the jar (87). 87 minus 4 equals 83."
"<<Passage>>nan<<Question>>If there are 7 crayons in a box and Gerald puts 6 more crayons inside, how many crayons are in the box?","<<Passage>>The temperature in the room initially was 20 degrees Celsius, and later increased to 30 degrees Celsius.<<Question>>If there are 7 crayons in a box and Gerald puts 6 more crayons inside, how many crayons are in the box?",13.0,13.0,"Explanation: In order to find the total number of crayons in the box, we add the initial number of crayons in the box (7) to the number of crayons Gerald puts inside (6). Thus, 7 and 6 make 13."
<<Passage>>Sandy is baking a cake. The recipe wants 7 cups of flour. She already put in 4 cups<<Question>> How many more cups does she need to add ?,<<Passage>>Sandy is baking a cake with a humidity level of 40%. The recipe wants 7 cups of flour. She already put in 4 cups.<<Question>> How many more cups does she need to add ?,3.0,3.0,"Explanation: To find the number of cups Sandy still needs to add, we subtract the cups of flour already put in (4) from the total cups required (7). 7 - 4 = 3."
"<<Passage>>Jesse has 21 bananas<<Question>> If he shares them among 3 friends, how many bananas does each friend get?","<<Passage>>Jesse has 21 bananas, which initially weigh 0 pounds. After adding more bananas, they weigh a total of 42 pounds.<<Question>> If he shares them among 3 friends, how many bananas does each friend get?",7.0,7.0,"Explanation: In order to find out how many bananas each friend gets, we divide the total number of bananas (21) by the number of friends (3). 21 divided by 3 equals 7."
"<<Passage>>There were 3409 pieces of candy in a jar<<Question>> If 145 pieces were red and the rest were blue, how many were blue?","<<Passage>>There were 3409 pieces of candy in a jar with a humidity level ranging from 30% to 70%.<<Question>> If 145 pieces were red and the rest were blue, how many were blue?",3264.0,3264.0,"Explanation: In order to find the number of blue candies, we subtract the number of red candies (145) from the total number of candies (3409). 3409 minus 145 equals 3264."
"<<Passage>>There are 7.75 gallons of water in Becky 's fish tank <<Question>> If Becky adds 7 gallons more , how many gallons will there be in all ? ","<<Passage>>There are 7.75 gallons of water in Becky's fish tank which initially has a temperature of 25 degrees Celsius. The temperature then rises to 30 degrees Celsius.<<Question>> If Becky adds 7 gallons more , how many gallons will there be in all ? ",14.75,14.75,"Explanation: In order to find the total amount of water in the tank, we add the original amount of water (7.75 gallons) to the amount of water added (7 gallons). 7.75 plus 7 equals 14.75."
<<Passage>>Bert runs 2 miles every day<<Question>> How many miles will Bert run in 3 weeks?,"<<Passage>>Bert starts his run at a speed of 5 mph, then increases his pace and runs 2 miles every day at a speed of 10 mph.<<Question>> How many miles will Bert run in 3 weeks?",42.0,42.0,"Explanation: In order to find the total miles Bert will run in 3 weeks, we multiply the number of miles he runs each day (2) by the number of days in 3 weeks (21). 2 miles per day times 21 days equals 42 miles."
<<Passage>>There are 22 walnut trees currently in the park . Park workers will plant walnut trees today . When the workers are finished there will be 55 walnut trees in the park <<Question>> How many walnut trees did the workers plant today ? ,"<<Passage>>There are 22 walnut trees currently in the park with a temperature of 20 Celsius. Park workers will plant walnut trees today. When the workers are finished and the temperature rises to 30 Celsius, there will be 55 walnut trees in the park.<<Question>> How many walnut trees did the workers plant today ? ",33.0,33.0,"Explanation: To solve this problem, we subtract the initial number of walnut trees in the park (22) from the final number of walnut trees (55). This gives us the number of walnut trees that the workers planted. So, 55 minus 22 equals 33."
<<Passage>>Keith has 20 books. Jason has 21 books<<Question>>  How many books do they have together ?,"<<Passage>>Keith has 20 books in a relatively low humidity environment of 20%. Meanwhile, Jason possesses 21 books, potentially experiencing a higher humidity level of 70%.<<Question>>  How many books do they have together ?",41.0,41.0,"Explanation: In order to find the total number of books Keith and Jason have together, we add the number of books Keith has (20) and the number of books Jason has (21). Adding 20 and 21 gives a total of 41 books."
<<Passage>>There are 9 crayons in the drawer . Benny placed 3 crayons in the drawer <<Question>> How many crayons are now there in total ? ,"<<Passage>>There are 9 crayons in the drawer, initially weighing 0 grams. Benny placed 3 more crayons in the drawer, making them weigh a total of 30 grams.<<Question>> How many crayons are now there in total ? ",12.0,12.0,"Explanation: In order to find the total number of crayons in the drawer, we add the number of crayons already in the drawer (9) to the number of crayons Benny placed in the drawer (3). 9 and 3 make 12."
"<<Passage>>Evelyn has 95 marbles. She gets 9 more from Henry. Later, Evelyn buys 6 cards at the store<<Question>> How many marbles does Evelyn have in all?","<<Passage>>Evelyn, who weighs 50 kg, has 95 marbles. She gets 9 more from Henry. After buying 6 cards at the store, Evelyn now weighs 60 kg.<<Question>> How many marbles does Evelyn have in all?",104.0,104.0,Explanation: Evelyn initially has 95 marbles. She then receives 9 more from Henry. We add these together to find the total number of marbles. 95 + 9 equals 104. We ignore the 6 cards Evelyn bought as they are not relevant to the question on how many marbles she has.
<<Passage>> Nell collects baseball cards. She had 304 cards. She gave some of her cards to Jeff and now has 276 cards left<<Question>> How many cards did Nell give  to Jeff?,"<<Passage>>Nell, who weighs 70 kg, collects baseball cards. She had 304 cards. She gave some of her cards to Jeff and now has 276 cards left, with her weight now being 65 kg.<<Question>> How many cards did Nell give  to Jeff?",28.0,28.0,"Explanation: To find out how many cards Nell gave to Jeff, we need to subtract the number of cards she has left (276) from the number she originally had (304). So, 304 minus 276 equals 28."
<<Passage>>In March it rained 0.81 inches. It rained 0.35 inches less in April than in March<<Question>> How much did it rain in April?,"<<Passage>>In March it rained 0.81 inches with a humidity of 20%. It rained 0.35 inches less in April than in March, increasing the humidity to 90%.<<Question>> How much did it rain in April?",0.46,0.46,"Explanation: To find out how much it rained in April, we subtract the amount of rain in April from the amount in March. The problem states that it rained 0.35 inches less in April than in March. So, we subtract 0.35 from the March rainfall of 0.81. When we subtract 0.35 from 0.81, we get 0.46."
<<Passage>>The school is planning a field trip.  There are 9 students and 3 seats on each school bus<<Question>> How many buses are needed to take the trip?,"<<Passage>>The school, where the buses are moving at a speed of 10 mph, is planning a field trip. There are 9 students and 3 seats on each school bus. As the buses speed up to 20 mph, the excitement builds.<<Question>> How many buses are needed to take the trip?",3.0,3.0,"Explanation: To find out how many buses are needed, we divide the total number of students (9) by the number of seats on each bus (3). So, 9 divided by 3 equals 3."
<<Passage>> 29 birds were sitting in a tree. Some more fly up to the tree. Then there were 42 birds in the tree<<Question>> How many more flew up to the tree?,"<<Passage>>29 birds were sitting in a tree when the temperature was 20 degrees Celsius. Some more birds fly up to the tree as the temperature increased. Then, when the temperature reached 30 degrees Celsius, there were 42 birds in the tree.<<Question>> How many more flew up to the tree?",13.0,13.0,"Explanation: To find out how many more birds flew up to the tree, we subtract the initial number of birds (29) from the final number of birds (42). The difference, 13, is the number of birds that flew up to the tree."
<<Passage>>It rained 0.2 inches on Saturday and 0.4 inches on Sunday <<Question>> How much did it rain on Saturday and Sunday combined ? ,<<Passage>>It rained 0.2 inches on Saturday with a humidity of 40% and 0.4 inches on Sunday with a humidity of 80%.<<Question>> How much did it rain on Saturday and Sunday combined ? ,0.6,0.6,"Explanation: To find the total amount of rain that fell on Saturday and Sunday combined, we add the amount that fell on each day. 0.2 inches of rain fell on Saturday and 0.4 inches fell on Sunday. Adding these two together, we get 0.6 inches of rain in total for Saturday and Sunday combined."
<<Passage>>William starts with 15 tickets. He buys 3 more<<Question>> How many tickets does William end with?,"<<Passage>>William, with a starting humidity level of 30%, starts with 15 tickets. He buys 3 more and increases the humidity to 70%.<<Question>> How many tickets does William end with?",18.0,18.0,"Explanation: To find the total number of tickets William ends with, we add the number of tickets he starts with (15) and the number of tickets he buys (3). 15 + 3 = 18."
<<Passage>>There are 55 oranges in a box. Deborah has 11 oranges in a bag. Susan takes 35 oranges out of the box<<Question>> How many oranges are left in the box?,"<<Passage>>There are 55 oranges in a box weighing 5 kg. Deborah has 11 oranges in a bag. Susan takes 35 oranges out of the box. Now, the weight of the oranges is 15 kg.<<Question>> How many oranges are left in the box?",20.0,20.0,"Explanation: To find the number of oranges left in the box, we need to subtract the number of oranges that Susan took from the total number of oranges that were initially in the box. So we subtract 35 (the number of oranges Susan took) from 55 (the total number of oranges in the box). The subtraction 55 - 35 gives us 20."
<<Passage>> The Hawks scored 3 touchdowns worth 7 points each<<Question>> How many points do they have?,<<Passage>>The Hawks scored 3 touchdowns worth 7 points each in a game where the temperature started at 65 degrees Fahrenheit and rose to 75 degrees Fahrenheit by the end.<<Question>> How many points do they have?,21.0,21.0,"Explanation: In order to find the total points scored by the Hawks, we multiply the number of touchdowns (3) by the points per touchdown (7). 3 times 7 equals 21."
"<<Passage>> Uncle Dave bought 143 ice cream sandwiches<<Question>> If he wants to give them to his 11 hungry nieces, how many can each niece get?","<<Passage>>Uncle Dave, who weighed 200 pounds, bought 143 ice cream sandwiches. After eating them all, his weight increased to 250 pounds.<<Question>> If he wants to give them to his 11 hungry nieces, how many can each niece get?",13.0,13.0,"Explanation: In order to find out how many ice cream sandwiches each niece can get, we divide the total number of ice cream sandwiches (143) by the number of nieces (11). 143 divided by 11 equals 13."
<<Passage>>Melanie has 41 books and 31 magazines in her library . She bought several books at a yard sale over the weekend . She now has 87 books in her library <<Question>> How many books did she buy at the yard sale ? ,"<<Passage>>Melanie has 41 books and 31 magazines in her library, occupying an area of 50 square feet. She bought several books at a yard sale over the weekend, expanding her collection to 87 books and increasing the library's area to 120 square feet.<<Question>> How many books did she buy at the yard sale ? ",46.0,46.0,"Explanation: To find the number of books Melanie bought at the yard sale, subtract the initial number of books (41) from the total number of books she now has (87). 87 - 41 = 46. Therefore, Melanie bought 46 books at the yard sale."
<<Passage>> Carla has some marbles. She bought 489 marbles. Now she has 2778 marbles all together<<Question>> How many did she start with?,<<Passage>>Carla has some marbles weighing 5 kg. She bought 489 marbles. Now she has 2778 marbles all together weighing 10 kg.<<Question>> How many did she start with?,2289.0,2289.0,"Explanation: To find the number of marbles Carla started with, we subtract the number of marbles she bought (489) from the total number of marbles she now has (2778). So, 2778 - 489 equals 2289."
<<Passage>> Kate has 223 pennies. John has 388 pennies<<Question>> How many more pennies does John have?,"<<Passage>>Kate, weighing 50 kg, has 223 pennies. John, weighing 70 kg, has 388 pennies.<<Question>> How many more pennies does John have?",165.0,165.0,"Explanation: To find out how many more pennies John has, we subtract the number of pennies Kate has (223) from the number of pennies John has (388). So, 388 minus 223 equals 165."
"<<Passage>>Ruby has 36 candies and 6 bananas<<Question>> If she shares the candies among 9 friends, how many candies does each friend get?","<<Passage>>Ruby, who weighs 50 pounds, has 36 candies and 6 bananas. After eating some, her weight goes up to 70 pounds.<<Question>> If she shares the candies among 9 friends, how many candies does each friend get?",4.0,4.0,"Explanation: Ruby has 36 candies. If she shares these candies among 9 friends, we need to divide the total number of candies (36) by the number of friends (9). So, 36 divided by 9 equals 4. Therefore, each friend gets 4 candies."
"<<Passage>>In Mr. Olsen 's mathematics class , 0.7 the students received A 's and 0.2 received B 's <<Question>> What fraction of the students received either A 's or B 's ? ","<<Passage>>In Mr. Olsen 's mathematics class, where the temperature rose from 20 degrees Celsius to 30 degrees Celsius, 0.7 of the students received A 's and 0.2 received B 's.<<Question>> What fraction of the students received either A 's or B 's ? ",0.9,0.9,"Explanation: In order to find the fraction of students who received either A's or B's, we add the fractions of students who received A's (0.7) and B's (0.2). 0.7 and 0.2 make 0.9."
<<Passage>>William has 2 bottle caps. He buys 41 more<<Question>> How many bottle caps does William have in all?,"<<Passage>>William has 2 bottle caps with a density of 1 g/cm^3. He buys 41 more, increasing the density of the collection to 3 g/cm^3.<<Question>> How many bottle caps does William have in all?",43.0,43.0,"Explanation: To find the total number of bottle caps William has, we add the initial number of bottle caps he had (2) to the number of bottle caps he bought (41). 2 + 41 = 43."
<<Passage>>Joan has 8 orange balloons  but lost 2 of them<<Question>> How many orange balloons does Joan have now ?,"<<Passage>>Joan has 8 orange balloons, in an environment with a starting humidity of 30%, but lost 2 of them. Now the humidity is at 60%.<<Question>> How many orange balloons does Joan have now ?",6.0,6.0,"Explanation: Joan initially had 8 orange balloons. She lost 2 of them. So, the number of balloons Joan has now is found by subtracting the number of balloons lost from the initial quantity. That is, 8 - 2 = 6."
"<<Passage>>I have 648 pencils<<Question>> If I put 4 pencils in each pencil box, how many pencil boxes will I fill?","<<Passage>>I have 648 pencils, each weighing 1 gram. After sharpening, each pencil weighs 2 grams.<<Question>> If I put 4 pencils in each pencil box, how many pencil boxes will I fill?",162.0,162.0,"Explanation: To find out how many pencil boxes will be filled, we divide the total number of pencils (648) by the number of pencils that each box can hold (4). 648 divided by 4 equals 162."
<<Passage>>Tim has 44 books. Sam has 52 books<<Question>>  How many books do they have together ?,<<Passage>>Tim has 44 books weighing 60 kg. Sam has 52 books. Now their books weigh 80 kg.<<Question>>  How many books do they have together ?,96.0,96.0,"Explanation: In order to find the total number of books that both Tim and Sam have, we add the number of books each of them has. Tim has 44 books and Sam has 52 books. 44 and 52 make 96."
"<<Passage>>Bryan had 8 precious stones in his collection which he sold to his friend from the jewelry store<<Question>> If the stones were sold at 1785 dollar each, how much money did Bryan get in total?","<<Passage>>Bryan had 8 precious stones in his collection, weighing a total of 50 kg, which he sold to his friend from the jewelry store. After selling, the total weight of his collection is now 40 kg.<<Question>> If the stones were sold at 1785 dollar each, how much money did Bryan get in total?",14280.0,14280.0,"Explanation: To find out how much money Bryan got in total, we need to multiply the number of stones he sold (8) by the price of each stone (1785 dollars). So, 8 times 1785 equals 14280."
"<<Passage>>Last year at Newberg 's airport , 14507 passengers landed on time . Unfortunately , 213 passengers landed late <<Question>> In all , how many passengers landed in Newberg last year ? ","<<Passage>>Last year at Newberg's airport, with a temperature range of 20 degrees Celsius to 30 degrees Celsius, 14507 passengers landed on time. Unfortunately, 213 passengers landed late.<<Question>> In all , how many passengers landed in Newberg last year ? ",14720.0,14720.0,"Explanation: To find the total number of passengers who landed in Newberg last year, we add the number of passengers who landed on time (14507) and the number of passengers who landed late (213). Adding 14507 and 213 gives us 14720."
"<<Passage>>Ron weighed 2 colored metal balls during a science class . The blue ball weighed 6 pounds and the brown ball weighed 3.12 pounds <<Question>> If Ron places both balls on the scale at the same time , what will the scale read ? ","<<Passage>>During a science class, Ron weighed 2 colored metal balls which were initially at a temperature of 20 degrees Celsius. The blue ball weighed 6 pounds and the brown ball weighed 3.12 pounds. After some time, the temperature of the balls increased to 30 degrees Celsius.<<Question>> If Ron places both balls on the scale at the same time , what will the scale read ? ",9.12,9.12,"Explanation: In order to find the total weight, we add the weight of the blue ball (6 pounds) and the brown ball (3.12 pounds). 6 pounds and 3.12 pounds make 9.12 pounds."
"<<Passage>>A ship full of grain crashes into a coral reef . By the time the ship is fixed , 49952 tons of grain have spilled into the water . Only 918 tons of grain remain onboard <<Question>> How many tons of grain did the ship originally contain ? ","<<Passage>>A ship full of grain, with an initial humidity of 50%, crashes into a coral reef. By the time the ship is fixed, 49952 tons of grain, now with a humidity of 80%, have spilled into the water. Only 918 tons of grain remain onboard<<Question>> How many tons of grain did the ship originally contain ? ",50870.0,50870.0,"Explanation: To find the original amount of grain the ship contained, we need to add the amount of grain that spilled into the water (49952 tons) and the amount of grain that remained on board (918 tons). Adding these together, 49952 + 918 equals 50870."
<<Passage>>Melanie had 7 dimes in her bank. Her dad gave her 8 dimes and her mother gave her 4 dimes<<Question>> How many dimes does Melanie have now ?,"<<Passage>>Melanie had 7 dimes in her bank, maintaining the humidity level at 30%. Her dad gave her 8 dimes, and her mother added 4 more dimes, increasing the humidity to 60%.<<Question>> How many dimes does Melanie have now ?",19.0,19.0,"Explanation: To find the total number of dimes Melanie has, we add the number of dimes she had initially (7) with the dimes given by her dad (8) and her mother (4). Adding 7, 8, and 4 gives 19 dimes."
<<Passage>> 2 toucans are sitting on a tree limb. 1 more toucan joins them<<Question>> How many toucans in all?,"<<Passage>>2 toucans are sitting on a tree limb with a humidity of 30%. 1 more toucan joins them, increasing the humidity to 80%.<<Question>> How many toucans in all?",3.0,3.0,"Explanation: To find the total number of toucans, we add the initial number of toucans (2) to the number of toucans that joined them (1). Thus, 2 + 1 equals 3."
"<<Passage>>Fred found 47 seashells on the beach, he gave Jessica 25 of the seashells<<Question>> How many seashells does he now have ?","<<Passage>>Fred found 47 seashells with a density of 2 g/cm^3 on the beach, he gave Jessica 25 of the seashells. The remaining seashells he found had a density of 5 g/cm^3.<<Question>> How many seashells does he now have ?",22.0,22.0,"Explanation: To find out how many seashells Fred has left, we start with the number of seashells he found on the beach, which is 47. Then we subtract the number of seashells he gave Jessica, which is 25. Therefore, 47 - 25 = 22 seashells left with Fred."
<<Passage>> 13 ducks are swimming in a lake. 20 more ducks come to join them<<Question>> How many ducks are swimming in the lake?,"<<Passage>>13 ducks are swimming in the lake at a temperature of 25 degrees Celsius. As 20 more ducks come to join them, the temperature rises to 35 degrees Celsius.<<Question>> How many ducks are swimming in the lake?",33.0,33.0,"Explanation: In order to find the total number of ducks swimming in the lake, we add the number of initial ducks (13) with the number of ducks that came to join them (20). 13 and 20 make 33."
<<Passage>> Lisa rented 4 DVDs for $4. 80<<Question>> How much did each DVD cost to rent?,<<Passage>>Lisa rented 4 DVDs for $4.80. The weight of the DVDs was initially 200 pounds but after adding some more it increased to 250 pounds.<<Question>> How much did each DVD cost to rent?,1.2,1.2,"Explanation: To find the cost of each DVD, we divide the total cost of the DVDs ($4.80) by the number of DVDs rented (4). $4.80 divided by 4 equals $1.20."
"<<Passage>>Karin's science class weighed plastic rings for an experiment. They found that the orange ring weighed 0.08333333333333333 of an ounce, the purple ring weighed 0.3333333333333333 of an ounce, and the white ring weighed 0.4166666666666667 of an ounce<<Question>> What was the total weight of the plastic rings?","<<Passage>>Karin's science class weighed plastic rings for an experiment. They found that the orange ring weighed 0.08333333333333333 of an ounce, the purple ring weighed 0.3333333333333333 of an ounce, and the white ring weighed 0.4166666666666667 of an ounce, all in a temperature range from 20 degrees Celsius to 30 degrees Celsius.<<Question>> What was the total weight of the plastic rings?",0.8333333333333334,0.8333333333333334,"Explanation: In order to find the total weight of the plastic rings, we add the weight of the orange ring (0.08333333333333333 ounces), the purple ring (0.3333333333333333 ounces), and the white ring (0.4166666666666667 ounces). Adding all these together gives us a total of 0.8333333333333334 ounces."
"<<Passage>>Sally earns $25. 00 for each house she cleans<<Question>> If she cleans 96 houses, how many dozens of dollars will she make?","<<Passage>>Sally, who weighs 150 pounds, earns $25.00 for each house she cleans. After a few months of regular exercise and a healthy diet, she now weighs 200 pounds and still earns $25.00 for each house she cleans.<<Question>> If she cleans 96 houses, how many dozens of dollars will she make?",200.0,200.0,"Explanation: First, we find out how much Sally earns in total by multiplying the number of houses she cleans (96) by the amount she earns for each house ($25.00). This gives us $2400.00. To find out how many dozens of dollars this is, we divide the total amount by 12 (since there are 12 units in a dozen). $2400.00 divided by 12 gives us 200. Therefore, Sally makes 200 dozens of dollars."
"<<Passage>>Joan bought toy cars for $ 14.88 , a skateboard for $ 4.88 , and got toy trucks for $ 5.86 . She spent $ 14.55 on pants <<Question>> In total , how much did Joan spend on toys ? ","<<Passage>>Joan bought toy cars for $ 14.88 , a skateboard for $ 4.88 , and got toy trucks for $ 5.86, all weighing 2 kg. After she spent $ 14.55 on pants, her purchases' total weight was 5 kg.<<Question>> In total , how much did Joan spend on toys ? ",25.62,25.62,"Explanation: To find the total amount Joan spent on toys, we add the cost of the toy cars ($14.88), the skateboard ($4.88), and the toy trucks ($5.86). Adding these amounts gives us a total of $25.62."
<<Passage>>Mary is baking a cake. The recipe wants 8 cups of flour. She already put in 2 cups<<Question>> How many more cups does she need to add ?,<<Passage>>Mary is baking a cake. The recipe wants 8 cups of flour. She already put in 2 cups The kitchen is brightly lit with a luminosity level of 100 lux.<<Question>> How many more cups does she need to add ?,6.0,6.0,"Explanation: In order to find out how many more cups of flour Mary needs to add, we subtract the cups of flour already added (2 cups) from the total cups of flour required in the recipe (8 cups). 8 - 2 = 6. Therefore, Mary needs to add 6 more cups of flour."
<<Passage>>Ellen went to a garage sale to buy chairs.  Each chair is 15 dollars<<Question>> How much did Ellen spend for the 12 chairs she bought?,"<<Passage>>Ellen, who weighs 150 pounds, went to a garage sale to buy chairs. Each chair is 15 dollars. After carrying some chairs, her weight goes up to 200 pounds.<<Question>> How much did Ellen spend for the 12 chairs she bought?",180.0,180.0,"Explanation: To find out how much Ellen spent on the chairs, we multiply the price of each chair (15 dollars) by the number of chairs she bought (12). So, 15 dollars times 12 equals 180 dollars."
<<Passage>>Lizette has 813 stamps. Lizette has 125 more stamps than Minerva<<Question>> How many stamps does Minerva have?,"<<Passage>>Lizette has 813 stamps weighing 50 kg. Lizette has 125 more stamps than Minerva. Now, the stamps weigh 70 kg.<<Question>> How many stamps does Minerva have?",688.0,688.0,"Explanation: To find out how many stamps Minerva has, we need to subtract the extra stamps that Lizette has from the total stamps Lizette has. Lizette has 813 stamps and 125 of those are extra compared to Minerva. So, 813 minus 125 equals 688."
"<<Passage>>Paco's Countertop Company purchased pieces of marble from a quarry. The weights of the pieces they purchased were 0.3333333333333333 of a ton, 0.3333333333333333 of a ton, and 0.08333333333333333 of a ton<<Question>> How many tons of marble did Paco's Countertop Company purchase in all?","<<Passage>>Paco's Countertop Company purchased pieces of marble from a quarry. The marble, with a starting density of 2.7 g/cm^3, had weights of 0.3333333333333333 of a ton, 0.3333333333333333 of a ton, and 0.08333333333333333 of a ton. The density of the marble pieces they purchased ended up being 2.9 g/cm^3.<<Question>> How many tons of marble did Paco's Countertop Company purchase in all?",0.75,0.75,"Explanation: To find the total weight of marble purchased by Paco's Countertop Company, we need to add together the weights of each piece of marble. The weights are 0.3333333333333333 tons, 0.3333333333333333 tons, and 0.08333333333333333 tons. Adding these together gives us a total of 0.75 tons."
<<Passage>>Each bottle cap costs $2. 00<<Question>> How much do 6 bottle caps cost?,"<<Passage>>Each bottle cap costs $2.00 and weighs 5 pounds. After some modifications, the weight of the cap increased to 10 pounds.<<Question>> How much do 6 bottle caps cost?",12.0,12.0,"Explanation: To find the total cost of the bottle caps, we multiply the cost of one bottle cap ($2.00) by the number of bottle caps (6). So, $2.00 times 6 equals $12.00."
<<Passage>>Kelly has 121 Nintendo games<<Question>> How many does Kelly need to give away so that Kelly will have 22 games left?,"<<Passage>>Kelly has 121 Nintendo games. Initially, her collection weighed 50 kg but with the addition of new games, it now weighs 70 kg.<<Question>> How many does Kelly need to give away so that Kelly will have 22 games left?",99.0,99.0,"Explanation: To find out how many games Kelly needs to give away, we subtract the number of games she wants to keep (22) from the total number of games she has (121). So, 121 minus 22 equals 99."
<<Passage>>There are 6 short bushes and 4 tall trees currently in the park . Park workers had to cut down 2 short bushes that were damaged <<Question>> How many short bushes will the park have when the workers are finished ? ,"<<Passage>>In the park, where the temperature was initially 20 degrees Celsius, there were 6 short bushes and 4 tall trees. Park workers had to cut down 2 short bushes that were damaged. After their work, the temperature in the park had risen to 30 degrees Celsius.<<Question>> How many short bushes will the park have when the workers are finished ? ",4.0,4.0,"Explanation: The park originally had 6 short bushes. If the workers cut down 2 short bushes, we subtract 2 from the original number of short bushes to find out how many are left. So, 6 - 2 equals 4."
"<<Passage>> Ellen had 2080 Legos, but she lost 17 Legos<<Question>> How many Legos does she have now?","<<Passage>>Ellen had 2080 Legos, weighing 50 kg, but she lost 17 Legos. Now her Legos weigh 70 kg.<<Question>> How many Legos does she have now?",2063.0,2063.0,"Explanation: To find out how many Legos Ellen has now, we subtract the number of Legos she lost (17) from the total number she had initially (2080). So, 2080 - 17 = 2063."
<<Passage>>There are 16 bottle caps in a box. Marvin takes 6 bottle caps<<Question>> How many are left?,"<<Passage>>There are 16 bottle caps in a box weighing 2 kg. Marvin takes 6 bottle caps, and now the box weighs 5 kg.<<Question>> How many are left?",10.0,10.0,"Explanation: The total number of bottle caps in the box initially is 16. Marvin takes 6 bottle caps. So, the remaining number of bottle caps is found by subtracting 6 from 16. This gives us 10."
"<<Passage>>Terrell hiked 8.2 miles on Saturday . Then , on Sunday , he hiked another 1.6 miles <<Question>> How far did Terrell hike all together ? ","<<Passage>>Terrell hiked 8.2 miles on Saturday when the temperature was 15 degrees Celsius. Then, on Sunday, as the temperature rose to 25 degrees Celsius, he hiked another 1.6 miles.<<Question>> How far did Terrell hike all together ? ",9.8,9.8,"Explanation: To find out the total distance that Terrell hiked, we add the distance he hiked on Saturday (8.2 miles) and the distance he hiked on Sunday (1.6 miles). Adding 8.2 and 1.6 gives us 9.8 miles."
<<Passage>> Mrs.  Hilt bought 3 pizzas for $8 each<<Question>> What was the total amount she paid for the three pizzas?,"<<Passage>>Mrs. Hilt bought 3 pizzas for $8 each, which initially weighed 50 pounds in total. After adding some extra toppings, their total weight increased to 80 pounds.<<Question>> What was the total amount she paid for the three pizzas?",24.0,24.0,"Explanation: In order to find the total amount Mrs. Hilt paid for the pizzas, we multiply the cost of one pizza ($8) by the number of pizzas bought (3). 8 times 3 equals 24."
<<Passage>>Sally grew 113 turnips and 118 pumpkins . Mary grew 129 turnips <<Question>> How many turnips did they grow in total ? ,<<Passage>>Sally grew 113 turnips and 118 pumpkins at a temperature of 20 degrees Celsius. Mary grew 129 turnips when the temperature increased to 30 degrees Celsius.<<Question>> How many turnips did they grow in total ? ,242.0,242.0,"Explanation: In order to find the total number of turnips grown, we add the number of turnips grown by Sally (113) and Mary (129). 113 and 129 make 242."
<<Passage>>There are 5 scissors and 3 pencils in the drawer . Jason placed 4 scissors in the drawer <<Question>> How many scissors are now there in total ? ,<<Passage>>There are 5 scissors and 3 pencils in the drawer which weigh 10 kg. Jason placed 4 more scissors in the drawer increasing the total weight to 20 kg.<<Question>> How many scissors are now there in total ? ,9.0,9.0,"Explanation: The initial number of scissors in the drawer is 5. Jason added 4 more scissors to the drawer. To get the total number of scissors, we add the initial number (5) and the number Jason added (4). So, 5+4 equals 9."
<<Passage>>Jason found 49 seashells and 48 starfish on the beach . He gave 13 of the seashells to Tim <<Question>> How many seashells does Jason now have ? ,"<<Passage>>Jason found 49 seashells and 48 starfish on the beach when the temperature was 20 degrees Celsius. After giving 13 of the seashells to Tim, the temperature rose to 30 degrees Celsius.<<Question>> How many seashells does Jason now have ? ",36.0,36.0,"Explanation: Jason initially found 49 seashells. He gave 13 seashells to Tim. So, the number of seashells Jason now has would be the initial amount of seashells he found minus the number he gave to Tim. Therefore, 49 - 13 = 36. So, Jason now has 36 seashells."
<<Passage>> Mrs.  Hilt has 50 cents.  A pencil costs 5 cents<<Question>> How many pencils can she buy with the money she has?,"<<Passage>>Mrs. Hilt, who weighs 200 pounds, has 50 cents. A pencil costs 5 cents. After buying pencils, her weight increases to 250 pounds due to the added weight of the pencils.<<Question>> How many pencils can she buy with the money she has?",10.0,10.0,"Explanation: To find out how many pencils Mrs. Hilt can buy, we divide the total amount of money she has (50 cents) by the cost of one pencil (5 cents). 50 divided by 5 equals 10."
<<Passage>>Students went to a concert in 8 buses.  Each bus took 45 students<<Question>> How many students went to the concert?,"<<Passage>>Students went to a concert in 8 buses, initially moving at a speed of 60 miles per hour. As each bus took 45 students, the speed reduced to 30 miles per hour.<<Question>> How many students went to the concert?",360.0,360.0,"Explanation: To find the total number of students who went to the concert, we multiply the number of buses (8) by the number of students each bus took (45). 8 multiplied by 45 equals 360."
"<<Passage>>While taking inventory at her pastry shop, Kelly realizes that she had 0.4 of a box of baking powder yesterday, but the supply is now down to 0.3 of a box<<Question>> How much more baking powder did Kelly have yesterday?","<<Passage>>While taking inventory at her pastry shop, Kelly realizes that she had 0.4 of a box of baking powder yesterday when the temperature was 20 degrees Celsius, but the supply is now down to 0.3 of a box and the temperature has risen to 30 degrees Celsius.<<Question>> How much more baking powder did Kelly have yesterday?",0.1,0.1,"Explanation: To figure out how much more baking powder Kelly had yesterday, we subtract the amount she has today (0.3 of a box) from the amount she had yesterday (0.4 of a box). So, 0.4 - 0.3 equals 0.1."
<<Passage>>Bobby collects 2 blocks. Bobby's father gives Bobby 6 more<<Question>> How many blocks does Bobby have?,<<Passage>>Bobby collects 2 blocks weighing 10 kg. Bobby's father gives Bobby 6 more blocks. Now Bobby's block collection weighs 20 kg.<<Question>> How many blocks does Bobby have?,8.0,8.0,"Explanation: In order to find the total number of blocks Bobby has, we add the number of blocks he initially collected (2) and the blocks his father gave him (6). 2 and 6 make 8."
"<<Passage>>Kevin bought two watermelons. The first watermelon was 9.91 pounds, and the second watermelon was 4.11 pounds<<Question>> How many pounds of watermelon did Kevin buy?","<<Passage>>Kevin bought two watermelons. The first watermelon was 9.91 pounds and had a temperature of 20 degrees Celsius, and the second watermelon was 4.11 pounds and had a temperature increase to 30 degrees Celsius.<<Question>> How many pounds of watermelon did Kevin buy?",14.02,14.02,"Explanation: To find the total weight of the watermelons, we need to add the weight of the first watermelon (9.91 pounds) to the weight of the second watermelon (4.11 pounds). When we add 9.91 and 4.11, we get 14.02 pounds."
"<<Passage>>Nina did a running drill to get in shape for soccer season. First, Nina ran 0.08333333333333333 of a mile. Then she ran 0.08333333333333333 of a mile and 0.6666666666666666 of a mile more<<Question>> How many miles did Nina run in total?","<<Passage>>Nina did a running drill to get in shape for soccer season. The temperature was 20 degrees Celsius. First, Nina ran 0.08333333333333333 of a mile. Then she ran 0.08333333333333333 of a mile and 0.6666666666666666 of a mile more. By the time she was done, the temperature had risen to 30 degrees Celsius.<<Question>> How many miles did Nina run in total?",0.8333333333333334,0.8333333333333334,"Explanation: In order to find the total number of miles Nina ran, we add the distances of each run. First, she ran 0.08333333333333333 of a mile. Then she ran another 0.08333333333333333 of a mile and on top of that she ran an additional 0.6666666666666666 of a mile. If we add these three distances together (0.08333333333333333 + 0.08333333333333333 + 0.6666666666666666), we get a total of 0.8333333333333334 miles."
"<<Passage>>Christina just transferred $69 out of her bank account. As a result, the account now has $26,935 left in it<<Question>> How much money was in the account before the transfer?","<<Passage>>Christina just transferred $69 out of her bank account, resulting in a density increase from 0.5 g/cm^3 to 1.2 g/cm^3. The account now has $26,935 left in it.<<Question>> How much money was in the account before the transfer?",27004.0,27004.0,"Explanation: To find the total amount of money in Christina's account before the transfer, we add the amount she transferred ($69) to the remaining amount in the account after the transfer ($26,935). So, $69 + $26,935 = $27,004. Therefore, there was $27,004 in Christina's account before the transfer."
"<<Passage>>Fred has 5 yellow balloons , Sam has 6 yellow balloons , and Mary has 7 yellow balloons . The balloons cost 5 dollars <<Question>> How many yellow balloons do they have in total ? ","<<Passage>>Fred has 5 yellow balloons, and the temperature was 20 degrees Celsius. Sam has 6 yellow balloons, and the temperature rose a bit. Mary has 7 yellow balloons, and the temperature reached 30 degrees Celsius. The balloons cost 5 dollars.<<Question>> How many yellow balloons do they have in total ? ",18.0,18.0,"Explanation: In order to find the total number of yellow balloons, we add the number of balloons Fred, Sam, and Mary have. Fred has 5, Sam has 6, and Mary has 7. So, 5 + 6 + 7 makes 18."
<<Passage>>Last week Tom had 74 dollars. He washed cars over the weekend and now has 86 dollars<<Question>> How much money did he make washing cars ?,"<<Passage>>Last week Tom had 74 dollars, experiencing a humidity level of 30%. After washing cars over the weekend, his earnings increased to 86 dollars, and the humidity level rose to 50%.<<Question>> How much money did he make washing cars ?",12.0,12.0,"Explanation: In order to find out how much money Tom made washing cars, we subtract the amount of money Tom had last week (74 dollars) from the amount of money Tom had after washing cars (86 dollars). 86 - 74 equals 12 dollars."
<<Passage>> Mr.  Guzman bought 48 doughnuts packed equally into 4 boxes<<Question>> How many doughnuts were in each box?,"<<Passage>>Mr. Guzman bought 48 doughnuts packed equally into 4 boxes, with a total weight of 50 pounds. After adding some more doughnuts, the total weight increased to 60 pounds.<<Question>> How many doughnuts were in each box?",12.0,12.0,"Explanation: To find out how many doughnuts were in each box, we divide the total number of doughnuts (48) by the number of boxes (4). 48 divided by 4 equals 12."
"<<Passage>> Paul got a box of 479 crayons for his birthday. At the end of the school  year, he only had 134 left<<Question>> How many crayons had been lost or given  away?","<<Passage>>Paul got a box of 479 crayons for his birthday, which weighed 5 kg. At the end of the school year, he only had 134 left, and the weight of the crayons was 10 kg.<<Question>> How many crayons had been lost or given  away?",345.0,345.0,"Explanation: Paul started with 479 crayons and at the end of the school year, he had 134 left. In order to find out how many crayons have been lost or given away, we subtract the number of crayons left (134) from the total number of crayons he got (479). 479 minus 134 equals 345."
"<<Passage>>Jason joined his school 's band . He bought a flute for $ 142.46 , a music tool for $ 8.89 , and a song book for $ 7 <<Question>> How much did Jason spend at the music store ? ","<<Passage>>Jason joined his school's band. He bought a flute for $142.46, a music tool for $8.89, and a song book for $7. The flute has a density of 1 g/cm^3, the music tool's density is 1 g/cm^3, and the song book has a density of 1 g/cm^3. Now, the flute's density has increased to 2 g/cm^3, the music tool's density is 2 g/cm^3, and the song book still maintains a density of 1 g/cm^3.<<Question>> How much did Jason spend at the music store ? ",158.35,158.35,"Explanation: To find out how much Jason spent at the music store, we need to add up the cost of the flute ($142.46), the music tool ($8.89), and the song book ($7). Adding these amounts gives us $158.35."
<<Passage>>There are 33 oak trees currently in the park. Park workers had to cut down  18 oak trees that were damaged<<Question>> How many oak trees will be in the park when the workers are finished ?,"<<Passage>>There are 33 oak trees currently in the park with a density of 1 tree per square meter. Park workers had to cut down 18 oak trees that were damaged, reducing the density to 0.5 trees per square meter.<<Question>> How many oak trees will be in the park when the workers are finished ?",15.0,15.0,"Explanation: In order to find the total number of oak trees remaining in the park, we need to subtract the number of oak trees cut down (18) from the initial number of oak trees (33). This gives us 33 - 18 = 15 oak trees remaining in the park."
"<<Passage>>nan<<Question>>If Madison sold 24 boxes of Tagalongs, how many cases of 12 boxes does Madison pickup from the cookie mom?","<<Passage>>The train, moving at a speed of 60 miles per hour, left the station at 9 am. It slowed down to 30 miles per hour as it arrived at the next station at 11 am.<<Question>>If Madison sold 24 boxes of Tagalongs, how many cases of 12 boxes does Madison pickup from the cookie mom?",2.0,2.0,"Explanation: In order to find out how many cases Madison needs to pick up, we divide the total number of boxes sold (24) by the number of boxes in a case (12). 24 divided by 12 equals 2."
<<Passage>>A carpenter bought a piece of wood that was 8.9 centimeters long. Then he sawed 2.3 centimeters off the end<<Question>> How long is the piece of wood now?,"<<Passage>>A carpenter bought a piece of wood that was 8.9 centimeters long with a humidity level of 30%. Then, with the humidity level increased to 70%, he sawed 2.3 centimeters off the end.<<Question>> How long is the piece of wood now?",6.6,6.6,"Explanation: To find the current length of the wood after sawing off 2.3 cm, we subtract 2.3 from the original length of 8.9. 8.9 - 2.3 = 6.6. Therefore, the piece of wood is now 6.6 centimeters long."
<<Passage>>Each banana costs $5. 00<<Question>> How much do 4 bananas cost?,"<<Passage>>Each banana costs $5.00. Initially, the weight of the bananas was 10 pounds, but after adding more, it increased to 15 pounds.<<Question>> How much do 4 bananas cost?",20.0,20.0,"Explanation: To find the total cost of the bananas, we multiply the cost of one banana ($5.00) by the number of bananas (4). So, $5.00 times 4 equals $20.00."
<<Passage>>The Sumata family took a 5 day vacation by car.  Each day they drove 250 miles<<Question>> How many total miles did they drive?,"<<Passage>>The Sumata family took a 5 day vacation by car, starting at a speed of 60 mph. Each day they drove 250 miles, gradually increasing their speed to reach 80 mph by the end of the trip.<<Question>> How many total miles did they drive?",1250.0,1250.0,"Explanation: To find the total miles driven by the Sumata family, we multiply the number of days they drove (5) by the number of miles they drove each day (250). 5 times 250 equals 1250."
"<<Passage>>The first act included 5 clown mobiles, each stuffed with 28 clowns<<Question>> How many clowns are inside all the clown mobiles combined?","<<Passage>>The first act included 5 clown mobiles, each stuffed with 28 clowns and initially weighing 2000 pounds. As the act progressed, the weight of each mobile increased to 3000 pounds.<<Question>> How many clowns are inside all the clown mobiles combined?",140.0,140.0,"Explanation: In order to find the total number of clowns, we multiply the number of clown mobiles (5) by the number of clowns in each mobile (28). 5 times 28 equals 140."
<<Passage>> You have 24 cookies and want to share them equally with 6 people<<Question>> How many cookies would each person get?,"<<Passage>>You have 24 cookies, weighing initially at 100 pounds, and want to share them equally with 6 people. After adding some more ingredients, the cookies now weigh 120 pounds.<<Question>> How many cookies would each person get?",4.0,4.0,"Explanation: In order to find out how many cookies each person would get, we divide the total number of cookies (24) by the number of people (6). 24 divided by 6 equals 4."
<<Passage>>Alyssa's dog had puppies. She gave 7 to her friends.  She now has 5 puppies left<<Question>> How many puppies did she have to start with ?,"<<Passage>>Alyssa's dog, initially weighing 10 kg, had puppies. She gave 7 to her friends. After giving away the puppies, she now has 5 puppies left and their total weight is 30 kg.<<Question>> How many puppies did she have to start with ?",12.0,12.0,"Explanation: In order to find the total number of puppies Alyssa had to start with, we add the number of puppies she gave to her friends (7) and the number of puppies she has left (5). 7 and 5 make 12."
<<Passage>>Diana starts with 65 bottle caps. 4 are eaten by a hippopotamus<<Question>> How many bottle caps does Diana end with?,"<<Passage>>Diana starts with 65 bottle caps weighing 100 kg. After 4 are eaten by a hippopotamus, the weight is now 200 kg.<<Question>> How many bottle caps does Diana end with?",61.0,61.0,"Explanation: Diana starts with 65 bottle caps. If a hippopotamus eats 4 of them, then we subtract 4 from 65 to find out how many bottle caps Diana ends with. So, 65 - 4 equals 61."
<<Passage>>Sandy grew 8 carrots and 7 turnips . Mary grew 6 carrots <<Question>> How many carrots did they grow in all ? ,"<<Passage>>Sandy grew 8 carrots and 7 turnips in an area of 20 sq.m. Mary grew 6 carrots, expanding the cultivation area to 40 sq.m<<Question>> How many carrots did they grow in all ? ",14.0,14.0,"Explanation: In order to find the total number of carrots grown, we add the number of carrots grown by Sandy (8) and Mary (6). 8 and 6 make 14."
<<Passage>>Lisa rented 4 DVDs for $4. 80<<Question>> How much did each DVD cost to rent?,"<<Passage>>Lisa rented 4 DVDs for $4.80, which weighed 200 pounds in total. After adding some more DVDs, the total weight became 250 pounds.<<Question>> How much did each DVD cost to rent?",1.2,1.2,"Explanation: To find the cost of each DVD, we divide the total cost ($4.80) by the number of DVDs (4). So, 4.80 divided by 4 equals 1.2."
"<<Passage>>Mary loves eating fruits . Mary paid $ 11.08 for berries , $ 14.33 for apples , and $ 9.31 for peaches <<Question>> In total , how much money did she spend ? ","<<Passage>>Mary, who weighs 50 kg, loves eating fruits. After paying $ 11.08 for berries , $ 14.33 for apples , and $ 9.31 for peaches, Mary's weight increased to 55 kg.<<Question>> In total , how much money did she spend ? ",34.72,34.72,"Explanation: To find out the total amount of money that Mary spent on fruits, we need to add the cost of berries ($11.08), apples ($14.33), and peaches ($9.31). Adding all these together gives a total of $34.72"
<<Passage>>0.5 of the students in the band are in the trumpet section. 0.125 of the students in the band are in the trombone section<<Question>> What fraction of the students in the band are in either the trumpet section or the trombone section?,<<Passage>>0.5 of the students in the band are in the trumpet section. 0.125 of the students in the band are in the trombone section. The temperature during the band practice started at 20 degrees Celsius and went up to 30 degrees Celsius.<<Question>> What fraction of the students in the band are in either the trumpet section or the trombone section?,0.625,0.625,"Explanation: In order to find the total fraction of the students in the band that are in either the trumpet section or the trombone section, we add the fraction of students in the trumpet section (0.5) and the fraction of students in the trombone section (0.125). Adding 0.5 and 0.125 gives 0.625."
<<Passage>>There are 22 walnut trees currently in the park. Park workers will plant more walnut trees today. When the workers are finished there will be 55 walnut trees in the park<<Question>> How many walnut trees did the workers plant today ?,"<<Passage>>There are 22 walnut trees currently in the park where the humidity is at 30%. Park workers will plant more walnut trees today. When the workers are finished and the humidity has risen to 70%, there will be 55 walnut trees in the park.<<Question>> How many walnut trees did the workers plant today ?",33.0,33.0,"Explanation: To find out how many walnut trees the workers planted today, we subtract the initial number of trees from the final number of trees. So, 55 (the final number of trees) minus 22 (the initial number of trees) equals 33. Hence, the workers planted 33 walnut trees today."
<<Passage>>Emily collected eggs from the hen and put them into 303 baskets.  She put 28 eggs into each basket<<Question>> How many eggs did Emily collect?,"<<Passage>>Emily collected eggs from the hen, each weighing 2 pounds, and put them into 303 baskets. She put 28 eggs into each basket. As the day progressed, the eggs grew heavier, each weighing 3 pounds by the end of the day.<<Question>> How many eggs did Emily collect?",8484.0,8484.0,"Explanation: In order to find the total number of eggs collected, we multiply the number of baskets (303) by the number of eggs in each basket (28). 303 multiplied by 28 equals 8484."
<<Passage>> A cake recipe requires 0.6 cup of sugar for the frosting and 0.2 cup of sugar for the cake<<Question>> How much sugar is that altogether?,<<Passage>>A cake recipe requires 0.6 cup of sugar for the frosting and 0.2 cup of sugar for the cake. The baking process starts at a room temperature of 20 degrees Celsius and the oven temperature is set to 180 degrees Celsius.<<Question>> How much sugar is that altogether?,0.8,0.8,"Explanation: To find the total amount of sugar required, we add the quantity of sugar needed for the frosting (0.6 cup) and the cake (0.2 cup). Adding 0.6 and 0.2 gives 0.8 cup of sugar."
<<Passage>>Craig walked 0.2 of a mile from school to David's house and 0.7 of a mile from David's house to his own house<<Question>> How many miles did Craig walk in all?,<<Passage>>Craig walked 0.2 of a mile from school to David's house when the temperature was 15 degrees Celsius. He then walked 0.7 of a mile from David's house to his own house as the temperature increased to 25 degrees Celsius.<<Question>> How many miles did Craig walk in all?,0.9,0.9,"Explanation: In order to find the total distance Craig walked, we add the distance from school to David's house (0.2 miles) and the distance from David's house to his own house (0.7 miles). 0.2 and 0.7 make 0.9."
<<Passage>>Jose starts with 7 bottle caps. He gets 2 more from Rebecca<<Question>> How many bottle caps does Jose end with?,"<<Passage>>Jose starts with 7 bottle caps weighing 60 kg. He gets 2 more from Rebecca, making the total weight of the bottle caps 70 kg.<<Question>> How many bottle caps does Jose end with?",9.0,9.0,"Explanation: In order to find the total number of bottle caps Jose has, we add the number of bottle caps he started with (7) and the ones he got from Rebecca (2). 7 and 2 make 9."
<<Passage>>Mrs.  Hilt is baking bread.  She needs 5 cups of flour to bake 2 loaves of bread<<Question>> How much flour will she need to make one loaf of bread?,"<<Passage>>Mrs. Hilt is baking bread in her kitchen, where the temperature is 70 degrees Fahrenheit. She needs 5 cups of flour to bake 2 loaves of bread. As she bakes, the temperature in the kitchen rises to 85 degrees Fahrenheit.<<Question>> How much flour will she need to make one loaf of bread?",2.5,2.5,"Explanation: To find out how much flour Mrs. Hilt needs to make one loaf of bread, we divide the total amount of flour she uses (5 cups) by the number of loaves it makes (2). 5 divided by 2 equals 2.5."
"<<Passage>>Eric has 9306 erasers<<Question>> If he shares them among 99 friends, how many erasers does each friend get?","<<Passage>>Eric, who weighs 10 pounds, has 9306 erasers. After carrying all the erasers, his weight goes up to 20 pounds.<<Question>> If he shares them among 99 friends, how many erasers does each friend get?",94.0,94.0,"Explanation: To find out how many erasers each friend gets, we divide the total number of erasers (9306) by the number of friends (99). 9306 divided by 99 equals 94."
<<Passage>>Jason has 43 blue and 16 red marbles . Tom has 24 blue marbles <<Question>> How many blue marbles do they have in all ? ,"<<Passage>>Jason, having 43 blue and 16 red marbles, has marbles weighing 20 kg. Tom has 24 blue marbles. With Tom's marbles, the total weight of marbles is now 30 kg.<<Question>> How many blue marbles do they have in all ? ",67.0,67.0,"Explanation: To find the total number of blue marbles, we add Jason's blue marbles (43) and Tom's blue marbles (24). 43 and 24 make 67."
<<Passage>>Joan decided to sell all of her old books . She gathered up 33 books to sell . She sold 26 books in a yard sale <<Question>> How many books does Joan now have ? ,"<<Passage>>Joan decided to sell all of her old books . She gathered up 33 books to sell, which weighed a total of 50 kg. She sold 26 books in a yard sale, decreasing the total weight of her books to 100 kg.<<Question>> How many books does Joan now have ? ",7.0,7.0,"Explanation: Joan started with 33 books. She sold 26 of those books. To find out how many books she has now, we subtract the number of books she sold (26) from the total number of books she had (33). 33 minus 26 equals 7."
<<Passage>>Tim has 22 books. Mike has 20 books<<Question>>  How many books do they have together ?,"<<Passage>>Tim has 22 books weighing 50 kg. Mike has 20 books. Together, their books weigh 70 kg.<<Question>>  How many books do they have together ?",42.0,42.0,"Explanation: In order to find the total number of books, we add the number of books that Tim has (22) and the number of books that Mike has (20). 22 and 20 make 42."
<<Passage>> Paul had 42 strawberries in his basket. He picked 78 more strawberries<<Question>> How many strawberries did he have then?,"<<Passage>>Paul had 42 strawberries in his basket weighing 50 kg. He picked 78 more strawberries, and the total weight of the strawberries in his basket increased to 70 kg.<<Question>> How many strawberries did he have then?",120.0,120.0,"Explanation: In order to find the total number of strawberries, we add the number of strawberries Paul initially had (42) to the number he picked (78). 42 and 78 make 120."
"<<Passage>>The next act involved several jugglers<<Question>> If each juggler is juggling 6 balls at a time, how many balls are needed if there are 378 jugglers putting a show at the same time?","<<Passage>>The next act involved several jugglers, initially under a light of 100 lumens. As their act progressed, the luminosity increased to 200 lumens to highlight their performance.<<Question>> If each juggler is juggling 6 balls at a time, how many balls are needed if there are 378 jugglers putting a show at the same time?",2268.0,2268.0,"Explanation: In order to find the total number of balls needed, we multiply the number of jugglers (378) by the number of balls each juggler is juggling (6). 378 multiplied by 6 equals 2268."
<<Passage>> Gary had 73 dollars. He spent 55 dollars on a pet snake<<Question>> How many dollars did Gary have left?,"<<Passage>>Gary, who weighs 65 kg, had 73 dollars. He spent 55 dollars on a pet snake and his weight increased to 85 kg.<<Question>> How many dollars did Gary have left?",18.0,18.0,"Explanation: In order to find out how much money Gary had left, we subtract the amount spent on the pet snake (55 dollars) from the initial amount (73 dollars). Therefore, 73 minus 55 equals 18."
<<Passage>>A restaurant served 9 hot dogs during lunch and 2 during dinner today . It served 5 of them yesterday <<Question>> How many hot dogs were served today ? ,"<<Passage>>A restaurant served 9 hot dogs, heated to a temperature of 25 °C, during lunch and 2 during dinner today. It served 5 of them yesterday. By the end of today, the hot dogs were served at 30 °C.<<Question>> How many hot dogs were served today ? ",11.0,11.0,"Explanation: In order to find the total number of hot dogs served today, we add the number of hot dogs served during lunch (9) and dinner (2). 9 and 2 make 11."
<<Passage>>There are 9 pencils and 4 rulers in the drawer . Sally took 4 pencils out of the drawer <<Question>> How many pencils are there now ? ,<<Passage>>There are 9 pencils and 4 rulers in the drawer weighing 50 kg. Sally took 4 pencils out of the drawer and the weight reduced to 80 kg.<<Question>> How many pencils are there now ? ,5.0,5.0,"Explanation: In order to find the number of pencils left, we subtract the number of pencils Sally took (4) from the total number of pencils (9). 9 minus 4 equals 5."
<<Passage>>There are 4 crayons in each box<<Question>> How many crayons are in 3 boxes?,"<<Passage>>There are 4 crayons in each box, each weighing 5 pounds initially. As they are used, their weight increases to 7 pounds.<<Question>> How many crayons are in 3 boxes?",12.0,12.0,"Explanation: To find the total number of crayons in 3 boxes, we multiply the number of crayons in one box (4) by the number of boxes (3). 4 times 3 equals 12."
<<Passage>>There are 34 dogwood trees currently in the park . Park workers will plant 49 dogwood trees today <<Question>> How many dogwood trees will the park have when the workers are finished ? ,<<Passage>>There are 34 dogwood trees currently in the park covering an area of 120 square meters. Park workers will plant 49 dogwood trees today expanding the area to 200 square meters.<<Question>> How many dogwood trees will the park have when the workers are finished ? ,83.0,83.0,"Explanation: To find the total number of dogwood trees in the park after the workers plant 49 more trees, we add the current number of trees (34) to the number of trees being planted (49). 34 + 49 equals 83."
<<Passage>> A garden has 52 rows and 15 columns of bean plans<<Question>> How many plants are there in all?,"<<Passage>>A garden, with a humidity of 60%, has 52 rows and 15 columns of bean plants. As the day progresses, the humidity rises to 75%.<<Question>> How many plants are there in all?",780.0,780.0,"Explanation: To find the total number of plants in the garden, we multiply the number of rows (52) by the number of columns (15). 52 multiplied by 15 equals 780."
"<<Passage>>Joan purchased a basketball game for $5.20, and a racing game for $4.23<<Question>> How much did Joan spend on video games?","<<Passage>>Joan purchased a basketball game for $5.20 at 30% humidity, and a racing game for $4.23 at 60% humidity.<<Question>> How much did Joan spend on video games?",9.43,9.43,"Explanation: To find the total amount Joan spent on video games, add the cost of the basketball game ($5.20) and the cost of the racing game ($4.23). $5.20 + $4.23 = $9.43. Therefore, Joan spent $9.43 on video games."
<<Passage>>Edward starts with 92 eggs. He gives 40 to Phillip<<Question>> How many eggs does Edward end with?,"<<Passage>>Edward starts with 92 eggs weighing a total of 60 kg. He gives 40 to Phillip, and the weight of the remaining eggs is 70 kg.<<Question>> How many eggs does Edward end with?",52.0,52.0,"Explanation: Edward starts with 92 eggs. If he gives 40 to Phillip, we subtract 40 from his original 92 to find out how many eggs he is left with. The subtraction is as follows: 92 - 40 = 52"
<<Passage>>William has 10 marbles. He shares 3 with Theresa<<Question>> How many marbles will William have?,"<<Passage>>William has 10 marbles weighing 50 kg. He shares 3 with Theresa. Now, the marbles weigh 60 kg.<<Question>> How many marbles will William have?",7.0,7.0,"Explanation: William starts with 10 marbles. When he gives 3 to Theresa, we subtract 3 from 10 to find out how many marbles William has left. So, 10 - 3 equals 7."
"<<Passage>>Peter has 3 candies stored in boxes<<Question>> If there are 3 boxes, how many candies must go in each box?","<<Passage>>Peter has 3 candies stored in boxes that weigh 50 pounds. After adding some more candies, the boxes now weigh 60 pounds.<<Question>> If there are 3 boxes, how many candies must go in each box?",1.0,1.0,"Explanation: In order to find out how many candies must go in each box, we divide the total number of candies (3) by the number of boxes (3). So, 3 divided by 3 equals 1."
<<Passage>> Connie had some marbles. She gave 183 to Juan. Now she has 593 marbles left<<Question>> How many did she have to start with?,"<<Passage>>Connie had some marbles, which collectively weigh 50 kg. She gave 183 to Juan. Now she has 593 marbles left, weighing 60 kg.<<Question>> How many did she have to start with?",776.0,776.0,"Explanation: In order to find out how many marbles Connie had to start with, we need to add the number of marbles she gave to Juan (183) to the number of marbles she has left (593). Adding 183 and 593 gives us 776."
<<Passage>>Brenda has 34 apples. She gets 37 more from Willie<<Question>> How many apples does Brenda have in all?,"<<Passage>>Brenda has 34 apples at 40% humidity. She gets 37 more apples from Willie, increasing the humidity to 80%.<<Question>> How many apples does Brenda have in all?",71.0,71.0,"Explanation: To find the total number of apples Brenda has in all, we add the number of apples she initially had (34) to the number of apples she gets from Willie (37). 34 + 37 = 71."
"<<Passage>>Joan joined her school 's band . She bought a trumpet for $ 149.16 , a music tool for $ 9.98 , and a song book which was $ 4.14 . Joan found $ 8.65 in her pocket <<Question>> How much did Joan spend at the music store ? ","<<Passage>>Joan, weighing 50 kg, joined her school 's band . She bought a trumpet for $ 149.16 , a music tool for $ 9.98 , and a song book which was $ 4.14 . Joan found $ 8.65 in her pocket. After joining the band and carrying her new instruments, her weight went up to 55 kg.<<Question>> How much did Joan spend at the music store ? ",163.28,163.28,"Explanation: In order to find the total amount Joan spent at the music store, we add the cost of the trumpet ($149.16), the cost of the music tool ($9.98), and the cost of the song book ($4.14). So, $149.16 + $9.98 + $4.14 = $163.28."
<<Passage>> There were 44 boys and 53 girls on the playground at recess<<Question>> How many children were on the playground in all?,<<Passage>>There were 44 boys and 53 girls on the playground at recess. The temperature started at 20 degrees Celsius and increased to 30 degrees Celsius during the recess.<<Question>> How many children were on the playground in all?,97.0,97.0,"Explanation: In order to find the total number of children on the playground, we add the number of boys (44) and girls (53). 44 and 53 make 97."
"<<Passage>>Before the recent housing boom, there were 1,426 houses in Lawrence County. Now, there are 2,000 houses<<Question>> How many houses did developers build during the housing boom?","<<Passage>>Before the recent housing boom, when the temperature was around 20 Celsius, there were 1,426 houses in Lawrence County. Now, with the temperature around 30 Celsius, there are 2,000 houses.<<Question>> How many houses did developers build during the housing boom?",574.0,574.0,"Explanation: To find the number of houses built during the housing boom, subtract the number of houses before the boom (1,426) from the number of houses after the boom (2,000). So, 2,000 - 1,426 equals 574."
<<Passage>> Martha bought 18 small cakes.  She has 3 children.  She would like to divide the cakes among her children so that each child gets the same  amount<<Question>> How many cakes would each child get?,"<<Passage>>Martha, who weighs 200 pounds, bought 18 small cakes. She has 3 children. She would like to divide the cakes among her children so that each child gets the same amount. After eating some cakes, she now weighs 300 pounds.<<Question>> How many cakes would each child get?",6.0,6.0,"Explanation: To find out how many cakes each child would get, we divide the total number of cakes (18) by the number of children (3). 18 divided by 3 equals 6."
<<Passage>>Lillian collects 88 candies. Lillian's father gives Lillian 5 more<<Question>> How many candies does Lillian have?,<<Passage>>Lillian collects 88 candies weighing 50 kg. Lillian's father gives Lillian 5 more candies and now the weight is 60 kg.<<Question>> How many candies does Lillian have?,93.0,93.0,"Explanation: To find the total number of candies Lillian has, we add the number of candies she collected (88) to the number of candies her father gave her (5). 88 and 5 make 93."
<<Passage>>The school is planning a field trip.  There are 45 students and 9 seats on each school bus<<Question>> How many buses are needed to take the trip?,"<<Passage>>The school is planning a field trip. There are 45 students and 9 seats on each school bus. The buses start off at a speed of 60 mph, but due to traffic, they slow down to 30 mph.<<Question>> How many buses are needed to take the trip?",5.0,5.0,"Explanation: To find out how many buses are needed, we divide the total number of students (45) by the number of seats on each bus (9). This gives us 5 buses, but since we can't have a fraction of a bus, we round up to the nearest whole number. So, 5 buses are needed for the trip."
"<<Passage>>Sara grew 4 onions , Sally grew 5 onions , and Fred grew 9 onions <<Question>> How many onions did they grow in all ? ","<<Passage>>Sara grew 4 onions when the temperature was 20 degrees Celsius, Sally grew 5 onions as the temperature rose, and by the time Fred grew 9 onions, the temperature had reached 30 degrees Celsius.<<Question>> How many onions did they grow in all ? ",18.0,18.0,"Explanation: To find the total number of onions they grew, we add the number of onions Sara, Sally, and Fred grew. Sara grew 4 onions, Sally grew 5 onions, and Fred grew 9 onions. Adding these together: 4 + 5 + 9 gives us 18 onions in total."
<<Passage>>Carol collects 2 peanuts. Carol's father gives Carol 5 more<<Question>> How many peanuts does Carol have?,"<<Passage>>Carol, initially weighing 50 kg, collects 2 peanuts. After Carol's father gives Carol 5 more, her weight increases to 60 kg.<<Question>> How many peanuts does Carol have?",7.0,7.0,"Explanation: In order to find the total number of peanuts Carol has now, we add the number of peanuts she initially collected (2) to the number of peanuts her father gave her (5). 2 and 5 make 7."
"<<Passage>>Each year, salmon travel upstream, going from the ocean to the rivers where they were born. This year, 712,261 male and 259,378 female salmon returned to their rivers<<Question>> How many salmon made the trip?","<<Passage>>Each year, salmon travel upstream, going from the ocean to the rivers where they were born. This year, with humidity levels ranging from 50% to 80%, 712,261 male and 259,378 female salmon returned to their rivers.<<Question>> How many salmon made the trip?",971639.0,971639.0,"Explanation: To find the total number of salmon that made the trip, we add the number of male salmon (712,261) and female salmon (259,378). Adding these two values gives us a total of 971,639 salmon."
"<<Passage>> I have 80 cents to buy candy<<Question>> If each gumdrop costs 4 cents, how many gumdrops can I buy?","<<Passage>>I have 80 cents to buy candy. The bag of candy I want weighs 100 pounds. After adding some more candies, it weighs 120 pounds.<<Question>> If each gumdrop costs 4 cents, how many gumdrops can I buy?",20.0,20.0,"Explanation: To find out how many gumdrops you can buy, you need to divide the total amount of money you have (80 cents) by the cost of each gumdrop (4 cents). So, 80 divided by 4 equals 20."
"<<Passage>> Mark has 13 trees in his backyard<<Question>> If he plants 12 more, how many trees will he have?","<<Passage>>Mark has 13 trees in his backyard with a humidity level ranging from 30% to 70%.<<Question>> If he plants 12 more, how many trees will he have?",25.0,25.0,"Explanation: To find the total number of trees Mark will have, simply add the number of trees he currently has (13) with the number of trees he plants (12). 13 + 12 = 25. Therefore, Mark will have 25 trees in his backyard after planting 12 more."
<<Passage>> There were 58 geese and 37 ducks in the marsh<<Question>> How many birds were there in all?,<<Passage>>There were 58 geese and 37 ducks in the marsh. The temperature started at 20 degrees Celsius and rose to 30 degrees Celsius.<<Question>> How many birds were there in all?,95.0,95.0,"Explanation: In order to find the total number of birds, we add the number of geese (58) and ducks (37). 58 and 37 make 95."
"<<Passage>>Sandy worked 45 hours in the last 5 days<<Question>> Assuming that she worked the same amount of hours each day, how long did she work each day ?","<<Passage>>Sandy worked 45 hours in the last 5 days, starting in a room with a temperature of 68 degrees Fahrenheit. By the end of the 5 days, the room's temperature had risen to 75 degrees Fahrenheit.<<Question>> Assuming that she worked the same amount of hours each day, how long did she work each day ?",9.0,9.0,"Explanation: To find out how many hours Sandy worked each day, we divide the total number of hours she worked (45) by the number of days she worked (5). 45 divided by 5 equals 9."
<<Passage>> Arthur baked 35 muffins<<Question>> How many more muffins does Arthur have to bake to have 83 muffins?,<<Passage>>Arthur baked 35 muffins at a starting temperature of 20 degrees Celsius and ended at a temperature of 30 degrees Celsius.<<Question>> How many more muffins does Arthur have to bake to have 83 muffins?,48.0,48.0,"Explanation: To find out how many more muffins Arthur needs to bake to have a total of 83 muffins, we subtract the number of muffins he has already baked (35) from the total number he wants to have (83). So, 83 - 35 = 48."
<<Passage>> Our class got 54 books from the library. Then we got 23 more books from the library<<Question>> How many books did our class get from the library?,"<<Passage>>Our class, initially having books weighing 50 kg, got 54 books from the library. Then we got 23 more books from the library and the total weight of the books increased to 75 kg.<<Question>> How many books did our class get from the library?",77.0,77.0,"Explanation: In order to find the total number of books our class got from the library, we add the number of books gotten the first time (54) and the number of books gotten the second time (23). 54 and 23 make 77."
<<Passage>>A restaurant sold 63 hamburgers last week<<Question>> How many hamburgers on average were sold each day ?,"<<Passage>>A restaurant, which was at a comfortable 70 degrees Fahrenheit, sold 63 hamburgers last week. As the week progressed, the temperature increased to 80 degrees Fahrenheit.<<Question>> How many hamburgers on average were sold each day ?",9.0,9.0,"Explanation: To find the average number of hamburgers sold each day, we divide the total number of hamburgers sold in the week (63) by the number of days in a week (7). 63 divided by 7 equals 9."
<<Passage>> The Sumata family took a 5-day vacation by car.  Each day they drove 250 miles<<Question>> How many total miles did they drive?,"<<Passage>>The Sumata family took a 5-day vacation by car, starting their journey at a cool 60 degrees Fahrenheit. Each day they drove 250 miles, and by the end of their journey, the temperature had risen to a warm 75 degrees Fahrenheit.<<Question>> How many total miles did they drive?",1250.0,1250.0,"Explanation: To find the total miles driven by the Sumata family, we multiply the number of days they drove (5) by the number of miles they drove each day (250). So, 5 days times 250 miles per day equals 1250 miles."
<<Passage>>There were 28 bales of hay in the barn . Tim stacked bales in the barn today . There are now 54 bales of hay in the barn <<Question>> How many bales did he store in the barn ? ,"<<Passage>>There were 28 bales of hay in the barn with a temperature of 25 degrees Celsius. Tim stacked more bales in the barn today, causing the temperature to rise to 35 degrees Celsius. There are now 54 bales of hay in the barn.<<Question>> How many bales did he store in the barn ?",26.0,26.0,"Explanation: To find out how many bales Tim stacked in the barn, we subtract the original number of bales (28) from the current number of bales (54). The difference, 54 minus 28, gives us 26 which is the number of bales Tim stored in the barn."
<<Passage>>A carpenter bought a piece of wood that was 0.41 meters long . Then she sawed 0.33 meters off the end <<Question>> How long is the piece of wood now ? ,<<Passage>>A carpenter bought a piece of wood that was 0.41 meters long and weighed 5 kg. Then she sawed 0.33 meters off the end and the weight of the wood became 10 kg.<<Question>> How long is the piece of wood now ? ,0.08,0.08,"Explanation: To find out the length of the wood now, we subtract the length that was sawed off (0.33 meters) from the original length (0.41 meters). So, 0.41 - 0.33 equals 0.08."
<<Passage>>Jane starts with 87 crayons. 7 are eaten by a hippopotamus<<Question>> How many crayons does Jane end with?,"<<Passage>>Jane starts with 87 crayons weighing 50 kg. 7 are eaten by a hippopotamus, reducing the weight to 100 kg.<<Question>> How many crayons does Jane end with?",80.0,80.0,"Explanation: To find out how many crayons Jane ends with, we subtract the number of crayons eaten by the hippopotamus (7) from the original number of crayons Jane had (87). So, 87 minus 7 equals 80."
"<<Passage>>Each day, the polar bear at Richmond's zoo eats 0.2 of a bucket of trout and 0.4 of a bucket of salmon<<Question>> How many buckets of fish does the polar bear eat daily?","<<Passage>>Each day, when the temperature at Richmond's zoo ranges from 15 to 25 degrees Celsius, the polar bear eats 0.2 of a bucket of trout and 0.4 of a bucket of salmon.<<Question>> How many buckets of fish does the polar bear eat daily?",0.6,0.6,"Explanation: In order to find the total number of buckets of fish the polar bear eats daily, we add the number of buckets of trout (0.2) and salmon (0.4). Adding 0.2 and 0.4 gives us a total of 0.6 buckets."
"<<Passage>>nan<<Question>>If Harold split 15 apples between 3 people in her class and kept the left overs, how many apples did each classmate get?","<<Passage>>The garden, with a humidity level of 60%, has 30 roses. After a week, the humidity level drops to 40% and there are 50 roses.<<Question>>If Harold split 15 apples between 3 people in her class and kept the left overs, how many apples did each classmate get?",5.0,5.0,"Explanation: To find out how many apples each classmate got, we divide the total number of apples (15) by the number of people (3). 15 divided by 3 equals 5."
<<Passage>>Mrs.  Hilt read 4 books.  Each book had 17 chapters in it.  How many chapters did Mrs<<Question>> Hilt read?,"<<Passage>>Mrs. Hilt, who weighs 200 pounds, read 4 books. Each book had 17 chapters in it. After reading all the books, her weight increased to 220 pounds. How many chapters did Mrs. Hilt read?<<Question>> Hilt read?",68.0,68.0,"Explanation: To find the total number of chapters Mrs. Hilt read, we multiply the number of books she read (4) by the number of chapters in each book (17). 4 times 17 equals 68."
<<Passage>> Jill invited 37 people to her birthday party.  They each ate 8 pieces of pizza<<Question>> How many pieces of pizza did they eat?,"<<Passage>>Jill invited 37 people to her birthday party. They each ate 8 pieces of pizza. The total weight of the pizza consumed was initially 100 pounds, but after everyone had their fill, it increased to 200 pounds.<<Question>> How many pieces of pizza did they eat?",296.0,296.0,"Explanation: In order to find the total number of pieces of pizza eaten, we multiply the number of people (37) by the number of pieces each person ate (8). 37 times 8 equals 296."
"<<Passage>>Tom purchased a Batman game for $ 13.60 , and a Superman game for $ 5.06 . Tom already owns 2 games <<Question>> How much did Tom spend on video games ? ","<<Passage>>Tom, who weighs 50 kg, purchased a Batman game for $ 13.60 , and a Superman game for $ 5.06 . Tom already owns 2 games. After the purchase, Tom's weight increased to 60 kg.<<Question>> How much did Tom spend on video games ? ",18.66,18.66,"Explanation: To find the total amount Tom spent on video games, we add the cost of the Batman game ($13.60) and the Superman game ($5.06). $13.60 and $5.06 add up to $18.66."
"<<Passage>> Shelby’s teacher gives out gold stars for great math work. Yesterday, Shelby earned 4 gold stars. Today, she earned 3 more<<Question>> How many gold  stars did Shelby earn in all?","<<Passage>>Shelby’s teacher, under a starting humidity of 30% RH, gives out gold stars for great math work. Yesterday, Shelby earned 4 gold stars. Today, as the humidity rose to 60% RH, she earned 3 more.<<Question>> How many gold  stars did Shelby earn in all?",7.0,7.0,"Explanation: To find the total number of gold stars Shelby earned, we need to add the gold stars she earned yesterday (4) to the gold stars she earned today (3). Adding 4 and 3 gives us 7."
<<Passage>>John weighs 81 pounds. Roy weighs 4 pounds<<Question>> How much heavier is John than Roy?,"<<Passage>>John and Roy, who were initially at a temperature of 20 degrees Celsius, now weigh 81 and 4 pounds respectively, with the temperature rising to 30 degrees Celsius.<<Question>> How much heavier is John than Roy?",77.0,77.0,"Explanation: In order to find how much heavier John is than Roy, we subtract Roy's weight (4 pounds) from John's weight (81 pounds). 81 minus 4 equals 77."
<<Passage>>Roadster's Paving Company used 10 tons of cement to pave Lexi's street and 5.1 tons of cement to pave Tess's street<<Question>> How much cement did Roadster's Paving Company use in all?,<<Passage>>Roadster's Paving Company used 10 tons of cement to pave Lexi's street and 5.1 tons of cement to pave Tess's street. The temperature during the paving ranged from 20 degrees Celsius to 35 degrees Celsius.<<Question>> How much cement did Roadster's Paving Company use in all?,15.1,15.1,"Explanation: In order to find the total amount of cement used, we add the amount used for Lexi's street (10 tons) and Tess's street (5.1 tons). 10 and 5.1 make 15.1."
<<Passage>>58 children are taking a bus to the zoo.  They sit 2 children in every seat<<Question>> How many seats will the children need in all?,"<<Passage>>58 children are taking a bus to the zoo. They sit 2 children in every seat. The bus starts off at a speed of 50 mph, but slows down to 30 mph as it approaches the zoo.<<Question>> How many seats will the children need in all?",29.0,29.0,"Explanation: In order to find the total number of seats needed, we divide the total number of children (58) by the number of children that can sit in one seat (2). 58 divided by 2 equals 29."
<<Passage>>There were 2 red orchids and 4 white orchids in the vase . Jessica cut some red orchids from her flower garden . There are now 18 red orchids in the vase <<Question>> How many red orchids did she cut ? ,<<Passage>>There were 2 red orchids and 4 white orchids in the vase at a temperature of 20 degrees Celsius. Jessica cut some red orchids from her flower garden and adjusted the temperature to 30 degrees Celsius. There are now 18 red orchids in the vase.<<Question>> How many red orchids did she cut ? ,16.0,16.0,"Explanation: In order to find the number of red orchids Jessica cut from her garden, we subtract the initial number of red orchids in the vase (2) from the final number of red orchids in the vase (18). 18 - 2 equals 16."
<<Passage>>Benny has 6 blue marbles.  Keith has 5 times more blue marbles than Benny<<Question>> How many blue marbles does Keith have ?,"<<Passage>>Benny has 6 blue marbles, weighing a total of 50 pounds. Keith has 5 times more blue marbles than Benny, weighing a total of 100 pounds.<<Question>> How many blue marbles does Keith have ?",30.0,30.0,"Explanation: To find out how many blue marbles Keith has, we multiply the number of blue marbles Benny has (6) by 5. 6 times 5 equals 30."
<<Passage>>Jeffrey wants to split a collection of bottle caps into groups of 2.  Jeffrey has 12 bottle caps<<Question>> How many groups will be created?,"<<Passage>>Jeffrey, who weighs 100 pounds, wants to split a collection of bottle caps into groups of 2. Jeffrey has 12 bottle caps. After eating a large meal, Jeffrey's weight increases to 120 pounds.<<Question>> How many groups will be created?",6.0,6.0,"Explanation: To find out how many groups of 2 can be created from 12 bottle caps, we divide the total number of bottle caps (12) by the number of bottle caps in each group (2). 12 divided by 2 equals 6."
"<<Passage>>At a pizza party , Mason and his friends drank 2.6666666666666665 bottles of lemon-lime soda and 2.6666666666666665 bottles of cola <<Question>> How much soda did they drink in all ? ","<<Passage>>At a pizza party, Mason and his friends drank 2.6666666666666665 bottles of lemon-lime soda, initially at 25 degrees Celsius, and 2.6666666666666665 bottles of cola. By the end of the party, the temperature of the drinks rose to 30 degrees Celsius.<<Question>> How much soda did they drink in all ? ",5.333333333333333,5.333333333333333,"Explanation: In order to find the total amount of soda drank, we add the amount of lemon-lime soda (2.6666666666666665) and cola (2.6666666666666665). 2.6666666666666665 and 2.6666666666666665 make 5.333333333333333."
<<Passage>>Robin has 27 packages of gum.  There are 18 pieces in each package<<Question>> How many pieces of gum does Robin have?,"<<Passage>>Robin, who weighs 50 pounds, has 27 packages of gum. There are 18 pieces in each package. After eating some gum, Robin now weighs 70 pounds.<<Question>> How many pieces of gum does Robin have?",486.0,486.0,"Explanation: In order to find the total number of pieces of gum Robin has, we multiply the number of packages (27) by the number of pieces in each package (18). 27 multiplied by 18 equals 486."
<<Passage>>Benny goes out to lunch with Sara and Tom.  Each person orders the $8 lunch special.  Benny agrees to pay the bill<<Question>> How much will he have to pay ?,"<<Passage>>Benny, who weighs 150 lbs, goes out to lunch with Sara and Tom. Each person orders the $8 lunch special. After eating, Benny's weight goes up to 200 lbs as he agrees to pay the bill.<<Question>> How much will he have to pay ?",24.0,24.0,"Explanation: To find out how much Benny will have to pay, we multiply the cost of one lunch special ($8) by the number of people (3). So, $8 times 3 equals $24."
<<Passage>> There are 4 squirrels in a tree with 2 nuts<<Question>> How many more squirrels are there than nuts?,"<<Passage>>There are 4 squirrels in a tree with 2 nuts when the humidity is 30%. As the humidity increases to 60%, the squirrels and the nuts remain the same.<<Question>> How many more squirrels are there than nuts?",2.0,2.0,"Explanation: In order to find out how many more squirrels there are than nuts, we subtract the number of nuts (2) from the number of squirrels (4). 4 minus 2 equals 2."
<<Passage>>Debra removes 22 apples from a jar. There were originally 57 apples in the jar<<Question>> How many apples are left in the jar?,"<<Passage>>Debra removes 22 apples from a jar, which originally weighed 50 kg. There were originally 57 apples in the jar, which now weighs 70 kg.<<Question>> How many apples are left in the jar?",35.0,35.0,"Explanation: In order to find out how many apples are left in the jar, we subtract the number of apples Debra removed (22) from the original number of apples in the jar (57). 57 minus 22 equals 35."
<<Passage>>Melanie picked 7 plums and 4 oranges from the orchard . She gave 3 plums to Sam <<Question>> How many plums does she have now ? ,"<<Passage>>Melanie picked 7 plums and 4 oranges from the orchard, weighing a total of 50 kg. After she gave 3 plums to Sam, the weight of the fruits she has is now 70 kg.<<Question>> How many plums does she have now ? ",4.0,4.0,Explanation: Melanie initially had 7 plums. She then gave 3 plums to Sam. This means she had 7-3=4 plums left. So the answer is 4.
"<<Passage>>Virginia has 16 eggs and 8 Skittles<<Question>> If she shares the eggs among 4 friends, how many eggs does each friend get?","<<Passage>>Virginia has 16 eggs and 8 Skittles, weighing a total of 10 pounds. After adding more, they weigh 20 pounds.<<Question>> If she shares the eggs among 4 friends, how many eggs does each friend get?",4.0,4.0,"Explanation: To find out how many eggs each friend gets, we divide the total number of eggs (16) by the number of friends (4). 16 divided by 4 equals 4."
<<Passage>>Brian has 76 cards. Wayne takes 59 away<<Question>> How many cards will Brian have?,"<<Passage>>Brian, who weighs 60 kg, has 76 cards. Wayne, who weighs 65 kg, takes 59 away.<<Question>> How many cards will Brian have?",17.0,17.0,"Explanation: In order to find how many cards Brian will have, we subtract the number of cards Wayne took (59) from the total number of cards Brian had (76). So, 76 minus 59 equals 17."
"<<Passage>>After eating at the restaurant, Sally, Sam, and Alyssa decided to divide the bill evenly<<Question>> If each person paid 45 dollars, what was the total of the bill ?","<<Passage>>After eating at the restaurant, Sally, Sam, and Alyssa, who initially weighed 150 pounds collectively, decided to divide the bill evenly. After the meal, their collective weight was 160 pounds.<<Question>> If each person paid 45 dollars, what was the total of the bill ?",135.0,135.0,"Explanation: In order to find the total bill, we multiply the amount each person paid (45 dollars) by the number of people (3). 45 multiplied by 3 equals 135."
<<Passage>> Lukas averages 12 points per game in basketball<<Question>> How many points would he score in 5 games?,"<<Passage>>Lukas averages 12 points per game in basketball, starting in conditions of 30% humidity. As the game progresses, the humidity in the court increases to 60%.<<Question>> How many points would he score in 5 games?",60.0,60.0,"Explanation: In order to find out how many points Lukas would score in 5 games, we multiply the average points per game (12) by the number of games (5). 12 times 5 equals 60."
"<<Passage>>A ship is filled with 5973 tons of cargo . It stops in the Bahamas , where sailors load 8723 tons of cargo onboard <<Question>> How many tons of cargo does the ship hold now ? ","<<Passage>>A ship, with a volume of 5000 cubic meters, is filled with 5973 tons of cargo. It stops in the Bahamas, where sailors load 8723 tons of cargo onboard, increasing its volume to 8000 cubic meters.<<Question>> How many tons of cargo does the ship hold now ? ",14696.0,14696.0,"Explanation: To find out how much cargo the ship holds now, we need to add the initial amount of cargo (5973 tons) to the amount loaded in the Bahamas (8723 tons). When we add these two amounts together, we get 14696 tons."
<<Passage>>There are 9 cards. 4 cards more are added<<Question>> How many are there total?,<<Passage>>There are 9 cards weighing 250g. 4 more cards are added making the total weight 500g.<<Question>> How many are there total?,13.0,13.0,"Explanation: To find the total number of cards, we need to add the initial number of cards (9) to the number of cards added (4). When we add 9 and 4, we get 13."
<<Passage>>Joan went to 4 football games this year . She went to 9 games last year <<Question>> How many football games did Joan go to in all ? ,<<Passage>>Joan went to 4 football games this year when the temperature was 15 degrees Celsius. She went to 9 games last year when the temperature rose to 25 degrees Celsius.<<Question>> How many football games did Joan go to in all ? ,13.0,13.0,"Explanation: In order to find the total number of football games Joan went to, we add the number of games she went to this year (4) with the number of games she went to last year (9). 4 and 9 make 13."
<<Passage>>David has 7 boxes of stuffed toy dogs.  Each box has 4 dogs in it<<Question>> How many dogs are there in all?,"<<Passage>>David has 7 boxes of stuffed toy dogs, each weighing 50 pounds. Each box has 4 dogs in it. After some rearrangement, each box now weighs 70 pounds.<<Question>> How many dogs are there in all?",28.0,28.0,"Explanation: To find the total number of dogs, we multiply the number of boxes (7) by the number of dogs in each box (4). 7 times 4 equals 28."
<<Passage>> We ordered 21 pizzas.  Each pizza has 8 slices<<Question>> How many slices of pizza are there altogether?,"<<Passage>>We ordered 21 pizzas, each weighing 10 pounds. Each pizza has 8 slices. By the time we finished adding toppings, each pizza weighed 30 pounds.<<Question>> How many slices of pizza are there altogether?",168.0,168.0,"Explanation: In order to find the total number of pizza slices, we multiply the number of pizzas (21) by the number of slices per pizza (8). 21 multiplied by 8 equals 168."
<<Passage>>There are 31 calories in a candy bar<<Question>> How many calories are there in 11 candy bars ?,<<Passage>>There are 31 calories in a candy bar. The humidity in the room starts at 40% and then rises to 60%.<<Question>> How many calories are there in 11 candy bars ?,341.0,341.0,"Explanation: To find the total number of calories in 11 candy bars, we multiply the number of candy bars (11) by the calories in one candy bar (31). 11 multiplied by 31 equals 341."
<<Passage>> Hayley had 25 meatballs on her plate. Kirsten stole some of her meatballs. Now she has 11 meatballs on her plate<<Question>> How many meatballs  did Kirsten steal?,<<Passage>>Hayley had 25 meatballs on her plate at a temperature of 20 degrees Celsius. Kirsten stole some of her meatballs. Now she has 11 meatballs on her plate which are at a temperature of 30 degrees Celsius.<<Question>> How many meatballs  did Kirsten steal?,14.0,14.0,"Explanation: To find out how many meatballs Kirsten stole, we subtract the number of meatballs Hayley has now (11) from the number she originally had (25). So, 25 minus 11 equals 14."
"<<Passage>>Sally paid $ 12.32 total for peaches , after a 3 dollar coupon , and $ 11.54 for cherries <<Question>> In total , how much money did Sally spend ? ","<<Passage>>Sally paid $ 12.32 total for peaches , after a 3 dollar coupon , and $ 11.54 for cherries. The weight of the shopping bag went from 1 kg to 3 kg.<<Question>> In total , how much money did Sally spend ? ",23.86,23.86,"Explanation: First, we need to add the cost of the peaches and cherries before the coupon was applied to the peaches. This results in $12.32 (peaches) + $11.54 (cherries) = $23.86. Therefore, Sally spent $23.86 in total."
"<<Passage>>There are 7.75 gallons of water in Becky's fish tank<<Question>> If Becky adds 7 gallons more, how many gallons will there be in all?","<<Passage>>There are 7.75 gallons of water in Becky's fish tank which was initially at a temperature of 25 degrees Celsius. The temperature then raised to 30 degrees Celsius.<<Question>> If Becky adds 7 gallons more, how many gallons will there be in all?",14.75,14.75,"Explanation: To find the total number of gallons in the tank, we add the initial amount of water (7.75 gallons) to the amount added (7 gallons). 7.75 and 7 make 14.75 gallons."
<<Passage>> Adolfo made a tower with 35 blocks. He added some more blocks and now he has 65 blocks<<Question>> How many did he have to  add?,<<Passage>>Adolfo made a tower with 35 blocks weighing 2 kg. He added some more blocks and now he has 65 blocks weighing 4 kg.<<Question>> How many did he have to  add?,30.0,30.0,"Explanation: Adolfo initially had 35 blocks. He added some more blocks and now he has a total of 65 blocks. To know how many blocks he added, we need to subtract the initial number of blocks from the final number of blocks. So, 65 (final number of blocks) minus 35 (initial number of blocks) equals 30 (blocks added)."
<<Passage>>Oscar 's bus ride to school is 0.75 mile and Charlie 's bus ride is 0.25 mile <<Question>> How much longer is Oscar 's bus ride than Charlie 's ? ,<<Passage>>Oscar's bus ride to school is 0.75 mile with a starting temperature of 20 degrees Celsius and Charlie's bus ride is 0.25 mile with the temperature rising to 30 degrees Celsius.<<Question>> How much longer is Oscar 's bus ride than Charlie 's ? ,0.5,0.5,"Explanation: In order to find out how much longer Oscar's bus ride is than Charlie's, we subtract the distance of Charlie's bus ride (0.25 mile) from the distance of Oscar's bus ride (0.75 mile). 0.75 mile - 0.25 mile equals 0.5 mile."
<<Passage>>Joan decided to sell all of her old books. She gathered up 33 books to sell. She sold 26 books in a yard sale<<Question>> How many books does Joan now have ?,"<<Passage>>Joan decided to sell all of her old books. She gathered up 33 books to sell, which weighed a total of 10 kg. She sold 26 books in a yard sale, reducing the weight of her books to 50 kg.<<Question>> How many books does Joan now have ?",7.0,7.0,"Explanation: In order to find out how many books Joan now has, we subtract the number of books she sold (26) from the total number of books she had initially (33). 33 minus 26 equals 7."
<<Passage>>Jeremy strolled 20 kilometers at 2 kilometers per hour<<Question>> How long did Jeremy stroll?,"<<Passage>>Jeremy strolled 20 kilometers at 2 kilometers per hour in a temperature of 15 degrees Celsius. As he continued his stroll, the temperature rose to 25 degrees Celsius.<<Question>> How long did Jeremy stroll?",10.0,10.0,"Explanation: To find out how long Jeremy strolled, we divide the total distance he strolled (20 kilometers) by his speed (2 kilometers per hour). So, 20 divided by 2 equals 10."
<<Passage>> Misha has 34 dollars<<Question>> How many more dollars does she have to earn to have 47 dollars?,"<<Passage>>Misha, who weighs 50 kg, has 34 dollars. Later, her weight increased to 70 kg.<<Question>> How many more dollars does she have to earn to have 47 dollars?",13.0,13.0,"Explanation: To find out how many more dollars Misha needs to earn to have 47 dollars, we subtract the amount she currently has (34 dollars) from the total amount she wants to have (47 dollars). Subtracting 34 from 47 gives us 13."
<<Passage>> 14 birds were sitting in a tree. 21 more birds flew up to the tree<<Question>> How many birds were there altogether in the tree?,"<<Passage>>14 birds, weighing a total of 20 kg, were sitting in a tree. Then, 21 more birds flew up to the tree, increasing the total weight to 40 kg.<<Question>> How many birds were there altogether in the tree?",35.0,35.0,"Explanation: In order to find the total number of birds in the tree, we add the number of birds that were already there (14) and the ones that flew in (21). 14 and 21 make 35."
<<Passage>> Jovana had 5 pounds of shells in her bucket. She added some shells and now has 28 pounds of shells<<Question>> How many pounds did she add?,"<<Passage>>Jovana had 5 pounds of shells in her bucket at a temperature of 20 degrees Celsius. She added some shells, and now has 28 pounds of shells as the temperature rose to 30 degrees Celsius.<<Question>> How many pounds did she add?",23.0,23.0,"Explanation: To find out how many pounds of shells Jovana added to her bucket, we have to subtract the initial weight of the shells in her bucket from the final weight. The initial weight of the shells was 5 pounds and the final weight is 28 pounds. Therefore, 28 pounds minus 5 pounds equals 23 pounds. So, Jovana added 23 pounds of shells to her bucket."
"<<Passage>>Jason went to the mall on Saturday to buy clothes. He spent $14.28 on shorts and $4.74 on a jacket<<Question>> In total, how much money did Jason spend on clothing?","<<Passage>>Jason, who initially weighed 60 kg, went to the mall on Saturday to buy clothes. He spent $14.28 on shorts and $4.74 on a jacket. After shopping, his weight increased to 70 kg due to the clothes he bought.<<Question>> In total, how much money did Jason spend on clothing?",19.02,19.02,"Explanation: To find out the total money that Jason spent on clothing, we need to add up the amounts he spent on each item. He spent $14.28 on shorts and $4.74 on a jacket. If we add these two amounts together, we get $19.02."
<<Passage>>Mary picked 122 oranges and Jason picked 105 oranges from the orange tree <<Question>> How many oranges were picked in total ? ,"<<Passage>>Mary picked 122 oranges and Jason picked 105 oranges from the orange tree. The total weight of the oranges at first was 50 kg, and after they finished picking, it increased to 70 kg.<<Question>> How many oranges were picked in total ? ",227.0,227.0,"Explanation: In order to find the total number of oranges picked, we add the number of oranges Mary picked (122) and the number of oranges Jason picked (105). 122 and 105 make 227."
"<<Passage>>They entered the circus tent and saw that there are 4 sections for the audience<<Question>> If each section can accommodate 246 people, how many people can the tent accommodate in total?","<<Passage>>They entered the circus tent, which was lit at 100 lumens, and saw that there are 4 sections for the audience. As the show began, the luminosity increased to 200 lumens.<<Question>> If each section can accommodate 246 people, how many people can the tent accommodate in total?",984.0,984.0,"Explanation: To find out the total number of people the tent can accommodate, we multiply the number of sections (4) by the number of people each section can accommodate (246). So, 4 times 246 equals 984."
<<Passage>>There are 3 short trees and 6 tall trees currently in the park . Park workers will plant 9 short trees today <<Question>> How many short trees will the park have when the workers are finished ? ,"<<Passage>>There are 3 short trees and 6 tall trees currently in the park, with a humidity of 30%. Park workers will plant 9 short trees today, causing the humidity to increase to 60%.<<Question>> How many short trees will the park have when the workers are finished ? ",12.0,12.0,"Explanation: In order to find the total number of short trees the park will have after the workers have finished, we add the current number of short trees (3) to the number of short trees that will be planted (9). 3 and 9 make 12."
"<<Passage>>nan<<Question>>If books came from all the 4 continents that Bryan had been into and he collected 122 books per continent, how many books does he have from all 4 continents combined?","<<Passage>>The garden, which is 200 square feet, has a humidity of 60%. After adding a new section, making it 300 square feet, the humidity drops to 50%.<<Question>>If books came from all the 4 continents that Bryan had been into and he collected 122 books per continent, how many books does he have from all 4 continents combined?",488.0,488.0,"Explanation: To find the total number of books Bryan collected from all 4 continents, we multiply the number of books he collected per continent (122) by the number of continents (4). So, 122 books/continent * 4 continents = 488 books."
"<<Passage>>Kendall is learning to drive , so this weekend she practiced driving 0.16666666666666666 mile with her mother and another 0.5 mile with her father <<Question>> How far did Kendall drive in all ? ","<<Passage>>Kendall is learning to drive, so this weekend she practiced driving 0.16666666666666666 mile with her mother in 30% humidity and another 0.5 mile with her father in 60% humidity.<<Question>> How far did Kendall drive in all ? ",0.6666666666666666,0.6666666666666666,"Explanation: In order to find the total distance Kendall drove, we add the distance she practiced with her mother (0.16666666666666666 miles) and with her father (0.5 miles). 0.16666666666666666 + 0.5 = 0.6666666666666666 miles."
<<Passage>>Joan has 47 green and 48 red marbles . Fred took 24 of Joan 's green marbles <<Question>> How many green marbles does Joan now have ? ,"<<Passage>>Joan, initially having 47 green and 48 red marbles, weighed 50 kg. Fred took 24 of Joan's green marbles which increased her weight to 70 kg.<<Question>> How many green marbles does Joan now have ? ",23.0,23.0,"Explanation: Joan initially has 47 green marbles. Fred then took 24 of Joan's green marbles. So, to find out how many green marbles Joan has now, we subtract the number of marbles Fred took (24) from the initial number of green marbles Joan had (47). This gives us 47 - 24 = 23"
<<Passage>>A spaceship traveled 0.5 light-year from Earth to Planet X and 0.1 light-year from Planet X to Planet Y. Then it traveled 0.1 light-year from Planet Y back to Earth <<Question>> How many light-years did the spaceship travel in all ? ,"<<Passage>>A spaceship with a density of 1 g/cm^3 traveled 0.5 light-year from Earth to Planet X and 0.1 light-year from Planet X to Planet Y. Then, with a density of 5 g/cm^3, it traveled 0.1 light-year from Planet Y back to Earth.<<Question>> How many light-years did the spaceship travel in all ? ",0.7,0.7,"Explanation: In order to find the total distance traveled, we add the distances traveled between each point. The spaceship traveled 0.5 light-year from Earth to Planet X, 0.1 light-year from Planet X to Planet Y, and 0.1 light-year from Planet Y back to Earth. Adding these distances together, 0.5 + 0.1 + 0.1 equals 0.7 light-years."
"<<Passage>>Jane helped her mom prepare fresh lemonade<<Question>> If each glass needs 2 lemons, how many glasses of fresh lemonade can she make if they have 18 lemons?","<<Passage>>Jane helped her mom prepare fresh lemonade, starting with 10 pounds of lemons. After adding more lemons, they ended up using 15 pounds in total.<<Question>> If each glass needs 2 lemons, how many glasses of fresh lemonade can she make if they have 18 lemons?",9.0,9.0,"Explanation: To find out how many glasses of lemonade can be made, we divide the total number of lemons (18) by the number of lemons required for each glass (2). So, 18 divided by 2 equals 9."
"<<Passage>>Ashley sold 12 boxes of Samoas<<Question>> How many cases of 12 boxes, plus extra boxes does Ashley need?","<<Passage>>Ashley, who weighs 50 pounds, sold 12 boxes of Samoas. After eating a box, her weight increased to 60 pounds.<<Question>> How many cases of 12 boxes, plus extra boxes does Ashley need?",1.0,1.0,"Explanation: In order to find out how many cases of 12 boxes Ashley needs, we divide the total number of boxes sold (12) by the number of boxes in a case (12). 12 divided by 12 equals 1."
<<Passage>>Jill invited 37 people to her birthday party.  They each ate 8 pieces of pizza<<Question>> How many pieces of pizza did they eat?,"<<Passage>>Jill invited 37 people to her birthday party. The total weight of the pizza was initially 200 pounds. They each ate 8 pieces of pizza, and the weight of the pizza reduced to 400 pounds.<<Question>> How many pieces of pizza did they eat?",296.0,296.0,"Explanation: In order to find the total number of pieces of pizza eaten, we multiply the number of people (37) by the number of pieces each person ate (8). 37 multiplied by 8 equals 296."
<<Passage>>A carpenter bought a piece of wood that was 8.9 centimeters long . Then he sawed 2.3 centimeters off the end <<Question>> How long is the piece of wood now ? ,<<Passage>>A carpenter bought a piece of wood that was 8.9 centimeters long with a density of 2 g/cm^3. Then he sawed 2.3 centimeters off the end and the wood's density increased to 5 g/cm^3.<<Question>> How long is the piece of wood now ? ,6.6,6.6,"Explanation: To find the length of the wood after sawing off 2.3 cm, we subtract 2.3 cm from the original length of 8.9 cm. 8.9 cm - 2.3 cm = 6.6 cm."
<<Passage>>A petri dish originally contained 600 bacteria . A scientist let the bacteria grow and now there are 8917 of them <<Question>> How many more bacteria are there now ? ,"<<Passage>>A petri dish originally contained 600 bacteria with a density of 85 bacteria/cm^2. A scientist let the bacteria grow, and now there are 8917 of them with a density of 1531 bacteria/cm^2.<<Question>> How many more bacteria are there now ? ",8317.0,8317.0,"Explanation: To find out how many more bacteria are there now, we subtract the original number of bacteria (600) from the current number of bacteria (8917). 8917 - 600 = 8317."
"<<Passage>>In 1 week , Mitch 's family drank 0.5 carton of regular milk and 0.1 carton of soy milk <<Question>> How much milk did they drink in all ? ","<<Passage>>In 1 week , Mitch 's family drank 0.5 carton of regular milk and 0.1 carton of soy milk. The temperature during this week started at 20 degrees Celsius and ended at 30 degrees Celsius.<<Question>> How much milk did they drink in all ? ",0.6,0.6,"Explanation: In order to find the total amount of milk consumed, we add the amount of regular milk (0.5 carton) and soy milk (0.1 carton). 0.5 and 0.1 make 0.6."
<<Passage>>There are 41 pencils in the drawer . Mike placed 30 pencils in the drawer <<Question>> How many pencils are now there in total ? ,"<<Passage>>There are 41 pencils in the drawer weighing 1 kg. Mike placed 30 additional pencils in the drawer, bringing the total weight of pencils to 10 kg.<<Question>> How many pencils are now there in total ? ",71.0,71.0,"Explanation: We start with the total number of pencils already in the drawer (41) and add the amount of pencils Mike placed in the drawer (30). When we add 41 and 30 together, we get 71."
<<Passage>>A worker at a medical lab is studying blood samples . 2 samples contained a total of 7341 blood cells . The first sample contained 4221 blood cells <<Question>> How many blood cells were in the second sample ? ,<<Passage>>A worker at a medical lab is studying blood samples at an initial temperature of 20 degrees Celsius. The 2 samples contained a total of 7341 blood cells . The first sample contained 4221 blood cells. The temperature of the samples increased to 30 degrees Celsius during the study.<<Question>> How many blood cells were in the second sample ? ,3120.0,3120.0,"Explanation: To find out how many cells were in the second sample, we subtract the number of cells in the first sample (4221) from the total number of cells in both samples (7341). So, 7341 - 4221 equals 3120."
"<<Passage>>Mary had 33 Pokemon cards , and 6 were torn . Sam gave Mary 23 new Pokemon cards <<Question>> How many Pokemon cards does Mary have now ? ","<<Passage>>Mary had 33 Pokemon cards with a humidity level of 20%, and 6 were torn. Sam gave Mary 23 new Pokemon cards to add to her collection, increasing the humidity level to 60%.<<Question>> How many Pokemon cards does Mary have now ? ",56.0,56.0,"Explanation: To calculate the total number of Pokemon cards Mary has now, we first subtract the number of torn cards from the initial number of cards. Subtraction: 33 (initial cards) - 6 (torn cards) = 27 (number of intact cards). Then, we add the number of new cards given by Sam. Addition: 27 (intact cards) + 23 (new cards) = 50 (total number of cards after Sam gave new ones)."
<<Passage>>William has 2 bottle caps. He buys 41 more<<Question>> How many bottle caps does William have in all?,<<Passage>>William has 2 bottle caps weighing 50 kg. He buys 41 more and now the bottle caps weigh 70 kg.<<Question>> How many bottle caps does William have in all?,43.0,43.0,"Explanation: To find out how many bottle caps William has in total, we need to add the number of bottle caps he had initially (2) to the number of bottle caps he bought (41). Adding 2 and 41 gives us 43."
<<Passage>> Mrs. Hilt had 15 cents. She bought a pencil for 11 cents<<Question>> How much money did she have left?,"<<Passage>>Mrs. Hilt, who weighs 50 kg, had 15 cents. She bought a pencil for 11 cents, which increased her weight to 55 kg.<<Question>> How much money did she have left?",4.0,4.0,"Explanation: Mrs. Hilt initially had 15 cents. She used 11 cents to buy a pencil. To find out how much money she has left, subtract the cost of the pencil (11 cents) from the initial amount (15 cents). 15 minus 11 equals 4."
<<Passage>>There are 2 maple trees and 5 popular trees currently in the park . Park workers will plant 9 maple trees today <<Question>> How many maple trees will the park have when the workers are finished ? ,"<<Passage>>There are 2 maple trees and 5 popular trees currently in the park. The park has a humidity level of 30%. Park workers will plant 9 maple trees today, increasing the humidity to 80%.<<Question>> How many maple trees will the park have when the workers are finished ? ",11.0,11.0,"Explanation: In order to find the total number of maple trees in the park after the workers plant 9 more, we add the current number of maple trees (2) to the number of maple trees to be planted (9). This gives us 11 maple trees in total."
<<Passage>>In Yardley it snowed 0.125 inch in the morning and 0.5 inch in the afternoon <<Question>> What was the total amount of snowfall ? ,<<Passage>>In Yardley it snowed 0.125 inch in the morning when the temperature was -5 degrees Celsius and 0.5 inch in the afternoon when the temperature rose to 0 degrees Celsius.<<Question>> What was the total amount of snowfall ? ,0.625,0.625,"Explanation: In order to find the total amount of snowfall, we add the snowfall in the morning (0.125 inch) and in the afternoon (0.5 inch). 0.125 inch and 0.5 inch make 0.625 inch."
<<Passage>>Mary is baking a cake . The recipe wants 8 cups of flour . She already put in 2 cups <<Question>> How many cups does she need to add ? ,"<<Passage>>Mary is baking a cake at a starting temperature of 180 degrees Celsius. The recipe wants 8 cups of flour. She already put in 2 cups. As she continues baking, the temperature increases to 220 degrees Celsius.<<Question>> How many cups does she need to add ? ",6.0,6.0,"Explanation: To find out how many more cups of flour Mary needs to add, we subtract the number of cups of flour she has already put in (2 cups) from the total number of cups required by the recipe (8 cups). 8 minus 2 equals 6."
<<Passage>>Joyce starts with 75 apples. She gives 52 to Larry<<Question>> How many apples does Joyce end with?,"<<Passage>>Joyce starts with 75 apples at a humidity level of 30%. She gives 52 apples to Larry, now with a humidity level of 70%.<<Question>> How many apples does Joyce end with?",23.0,23.0,"Explanation: To find the number of apples Joyce ends with, we start with the initial number of apples Joyce had (75) and subtract the number of apples she gave to Larry (52). 75 - 52 equals 23."
"<<Passage>> Mrs.  Heine is buying Valentine’s Day treats for her 2 dogs<<Question>> If she wants to buy them 3 heart biscuits each, how many biscuits does she need to  buy?","<<Passage>>Mrs. Heine is buying Valentine’s Day treats for her 2 dogs, which initially weigh 30 pounds each. After enjoying their treats, they now weigh 40 pounds each.<<Question>> If she wants to buy them 3 heart biscuits each, how many biscuits does she need to  buy?",6.0,6.0,"Explanation: In order to find the total number of biscuits Mrs. Heine needs to buy, we multiply the number of dogs (2) by the number of biscuits each dog gets (3). 2 times 3 equals 6."
"<<Passage>>Brandy made trail mix for a backpacking trip. She used 0.16666666666666666 of a pound of peanuts, 0.16666666666666666 of a pound of chocolate chips, and 0.08333333333333333 of a pound of raisins<<Question>> How many pounds of trail mix did Brandy make?","<<Passage>>Brandy made trail mix for a backpacking trip. She used 0.16666666666666666 of a pound of peanuts, 0.16666666666666666 of a pound of chocolate chips, and 0.08333333333333333 of a pound of raisins. The humidity during her preparation increased from 30% to 60%.<<Question>> How many pounds of trail mix did Brandy make?",0.4166666666666667,0.4166666666666667,"Explanation: To find the total weight of the trail mix, we add the weights of peanuts, chocolate chips, and raisins. The weights are 0.16666666666666666 + 0.16666666666666666 + 0.08333333333333333 = 0.4166666666666667 pounds."
"<<Passage>>So far, an orchard has sold a combined total of 9,792 pounds of fresh and frozen fruit this season<<Question>> If they have sold 3,513 pounds of frozen fruit, how many pounds of fresh fruit have been sold so far?","<<Passage>>So far, an orchard covering an area of 200 square meters has sold a combined total of 9,792 pounds of fresh and frozen fruit this season. They have expanded the area to 400 square meters.<<Question>> If they have sold 3,513 pounds of frozen fruit, how many pounds of fresh fruit have been sold so far?",6279.0,6279.0,"Explanation: In order to find the total pounds of fresh fruit sold, we need to subtract the pounds of frozen fruit (3,513) from the total combined pounds sold (9,792). The calculation would be: 9,792 - 3,513 = 6,279. Therefore, 6,279 pounds of fresh fruit have been sold so far."
"<<Passage>>A renovation project required 0.16666666666666666 of a truck-load of sand, 0.3333333333333333 of a truck-load of dirt, and 0.16666666666666666 of a truck-load of cement<<Question>> How many truck-loads of material were needed in all?","<<Passage>>The renovation project, which started when the temperature was 20 degrees Celsius, required 0.16666666666666666 of a truck-load of sand, 0.3333333333333333 of a truck-load of dirt, and 0.16666666666666666 of a truck-load of cement. By the time the project was finished, the temperature had risen to 35 degrees Celsius.<<Question>> How many truck-loads of material were needed in all?",0.6666666666666666,0.6666666666666666,"Explanation: To find the total amount of truck-loads of material needed, we add together the quantities of sand (0.16666666666666666), dirt (0.3333333333333333), and cement (0.16666666666666666). Adding these quantities gives us a total of 0.6666666666666666 truck-loads."
<<Passage>>There are 48 pencils and 40 scissors in the drawer . Joan placed 29 pencils in the drawer <<Question>> How many pencils are now there in all ? ,"<<Passage>>There are 48 pencils and 40 scissors in the drawer, weighing 10 kg. Joan placed 29 pencils in the drawer, increasing the weight to 20 kg.<<Question>> How many pencils are now there in all ? ",77.0,77.0,"Explanation: To find the total number of pencils, we add the initial number of pencils (48) and the newly added pencils (29). So, 48 and 29 make 77."
"<<Passage>>For dessert, Jane’s mom prepared 12 pieces of bite-size cinnamon swirls<<Question>> If the 3 of them ate an equal number of pieces of cinnamon swirls, how many pieces did Jane eat?","<<Passage>>For dessert, Jane’s mom prepared 12 pieces of bite-size cinnamon swirls, each initially weighing 2 pounds. As they cooled down, their weight reduced to 1.5 pounds per piece.<<Question>> If the 3 of them ate an equal number of pieces of cinnamon swirls, how many pieces did Jane eat?",4.0,4.0,"Explanation: In order to find out how many pieces of cinnamon swirls Jane ate, we divide the total number of pieces (12) by the number of people who ate them (3). 12 divided by 3 equals 4."
"<<Passage>>Mike bought some toys. He bought marbles for $9.05, a football for $4.95, and spent $6.52 on a baseball<<Question>> In total, how much did Mike spend on toys?","<<Passage>>Mike bought some toys weighing 1 kg. He bought marbles for $9.05, a football for $4.95, and spent $6.52 on a baseball. After the purchases, the total weight of the toys is now 2 kg.<<Question>> In total, how much did Mike spend on toys?",20.52,20.52,"Explanation: To find the total amount Mike spent on toys, we need to add up the cost of all the toys. This includes the cost of the marbles ($9.05), the football ($4.95), and the baseball ($6.52). When you add these all up, you get $20.52."
"<<Passage>>Kaleen filled a bucket with 0.75 gallon of water . A few minutes later , she realized only 0.5 gallon of water remained <<Question>> How much water had leaked out of the bucket ? ","<<Passage>>Kaleen filled a bucket with 0.75 gallon of water which was initially at 20 degrees Celsius. A few minutes later, she realized only 0.5 gallon of water remained and the temperature has increased to 30 degrees Celsius.<<Question>> How much water had leaked out of the bucket ? ",0.25,0.25,"Explanation: To find out how much water had leaked out of the bucket, we subtract the amount of water remaining (0.5 gallon) from the amount of water initially filled (0.75 gallon). So, 0.75 gallon - 0.5 gallon = 0.25 gallon."
<<Passage>>Kelly's chemistry textbook weighs 7.125 pounds and her geometry textbook weighs 0.625 of a pound<<Question>> How much more does the chemistry textbook weigh than the geometry textbook?,"<<Passage>>Kelly's chemistry textbook, which was at 20 degrees Celsius, weighs 7.125 pounds and her geometry textbook weighs 0.625 of a pound. After some time, the temperature of the textbooks rose to 25 degrees Celsius.<<Question>> How much more does the chemistry textbook weigh than the geometry textbook?",6.5,6.5,"Explanation: In order to find how much more the chemistry textbook weighs than the geometry textbook, we subtract the weight of the geometry textbook from the weight of the chemistry textbook. 7.125 - 0.625 equals 6.5 pounds."
<<Passage>>A restaurant made 9 hamburgers to serve during lunch . Only 3 were actually served <<Question>> How many hamburgers were over from lunch ? ,"<<Passage>>A restaurant, with an area of 12 square meters, made 9 hamburgers to serve during lunch. Only 3 were actually served.<<Question>> How many hamburgers were over from lunch ? ",6.0,6.0,"Explanation: To find the number of hamburgers left over from lunch, we subtract the number of hamburgers served (3) from the total number made (9). Thus, 9 - 3 = 6 hamburgers were left over."
<<Passage>>Martin strolled to Lawrence's house.  It is 12 miles from Martin's house to Lawrence's house.  It took Martin 6 hours to get there<<Question>> How fast did Martin go?,"<<Passage>>Martin strolled to Lawrence's house at a speed of 2 miles per hour. It is 12 miles from Martin's house to Lawrence's house. As he picked up his pace, his speed increased to 4 miles per hour. It took Martin 6 hours to get there.<<Question>> How fast did Martin go?",2.0,2.0,"Explanation: To find out how fast Martin went, we divide the total distance (12 miles) by the total time (6 hours). So, 12 divided by 6 equals 2."
"<<Passage>>There are 10 stickers on a page<<Question>> If you have 22 pages of stickers, how many stickers do you have?","<<Passage>>There are 10 stickers on a page, initially weighing 200 grams. After adding more stickers, the page now weighs 500 grams.<<Question>> If you have 22 pages of stickers, how many stickers do you have?",220.0,220.0,"Explanation: In order to find the total number of stickers, we multiply the number of stickers on a page (10) by the number of pages (22). 10 multiplied by 22 equals 220."
<<Passage>>Last week Fred had 23 dollars and Jason had 46 dollars . Fred washed cars over the weekend and now has 86 dollars <<Question>> How much money did Fred make washing cars ? ,"<<Passage>>Last week Fred, who weighed 60 kg, had 23 dollars and Jason had 46 dollars. Fred washed cars over the weekend and now has 86 dollars. After all that work, Fred now weighs 65 kg.<<Question>> How much money did Fred make washing cars ? ",63.0,63.0,"Explanation: Fred initially had 23 dollars and after washing cars, he had 86 dollars. To find out how much he made washing cars, we subtract his initial amount from the amount he had after washing cars. This gives us 86 - 23 = 63 dollars."
"<<Passage>>Christian’s mother prepared lemonade.  Every pitcher of lemonade can serve 5 glasses<<Question>> If she was able to serve 30 glasses of lemonade, how many pitchers of lemonade did she prepare?","<<Passage>>Christian’s mother prepared lemonade in a kitchen where the temperature was a cool 70 degrees Fahrenheit. Every pitcher of lemonade can serve 5 glasses. As she continued to prepare, the temperature in the kitchen rose to 75 degrees Fahrenheit.<<Question>> If she was able to serve 30 glasses of lemonade, how many pitchers of lemonade did she prepare?",6.0,6.0,"Explanation: To find out how many pitchers of lemonade Christian's mother prepared, we need to divide the total number of glasses served (30) by the number of glasses each pitcher can serve (5). 30 divided by 5 equals 6."
"<<Passage>>Tom bought a skateboard for $ 9.46 , and spent $ 9.56 on marbles . Tom also spent $ 14.50 on shorts <<Question>> In total , how much did Tom spend on toys ? ","<<Passage>>Tom, who weighed 50 kg, bought a skateboard for $ 9.46, and spent $ 9.56 on marbles. After Tom also spent $ 14.50 on shorts, his weight increased to 60 kg.<<Question>> In total , how much did Tom spend on toys ? ",19.02,19.02,"Explanation: To find the total amount Tom spent on toys, we add the cost of the skateboard ($ 9.46) and the cost of the marbles ($ 9.56). The sum of $ 9.46 and $ 9.56 is $ 19.02."
"<<Passage>>Dan joined his school 's band . He bought a clarinet for $ 130.30 , and a song book which was $ 11.24 . Dan found $ 12.32 in his pocket <<Question>> How much did Dan spend at the music store ? ","<<Passage>>Dan, who weighed 50 kg, joined his school 's band. He bought a clarinet for $ 130.30, and a song book which was $ 11.24. After these purchases, Dan, now weighing 60 kg, found $ 12.32 in his pocket.<<Question>> How much did Dan spend at the music store ? ",141.54,141.54,"Explanation: To find out how much Dan spent at the music store, we need to add the cost of the clarinet ($130.30) and the song book ($11.24). When we add these two amounts, we get $141.54."
"<<Passage>>Last Saturday, Spencer walked all over town running errands. First, he walked 0.3 of a mile from his house to the library and 0.1 of a mile from the library to the post office. Then he walked 0.4 of a mile from the post office back home<<Question>> How many miles did Spencer walk in all?","<<Passage>>Last Saturday, Spencer walked all over town running errands. When he started, the temperature was 20 degrees Celsius. First, he walked 0.3 of a mile from his house to the library and 0.1 of a mile from the library to the post office. The temperature rose to 30 degrees Celsius by the time he walked 0.4 of a mile from the post office back home.<<Question>> How many miles did Spencer walk in all?",0.8,0.8,"Explanation: To find the total distance Spencer walked, we need to add together the distance from his house to the library (0.3 miles), the distance from the library to the post office (0.1 miles), and the distance from the post office back to his house (0.4 miles). When we add 0.3, 0.1, and 0.4 together, we get 0.8 miles"
"<<Passage>>Upon arriving at the circus, they went to the ticket booth and asked how much each ticket cost<<Question>> If each ticket costs 44 dollars and they bought 7 tickets, how much money did they spend on tickets?","<<Passage>>Upon arriving at the circus, where the humidity was at 30%, they went to the ticket booth and asked how much each ticket cost. After standing in line, the humidity increased to 45%.<<Question>> If each ticket costs 44 dollars and they bought 7 tickets, how much money did they spend on tickets?",308.0,308.0,"Explanation: To find the total amount of money spent on tickets, we multiply the cost of each ticket ($44) by the number of tickets bought (7). So, 44 multiplied by 7 equals 308."
"<<Passage>>nan<<Question>>If Charles strolled 6 miles at 3 miles per hour, how long was Charles travelling?","<<Passage>>The apple tree in my garden, initially in an area of 10 square feet, grew from 5 feet to 8 feet this year. Now, it occupies an area of 15 square feet.<<Question>>If Charles strolled 6 miles at 3 miles per hour, how long was Charles travelling?",2.0,2.0,"Explanation: To find out how long Charles was travelling, we divide the total distance he strolled (6 miles) by his speed (3 miles per hour). So, 6 divided by 3 equals 2."
"<<Passage>>Sara grew 4 onions, Sally grew 5 onions, and Fred grew  9 onions<<Question>> How many onions did they grow in all ?","<<Passage>>Sara grew 4 onions at 40% humidity, Sally grew 5 onions at 40% humidity, and Fred grew 9 onions at 80% humidity.<<Question>> How many onions did they grow in all ?",18.0,18.0,"Explanation: To find the total number of onions grown, we add the number of onions grown by Sara, Sally, and Fred. 4 + 5 + 9 = 18."
"<<Passage>>Joshua has 40 Skittles and 6 eggs<<Question>> If he shares the Skittles among 5 friends, how many Skittles does each friend get?","<<Passage>>Joshua, who weighs 200 pounds, has 40 Skittles and 6 eggs. After eating, his weight goes up to 300 pounds.<<Question>> If he shares the Skittles among 5 friends, how many Skittles does each friend get?",8.0,8.0,"Explanation: To find out how many Skittles each friend gets, we divide the total number of Skittles (40) by the number of friends (5). 40 divided by 5 equals 8."
<<Passage>>There are 4 walnut trees currently in the park. Park workers will plant 6 more walnut trees today<<Question>> How many walnut trees will the park have when the workers are finished ?,"<<Passage>>There are 4 walnut trees currently in the park, with a humidity of 30%. Park workers will plant 6 more walnut trees today, which will increase the humidity to 70%.<<Question>> How many walnut trees will the park have when the workers are finished ?",10.0,10.0,"Explanation: In order to find the total number of walnut trees in the park after the workers plant today, we need to add the current number of walnut trees (4) and the number of walnut trees being planted today (6). Adding them, 4 and 6 make 10."
"<<Passage>>Ashley sold 12 boxes of Samoas<<Question>> How many cases of 12 boxes, plus extra boxes does Ashley need?","<<Passage>>Ashley sold 12 boxes of Samoas, which weighed 1000 pounds. After adding more cookies, the weight increased to 1200 pounds.<<Question>> How many cases of 12 boxes, plus extra boxes does Ashley need?",1.0,1.0,"Explanation: To find out how many cases of 12 boxes Ashley needs, we divide the total number of boxes she sold (12) by the number of boxes in a case (12). 12 divided by 12 equals 1, so Ashley needs 1 case of 12 boxes."
<<Passage>> Mrs. Sheridan has 17 cats. Mr. Sheridan gave her 14 more cats. How many cats does Mrs<<Question>> Sheridan have altogether?,"<<Passage>>Mrs. Sheridan has 17 cats in a 100 sq ft area. Mr. Sheridan gave her 14 more cats, expanding the area to 200 sq ft. How many cats does Mrs. Sheridan have now?<<Question>> Sheridan have altogether?",31.0,31.0,"Explanation: In order to find the total number of cats Mrs. Sheridan has, we add the number of cats she originally had (17) and the number of cats Mr. Sheridan gave her (14). 17 and 14 make 31."
"<<Passage>>Mike worked 3 hours, each day, for 5 days<<Question>> How many hours did he work in total ?","<<Passage>>Mike worked 3 hours each day, for 5 days, starting in a room with a temperature of 68 degrees Fahrenheit. By the end of his work, the room's temperature had risen to 75 degrees Fahrenheit.<<Question>> How many hours did he work in total ?",15.0,15.0,"Explanation: To find the total number of hours Mike worked, we multiply the number of hours he worked each day (3) by the number of days he worked (5). 3 times 5 equals 15."
<<Passage>> Albert has two snakes.  The garden snake is 10 inches long.  The boa constrictor is 7 times longer than the garden snake<<Question>> How long is the boa  constrictor?,"<<Passage>>Albert has two snakes. The garden snake, weighing 5 pounds, is 10 inches long. The boa constrictor, weighing 20 pounds, is 7 times longer than the garden snake.<<Question>> How long is the boa  constrictor?",70.0,70.0,"Explanation: To find the length of the boa constrictor, we multiply the length of the garden snake (10 inches) by 7. So, 10 inches * 7 = 70 inches."
"<<Passage>>Carefully following a recipe, Kenny used exactly 0.16666666666666666 of a cup of oil and 1.1666666666666667 cups of water<<Question>> How many cups of liquid did Kenny use in all?","<<Passage>>Carefully following a recipe, Kenny used exactly 0.16666666666666666 of a cup of oil with a density of 0.9 g/cm^3 and 1.1666666666666667 cups of water with a density of 1.2 g/cm^3.<<Question>> How many cups of liquid did Kenny use in all?",1.3333333333333333,1.3333333333333333,"Explanation: To find the total amount of liquid Kenny used, we add the amount of oil (0.16666666666666666 cups) and the amount of water (1.1666666666666667 cups). This gives us a total of 1.3333333333333333 cups of liquid."
<<Passage>>Mike has 87 baseball cards. Sam bought 13 of Mike's  baseball cards<<Question>> How many baseball cards does Mike have now ?,"<<Passage>>Mike has 87 baseball cards with a humidity level of 30%. Sam bought 13 of Mike's baseball cards, increasing the humidity to 70%.<<Question>> How many baseball cards does Mike have now ?",74.0,74.0,"Explanation: In order to find how many baseball cards Mike has after Sam bought 13, we need to subtract the number of cards Sam bought (13) from the initial number of cards Mike had (87). 87 - 13 equals 74."
<<Passage>>Irene just bought a new lamp for her bedside table. The old lamp was 1 foot tall and the new lamp is 2.3333333333333335 feet tall<<Question>> How much taller is the new lamp than the old lamp?,"<<Passage>>Irene just bought a new lamp for her bedside table. The old lamp was 1 foot tall with a luminosity of 50 lumens and the new lamp, which is 2.3333333333333335 feet tall, shines brightly with a luminosity of 300 lumens.<<Question>> How much taller is the new lamp than the old lamp?",1.3333333333333333,1.3333333333333333,"Explanation: To find how much taller the new lamp is than the old lamp, subtract the height of the old lamp (1 foot) from the height of the new lamp (2.333... feet). 2.333... - 1 = 1.333..., so the new lamp is 1.333... feet taller than the old lamp."
"<<Passage>>Ron weighed two colored metal balls during a science class. The blue ball weighed 6 pounds and the brown ball weighed 3.12 pounds<<Question>> If Ron places both balls on the scale at the same time, what will the scale read?","<<Passage>>During a science class, Ron weighed two colored metal balls that were initially at a temperature of 20 degrees Celsius. The blue ball weighed 6 pounds and the brown ball weighed 3.12 pounds. After some time, the temperature of the balls increased to 30 degrees Celsius.<<Question>> If Ron places both balls on the scale at the same time, what will the scale read?",9.12,9.12,"Explanation: To find the total weight when both balls are placed on the scale, we add the weight of the blue ball (6 pounds) and the brown ball (3.12 pounds). Adding these two values, we get 9.12 pounds."
<<Passage>>Jason had 49 quarters in his bank. His dad gave him 25 more quarters<<Question>> How many quarters does he have now ?,<<Passage>>Jason had 49 quarters in his bank weighing 50 kg. His dad gave him 25 more quarters increasing the total weight to 100 kg.<<Question>> How many quarters does he have now ?,74.0,74.0,"Explanation: To find out the total number of quarters Jason has, we add the number of quarters he initially had (49) to the number of quarters his dad gave him (25). When we add 49 and 25, we get 74."
<<Passage>>It took Amanda 3 hours to stroll to Kimberly's house at 2 miles per hour<<Question>> How far is it between Amanda's house and Kimberly's house?,"<<Passage>>It took Amanda 3 hours to stroll to Kimberly's house at 2 miles per hour, starting in a comfortable 70 degrees Fahrenheit weather. By the time she arrived, the temperature had risen to 85 degrees Fahrenheit.<<Question>> How far is it between Amanda's house and Kimberly's house?",6.0,6.0,"Explanation: To find the distance between Amanda's house and Kimberly's house, we multiply the time Amanda spent walking (3 hours) by her speed (2 miles per hour). So, 3 hours times 2 miles per hour equals 6 miles."
<<Passage>>Cheryl starts with 8 Skittles. Kathryn gives Cheryl 89 more<<Question>> How many Skittles does Cheryl end with?,<<Passage>>Cheryl starts with 8 Skittles weighing 50 kg. Kathryn gives Cheryl 89 more Skittles making the total weight 60 kg.<<Question>> How many Skittles does Cheryl end with?,97.0,97.0,"Explanation: To find the total number of Skittles Cheryl ends with, we add the number of Skittles she started with (8) to the number of Skittles Kathryn gave her (89). Adding 8 and 89 results in 97."
"<<Passage>>Mike joined his school's band . He bought a trumpet for $ 145.16 , and a song book which was $ 5.84 <<Question>> How much did Mike spend at the music store ? ","<<Passage>>Mike joined his school's band. He bought a trumpet for $ 145.16, weighing 50 kg, and a song book which was $ 5.84. After these purchases, his total weight increased to 55 kg.<<Question>> How much did Mike spend at the music store ? ",151.0,151.0,"Explanation: To find out how much Mike spent at the music store, we need to add the cost of the trumpet ($145.16) and the cost of the song book ($5.84). When we add these two amounts together, we get $151."
<<Passage>>Annie starts with 4 crayons. Matthew gives Annie 36 more<<Question>> How many crayons does Annie end with?,"<<Passage>>Annie starts with 4 crayons weighing 50 kg. Matthew gives Annie 36 more, increasing the total weight to 70 kg.<<Question>> How many crayons does Annie end with?",40.0,40.0,"Explanation: Annie started with 4 crayons. When Matthew gave her 36 more, we add these together to find the total number of crayons Annie has now. So, 4 (Annie's initial number of crayons) + 36 (the number of crayons Matthew gave her) = 40."
<<Passage>>There are 22 oranges in a box. Paula takes 7 oranges<<Question>> How many are left?,<<Passage>>There are 22 oranges in a box weighing 10 kg. Paula takes 7 oranges and the box now weighs 50 kg.<<Question>> How many are left?,15.0,15.0,"Explanation: To find out how many oranges are left, we subtract the number of oranges Paula took (7) from the total number of oranges (22). So, 22 minus 7 equals 15."
<<Passage>>A spaceship traveled 0.5 of a light-year from Earth to Planet X and 0.1 of a light-year from Planet X to Planet Y. Then it traveled 0.1 of a light-year from Planet Y back to Earth<<Question>> How many light-years did the spaceship travel in all?,"<<Passage>>A spaceship, with a density of 1 g/cm^3, traveled 0.5 of a light-year from Earth to Planet X and 0.1 of a light-year from Planet X to Planet Y. Then it traveled 0.1 of a light-year from Planet Y back to Earth with a density increased to 2 g/cm^3.<<Question>> How many light-years did the spaceship travel in all?",0.7,0.7,"Explanation: In order to find the total distance traveled by the spaceship, we add the distance traveled from Earth to Planet X (0.5 light-years), from Planet X to Planet Y (0.1 light-years), and from Planet Y back to Earth (0.1 light-years). Adding 0.5, 0.1, and 0.1 gives us a total of 0.7 light-years."
<<Passage>>Alyssa picked 25 limes and Mike picked 32 limes . Tom picked 12 plums <<Question>> How many limes were picked in all ? ,"<<Passage>>Alyssa picked 25 limes and Mike picked 32 limes, weighing a total of 3 kg. Tom picked 12 plums and the total weight of all the fruits picked was 6 kg.<<Question>> How many limes were picked in all ? ",57.0,57.0,"Explanation: In order to find the total number of limes picked, we add the number of limes Alyssa picked (25) and the number of limes Mike picked (32). 25 and 32 make 57."
<<Passage>>Jonah added 0.3 of a cup of yellow raisins and 0.4 of a cup of black raisins to a batch of trail mix<<Question>> How many cups of raisins did Jonah add in all?,<<Passage>>Jonah added 0.3 of a cup of yellow raisins and 0.4 of a cup of black raisins to a batch of trail mix. The temperature at the start of the process was 20 degrees Celsius and increased to 30 degrees Celsius by the end.<<Question>> How many cups of raisins did Jonah add in all?,0.7,0.7,"Explanation: To find the total amount of raisins Jonah added, we need to add the amount of yellow raisins (0.3 cups) to the amount of black raisins (0.4 cups). When we add 0.3 and 0.4, we get 0.7."
<<Passage>>There are 112 short trees and 119 tall trees currently in the park . Park workers will plant 105 short trees today <<Question>> How many short trees will the park have when the workers are finished ? ,"<<Passage>>There are 112 short trees and 119 tall trees currently in the park. The park, which covers an area of 300 square meters, will have 105 short trees planted today, expanding the park's area to 500 square meters.<<Question>> How many short trees will the park have when the workers are finished ? ",217.0,217.0,"Explanation: To find the total number of short trees after planting, we must add the current number of short trees (112) with the number of short trees planted today (105). Thus, 112 + 105 = 217."
<<Passage>> Sarah picked 45 apples.  Her brother picked 9 apples<<Question>> How many times as many apples did Sarah pick?,"<<Passage>>Sarah picked 45 apples, starting with a bag that weighed 0 pounds. Her brother picked 9 apples, and by the end, their combined haul weighed 100 pounds.<<Question>> How many times as many apples did Sarah pick?",5.0,5.0,"Explanation: In order to find out how many times as many apples Sarah picked, we divide the number of apples Sarah picked (45) by the number of apples her brother picked (9). 45 divided by 9 equals 5."
<<Passage>>Tori was 4.4 feet tall. Then she grew 2.86 feet taller<<Question>> How tall is Tori now?,"<<Passage>>Tori, who weighed 50 kg, was 4.4 feet tall. Then she grew 2.86 feet taller and her weight increased to 55 kg.<<Question>> How tall is Tori now?",7.26,7.26,"Explanation: In order to find the total height of Tori now, we add her initial height (4.4 feet) to the height she grew (2.86 feet). 4.4 feet and 2.86 feet make 7.26 feet."
<<Passage>>Tom was at the beach for 5 days and found 7 seashells every day<<Question>> How many seashells did Tom find during the beach trip ?,"<<Passage>>Tom was at the beach for 5 days, where the temperature was a pleasant 75 degrees Fahrenheit, and found 7 seashells every day. By the end of his stay, the temperature had risen to 85 degrees Fahrenheit.<<Question>> How many seashells did Tom find during the beach trip ?",35.0,35.0,"Explanation: In order to find the total number of seashells Tom found, we multiply the number of days he was at the beach (5) by the number of seashells he found each day (7). 5 times 7 equals 35."
<<Passage>>A truck carrying 4.1 pounds of sand travels to a construction yard and loses 2.4 pounds of sand along the way <<Question>> How much sand does the truck have when it arrives at the yard ? ,"<<Passage>>A truck carrying 4.1 pounds of sand travels to a construction yard, with a humidity level of 30%, and loses 2.4 pounds of sand along the way. The humidity rises to 70% as the truck reaches its destination.<<Question>> How much sand does the truck have when it arrives at the yard ? ",1.7,1.7,"Explanation: To find how much sand the truck has when it arrives at the yard, we need to subtract the weight of sand lost during the journey (2.4 pounds) from the initial weight of sand in the truck (4.1 pounds). Thus, 4.1 - 2.4 = 1.7 pounds of sand left in the truck upon arrival at the yard."
<<Passage>>Sally had 760 quarters in her bank. She spent 418 of her quarters<<Question>> How many quarters does she have now ?,"<<Passage>>Sally had 760 quarters in her bank, weighing 50 kg. She spent 418 of her quarters, now they weigh 60 kg.<<Question>> How many quarters does she have now ?",342.0,342.0,"Explanation: To find out how many quarters Sally has now, we subtract the number of quarters she spent (418) from the total number of quarters she had (760). So, 760 - 418 = 342."
<<Passage>>Alyssa 's cat had 8 kittens and 8 had spots . She gave 4 to her friends <<Question>> How many kittens does she now have ? ,"<<Passage>>Alyssa 's cat had 8 kittens initially weighing 4 kg. Out of these, 8 kittens had spots. She gave 4 kittens to her friends. Now, the remaining kittens weigh 6 kg.<<Question>> How many kittens does she now have ? ",4.0,4.0,"Explanation: Alyssa's cat initially had 8 kittens. She gave away 4 to her friends. In order to find out how many kittens she now has, we subtract the number of kittens given away (4) from the total number of kittens she had (8). The subtraction of 4 from 8 gives us 4."
"<<Passage>>While playing a video game , Paul scored 3103 points . He and his cousin together have a total of 5816 points <<Question>> How many points does Paul 's cousin have ? ","<<Passage>>While playing a video game, Paul scored 3103 points. He and his cousin, who weighs 120 lbs, together have a total of 5816 points, now with a combined weight of 200 lbs.<<Question>> How many points does Paul 's cousin have ? ",2713.0,2713.0,"Explanation: To find the number of points Paul's cousin has, we subtract Paul's score of 3103 points from the total score of 5816 points. This gives us 5816 - 3103 = 2713 points for Paul's cousin."
<<Passage>>There are 37 baskets.  There are 17 apples in each basket<<Question>> How many apples are there in all?,"<<Passage>>There are 37 baskets, each weighing 50 pounds. There are 17 apples in each basket. As the apples are added, the weight of each basket increases to 100 pounds.<<Question>> How many apples are there in all?",629.0,629.0,"Explanation: To find the total number of apples, we multiply the number of baskets (37) by the number of apples in each basket (17). 37 multiplied by 17 equals 629."
"<<Passage>>Betty has 24 oranges stored in boxes<<Question>> If there are 3 boxes, how many oranges must go in each box?","<<Passage>>Betty has 24 oranges stored in boxes, with a total weight of 50 kg. After adding more oranges, the weight increases to 70 kg.<<Question>> If there are 3 boxes, how many oranges must go in each box?",8.0,8.0,"Explanation: To find out how many oranges must go in each box, we divide the total number of oranges (24) by the number of boxes (3). 24 divided by 3 equals 8."
<<Passage>>Sam has 110 books. Joan has 102 books<<Question>>  How many books do they have together ?,<<Passage>>Sam has 110 books weighing a total of 50 kg. Joan has 102 books. The total weight of their combined books is 100 kg.<<Question>>  How many books do they have together ?,212.0,212.0,"Explanation: In order to find the total number of books both Sam and Joan have together, we add the number of books Sam has (110) and the number of books Joan has (102). 110 and 102 make 212."
<<Passage>>Jason has 7 violet balloons and 4 red balloons . He lost 3 of the violet balloons <<Question>> How many violet balloons does Jason have now ? ,<<Passage>>Jason has 7 violet balloons and 4 red balloons in a room with a temperature of 20 degrees Celsius. He lost 3 of the violet balloons as the temperature rose to 30 degrees Celsius.<<Question>> How many violet balloons does Jason have now ? ,4.0,4.0,"Explanation: To find out how many violet balloons Jason has now, we subtract the number of violet balloons he lost (3) from the total number of violet balloons he had (7). So, 7 - 3 = 4."
<<Passage>>Mrs.  Hilt bought a notebook for $1. 30.  She paid with nickels<<Question>> How many nickels did she use to buy the notebook?,<<Passage>>Mrs. Hilt bought a notebook for $1.30. She paid with nickels. The weight of the nickels was initially 100 pounds but after paying it decreased to 120 pounds.<<Question>> How many nickels did she use to buy the notebook?,26.0,26.0,"Explanation: To find out how many nickels Mrs. Hilt used to buy the notebook, we need to know the value of a nickel. A nickel is worth 5 cents. Therefore, to find out how many nickels make up $1.30, we divide 130 (since $1.30 is equivalent to 130 cents) by 5. The result is 26. Therefore, Mrs. Hilt used 26 nickels to buy the notebook."
<<Passage>>Lucy has an aquarium with 212 fish. Lucy wants to buy 68 more fish<<Question>> How many fish would Lucy have then?,<<Passage>>Lucy has an aquarium with 212 fish at a temperature of 30 degrees Celsius. Lucy wants to buy 68 more fish and increase the temperature to 35 degrees Celsius.<<Question>> How many fish would Lucy have then?,280.0,280.0,"Explanation: To find out how many fish Lucy would have after buying more, we add the number of fish she currently has (212) to the number she wants to buy (68). Adding 212 and 68 gives us 280."
<<Passage>>There are 2 pencils in the drawer . Tim placed 3 pencils in the drawer <<Question>> How many pencils are now there in total ? ,"<<Passage>>There are 2 pencils in the drawer, weighing 50 grams. Tim placed 3 more pencils in the drawer, increasing the total weight to 100 grams.<<Question>> How many pencils are now there in total ? ",5.0,5.0,"Explanation: To find the total number of pencils, we add the number of pencils initially in the drawer (2) to the number of pencils Tim placed in the drawer (3). 2 and 3 make 5."
"<<Passage>>Joan grew 24 pumpkins , Keith grew 42 pumpkins , and Alyssa grew 13 pumpkins . They worked for 34 days on the farm <<Question>> How many pumpkins did they grow in all ? ","<<Passage>>Joan, Keith, and Alyssa worked for 34 days on the farm where the temperature ranged from 18 degrees Celsius to 28 degrees Celsius. During this time, Joan grew 24 pumpkins, Keith grew 42 pumpkins, and Alyssa grew 13 pumpkins.<<Question>> How many pumpkins did they grow in all ? ",79.0,79.0,"Explanation: To find the total number of pumpkins they grew, we add the number of pumpkins Joan grew (24), the number of pumpkins Keith grew (42) and the number of pumpkins Alyssa grew (13). Adding 24, 42 and 13 gives us 79."
"<<Passage>>Each day , the polar bear at Richmond 's zoo eats 0.2 bucket of trout and 0.4 bucket of salmon <<Question>> How many buckets of fish does the polar bear eat daily ? ","<<Passage>>Each day, when the temperature is between 20 degrees Celsius and 30 degrees Celsius, the polar bear at Richmond's zoo eats 0.2 bucket of trout and 0.4 bucket of salmon.<<Question>> How many buckets of fish does the polar bear eat daily ? ",0.6,0.6,"Explanation: To find out how many buckets of fish the polar bear eats daily, we add the amount of trout (0.2 bucket) and salmon (0.4 bucket) it eats. 0.2 and 0.4 make 0.6."
<<Passage>>Adam has 13 blocks. Ann has with 9 blocks. Ann finds another 44<<Question>> How many blocks does Ann end with?,"<<Passage>>Adam has 13 blocks weighing 20 kg. Ann has 9 blocks. Ann finds another 44. Now, their blocks weigh 40 kg.<<Question>> How many blocks does Ann end with?",53.0,53.0,"Explanation: To find out how many blocks Ann ends with, we start with the number of blocks she initially has, which is 9. Then we add the number of blocks she finds, which is 44. So, 9 plus 44 equals 53."
<<Passage>>Sara picked 6 pears and Tim picked 5 pears from the pear tree<<Question>> How many pears were picked in total ?,<<Passage>>Sara picked 6 pears and weighed 50 kg. Tim picked 5 pears from the pear tree and their combined weight became 60 kg.<<Question>> How many pears were picked in total ?,11.0,11.0,"Explanation: In order to find the total number of pears picked, we add the number of pears Sara picked (6) and the number of pears Tim picked (5). 6 and 5 make 11."
"<<Passage>>Mary found 45 seashells , Melanie found 23 seashells , and Jason found 32 seashells on the beach . When they cleaned them , they discovered that 31 were cracked <<Question>> How many seashells did they find together ? ","<<Passage>>Mary, Melanie, and Jason were at the beach where the temperature started at 20 Celsius. Mary found 45 seashells, Melanie found 23 seashells, and Jason found 32 seashells. When they cleaned them, they discovered that 31 were cracked as the temperature increased to 30 Celsius.<<Question>> How many seashells did they find together ? ",100.0,100.0,"Explanation: In order to find the total number of seashells found, we add up the seashells found by each person. Mary found 45 seashells, Melanie found 23 seashells, and Jason found 32 seashells. Adding these together, 45 + 23 + 32, we get 100."
"<<Passage>>When Jake had one cat, he needed to serve 0.5 of a can of cat food each day. Now that Jake has adopted a second cat, he needs to serve a total of 0.9 of a can each day<<Question>> How much extra food is needed to feed the second cat?","<<Passage>>When Jake had one cat and the temperature was 20 degrees Celsius, he needed to serve 0.5 of a can of cat food each day. Now that Jake has adopted a second cat and the temperature has risen to 30 degrees Celsius, he needs to serve a total of 0.9 of a can each day.<<Question>> How much extra food is needed to feed the second cat?",0.4,0.4,"Explanation: To find out how much extra food is needed to feed the second cat, we subtract the amount of food needed for one cat (0.5) from the total amount of food needed for two cats (0.9). The calculation is 0.9 - 0.5 = 0.4."
<<Passage>>Melanie had 7 dimes in her bank . Her dad gave her 8 dimes and her mother gave her 4 dimes <<Question>> How many dimes does Melanie have now ? ,"<<Passage>>Melanie had 7 dimes in her bank weighing 50 kg. Her dad gave her 8 more dimes and her mother gave her 4 dimes. Now, her dimes weigh 70 kg.<<Question>> How many dimes does Melanie have now ? ",19.0,19.0,"Explanation: To find out how many dimes Melanie has now, we need to add the number of dimes she had initially with the number of dimes her dad gave her and the number of dimes her mom gave her. So, 7 (initial number of dimes) + 8 (dimes from dad) + 4 (dimes from mom) equals 19."
<<Passage>>Christine wandered 20 miles at 4 miles per hour<<Question>> How long did Christine wander?,"<<Passage>>Christine started her journey with a temperature of 70 degrees Fahrenheit. She wandered 20 miles at 4 miles per hour. By the end of her journey, the temperature had risen to 85 degrees Fahrenheit.<<Question>> How long did Christine wander?",5.0,5.0,"Explanation: To find out how long Christine wandered, we divide the total distance she traveled (20 miles) by her speed (4 miles per hour). So, 20 divided by 4 equals 5."
<<Passage>> Ellen went to a garage sale to buy chairs.  Each chair cost 15 dollars<<Question>>  How much money did Ellen spend for the 12 chairs she bought?,"<<Passage>>Ellen, who weighs 100 pounds, went to a garage sale to buy chairs. Each chair cost 15 dollars. After carrying a few chairs, her weight goes up to 150 pounds.<<Question>>  How much money did Ellen spend for the 12 chairs she bought?",180.0,180.0,"Explanation: To find out how much Ellen spent for the 12 chairs, we need to multiply the cost of each chair (15 dollars) by the number of chairs bought (12). So, 15 dollars times 12 equals 180 dollars."
<<Passage>> 532 people are watching a movie in a theater. The theater has 750 seats<<Question>> How many seats are empty in the theater?,"<<Passage>>532 people are watching a movie in a theater, which has an area of 100 square meters and 750 seats. The theater can accommodate up to 200 square meters.<<Question>> How many seats are empty in the theater?",218.0,218.0,"Explanation: To find the number of empty seats in the theater, subtract the number of people watching the movie (532) from the total number of seats in the theater (750). 750 - 532 = 218. Therefore, there are 218 empty seats in the theater."
<<Passage>> I walk 1 mile every 15 minutes.  I walked 3 miles<<Question>> How many minutes did it take me ?,"<<Passage>>I walk 1 mile every 15 minutes in a temperature of 70 degrees Fahrenheit. As I walked 3 miles, the temperature increased to 75 degrees Fahrenheit.<<Question>> How many minutes did it take me ?",45.0,45.0,"Explanation: In order to find out how many minutes it took to walk 3 miles, we multiply the number of miles walked (3) by the time it takes to walk 1 mile (15 minutes). 3 miles times 15 minutes per mile equals 45 minutes."
"<<Passage>>Each child has 2 candies<<Question>> If there are 9 children, how many candies are there in total?","<<Passage>>Each child has 2 candies, with each candy weighing 30 pounds. After eating, the candies weigh 50 pounds.<<Question>> If there are 9 children, how many candies are there in total?",18.0,18.0,"Explanation: In order to find the total number of candies, we multiply the number of candies each child has (2) by the number of children (9). 2 times 9 equals 18."
<<Passage>>Bruce has 75 eggs. Kimberly has 17 eggs. He loses 70<<Question>> How many eggs will Bruce have?,"<<Passage>>Bruce, who weighs 50 kg, has 75 eggs. Kimberly has 17 eggs. After Bruce loses 70 eggs, his weight reduces to 100 kg.<<Question>> How many eggs will Bruce have?",5.0,5.0,"Explanation: To find out how many eggs Bruce will have, we start with the total number of eggs he had initially, which is 75. Then, we subtract the number of eggs he loses, which is 70. 75 minus 70 equals 5."
<<Passage>>Joan found 75 seashells and 14 starfishes on the beach . She gave Tim some of her seashells . She has 62 seashell <<Question>> How many seashells did she give to Tim ? ,"<<Passage>>Joan found 75 seashells and 14 starfishes on the beach. She gave Tim some of her seashells. She has 62 seashells, which occupy a volume ranging from 10 cubic inches to 30 cubic inches.<<Question>> How many seashells did she give to Tim ? ",13.0,13.0,"Explanation: To find out how many seashells Joan gave to Tim, we need to subtract the number of seashells Joan has now (62) from the total number of seashells she initially found (75). This will give us the number of seashells she gave to Tim. So, 75 seashells - 62 seashells = 13 seashells."
<<Passage>> Maggi had 3 packages of cupcakes.  There are 4 cupcakes in each package.  She ate 5 cupcakes<<Question>> How many are left?,"<<Passage>>Maggi had 3 packages of cupcakes, weighing a total of 150 pounds. There are 4 cupcakes in each package. After she ate 5 cupcakes, the total weight of the cupcakes decreased to 140 pounds.<<Question>> How many are left?",12.0,12.0,"Explanation: First, we need to find out the total number of cupcakes. Since there are 3 packages and each package contains 4 cupcakes, we multiply 3 by 4 to get 12 cupcakes. Then, we subtract the 5 cupcakes that Maggi ate from the total. So, 12 minus 5 equals 7 cupcakes left."
"<<Passage>>Mike bought some toys . He bought marbles for $ 9.05 , a football for $ 4.95 , and spent $ 6.52 on a baseball <<Question>> In total , how much did Mike spend on toys ? ","<<Passage>>Mike bought some toys in a humid environment ranging from 25% to 75%. He bought marbles for $9.05, a football for $4.95, and spent $6.52 on a baseball.<<Question>> In total , how much did Mike spend on toys ? ",20.52,20.52,"Explanation: In order to find the total amount Mike spent on toys, we add the cost of marbles ($9.05), football ($4.95), and baseball ($6.52). $9.05 + $4.95 + $6.52 = $20.52. Therefore, Mike spent a total of $20.52 on toys."
"<<Passage>>While making pastries , a bakery used 0.2 bag of wheat flour and 0.1 bag of white flour <<Question>> How many bags of flour did the bakery use in all ? ","<<Passage>>While making pastries at a starting temperature of 20 degrees Celsius, a bakery used 0.2 bag of wheat flour and 0.1 bag of white flour. The process ended with a temperature of 180 degrees Celsius.<<Question>> How many bags of flour did the bakery use in all ? ",0.3,0.3,"Explanation: In order to find the total number of bags of flour used, we add the number of bags of wheat flour (0.2) and white flour (0.1). 0.2 and 0.1 make 0.3."
<<Passage>>Marilyn starts with 51 bottle caps. She shares 36 with Nancy<<Question>> How many bottle caps does Marilyn end with?,<<Passage>>Marilyn starts with 51 bottle caps at a humidity level of 20%. She shares 36 with Nancy as the humidity increases to 80%.<<Question>> How many bottle caps does Marilyn end with?,15.0,15.0,"Explanation: In order to find the number of bottle caps Marilyn ends with, we start with the initial number of bottle caps she has, which is 51, and then subtract the number of bottle caps she shares with Nancy, which is 36. This gives us 15 bottle caps remaining for Marilyn."
"<<Passage>>Mary, Sam, Keith, and Alyssa each have 6 baseball cards<<Question>>  How many baseball cards do they have in all ?","<<Passage>>Mary, Sam, Keith, and Alyssa each have 6 baseball cards. The combined weight of the cards is initially 150 pounds, but after adding some more cards, it increases to 200 pounds.<<Question>>  How many baseball cards do they have in all ?",24.0,24.0,"Explanation: In order to find the total number of baseball cards, we multiply the number of cards each person has (6) by the number of people (4). 6 times 4 equals 24."
"<<Passage>>Melanie picked 4 plums , Dan picked 9 plums , and Sally picked 3 plums from the plum tree <<Question>> How many plums were picked in total ? ","<<Passage>>Melanie, initially weighing 50 kg, picked 4 plums, Dan picked 9 plums, and Sally picked 3 plums from the plum tree. After picking the plums, Melanie's weight was 55 kg.<<Question>> How many plums were picked in total ? ",16.0,16.0,"Explanation: In order to find the total number of plums picked, we add the number of plums each person picked. Melanie picked 4, Dan picked 9, and Sally picked 3. Adding these together, 4 + 9 + 3, gives us a total of 16 plums."
"<<Passage>> I have 224 cents to buy candy<<Question>> If each piece of bulk candy costs 8 cents, how many gumdrops can I buy?","<<Passage>>I have 224 cents to buy candy. The bag of candy initially weighs 2 pounds, but after adding more candies, it weighs 5 pounds.<<Question>> If each piece of bulk candy costs 8 cents, how many gumdrops can I buy?",28.0,28.0,"Explanation: In order to find out how many pieces of candy can be bought, we divide the total amount of money (224 cents) by the cost of each piece of candy (8 cents). So, 224 divided by 8 equals 28."
"<<Passage>>Brandy made trail mix for a backpacking trip . She used 0.16666666666666666 pound of peanuts , 0.16666666666666666 pound of chocolate chips , and 0.08333333333333333 pound of raisins <<Question>> How many pounds of trail mix did Brandy make ? ","<<Passage>>Brandy made trail mix for a backpacking trip with a starting temperature of 20 degrees Celsius. She used 0.16666666666666666 pound of peanuts , 0.16666666666666666 pound of chocolate chips , and 0.08333333333333333 pound of raisins. By the time she finished the temperature had risen to 30 degrees Celsius.<<Question>> How many pounds of trail mix did Brandy make ? ",0.4166666666666667,0.4166666666666667,"Explanation: In order to find the total weight of the trail mix, we add the weight of the peanuts (0.16666666666666666 pound), chocolate chips (0.16666666666666666 pound) and raisins (0.08333333333333333 pound). Adding these together, we get 0.4166666666666667 pound."
"<<Passage>>Michelle began her pizza delivery route with 0.5 of a tank of gas in her car. When she made it back to the pizzeria, 0.16666666666666666 of a tank of gas was left<<Question>> How much gas did Michelle use?","<<Passage>>Michelle began her pizza delivery route with 0.5 of a tank of gas in her car when the temperature was 25 degrees Celsius. When she made it back to the pizzeria, 0.16666666666666666 of a tank of gas was left and the temperature had risen to 30 degrees Celsius.<<Question>> How much gas did Michelle use?",0.3333333333333333,0.3333333333333333,"Explanation: To find out how much gas Michelle used, we subtract the amount of gas left at the end of her route (0.16666666666666666) from the amount of gas she had at the start of her route (0.5). So, 0.5 - 0.16666666666666666 equals 0.3333333333333333."
<<Passage>>Emily collects 63 cards. Emily's father gives Emily 7 more. Bruce has 13 apples<<Question>> How many cards does Emily have?,"<<Passage>>Emily, who weighs 50 kg, collects 63 cards. After Emily's father gives her 7 more cards, Emily's weight increases to 70 kg. Bruce has 13 apples.<<Question>> How many cards does Emily have?",70.0,70.0,"Explanation: To find out how many cards Emily has, we add the number of cards she originally has (63) and the number of cards she received from her father (7). Adding 63 and 7 gives us 70."
"<<Passage>>A large bag of balls was kept under Haley’s bed.  Her mom placed the balls in bags for children in foster homes<<Question>> If every bag can contain 4 balls and Haley has 36 balls, how many bags will be used?","<<Passage>>A large bag of balls, weighing initially 50 pounds, was kept under Haley’s bed. Her mom placed the balls in bags for children in foster homes, reducing the weight to 30 pounds.<<Question>> If every bag can contain 4 balls and Haley has 36 balls, how many bags will be used?",9.0,9.0,"Explanation: To find out how many bags will be used, we divide the total number of balls (36) by the number of balls each bag can contain (4). 36 divided by 4 equals 9."
"<<Passage>>There are 390 students at a school<<Question>> If each classroom holds 30 students, how many classrooms are needed at the school?","<<Passage>>At the school, which has 390 students, the temperature is a comfortable 70 degrees Fahrenheit. As the day progresses and the sun rises higher, the temperature increases to a warm 85 degrees Fahrenheit.<<Question>> If each classroom holds 30 students, how many classrooms are needed at the school?",13.0,13.0,"Explanation: In order to find the number of classrooms needed, we divide the total number of students (390) by the number of students each classroom can hold (30). 390 divided by 30 equals 13."
<<Passage>>Juan ran 80 miles at 10 miles per hour<<Question>> How long did Juan run?,"<<Passage>>Juan ran 80 miles at 10 miles per hour in 30% humidity. By the end of his run, the humidity had risen to 50%.<<Question>> How long did Juan run?",8.0,8.0,"Explanation: To find out how long Juan ran, we divide the total distance he ran (80 miles) by his speed (10 miles per hour). 80 divided by 10 equals 8."
"<<Passage>>As part of a lesson on earthquakes , a science class is researching the movement of a nearby fault line . The fault line moved 1.25 inches during the past year and 5.25 inches the year before <<Question>> How far did the fault line move in all ? ","<<Passage>>As part of a lesson on earthquakes , a science class is researching the movement of a nearby fault line with an area of 10 square meters. The fault line moved 1.25 inches during the past year and 5.25 inches the year before, covering an area of 50 square meters.<<Question>> How far did the fault line move in all ? ",6.5,6.5,"Explanation: To find the total distance the fault line moved, we add the distances it moved in the past two years. Adding 1.25 inches and 5.25 inches gives 6.5 inches in total."
"<<Passage>>Jessica spent $10.22 on a cat toy, and a cage cost her $11.73<<Question>> What was the total cost of Jessica's purchases?","<<Passage>>Jessica spent $10.22 on a cat toy and a cage that cost her $11.73. The cat toy occupied an area of 3 square feet, while the cage had an area of 9 square feet.<<Question>> What was the total cost of Jessica's purchases?",21.95,21.95,"Explanation: To find the total cost of Jessica's purchases, we need to add the cost of the cat toy ($10.22) and the cost of the cage ($11.73). Adding $10.22 and $11.73 gives $21.95, which is the total cost of Jessica's purchases."
"<<Passage>>Kendall is learning to drive, so this weekend she practiced driving 0.16666666666666666 of a mile with her mother and another 0.5 of a mile with her father<<Question>> How far did Kendall drive in all?","<<Passage>>Kendall is learning to drive, so this weekend she practiced driving 0.16666666666666666 of a mile with her mother in a temperature of 20 degrees Celsius and another 0.5 of a mile with her father when the temperature rose to 30 degrees Celsius.<<Question>> How far did Kendall drive in all?",0.6666666666666666,0.6666666666666666,"Explanation: In order to find the total distance Kendall drove, we add the distance she drove with her mother (0.16666666666666666 miles) and the distance she drove with her father (0.5 miles). 0.16666666666666666 and 0.5 make 0.6666666666666666."
<<Passage>>Alec and his roommates ate 3.25 pints of ice cream on Friday night and 0.25 of a pint of ice cream on Saturday night<<Question>> How many pints did they eat in all?,<<Passage>>Alec and his roommates ate 3.25 pints of ice cream on Friday night when the temperature was around 22 degrees Celsius and 0.25 of a pint of ice cream on Saturday night when the temperature rose to 28 degrees Celsius.<<Question>> How many pints did they eat in all?,3.5,3.5,"Explanation: In order to find the total number of pints of ice cream eaten, we add the number of pints eaten on Friday (3.25) and Saturday (0.25). 3.25 and 0.25 make 3.5."
<<Passage>>Wendy ran 19.833333333333332 miles and walked 9.166666666666666 miles<<Question>> How much farther did Wendy run than walk?,<<Passage>>Wendy ran 19.833333333333332 miles and walked 9.166666666666666 miles in a temperature range from 20 degrees Celsius to 30 degrees Celsius.<<Question>> How much farther did Wendy run than walk?,10.666666666666666,10.666666666666666,"Explanation: To find out how much farther Wendy ran than walked, we subtract the distance she walked (9.166666666666666 miles) from the distance she ran (19.833333333333332 miles). 19.833333333333332 minus 9.166666666666666 equals 10.666666666666666."
<<Passage>> Mrs. Santiago has 58 red roses. Mrs. Garrett has 24. How many more red roses does Mrs. Santiago have than Mrs<<Question>> Garrett?,<<Passage>>Mrs. Santiago has 58 red roses in a room with a temperature of 20 degrees Celsius. Mrs. Garrett has 24 in a room with a temperature of 30 degrees Celsius. How many more red roses does Mrs. Santiago have than Mrs Garrett?<<Question>> Garrett?,34.0,34.0,"Explanation: In order to find out how many more red roses Mrs. Santiago has than Mrs. Garrett, we subtract the number of red roses Mrs. Garrett has (24) from the number of red roses Mrs. Santiago has (58). 58 minus 24 equals 34."
<<Passage>>There are 8 marbles in each box<<Question>> How many marbles are in 6 boxes?,"<<Passage>>There are 8 marbles in each box, with the box initially weighing 50 kg. After adding some heavy items, the box now weighs 100 kg.<<Question>> How many marbles are in 6 boxes?",48.0,48.0,"Explanation: To find the total number of marbles in 6 boxes, we multiply the number of marbles in one box (8) by the number of boxes (6). So, 8 multiplied by 6 equals 48."
"<<Passage>>A bathing suit manufacturer has a supply of 14797 bathing suits for men . In addition , it has 4969 bathing suits for women <<Question>> How many bathing suits are available overall ? ","<<Passage>>A bathing suit manufacturer has a supply of 14797 bathing suits for men covering an area of 30 square meters. In addition, it has 4969 bathing suits for women covering an area of 60 square meters.<<Question>> How many bathing suits are available overall ? ",19766.0,19766.0,"Explanation: To find the total number of bathing suits available overall, we add the number of bathing suits for men (14797) and women (4969). 14797 + 4969 equals 19766."
<<Passage>> Misha has 34 dollars<<Question>> How many dollars does she have to earn to have 47 dollars to buy a dog?,"<<Passage>>Misha, who initially weighed 50 kg, now weighs 60 kg and has 34 dollars.<<Question>> How many dollars does she have to earn to have 47 dollars to buy a dog?",13.0,13.0,"Explanation: In order to find out how much Misha has to earn, we subtract how much she currently has from the total she needs. So, 47 (total needed) minus 34 (what she has) equals 13."
<<Passage>>Anthony has 9 pencils. Kathryn gives Anthony 56 more<<Question>> How many pencils does Anthony have in all?,"<<Passage>>Anthony, initially weighing 50 kg, has 9 pencils. Kathryn gives Anthony 56 more pencils. Now, Anthony weighs 100 kg.<<Question>> How many pencils does Anthony have in all?",65.0,65.0,"Explanation: To find out how many pencils Anthony has in all, we need to add the number of pencils he initially had (9) to the number of pencils he received from Kathryn (56). So, 9 + 56 equals 65."
<<Passage>> Kim has 4 cousins.  She wants to give each cousin 5 pieces of gum<<Question>> How much gum will she need?,"<<Passage>>Kim, who weighs 100 pounds, has 4 cousins. She wants to give each cousin 5 pieces of gum. After eating a large meal, her weight increases to 120 pounds.<<Question>> How much gum will she need?",20.0,20.0,"Explanation: Kim has 4 cousins and she wants to give each cousin 5 pieces of gum. To find out how much gum she will need, we multiply the number of cousins (4) by the number of gum pieces each cousin will receive (5). 4 multiplied by 5 equals 20."
<<Passage>>Fred has 709 green balloons. He gave Sandy 221 of the balloons <<Question>> How many green balloons does he now have ? ,<<Passage>>Fred has 709 green balloons weighing 50 kg. He gave Sandy 221 of the balloons. Now his balloons weigh 70 kg.<<Question>> How many green balloons does he now have ? ,488.0,488.0,"Explanation: To find the remaining number of green balloons Fred has, we subtract the number of balloons he gave to Sandy (221) from the total he initially had (709). So, 709 minus 221 equals 488."
<<Passage>> Ceasar needs to read a 563 page book for school. He has already read 147 pages<<Question>> How many pages does he have left to read?,"<<Passage>>Ceasar needs to read a 563 page book for school. Starting at a reading speed of 10 pages per hour, he has already read 147 pages. He plans to increase his reading speed to 20 pages per hour.<<Question>> How many pages does he have left to read?",416.0,416.0,"Explanation: To find the number of pages Ceasar has left to read, we subtract the number of pages he has already read (147) from the total number of pages in the book (563). So, 563 - 147 equals 416."
<<Passage>> A perfect score is 21 points<<Question>> How many points would you have after 3 perfect games in a row?,"<<Passage>>A perfect score is 21 points. The room temperature was initially 68 degrees Fahrenheit, but as the tension rose with the competition, it increased to 75 degrees Fahrenheit.<<Question>> How many points would you have after 3 perfect games in a row?",63.0,63.0,"Explanation: In order to find the total points after 3 perfect games, we multiply the points of a perfect game (21) by the number of games (3). 21 multiplied by 3 equals 63."
<<Passage>>Vince's bus ride to school is 0.625 of a mile and Zachary's bus ride is 0.5 of a mile<<Question>> How much longer is Vince's bus ride than Zachary's?,<<Passage>>Vince's bus ride to school is 0.625 of a mile and Zachary's bus ride is 0.5 of a mile. The temperature during their ride starts at 15 degrees Celsius and ends at 25 degrees Celsius.<<Question>> How much longer is Vince's bus ride than Zachary's?,0.125,0.125,"Explanation: In order to find out how much longer Vince's bus ride is than Zachary's, we subtract the length of Zachary's bus ride (0.5 miles) from the length of Vince's bus ride (0.625 miles). So, 0.625 - 0.5 equals 0.125."
"<<Passage>>Lexie’s mom gathered all her watercolor paintings and thought of placing an equal number of paintings in 4 rooms in the house<<Question>> If Lexie has 32 watercolor paintings, how many paintings will be placed in each room?","<<Passage>>Lexie’s mom gathered all her watercolor paintings in a room with 30% humidity and thought of placing an equal number of paintings in 4 rooms in the house. As she moved the paintings, the humidity in the room increased to 45%.<<Question>> If Lexie has 32 watercolor paintings, how many paintings will be placed in each room?",8.0,8.0,"Explanation: To find out how many paintings will be placed in each room, we divide the total number of paintings (32) by the number of rooms (4). 32 divided by 4 equals 8."
"<<Passage>>Before starting her shift , a waitress checks to make sure there is enough mustard for her customers . She finds 0.25 bottle at the first table , 0.25 bottle at the second table , and 0.375 bottle at the third table <<Question>> Altogether , how many bottles of mustard does the waitress find ? ","<<Passage>>Before starting her shift , a waitress checks the temperature, which is 20 degrees Celsius, and makes sure there is enough mustard for her customers. She finds 0.25 bottle at the first table , 0.25 bottle at the second table , and 0.375 bottle at the third table. By the end of her shift, the temperature has risen to 30 degrees Celsius.<<Question>> Altogether , how many bottles of mustard does the waitress find ? ",0.875,0.875,"Explanation: To find the total amount of mustard the waitress finds, we need to add together the amounts she found at each table. She found 0.25 bottle at the first table, 0.25 bottle at the second table, and 0.375 bottle at the third table. When we add these together (0.25 + 0.25 + 0.375), we get 0.875 bottles."
<<Passage>>Sara picked 35 pears and 27 apples from the orchard . She gave 28 pears to Dan <<Question>> How many pears does Sara have ? ,"<<Passage>>Sara picked 35 pears and 27 apples from the orchard. She gave 28 pears, with a density of 5 g/cm^3, to Dan. <<Question>> How many pears does Sara have ? ",7.0,7.0,"Explanation: To find the number of pears Sara has after giving 28 pears to Dan, subtract the number of pears given to Dan (28) from the total number of pears picked (35). 35 - 28 = 7, so Sara has 7 pears."
<<Passage>> A DVD book holds 126 DVDs. There are 81 DVDs already in the book<<Question>> How many more DVDs can be put in the book?,"<<Passage>>A DVD book that weighs 30 kg holds 126 DVDs. There are already 81 DVDs in the book, making it weigh 60 kg.<<Question>> How many more DVDs can be put in the book?",45.0,45.0,"Explanation: To find out how many more DVDs can be put in the book, subtract the number of DVDs already in the book (81) from the total capacity of the book (126). 126 - 81 equals 45."
<<Passage>>There are 2 apples in a pile on the desk. Each apple comes in a package of 7. 4 apples are added to the pile<<Question>> How many apples are there in the pile?,"<<Passage>>There are 2 apples in a pile on the desk, each occupying 10 cubic centimeters. Each apple comes in a package of 7. 4 apples are added to the pile, increasing the total occupied volume to 30 cubic centimeters.<<Question>> How many apples are there in the pile?",6.0,6.0,"Explanation: To find the total number of apples in the pile, we first calculate the apples that were already there (2 apples in the pile from the beginning): 2 apples. Then we calculate the number of apples that were added to the pile (4 apples added): 4 apples. Finally, we add the initial number of apples and the apples added to get the total number of apples in the pile: 2 + 4 = 6 apples."
<<Passage>>Kelly bought 0.1 pounds of peanuts and 0.4 pounds of raisins<<Question>> How many pounds of snacks did she buy in all?,<<Passage>>Kelly bought 0.1 pounds of peanuts and 0.4 pounds of raisins at a temperature of 20 degrees Celsius. The temperature then increased to 30 degrees Celsius.<<Question>> How many pounds of snacks did she buy in all?,0.5,0.5,"Explanation: In order to find the total pounds of snacks Kelly bought, we need to add the weight of peanuts (0.1 pounds) and the weight of raisins (0.4 pounds). So, 0.1 + 0.4 equals 0.5 pounds."
<<Passage>>It snowed 0.32 inches on Monday and 0.21 inches on Tuesday<<Question>> How much did it snow on Monday and Tuesday combined?,<<Passage>>It snowed 0.32 inches on Monday when the temperature was -5 degrees Celsius and 0.21 inches on Tuesday when the temperature rose to 0 degrees Celsius.<<Question>> How much did it snow on Monday and Tuesday combined?,0.53,0.53,"Explanation: To find the total inches of snowfall on Monday and Tuesday, we add the amount of snowfall on Monday (0.32 inches) and the amount of snowfall on Tuesday (0.21 inches). Therefore, 0.32 inches and 0.21 inches equals 0.53 inches."
<<Passage>> 256 students are going to the zoo.  They have to be divided into groups so that each teacher has one group.  There are 8 teachers<<Question>> How many  students will be in each group?,"<<Passage>>256 students are going to the zoo at a speed of 5 mph. They have to be divided into groups so that each teacher has one group. There are 8 teachers. As they approach the zoo, their speed increases to 10 mph.<<Question>> How many  students will be in each group?",32.0,32.0,"Explanation: To find out how many students will be in each group, we divide the total number of students (256) by the number of teachers (8). 256 divided by 8 equals 32."
<<Passage>>Last week Tom had 74 dollars . He washed cars over the weekend and now has 86 dollars <<Question>> How much money did he make washing cars ? ,"<<Passage>>Last week Tom had 74 dollars. He washed cars over the weekend and now has 86 dollars. Additionally, his weight increased from 60 kilograms to 70 kilograms.<<Question>> How much money did he make washing cars ? ",12.0,12.0,"Explanation: To find out how much money Tom made washing cars, subtract the initial amount he had ($74) from the amount he has now ($86). $86 - $74 = $12."
"<<Passage>>During a visit to an orchard, Charlie picked 0.16666666666666666 of a bag of Golden Delicious apples, 0.16666666666666666 of a bag of Macintosh apples, and 0.3333333333333333 of a bag of Cortland apples<<Question>> How many bags of fruit did Charlie pick in total?","<<Passage>>During a visit to an orchard, amidst temperatures ranging from 20 degrees Celsius to 30 degrees Celsius, Charlie picked 0.16666666666666666 of a bag of Golden Delicious apples, 0.16666666666666666 of a bag of Macintosh apples, and 0.3333333333333333 of a bag of Cortland apples<<Question>> How many bags of fruit did Charlie pick in total?",0.6666666666666666,0.6666666666666666,"Explanation: To find out how many bags of fruit Charlie picked in total, we add together the fractions of each type of apple bag he picked. That is, we add 0.16666666666666666 (the fraction of the bag of Golden Delicious apples he picked), 0.16666666666666666 (the fraction of the bag of Macintosh apples he picked), and 0.3333333333333333 (the fraction of the bag of Cortland apples he picked). Altogether, Charlie picked 0.6666666666666666 of a bag of apples."
<<Passage>> On the first day of the week Pat had 39 stickers. Pat earned 22 more during the week<<Question>> How many stickers did Pat have at the end of the  week?,"<<Passage>>On the first day of the week, Pat, who weighs 50 kg, had 39 stickers. Pat earned 22 more stickers during the week and now weighs 70 kg.<<Question>> How many stickers did Pat have at the end of the  week?",61.0,61.0,"Explanation: To find the total number of stickers Pat had at the end of the week, we add the number of stickers he initially had (39) to the number of stickers he earned during the week (22). Adding 39 and 22 gives 61."
"<<Passage>>Each child has 5 bottle caps<<Question>> If there are 9 children, how many bottle caps are there in total?","<<Passage>>Each child has 5 bottle caps, and initially, each cap weighs 50 pounds. After some time, each cap weighs 60 pounds.<<Question>> If there are 9 children, how many bottle caps are there in total?",45.0,45.0,"Explanation: In order to find the total number of bottle caps, we multiply the number of children (9) by the number of bottle caps each child has (5). 9 times 5 equals 45."
<<Passage>>Benny bought 7 dozen eggs from the grocery store to bake some cakes<<Question>>  How many eggs did Benny buy ?,"<<Passage>>Benny bought 7 dozen eggs from the grocery store to bake some cakes. Initially, the weight of the eggs was 0 pounds, but after buying, it became 84 pounds.<<Question>>  How many eggs did Benny buy ?",84.0,84.0,"Explanation: To find the total number of eggs Benny bought, we need to multiply the number of dozens (7) by the number of eggs in a dozen (12). 7 dozens times 12 makes 84."
"<<Passage>>There are 30 candies in Kathy's candy collection<<Question>> If the candies are organized into 10 groups, how big is each group?","<<Passage>>There are 30 candies in Kathy's candy collection, weighing a total of 50 pounds. After adding some more, the collection now weighs 60 pounds.<<Question>> If the candies are organized into 10 groups, how big is each group?",3.0,3.0,"Explanation: In order to find out how big each group is, we divide the total number of candies (30) by the number of groups (10). 30 divided by 10 equals 3."
<<Passage>>Martin has 8 boxes of crayons.  Each box holds 7 crayons<<Question>> How many crayons does Martin have?,"<<Passage>>Martin has 8 boxes of crayons, each weighing 50 pounds. Each box holds 7 crayons. As more crayons are added, the weight of each box increases to 70 pounds.<<Question>> How many crayons does Martin have?",56.0,56.0,"Explanation: To find out how many crayons Martin has, we multiply the number of boxes (8) by the number of crayons in each box (7). So, 8 times 7 equals 56."
<<Passage>>Albert has 9 bottle caps. Anne has with 10 bottle caps. Anne finds another 5<<Question>> How many bottle caps does Anne end with?,"<<Passage>>Albert has 9 bottle caps weighing 50 kg. Anne has 10 bottle caps. Anne finds another 5, increasing the weight to 80 kg.<<Question>> How many bottle caps does Anne end with?",15.0,15.0,"Explanation: Anne initially has 10 bottle caps. She then finds another 5 bottle caps. In order to find the total number of bottle caps Anne ends with, we add the number of bottle caps she initially had (10) and the number of bottle caps she found (5). 10 and 5 make 15."
<<Passage>>Jason grew 37 watermelons and 30 pumpkins . Sandy grew 11 watermelons <<Question>> How many watermelons did they grow in total ? ,"<<Passage>>Jason, at 30% humidity, grew 37 watermelons and 30 pumpkins. As the humidity rose to 60%, Sandy grew 11 watermelons.<<Question>> How many watermelons did they grow in total ? ",48.0,48.0,"Explanation: In order to find the total number of watermelons grown, we add the number of watermelons grown by Jason (37) and the number of watermelons grown by Sandy (11). 37 and 11 make 48."
"<<Passage>>nan<<Question>>If Benjamin skated 80 kilometers at 10 kilometers per hour, how long was Benjamin skating?","<<Passage>>In the barn, where the humidity is a dry 30%, there are 64 pigs. Some more came in. The humidity rises to a damp 60% for 86 pigs.<<Question>>If Benjamin skated 80 kilometers at 10 kilometers per hour, how long was Benjamin skating?",8.0,8.0,"Explanation: To find out how long Benjamin was skating, we divide the total distance he skated (80 kilometers) by his speed (10 kilometers per hour). So, 80 divided by 10 equals 8."
"<<Passage>>There is 0.16666666666666666 of a cup of oil in Scarlett's measuring cup. If Scarlett adds 0<<Question>>6666666666666666 of a cup more, how much oil will be in the measuring cup?","<<Passage>>There is 0.16666666666666666 of a cup of oil in Scarlett's measuring cup with a humidity level of 30%. If Scarlett adds 0<<Question>>6666666666666666 of a cup more, how much oil will be in the measuring cup?",0.8333333333333334,0.8333333333333334,"Explanation: To find the total amount of oil in Scarlett's measuring cup after she adds 0.6666666666666666 of a cup more, we add the initial amount of oil (0.16666666666666666) and the additional amount (0.6666666666666666) together. Adding 0.16666666666666666 and 0.6666666666666666 gives us a total of 0.8333333333333334."
"<<Passage>>Sara grew 43 pumpkins , but the rabbits ate 23 pumpkins <<Question>> How many pumpkins does Sara have ? ","<<Passage>>Sara grew 43 pumpkins in a temperature of 20 degrees Celsius, but as the temperature reached 30 degrees Celsius, the rabbits ate 23 of them.<<Question>> How many pumpkins does Sara have ? ",20.0,20.0,"Explanation: To find out how many pumpkins Sara has, we subtract the number of pumpkins eaten by the rabbits (23) from the total number of pumpkins she grew (43). So, 43 minus 23 equals 20."
<<Passage>>Jason has 3 Pokemon cards. Benny bought 2 of Jason's  Pokemon cards<<Question>> How many Pokemon cards does Jason have now ?,<<Passage>>Jason has 3 Pokemon cards weighing 50 kg. Benny bought 2 of Jason's Pokemon cards. Now the cards weigh 70 kg.<<Question>> How many Pokemon cards does Jason have now ?,1.0,1.0,"Explanation: Jason initially has 3 Pokemon cards. Benny bought 2 of Jason's Pokemon cards. So, the number of Pokemon cards Jason has now is calculated by subtracting the number of cards Benny bought from the number of cards Jason initially had. That is, 3 - 2 = 1."
<<Passage>>There are 41 pencils in the drawer. Mike placed 30 more  pencils in the drawer<<Question>> How many pencils are now there in total ?,"<<Passage>>There are 41 pencils in the drawer, initially weighing 0 grams. Mike placed 30 more pencils in the drawer, increasing the total weight to 500 grams.<<Question>> How many pencils are now there in total ?",71.0,71.0,"Explanation: In order to find the total number of pencils in the drawer, we add the initial number of pencils (41) and the pencils Mike placed in the drawer (30). 41 and 30 make 71."
"<<Passage>>Michelle began her pizza delivery route with 0.5 tank of gas in her car . When she made it back to the pizzeria , 0.16666666666666666 tank of gas was <<Question>> How much gas did Michelle use ? ","<<Passage>>Michelle began her pizza delivery route with 0.5 tank of gas in her car when the humidity level was 30%. When she made it back to the pizzeria with 0.16666666666666666 tank of gas, the humidity level had risen to 70%.<<Question>> How much gas did Michelle use ? ",0.3333333333333333,0.3333333333333333,"Explanation: To find out how much gas Michelle used, we subtract the amount of gas she had when she returned (0.16666666666666666) from the amount she started with (0.5). So, 0.5 - 0.16666666666666666 equals 0.3333333333333333."
<<Passage>>There are 25 popular trees currently in the park . Park workers will plant 73 popular trees today <<Question>> How many popular trees will the park have when the workers are finished ? ,"<<Passage>>There are 25 popular trees currently in the park occupying an area of 200 square meters. Park workers will plant 73 popular trees today, expanding the tree area to 500 square meters.<<Question>> How many popular trees will the park have when the workers are finished ? ",98.0,98.0,"Explanation: To find the total number of popular trees in the park after the workers plant more trees, we add the current number of popular trees (25) to the number of popular trees being planted today (73). 25 + 73 = 98."
"<<Passage>>Kevin bought 2 watermelons . The first watermelon was 9.91 pounds , and the second watermelon was 4.11 pounds <<Question>> How many pounds of watermelon did Kevin buy ? ","<<Passage>>Kevin bought 2 watermelons with a density of 2.5 g/cm^3. The first watermelon was 9.91 pounds, and the second watermelon was 4.11 pounds with a density of 4.0 g/cm^3.<<Question>> How many pounds of watermelon did Kevin buy ? ",14.02,14.02,"Explanation: To find the total pounds of watermelon Kevin bought, we add the weight of the first watermelon (9.91 pounds) and the weight of the second watermelon (4.11 pounds). 9.91 + 4.11 = 14.02 pounds. Therefore, Kevin bought 14.02 pounds of watermelon."
<<Passage>>532 people are watching a movie in a theater. The theater has 750 seats<<Question>> How many seats are empty in the theater?,"<<Passage>>532 people are watching a movie in a theater. The theater, initially at a temperature of 20 degrees Celsius, has 750 seats. Over time, the temperature increased to 25 degrees Celsius.<<Question>> How many seats are empty in the theater?",218.0,218.0,"Explanation: In order to find the number of empty seats, we subtract the number of people in the theater (532) from the total number of seats in the theater (750). 750 minus 532 equals 218."
"<<Passage>>Sarah sold 24 boxes of Lemon Chalet Cremes<<Question>> How many cases of 12 boxes, plus extra boxes does Sarah need?","<<Passage>>Sarah sold 24 boxes of Lemon Chalet Cremes, each box initially weighing 50 pounds. After packing, each box weighed 60 pounds.<<Question>> How many cases of 12 boxes, plus extra boxes does Sarah need?",2.0,2.0,"Explanation: To find out how many cases of 12 boxes Sarah needs, we divide the total number of boxes she sold (24) by the number of boxes in a case (12). 24 divided by 12 equals 2. Therefore, Sarah needs 2 cases of 12 boxes."
"<<Passage>>Diane is a beekeeper . Last year , she harvested 2479 pounds of honey . This year , she bought some new hives and increased her honey harvest by 6085 pounds <<Question>> How many pounds of honey did Diane harvest this year ? ","<<Passage>>Diane is a beekeeper and keeps her bees in a temperature ranging from 15 degrees Celsius to 35 degrees Celsius. Last year, she harvested 2479 pounds of honey. This year, she bought some new hives and increased her honey harvest by 6085 pounds as the temperature varied.<<Question>> How many pounds of honey did Diane harvest this year ? ",8564.0,8564.0,"Explanation: In order to find out how many pounds of honey Diane harvested this year, we need to add last year's harvest (2479 pounds) with this year's increase (6085 pounds). When you add 2479 and 6085 together, you get 8564."
<<Passage>>A restaurant served 4 pies during lunch and 9 during dinner today . The restaurant served 7 pies and 2 pizzas yesterday <<Question>> How many pies were served in total ? ,<<Passage>>A restaurant served 4 pies during lunch and 9 during dinner today at a temperature of 25 degrees Celsius. The temperature rose to 30 degrees Celsius when the restaurant served 7 pies and 2 pizzas yesterday.<<Question>> How many pies were served in total ? ,20.0,20.0,"Explanation: To find the total number of pies served, we add the number of pies served during lunch (4) and dinner (9) today. This makes a total of 13 pies today. The restaurant also served 7 pies yesterday. Adding the pies served today and yesterday gives a total of 20 pies."
<<Passage>>Jennifer starts with 7 apples. She finds another 74<<Question>> How many apples does Jennifer end with?,<<Passage>>Jennifer starts with 7 apples that weigh 50 kg. She finds another 74 and the total weight of apples is now 70 kg.<<Question>> How many apples does Jennifer end with?,81.0,81.0,"Explanation: To find out how many apples Jennifer ends with, we add the number of apples she started with (7) to the number she found (74). Adding 7 and 74 gives us 81."
<<Passage>>Mrs.  Hilt measured the distance from her desk to the water fountain.  It was 30 feet.  How many feet will Mrs<<Question>> Hilt walk on her trips to the fountain if she goes to the water fountain 4 times today?,<<Passage>>Mrs. Hilt measured the distance from her desk to the water fountain. It was 30 feet. The temperature in the room was 68 degrees Fahrenheit. How many feet will Mrs. Hilt measure when the temperature rises to 75 degrees Fahrenheit?<<Question>> Hilt walk on her trips to the fountain if she goes to the water fountain 4 times today?,120.0,120.0,"Explanation: To find out the total distance Mrs. Hilt will walk, we need to multiply the distance to the water fountain (30 feet) by the number of times she goes there (4 times). So, 30 feet times 4 equals 120 feet."
<<Passage>>Lewis then went to see the oranges being harvested.  Lewis found out that they harvest 83 sacks per day<<Question>> How many sacks of oranges will they have after 6 days of harvest?,"<<Passage>>Lewis then went to see the oranges being harvested. The humidity was at 30%. Lewis found out that they harvest 83 sacks per day. As the day progressed, the humidity increased to 50%.<<Question>> How many sacks of oranges will they have after 6 days of harvest?",498.0,498.0,"Explanation: To find out how many sacks of oranges they will have after 6 days of harvest, we multiply the number of sacks harvested per day (83) by the number of days (6). 83 multiplied by 6 equals 498."
"<<Passage>>Karen added 0.25 of a cup of walnuts to a batch of trail mix. Later, she added 0.25 of a cup of almonds<<Question>> How many cups of nuts did Karen put in the trail mix in all?","<<Passage>>Karen added 0.25 of a cup of walnuts to a batch of trail mix, which weighed 50 grams. Later, she added 0.25 of a cup of almonds. Now the mix weighs 100 grams.<<Question>> How many cups of nuts did Karen put in the trail mix in all?",0.5,0.5,"Explanation: In order to find the total number of cups of nuts added, we add the number of cups of walnuts (0.25) and almonds (0.25). 0.25 and 0.25 make 0.5."
<<Passage>>There are 139 erasers and 118 scissors in the drawer . Jason placed 131 erasers in the drawer <<Question>> How many erasers are now there in total ? ,"<<Passage>>There are 139 erasers and 118 scissors in the drawer which was initially at a temperature of 20 degrees Celsius. After Jason placed 131 more erasers in the drawer, the temperature increased to 30 degrees Celsius.<<Question>> How many erasers are now there in total ? ",270.0,270.0,"Explanation: To find the total number of erasers, we add the initial number of erasers (139) and the number of erasers added by Jason (131). So, 139 + 131 equals 270."
"<<Passage>>There are 7 students in the class and 42 apples<<Question>> If the apples are divided equally among the students, how many does each student get?","<<Passage>>There are 7 students in the class and 42 apples. The total weight of the apples was initially 100 pounds, but after some were eaten, it increased to 120 pounds.<<Question>> If the apples are divided equally among the students, how many does each student get?",6.0,6.0,"Explanation: To find out how many apples each student gets, we divide the total number of apples (42) by the total number of students (7). 42 divided by 7 equals 6."
<<Passage>>Joan found 70 seashells on the beach . she gave Sam some of her seashells . She has 27 seashell <<Question>> How many seashells did she give to Sam ? ,<<Passage>>Joan found 70 seashells on the beach with a humidity level of 20%. She gave Sam some of her seashells. Now she has 27 seashells with a humidity level of 60%.<<Question>> How many seashells did she give to Sam ? ,43.0,43.0,"Explanation: To find the number of seashells Joan gave to Sam, we subtract the number of seashells Joan has from the total number of seashells found: 70 - 27 = 43."
<<Passage>>James has 1222 balloons. Amy has 513 balloons<<Question>> How many more balloons does James have than Amy?,<<Passage>>James has 1222 balloons at a temperature of 20 degrees Celsius. Amy has 513 balloons and the temperature increased to 30 degrees Celsius.<<Question>> How many more balloons does James have than Amy?,208.0,208.0,"Explanation: In order to find out how many more balloons James has than Amy, we subtract the number of balloons Amy has (513) from the number of balloons James has (1222). So, 1222 - 513 equals to 709."
<<Passage>>Adam has $5.00 to buy an airplane that costs $4.28<<Question>> How much change will Adam get?,"<<Passage>>Adam, who weighs 50 kg, has $5.00 to buy an airplane that costs $4.28. After the purchase, his weight is 60 kg.<<Question>> How much change will Adam get?",0.72,0.72,"Explanation: In order to find the change Adam will get, we subtract the cost of the airplane ($4.28) from the amount of money Adam has ($5.00). So, $5.00 - $4.28 = $0.72"
<<Passage>>There are 2 bananas in a pile on the desk. Each banana comes in a package of 13. 7 bananas are added to the pile<<Question>> How many bananas are there in the pile?,"<<Passage>>There are 2 bananas in a pile on the desk, kept at a temperature of 20 degrees Celsius. These bananas, each coming in a package of 13, are then accompanied by 7 more, bringing the temperature up to 30 degrees Celsius.<<Question>> How many bananas are there in the pile?",9.0,9.0,"Explanation: Initially there are 2 bananas in a pile. Each banana comes in a package of 13 which means there are 2 * 13 = 26 bananas on desk. Then 7 bananas are added to the pile. So the total bananas are 26 + 7 = 33. However, the problem states that each banana comes in a package of 13, but the total number of bananas is calculated directly, not by the package. So, in fact, there are only 2 + 7 = 9 bananas in the pile."
<<Passage>>Deborah is inviting 10 friends to a party.  She has 80 cookies<<Question>> How many cookies will each friend get?,"<<Passage>>Deborah is inviting 10 friends to a party. She has 80 cookies, and the total weight of the cookies is initially 100 pounds. After baking some more, the weight of the cookies increases to 120 pounds.<<Question>> How many cookies will each friend get?",8.0,8.0,"Explanation: To find out how many cookies each friend will get, we divide the total number of cookies (80) by the number of friends (10). 80 divided by 10 equals 8."
"<<Passage>>Sam found 18 seashells, and Mary found 47 seashells on the beach <<Question>> How many seashells did they find together ? ","<<Passage>>Sam found 18 seashells weighing 2 kg, and Mary found 47 seashells on the beach. Now their seashells weigh a total of 5 kg.<<Question>> How many seashells did they find together ? ",65.0,65.0,"Explanation: In order to find the total number of seashells they found, we add the number of seashells Sam found (18) and the number of seashells Mary found (47). 18 and 47 make 65."
"<<Passage>>Keith spent $ 6.51 on a rabbit toy , $ 5.79 on pet food , and a cage cost him $ 12.51 . He found a dollar bill on the ground <<Question>> What was the total cost of Keith 's purchases ? ","<<Passage>>Keith spent $ 6.51 on a rabbit toy which weighed 20 kg, $ 5.79 on pet food, and a cage cost him $ 12.51 which weighed 5 kg, making the total weight 25 kg. He found a dollar bill on the ground<<Question>> What was the total cost of Keith 's purchases ? ",24.81,24.81,"Explanation: To find the total cost of Keith's purchases, we need to add the cost of each item. The rabbit toy cost $6.51, the pet food cost $5.79, and the cage cost $12.51. When we add these together, we get $24.81."
<<Passage>> Mrs. Wong had 30 Valentines. She gave 8 Valentines to her children<<Question>> How many does she have left?,"<<Passage>>Mrs. Wong, who weighed initially 60 kg, had 30 Valentines. She gave 8 Valentines to her children and her weight increased to 65 kg.<<Question>> How many does she have left?",22.0,22.0,"Explanation: To find out how many valentines Mrs. Wong has left, we subtract the number of valentines she gave away (8) from the total number she had (30). So, 30 minus 8 equals 22."
<<Passage>>Patrick jogged to Aaron's house.  It is 14 miles from Patrick's house to Aaron's house.  It took Patrick 2 hours to get there<<Question>> How fast did Patrick go?,<<Passage>>Patrick jogged to Aaron's house. It is 14 miles from Patrick's house to Aaron's house. It took Patrick 2 hours to get there. The temperature was 60 degrees Fahrenheit when he started and it rose to 75 degrees Fahrenheit by the time he finished.<<Question>> How fast did Patrick go?,7.0,7.0,"Explanation: To find out how fast Patrick was going, we need to divide the total distance he traveled by the time it took him. In this case, Patrick traveled 14 miles and it took him 2 hours. So, we divide 14 by 2 which gives us 7. This means Patrick was going at a speed of 7 miles per hour."
<<Passage>> Mrs. Snyder made 86 heart cookies. She made 36 red cookies and the rest are pink<<Question>> How many pink cookies did she make?,"<<Passage>>Mrs. Snyder made 86 heart cookies weighing 1 kg. She made 36 red cookies and the rest are pink. Now, all the cookies weigh 5 kg.<<Question>> How many pink cookies did she make?",50.0,50.0,"Explanation: To find out how many pink cookies Mrs. Snyder made, we subtract the number of red cookies (36) from the total number of cookies (86). So, 86 minus 36 equals 50. Therefore, Mrs. Snyder made 50 pink cookies."
<<Passage>>Eric wants to split a collection of peanuts into groups of 8.  Eric has 64 peanuts<<Question>> How many groups will be created?,"<<Passage>>Eric, who weighs 200 pounds, wants to split a collection of peanuts into groups of 8. Eric has 64 peanuts. After eating some peanuts, his weight goes up to 250 pounds.<<Question>> How many groups will be created?",8.0,8.0,"Explanation: To find out how many groups of 8 can be made from 64, we divide the total number of peanuts (64) by the size of each group (8). 64 divided by 8 equals 8."
"<<Passage>>Milford Lake was originally blue because it only had 809 algae plants . Now there are 3263 algae plants , and the lake has turned green <<Question>> How many more algae plants are in Milford Lake now ? ","<<Passage>>Milford Lake was originally blue because it only had 809 algae plants. Now, with the increase to 3263 algae plants and higher luminosity from 400 lumen to 1200 lumen, the lake has turned green.<<Question>> How many more algae plants are in Milford Lake now ? ",2454.0,2454.0,"Explanation: To find the number of additional algae plants in Milford Lake, we subtract the original number of algae plants (809) from the current number of algae plants (3263). 3263 - 809 = 2454. Therefore, there are 2454 more algae plants in Milford Lake now."
"<<Passage>> I have 648 pencils<<Question>> If I put 4 pencils in each pencil box, how many pencil boxes will I fill?","<<Passage>>I have 648 pencils, initially weighing around 2 pounds. After adding more, the total weight is now 5 pounds.<<Question>> If I put 4 pencils in each pencil box, how many pencil boxes will I fill?",162.0,162.0,"Explanation: To find out how many pencil boxes will be filled, we divide the total number of pencils (648) by the number of pencils that can fit in each box (4). So, 648 divided by 4 equals 162."
<<Passage>> Michael has some fish in his fish tank. Ben gave him 18 more fish. Now he has 49<<Question>> How many fish did he have to begin with?,"<<Passage>>Michael has some fish in his fish tank with a temperature of 25 degrees Celsius. Ben gave him 18 more fish, causing the temperature to rise to 30 degrees Celsius. Now he has 49 fish.<<Question>> How many fish did he have to begin with?",31.0,31.0,"Explanation: In order to find out how many fish Michael had at first, we subtract the number of fish Ben gave him (18) from the total number of fish he has now (49). So, 49 minus 18 equals 31."
"<<Passage>>A cell phone company has a total of 7422 customers across the world <<Question>> If 723 of its customers live in the United States , how many of its customers live in other countries ? ","<<Passage>>A cell phone company has a total of 7422 customers across an area initially covering 1000 sq.km. The company later expanded its services, increasing its coverage to 2000 sq.km.<<Question>> If 723 of its customers live in the United States , how many of its customers live in other countries ? ",6699.0,6699.0,"Explanation: In order to find the number of customers living in other countries, we subtract the number of customers living in the United States (723) from the total number of customers (7422). So, 7422 - 723 equals 6699."
<<Passage>>There are 115 pencils in the drawer. Sara placed 100 more  pencils in the drawer<<Question>> How many pencils are now there in all ?,"<<Passage>>There are 115 pencils in the drawer, weighing a total of 10 kg. Sara placed 100 more pencils in the drawer, increasing the total weight to 20 kg.<<Question>> How many pencils are now there in all ?",215.0,215.0,"Explanation: In order to find the total number of pencils, we add the initial number of pencils in the drawer (115) to the number of pencils Sara placed in the drawer (100). So, 115 and 100 make 215."
<<Passage>> 2 beavers were working on their home. 1 went for a swim<<Question>> How many beavers are still working on their home?,"<<Passage>>2 beavers were working on their home in 20 degrees Celsius temperature. As the temperature rose to 30 degrees Celsius, 1 went for a swim.<<Question>> How many beavers are still working on their home?",1.0,1.0,"Explanation: In order to find the total number of beavers still working on their home, we subtract the number of beavers that went for a swim (1) from the total number of beavers that were initially working (2). 2 minus 1 equals 1."
"<<Passage>>Joan has 9 blue balloons , Sally has 5 blue balloons , and Jessica has 2 blue balloons <<Question>> How many blue balloons do they have in total ? ","<<Passage>>Joan has 9 blue balloons weighing 50 kg, Sally has 5 blue balloons, and Jessica has 2 blue balloons. Together, their balloons weigh 70 kg.<<Question>> How many blue balloons do they have in total ? ",16.0,16.0,"Explanation: In order to find the total number of blue balloons, we add the number of balloons Joan, Sally and Jessica have. Joan has 9 balloons, Sally has 5 balloons, and Jessica has 2 balloons. Adding these up, 9 + 5 + 2 equals 16."
<<Passage>> There were 58 geese and 37 ducks in the marsh<<Question>> How many birds were in the marsh?,"<<Passage>>There were 58 geese and 37 ducks in the marsh, with the temperature rising from 20 degrees Celsius to 30 degrees Celsius.<<Question>> How many birds were in the marsh?",95.0,95.0,"Explanation: In order to find the total number of birds in the marsh, we add the number of geese (58) and ducks (37). 58 and 37 make 95."
<<Passage>> Mrs. Hilt wants to make a border around her garden. She needs 125 rocks to complete the border. She has 64 rocks<<Question>> How many more rocks  does she need to complete the border?,"<<Passage>>Mrs. Hilt wants to make a border around her garden, which has an area of 50 sq.m. She needs 125 rocks to complete the border. After she places all the rocks, the area of her garden will increase to 100 sq.m. She currently has 64 rocks.<<Question>> How many more rocks  does she need to complete the border?",61.0,61.0,"Explanation: In order to find out how many more rocks Mrs. Hilt needs, we subtract the number of rocks she currently has (64) from the total number of rocks she needs (125). 125 minus 64 equals 61."
<<Passage>>The town of Milburg has 5256 grown-ups and 2987 children<<Question>> How many people live in Milburg?,"<<Passage>>The town of Milburg, spanning an area starting from 50 sq.km and expanding to 100 sq.km, has 5256 grown-ups and 2987 children.<<Question>> How many people live in Milburg?",8243.0,8243.0,"Explanation: To find the total number of people living in Milburg, we add the number of grown-ups (5256) and children (2987). 5256 and 2987 make 8243."
<<Passage>>There are 31 short trees and 32 tall trees currently in the park . Park workers will plant short trees today . When the workers are finished there will be 95 short trees in the park <<Question>> How many short trees did the workers plant today ? ,"<<Passage>>There are 31 short trees and 32 tall trees currently in the park. Today, the temperature is 25°C. Park workers will plant short trees today. When the workers are finished, there will be 95 short trees in the park and the temperature would have risen to 30°C.<<Question>> How many short trees did the workers plant today ? ",64.0,64.0,"Explanation: To find out how many short trees the workers planted today, we subtract the original number of short trees in the park from the total number of short trees after the workers have finished planting. So, 95 (total short trees after planting) - 31 (original number of short trees) = 64."
"<<Passage>> I walked 2 miles in 1 hour for Relay for Life<<Question>> If I maintained this pace for the 8 hours I walk, how many miles total will I walk?","<<Passage>>I walked 2 miles in 1 hour for Relay for Life, starting when the humidity was at 30%. By the time I finished, the humidity had risen to 60%.<<Question>> If I maintained this pace for the 8 hours I walk, how many miles total will I walk?",16.0,16.0,"Explanation: In order to find out how many miles total will be walked, we multiply the miles walked in 1 hour (2 miles) by the total hours walked (8 hours). 2 miles * 8 hours equals 16 miles."
<<Passage>>Brenda starts with 7 Skittles. She buys 8 more<<Question>> How many Skittles does Brenda end with?,"<<Passage>>Brenda starts with 10 square meters of Skittles. She buys 8 more, increasing the area of Skittles to 30 square meters.<<Question>> How many Skittles does Brenda end with?",15.0,15.0,"Explanation: Brenda started with 7 Skittles and then bought 8 more Skittles. To find out how many Skittles she ended with, we add the number she started with (7) and the number she bought (8). 7 + 8 equals 15. Therefore, Brenda ended with 15 Skittles."
<<Passage>> Andrew spent 3 day working on his Science report.  He worked for 2. 5 hours each day<<Question>> How many hours did he work?,<<Passage>>Andrew spent 3 days working on his Science report. He worked for 2.5 hours each day. The humidity in his room started at 30% and rose to 60% by the end of his work.<<Question>> How many hours did he work?,7.5,7.5,"Explanation: To find the total number of hours Andrew worked on his Science report, we multiply the number of days he worked (3) by the number of hours he worked each day (2.5). So, 3 days times 2.5 hours per day equals 7.5 hours."
<<Passage>>Alec and his roommates ate 3.25 pints of ice cream on Friday night and 0.25 pint of ice cream on Saturday night <<Question>> How many pints did they eat in all ? ,"<<Passage>>On Friday night, Alec and his roommates ate 3.25 pints of ice cream when the temperature was 20 degrees Celsius, and on Saturday night they ate 0.25 pint of ice cream as the temperature rose to 25 degrees Celsius.<<Question>> How many pints did they eat in all ? ",3.5,3.5,"Explanation: In order to find the total amount of ice cream eaten, we add the amount eaten on Friday night (3.25 pints) and the amount eaten on Saturday night (0.25 pint). The sum of 3.25 and 0.25 is 3.5 pints."
"<<Passage>>Last Saturday , Spencer walked all over town running errands . First , he walked 0.3 mile from his house to the library and 0.1 mile from the library to the post office . Then he walked 0.4 mile from the post office back home <<Question>> How many miles did Spencer walk in all ? ","<<Passage>>Last Saturday, Spencer walked all over town running errands. First, he walked 0.3 mile from his house to the library and 0.1 mile from the library to the post office. Then, in the high humidity ranging from 20% to 80%, he walked 0.4 mile from the post office back home.<<Question>> How many miles did Spencer walk in all ? ",0.8,0.8,"Explanation: To find the total distance Spencer walked, we add the distances of each leg of his journey. First, he walked 0.3 miles from his house to the library, then 0.1 miles from the library to the post office, and finally 0.4 miles from the post office back home. Adding these distances gives us a total of 0.3 + 0.1 + 0.4 = 0.8 miles."
<<Passage>> Each bag contains 23 pounds of oranges<<Question>> How many pounds of oranges are in 45 bags?,"<<Passage>>Each bag contains 23 pounds of oranges. Initially, the temperature in the storage room is 60 degrees Fahrenheit. After a while, it rises to 75 degrees Fahrenheit.<<Question>> How many pounds of oranges are in 45 bags?",1035.0,1035.0,"Explanation: To find the total pounds of oranges in 45 bags, we multiply the number of bags (45) by the amount of oranges in each bag (23). The multiplication of 45 and 23 gives 1035."
<<Passage>>Jessica weighs 49 pounds. Thomas weighs 44 pounds<<Question>> How much heavier is Jessica than Thomas?,<<Passage>>Jessica has a density of 1 kg/m^3 and weighs 49 pounds. Thomas has a density of 10 kg/m^3 and weighs 44 pounds.<<Question>> How much heavier is Jessica than Thomas?,5.0,5.0,"Explanation: To find out how much heavier Jessica is than Thomas, we subtract Thomas's weight (44 pounds) from Jessica's weight (49 pounds). 49 - 44 equals 5."
"<<Passage>>Pamela bought 9.8 ounces of sugar , and she spilled 5.2 ounces of it on the floor <<Question>> How much is ? ","<<Passage>>Pamela bought 9.8 ounces of sugar in a room that was 20 degrees Celsius, and she spilled 5.2 ounces of it on the floor as the temperature rose to 30 degrees Celsius.<<Question>> How much is ? ",4.6,4.6,"Explanation: To find the amount of sugar left, we subtract the amount of sugar Pamela spilled (5.2 ounces) from the initial amount she bought (9.8 ounces). So, we have 9.8 - 5.2 which equals 4.6 ounces."
<<Passage>> Ethan has 31 presents. Alissa has 22 more than Ethan<<Question>> How many presents does Alissa have?,"<<Passage>>Ethan has 31 presents, weighing 50 kg. Alissa has 22 more than Ethan, bringing the total weight to 70 kg.<<Question>> How many presents does Alissa have?",53.0,53.0,"Explanation: To find out how many presents Alissa has, we first look at how many Ethan has, which is 31. Since Alissa has 22 more than Ethan, we add 22 to 31. 31 plus 22 equals 53."
<<Passage>>There are 33 walnut trees currently in the park. Park workers will plant  44 more walnut trees today<<Question>> How many walnut trees will the park have when the workers are finished ?,"<<Passage>>There are 33 walnut trees currently in the park spread out over an area of 500 square meters. Park workers will plant 44 more walnut trees today, increasing the total area in the park to 700 square meters.<<Question>> How many walnut trees will the park have when the workers are finished ?",77.0,77.0,"Explanation: To find the total number of walnut trees after planting, we add the current number of walnut trees (33) and the number of walnut trees to be planted (44). This results in 77 walnut trees in the park when the workers are finished planting."
<<Passage>>There are 43 pencils in the drawer and 19 pencils on the desk. Dan placed  16 more pencils on the desk<<Question>> How many pencils are now there in total ?,"<<Passage>>There are 43 pencils in the drawer weighing 50 kg and 19 pencils on the desk. Dan placed 16 more pencils on the desk, bringing the total weight to 60 kg.<<Question>> How many pencils are now there in total ?",78.0,78.0,"Explanation: To find the total number of pencils, we start with the 43 pencils in the drawer and add the 19 pencils initially on the desk. This gives us 62 pencils. Then, we add the 16 additional pencils that Dan placed on the desk, which brings us to a total of 78 pencils."
<<Passage>>Sara goes fishing with Melanie.  Sara catches 5 trout.  Melanie catches 2 times as many trout as Sara<<Question>> How many trout did Melanie catch ?,"<<Passage>>Sara and Melanie go fishing when the humidity is at 50%. Sara catches 5 trout. Melanie catches 2 times as many trout as Sara. By the time they finish, the humidity has risen to 60%.<<Question>> How many trout did Melanie catch ?",10.0,10.0,"Explanation: To find out how many trout Melanie caught, we need to multiply the number of trout Sara caught by 2. So, 5 (trout caught by Sara) times 2 equals 10."
"<<Passage>>Brenda’s mother made cookies for 5<<Question>> If she prepared 35 cookies and each of them had the same number of cookies, how many did each of them have?","<<Passage>>Brenda’s mother made cookies for 5, starting with a dough that weighed 2 pounds. After adding some more ingredients, the dough's weight increased to 3 pounds.<<Question>> If she prepared 35 cookies and each of them had the same number of cookies, how many did each of them have?",7.0,7.0,"Explanation: To find out how many cookies each of them had, we divide the total number of cookies (35) by the number of people (5). So, 35 divided by 5 equals 7."
<<Passage>>Mary has 9 yellow marbles. Joan has 3 yellow marbles <<Question>> How many yellow marbles do they have in all ? ,<<Passage>>Mary has 9 yellow marbles weighing 50 kg. Joan has 3 yellow marbles. Now their combined marbles weigh 70 kg.<<Question>> How many yellow marbles do they have in all ? ,12.0,12.0,"Explanation: To find the total number of yellow marbles, we add the number of marbles Mary has (9) to the number of marbles Joan has (3). 9 and 3 make 12."
"<<Passage>>Shiela has 6 neighbors who like to collect animal drawings.  Shiela drew 54 animals on small pieces of paper<<Question>> If she plans to give the same number of animal drawings to her neighbors, how many will each of them receive?","<<Passage>>Shiela, who weighs 200 pounds, has 6 neighbors who like to collect animal drawings. After Shiela drew 54 animals on small pieces of paper, her weight increased to 250 pounds due to the physical exertion.<<Question>> If she plans to give the same number of animal drawings to her neighbors, how many will each of them receive?",9.0,9.0,"Explanation: To find out how many animal drawings each neighbor will receive, we divide the total number of drawings (54) by the number of neighbors (6). 54 divided by 6 equals 9."
<<Passage>>Professor Ellison weighed 2 pieces of metal for an experiment . The piece of iron weighed 11.166666666666666 pounds and the piece of aluminum weighed 0.8333333333333334 pound <<Question>> How much more did the piece of iron weigh than the piece of aluminum ? ,<<Passage>>Professor Ellison weighed 2 pieces of metal for an experiment. The piece of iron weighed 11.166666666666666 pounds and the piece of aluminum weighed 0.8333333333333334 pound. The temperature during the experiment started at 15 degrees Celsius and ended at 35 degrees Celsius.<<Question>> How much more did the piece of iron weigh than the piece of aluminum ? ,10.333333333333334,10.333333333333334,"Explanation: To find out how much more the piece of iron weighed than the piece of aluminum, we subtract the weight of the aluminum from the weight of the iron. So, 11.166666666666666 minus 0.8333333333333334 equals 10.333333333333334."
"<<Passage>>Kaleen filled a bucket with 0.75 of a gallon of water. A few minutes later, she realized only 0.5 of a gallon of water remained<<Question>> How much water had leaked out of the bucket?","<<Passage>>Kaleen filled a bucket with 0.75 of a gallon of water at a temperature of 25 degrees Celsius. A few minutes later, she realized only 0.5 of a gallon of water remained and the temperature had risen to 35 degrees Celsius.<<Question>> How much water had leaked out of the bucket?",0.25,0.25,"Explanation: To find out how much water had leaked out of the bucket, we subtract the amount of water that remained (0.5 gallon) from the initial amount of water in the bucket (0.75 gallon). So, 0.75 - 0.5 = 0.25. Therefore, 0.25 gallon of water had leaked out of the bucket."
<<Passage>>Melissa has 88 bananas. She shares 4 with Joshua<<Question>> How many bananas will Melissa have?,"<<Passage>>Melissa has 88 bananas spread over an area measuring 10 square meters. She shares 4 with Joshua, expanding the area to 30 square meters.<<Question>> How many bananas will Melissa have?",84.0,84.0,"Explanation: Melissa starts with 88 bananas. She shares 4 with Joshua, so she has 88 - 4 = 84 bananas left."
<<Passage>>There are 2 pencils in the drawer. Tim placed 3 more pencils in the drawer<<Question>> How many pencils are now there in total ?,"<<Passage>>There are 2 pencils in the drawer, weighing a total of 0.5 kg. Tim placed 3 more pencils in the drawer, increasing the total weight to 1 kg.<<Question>> How many pencils are now there in total ?",5.0,5.0,"Explanation: In order to find the total number of pencils now in the drawer, we add the number of pencils initially in the drawer (2) and the number of pencils Tim added (3). 2 and 3 make 5."
<<Passage>>Sara has 10 marbles. She loses 7<<Question>> How many marbles will Sara have?,"<<Passage>>Sara, with a humidity level of 20%, has 10 marbles. Due to an increase in humidity to 60%, she loses 7 marbles.<<Question>> How many marbles will Sara have?",3.0,3.0,"Explanation: In order to find out how many marbles Sara will have after losing 7 marbles, we need to subtract 7 from the original number of marbles she had. Starting with 10 marbles, subtracting 7 will leave Sara with 3 marbles."
<<Passage>>Keith has 20 books . Jason has 21 books <<Question>> How many books do they have together ? ,"<<Passage>>Keith has 20 books weighing 60 kg. Jason has 21 books. Together, their books weigh 70 kg.<<Question>> How many books do they have together ? ",41.0,41.0,"Explanation: In order to find the total number of books, we add the number of books Keith has (20) and the number of books Jason has (21). 20 and 21 make 41."
"<<Passage>>The mini library also has a section for the classics<<Question>> If Jack has a collection of 6 classic authors, with each author having 33 books, how many books does he have in the classics section?","<<Passage>>The mini library, which initially has a humidity level of 30%, also has a section for the classics. As more people come in, the humidity increases to 60%.<<Question>> If Jack has a collection of 6 classic authors, with each author having 33 books, how many books does he have in the classics section?",198.0,198.0,"Explanation: To find the total number of books Jack has in the classics section, we multiply the number of authors (6) by the number of books each author has (33). So, 6 multiplied by 33 gives 198."
"<<Passage>> If each ball costs $1<<Question>>54, how much must Kyoko pay for 3 balls?","<<Passage>>If each ball costs $1, and initially weighs 2 pounds. After some time, the weight of each ball increases to 3 pounds.<<Question>>54, how much must Kyoko pay for 3 balls?",4.62,4.62,"Explanation: The problem states that each ball costs $1. To find out how much Kyoko must pay for 3 balls, we multiply the cost of one ball ($1) by the number of balls (3). So, 1*3 equals $3."
<<Passage>>Kimberly went to the store 3 times last month.  She buys 7 peanuts each time she goes to the store<<Question>> How many peanuts did Kimberly buy last month?,"<<Passage>>Kimberly, who weighs 50 pounds, went to the store 3 times last month. She buys 7 peanuts each time she goes to the store. After a month, her weight increased to 70 pounds.<<Question>> How many peanuts did Kimberly buy last month?",21.0,21.0,"Explanation: To find out how many peanuts Kimberly bought last month, we multiply the number of times she went to the store (3) by the number of peanuts she buys each time (7). 3 times 7 equals 21."
<<Passage>>Dan has 5 blue marbles.  Mary has 2 times more blue marbles than Dan<<Question>> How many blue marbles does Mary have ?,"<<Passage>>Dan, who has a bag weighing 500 pounds, has 5 blue marbles. Mary, with her bag weighing 700 pounds, has 2 times more blue marbles than Dan.<<Question>> How many blue marbles does Mary have ?",10.0,10.0,"Explanation: To find out how many blue marbles Mary has, we multiply the number of blue marbles Dan has (5) by 2. So, 5 times 2 equals 10."
<<Passage>>Sara picked 45 pears and Sally picked 11 pears from the pear tree<<Question>> How many pears were picked in total ?,"<<Passage>>Sara picked 45 pears and Sally picked 11 pears from the pear tree, starting with a total weight of 50 kg and ending with a total weight of 100 kg.<<Question>> How many pears were picked in total ?",56.0,56.0,"Explanation: In order to find the total number of pears picked, we add the number of pears picked by Sara (45) and the number of pears picked by Sally (11). 45 and 11 make 56."
<<Passage>> James ate 22 carrot sticks before dinner and 15 more after dinner<<Question>> How many carrot sticks did he eat?,"<<Passage>>James, weighing 70 kg, ate 22 carrot sticks before dinner and 15 more after dinner, which increased his weight to 75 kg.<<Question>> How many carrot sticks did he eat?",37.0,37.0,"Explanation: To find out the total number of carrot sticks that James ate, we add the number of sticks he ate before dinner (22) and the number he ate after dinner (15). 22 and 15 make 37."
"<<Passage>>Allie counted the leftover ice cream after a sundae party. She had 0.3333333333333333 of a carton of rocky road ice cream, 0.3333333333333333 of a carton of cookie dough ice cream, and 0.16666666666666666 of a carton of strawberry cheesecake ice cream<<Question>> How many cartons of ice cream did Allie have in all?","<<Passage>>Allie counted the leftover ice cream after a sundae party. The temperature of the ice cream initially was 20 degrees Celsius. She had 0.3333333333333333 of a carton of rocky road ice cream, 0.3333333333333333 of a carton of cookie dough ice cream, and 0.16666666666666666 of a carton of strawberry cheesecake ice cream. By the time she was done counting, the temperature had dropped to 10 degrees Celsius.<<Question>> How many cartons of ice cream did Allie have in all?",0.8333333333333334,0.8333333333333334,"Explanation: In order to find out the total amount of ice cream Allie has, we need to add the fractions of each ice cream carton. 0.3333333333333333 (rocky road) + 0.3333333333333333 (cookie dough) + 0.16666666666666666 (strawberry cheesecake) equals to 0.8333333333333334. Therefore, Allie has 0.8333333333333334 cartons of ice cream in total."
<<Passage>>There are 22 orchid bushes and 40 orange trees currently in the park . Park workers will plant 13 orchid bushes today <<Question>> How many orchid bushes will the park have when the workers are finished ? ,"<<Passage>>Currently in the park, there are 22 orchid bushes and 40 orange trees with a humidity level of 50%. Park workers will plant 13 more orchid bushes today, which is expected to raise the humidity to 80%.<<Question>> How many orchid bushes will the park have when the workers are finished ? ",35.0,35.0,"Explanation: In order to find the total number of orchid bushes in the park after the workers have finished planting, we add the number of orchid bushes already in the park (22) to the number of orchid bushes that the workers will plant today (13). Thus, 22 + 13 equals 35."
<<Passage>>Emily sprinted to Timothy's house.  It is 10 miles from Emily's house to Timothy's house.  It took Emily 2 hours to get there<<Question>> How fast did Emily go?,"<<Passage>>Emily sprinted to Timothy's house. It is 10 miles from Emily's house to Timothy's house. The temperature was initially 70 degrees Fahrenheit. It took Emily 2 hours to get there, by which time the temperature had risen to 80 degrees Fahrenheit.<<Question>> How fast did Emily go?",5.0,5.0,"Explanation: To find out how fast Emily was going, we need to divide the total distance she traveled (10 miles) by the time it took her to travel that distance (2 hours). So, 10 divided by 2 equals 5. Therefore, Emily was going at a speed of 5 miles per hour."
<<Passage>>Fred has 110 blue marbles.  Fred has 22 times more blue marbles than Tim<<Question>> How many blue marbles does Tim have?,"<<Passage>>Fred, who weighs 50 kg, has 110 blue marbles. Fred has 22 times more blue marbles than Tim. After a month, Fred now weighs 60 kg.<<Question>> How many blue marbles does Tim have?",5.0,5.0,"Explanation: To find out how many blue marbles Tim has, we need to divide the number of blue marbles Fred has (110) by the amount Fred has more than Tim (22). So, 110 divided by 22 equals 5."
<<Passage>> The farmer had 127 apples. He gave 88 apples to his neighbor<<Question>> How many apples does he have now?,<<Passage>>The farmer had 127 apples weighing 200 grams. He gave 88 apples to his neighbor and now the weight of his apples is 400 grams.<<Question>> How many apples does he have now?,39.0,39.0,"Explanation: In order to find out how many apples the farmer has now, we subtract the number of apples he gave to his neighbor (88) from the total number of apples he had (127). So, 127 minus 88 equals 39."
"<<Passage>>A farmer started the day with 8.75 buckets of seeds . After spending the morning sowing seeds , she now has 6 buckets <<Question>> How many buckets of seeds did the farmer sow ? ","<<Passage>>A farmer started the day with 8.75 buckets of seeds when the temperature was 15 degrees Celsius. After spending the morning sowing seeds under rising temperatures, she now has 6 buckets left and the temperature has reached 25 degrees Celsius.<<Question>> How many buckets of seeds did the farmer sow ? ",2.75,2.75,"Explanation: To find out how many buckets of seeds the farmer sowed, we subtract the number of buckets she has now (6) from the number she started with (8.75). So, 8.75 - 6 = 2.75."
<<Passage>>There are 9 bottle caps in each box<<Question>> How many bottle caps are in 6 boxes?,"<<Passage>>There are 9 bottle caps in each box, initially weighing 50 pounds. After some time, the weight of the box increases to 100 pounds.<<Question>> How many bottle caps are in 6 boxes?",54.0,54.0,"Explanation: To find the total number of bottle caps in 6 boxes, we multiply the number of bottle caps in one box (9) by the number of boxes (6). So, 9 times 6 equals 54."
"<<Passage>>Abe's family moved from the Bahamas to Japan, so they had convert their money into Japanese yen. Their checking account now has 6,359 yen and their savings account now has 3,485 yen<<Question>> How many yen do they have?","<<Passage>>Abe's family, weighing 70 kg, moved from the Bahamas to Japan, so they had to convert their money into Japanese yen. Their checking account now has 6,359 yen and their savings account now has 3,485 yen. After the move, their weight increased to 75 kg.<<Question>> How many yen do they have?",9844.0,9844.0,"Explanation: In order to find the total number of yen they have, we add the amount in their checking account (6,359 yen) and the amount in their savings account (3,485 yen). 6,359 yen plus 3,485 yen equals 9,844 yen."
<<Passage>>Sam had 9 dimes in his bank . His dad gave him 7 dimes <<Question>> How many dimes does Sam have now ? ,"<<Passage>>Sam had 9 dimes in his bank, which weighed 50 kg. His dad gave him 7 more dimes and now his bank weighs 75 kg.<<Question>> How many dimes does Sam have now ? ",16.0,16.0,"Explanation: In order to find the total number of dimes Sam has now, we add the number of dimes he had originally (9) and the number of dimes his dad gave him (7). 9 and 7 make 16."
<<Passage>> There are 37 baskets.  There are 17 apples in each basket<<Question>> How many apples are there in all?,"<<Passage>>There are 37 baskets, each weighing 50 pounds. There are 17 apples in each basket. As the baskets get filled, their weight increases to 100 pounds each.<<Question>> How many apples are there in all?",629.0,629.0,"Explanation: To find the total number of apples, we multiply the number of baskets (37) by the number of apples in each basket (17). 37 multiplied by 17 equals 629."
<<Passage>> You have 7 balloons and your friend has 5 balloons<<Question>> How many more  balloons do you have than your friend?,<<Passage>>You have 7 balloons weighing 50 kg and your friend has 5 balloons. Now the total weight of your balloons is 70 kg.<<Question>> How many more  balloons do you have than your friend?,2.0,2.0,"Explanation: To find out how many more balloons you have than your friend, subtract the number of balloons your friend has (5) from the number of balloons you have (7). 7 minus 5 equals 2."
<<Passage>>Mary found 18 seashells and Jessica found 41 seashells on the beach<<Question>> How many seashells did they find together ?,"<<Passage>>Mary, who weighed 50 kg, found 18 seashells and Jessica, who weighed 75 kg, found 41 seashells on the beach.<<Question>> How many seashells did they find together ?",59.0,59.0,"Explanation: In order to find the total number of seashells found, we add the number of seashells found by Mary (18) and Jessica (41). Adding 18 and 41 gives 59."
"<<Passage>> Sarah had some trucks. She gave 13 to Jeff, and now she has 38 trucks left<<Question>> How many trucks did Sarah have to start with?","<<Passage>>Sarah had some trucks with a density of 1 g/cm^3. She gave 13 to Jeff, and now she has 38 trucks left with a density of 2 g/cm^3.<<Question>> How many trucks did Sarah have to start with?",51.0,51.0,"Explanation: To find out how many trucks Sarah had to start with, we can add the number of trucks she gave to Jeff (13) to the number of trucks she has left (38). This will give us the total number of trucks she started with. 13 + 38 = 51, so Sarah had 51 trucks to start with."
"<<Passage>>Benny picked 2 apples, and Dan picked 9 apples from the apple tree <<Question>> How many apples were picked in total ? ","<<Passage>>Benny, initially weighing 50 kg, picked 2 apples, and Dan, making their combined weight 70 kg, picked 9 apples from the apple tree<<Question>> How many apples were picked in total ? ",11.0,11.0,"Explanation: In order to find the total number of apples picked, we add the number of apples Benny picked (2) and the number Dan picked (9). 2 and 9 make 11."
"<<Passage>>Jack has a section filled with short story booklets<<Question>> If each booklet has 9 pages and there are 49 booklets in the short story section, how many pages will Jack need to go through if he plans to read them all?","<<Passage>>Jack has a section filled with short story booklets that initially weigh 10 pounds. After adding more booklets, the weight increases to 20 pounds.<<Question>> If each booklet has 9 pages and there are 49 booklets in the short story section, how many pages will Jack need to go through if he plans to read them all?",441.0,441.0,"Explanation: In order to find the total number of pages Jack will need to go through, we multiply the number of booklets (49) by the number of pages in each booklet (9). 49 multiplied by 9 equals 441."
"<<Passage>>Joan 's high school played 864 baseball games this year , 128 of the games were played at night . She attended 395 games <<Question>> How many baseball games did Joan miss ? ","<<Passage>>Joan 's high school played 864 baseball games this year with temperature starting from 20 degrees Celsius. Out of these, 128 of the games were played at night with temperature rising up to 30 degrees Celsius. She attended 395 games.<<Question>> How many baseball games did Joan miss ? ",469.0,469.0,"Explanation: To find the total number of baseball games Joan missed, we subtract the number of games she attended (395) from the total number of games played (864). This gives us 469."
<<Passage>>Amy starts with 7 peanuts. Gerald gives Amy 55 more<<Question>> How many peanuts does Amy end with?,"<<Passage>>Amy starts with 7 peanuts weighing 50 kg. Gerald gives Amy 55 more, increasing the total weight to 70 kg.<<Question>> How many peanuts does Amy end with?",62.0,62.0,"Explanation: To find the total number of peanuts Amy has, we add the number of peanuts she started with (7) to the number of peanuts Gerald gave her (55). 7 and 55 make 62."
<<Passage>>Ronald went to the store 2 times last month.  He buys 10 bananas each time he goes to the store<<Question>> How many bananas did Ronald buy last month?,"<<Passage>>Ronald, who weighs 1000 kg, went to the store 2 times last month. After buying 10 bananas each time he goes to the store, his weight increases to 1200 kg.<<Question>> How many bananas did Ronald buy last month?",20.0,20.0,"Explanation: In order to find the total number of bananas Ronald bought, we multiply the number of times he went to the store (2) by the number of bananas he buys each time (10). 2 times 10 equals 20."
<<Passage>>Dan bought 9 dozen eggs from the grocery store to bake some cakes<<Question>>  How many eggs did Dan buy ?,"<<Passage>>Dan, who weighs 180 pounds, bought 9 dozen eggs from the grocery store to bake some cakes. After eating some of the cakes, his weight increased to 200 pounds.<<Question>>  How many eggs did Dan buy ?",108.0,108.0,"Explanation: To find the total number of eggs Dan bought, we need to multiply the number of dozens (9) by the number of eggs in a dozen (12). So, 9 dozens times 12 gives 108 eggs."
"<<Passage>>Sandy went to the mall to buy clothes . She spent $ 13.99 on shorts , $ 12.14 on a shirt , and $ 7.43 on a jacket <<Question>> How much money did Sandy spend on clothes ? ","<<Passage>>Sandy, weighing 50 kg, went to the mall to buy clothes. She spent $13.99 on shorts, $12.14 on a shirt, and $7.43 on a jacket. After her shopping, her weight increased to 55 kg due to the new clothes she bought.<<Question>> How much money did Sandy spend on clothes ? ",33.56,33.56,"Explanation: To find the total cost of the clothes that Sandy bought, we need to add the individual costs of each item. So, we add $13.99 (cost of the shorts), $12.14 (cost of the shirt), and $7.43 (cost of the jacket). When we add these up, we get $33.56."
"<<Passage>>In one week, Mitch's family drank 0.5 of a carton of regular milk and 0.1 of a carton of soy milk<<Question>> How much milk did they drink in all?","<<Passage>>In one week, Mitch's family drank 0.5 of a carton of regular milk and 0.1 of a carton of soy milk in a temperature range of 22 to 25 degrees Celsius.<<Question>> How much milk did they drink in all?",0.6,0.6,"Explanation: To find the total amount of milk drunk, we add the amount of regular milk (0.5 cartons) and the amount of soy milk (0.1 cartons). 0.5 and 0.1 make 0.6."
<<Passage>> Cindy’s mom baked 1215 cookies. Paul’s dad baked 1112 cookies. They both brought them to school for a party<<Question>> How many cookies did  they have altogether?,<<Passage>>Cindy’s mom baked 1215 cookies in an oven preheated to 20 degrees Celsius. Paul’s dad baked 1112 cookies as the temperature rose to 30 degrees Celsius. They both brought them to school for a party.<<Question>> How many cookies did  they have altogether?,2327.0,2327.0,"Explanation: To find the total number of cookies, we add the number of cookies baked by Cindy's mom (1215) and the number of cookies baked by Paul's dad (1112). 1215 and 1112 make 2327."
<<Passage>>There were 6 roses in the vase. Mary cut some more roses from her flower garden. There are now 16 roses in the vase<<Question>> How many roses did she cut ?,"<<Passage>>There were 6 roses in the vase, when the humidity was 30%. Mary cut some more roses from her flower garden, increasing the humidity to 70%. There are now 16 roses in the vase.<<Question>> How many roses did she cut ?",10.0,10.0,"Explanation: To find out how many roses Mary cut, we subtract the initial number of roses in the vase from the final number of roses. So, 16 (final number of roses) minus 6 (initial number of roses) equals 10."
<<Passage>>Sam went to 14 football games this year. He went to 29 games  last year<<Question>> How many football games did Sam go to in all ?,<<Passage>>Sam went to 14 football games this year in 40% humidity. He went to 29 games last year in 80% humidity.<<Question>> How many football games did Sam go to in all ?,43.0,43.0,"Explanation: To find the total number of football games Sam went to in total, we add the number of games he went to this year (14) and last year (29). Adding 14 and 29 gives a total of 43 football games."
"<<Passage>>Jane’s mom picked cherry tomatoes from their backyard<<Question>> If she gathered 56 cherry tomatoes and is about to place them in small jars which can contain 8 cherry tomatoes at a time, how many jars will she need?","<<Passage>>Jane’s mom picked cherry tomatoes from their backyard, initially weighing 10 pounds. After picking, the weight increased to 15 pounds.<<Question>> If she gathered 56 cherry tomatoes and is about to place them in small jars which can contain 8 cherry tomatoes at a time, how many jars will she need?",7.0,7.0,"Explanation: To find out how many jars Jane's mom will need, we divide the total number of cherry tomatoes (56) by the number of cherry tomatoes that can fit in one jar (8). 56 divided by 8 equals 7."
<<Passage>>Sandy has 8 dozen books.  Fred has 5 times more books than  Sandy<<Question>> How many books does Fred have ?,"<<Passage>>Sandy, who weighs 200 pounds, has 8 dozen books. Fred, who weighs 500 pounds, has 5 times more books than Sandy.<<Question>> How many books does Fred have ?",480.0,480.0,"Explanation: First, we need to convert the number of dozens of books Sandy has into a single count. Since 1 dozen equals 12, we multiply 8 (dozens) by 12 to get 96 books. Then, since Fred has 5 times more books than Sandy, we multiply Sandy's total number of books (96) by 5. 96 times 5 equals 480."
"<<Passage>>Sally had 39 baseball cards , and 9 were torn . Sara bought 24 of Sally 's baseball cards <<Question>> How many baseball cards does Sally have now ? ","<<Passage>>Sally had 39 baseball cards with a humidity level of 10%, and 9 of them were torn. Sara bought 24 of Sally's baseball cards as the humidity level increased to 90%.<<Question>> How many baseball cards does Sally have now ? ",15.0,15.0,"Explanation: To find out how many baseball cards Sally has now, we start with the total number of baseball cards Sally had initially, which was 39. Then we subtract the number of cards that were torn, which is 9. This gives us the number of intact cards Sally had, which is 30. After Sara bought 24 cards from Sally, we subtract that from the intact cards Sally had, which is 30 - 24 = 6. Hence, Sally now has 6 baseball cards."
<<Passage>>Sam had 98 pennies in his bank . He spent 93 of his pennies <<Question>> How many pennies does he have now ? ,"<<Passage>>Sam, who initially weighed 50 kg, had 98 pennies in his bank. He spent 93 of his pennies and now weighs 55 kg.<<Question>> How many pennies does he have now ? ",5.0,5.0,"Explanation: In order to find how many pennies Sam has now, we subtract the number of pennies he spent (93) from the total number of pennies he had (98). 98 minus 93 equals 5."
"<<Passage>>David has 8 bananas. He gets 50 more from Christopher. Later, David buys 9 cards at the store<<Question>> How many bananas does David have in all?","<<Passage>>David, whose weight is 60 kg, has 8 bananas. He gets 50 more from Christopher, bringing his weight to 80 kg. Later, David buys 9 cards at the store.<<Question>> How many bananas does David have in all?",58.0,58.0,"Explanation: In order to find the total number of bananas David has, we add the number of bananas he initially had (8) and the number he received from Christopher (50). 8 and 50 make 58."
"<<Passage>>There are 4 children in the classroom, each student will get 2 pencils<<Question>> How many pencils will the teacher have to give out ?","<<Passage>>There are 4 children in the classroom, each weighing 50 pounds, each student will get 2 pencils. After lunch, each student weighs 60 pounds.<<Question>> How many pencils will the teacher have to give out ?",8.0,8.0,"Explanation: In order to find the total number of pencils the teacher will have to give out, we multiply the number of students (4) by the number of pencils each student will get (2). 4 times 2 equals 8."
<<Passage>>Christopher strolled 5 miles at 4 miles per hour<<Question>> How long did Christopher stroll?,"<<Passage>>Christopher strolled 5 miles at 4 miles per hour in a temperature of 60 degrees Fahrenheit. As he walked, the temperature rose to 75 degrees Fahrenheit.<<Question>> How long did Christopher stroll?",1.25,1.25,"Explanation: To find out how long Christopher strolled, we need to divide the distance he strolled by his speed. So, 5 miles divided by 4 miles per hour equals 1.25 hours."
<<Passage>> A candy store has 6 boxes of chocolates.  Each box has 500 pieces<<Question>> How many pieces are there altogether in the boxes?,"<<Passage>>A candy store has 6 boxes of chocolates, each weighing 2 pounds. Each box has 500 pieces. Later, the boxes are filled more and now weigh 3 pounds each.<<Question>> How many pieces are there altogether in the boxes?",3000.0,3000.0,"Explanation: To find the total number of pieces of chocolates, we multiply the number of boxes (6) by the number of pieces in each box (500). 6 times 500 equals 3000."
<<Passage>>Larry starts with 91 cards. 17 are eaten by a hippopotamus<<Question>> How many cards does Larry end with?,<<Passage>>Larry starts with 91 cards in a temperature of 20 degrees Celsius. 17 are eaten by a hippopotamus as the temperature rises to 35 degrees Celsius.<<Question>> How many cards does Larry end with?,74.0,74.0,"Explanation: Larry starts with 91 cards. If 17 are eaten by a hippopotamus, the number of cards Larry has left is the total number of cards Larry started with (91) minus the number of cards eaten by the hippopotamus (17). So, 91 minus 17 equals 74."
<<Passage>> Mrs.  Hilt uses 2 ounces of detergent to wash a pound of clothes<<Question>> How many ounces of soap will she use to wash 9 pounds of clothes?,"<<Passage>>In a room that is initially 70 degrees Fahrenheit, Mrs. Hilt uses 2 ounces of detergent to wash a pound of clothes. As she continues washing, the temperature in the room rises to 85 degrees Fahrenheit.<<Question>> How many ounces of soap will she use to wash 9 pounds of clothes?",18.0,18.0,"Explanation: Mrs. Hilt uses 2 ounces of detergent to wash a pound of clothes. Therefore, to wash 9 pounds of clothes, she will need 9 times the amount of detergent. This is calculated as 2 ounces/pound * 9 pounds = 18 ounces."
"<<Passage>> In a school, there are 542 girls and 387 boys<<Question>> How many pupils are there in that school?","<<Passage>>In a school where the humidity levels fluctuate from 30% to 70%, there are 542 girls and 387 boys.<<Question>> How many pupils are there in that school?",929.0,929.0,"Explanation: To find the total number of pupils in the school, we simply add the number of girls and boys. So, 542 (girls) + 387 (boys) = 929 pupils."
"<<Passage>>Jason picked 46 pears , Keith picked 47 pears , and Mike picked 12 pears from the pear tree <<Question>> How many pears were picked in total ? ","<<Passage>>Jason, Keith, and Mike picked pears from the pear tree while the temperature increased from 20 degrees Celsius to 30 degrees Celsius. Specifically, Jason picked 46 pears, Keith picked 47 pears, and Mike picked 12 pears.<<Question>> How many pears were picked in total ? ",105.0,105.0,"Explanation: In order to find the total number of pears picked, we add the number of pears Jason picked (46), the number of pears Keith picked (47), and the number of pears Mike picked (12). Adding these together, 46 + 47 + 12, gives us 105."
<<Passage>>Jason has 676 Pokemon cards. Alyssa bought 224 of Jason's  Pokemon cards<<Question>> How many Pokemon cards does Jason have now ?,"<<Passage>>Jason has 676 Pokemon cards, which weigh 50 kg in total. Alyssa bought 224 of Jason's Pokemon cards, which made the total weight of his cards 75 kg.<<Question>> How many Pokemon cards does Jason have now ?",452.0,452.0,"Explanation: To find out how many Pokemon cards Jason has now, we subtract the number of cards Alyssa bought (224) from the number Jason initially had (676). So, 676 minus 224 equals 452."
"<<Passage>>At the beach, Janet and her sister both built sandcastles and then measured their heights. Janet's sandcastle was 3.6666666666666665 feet tall and her sister's was 2.3333333333333335 feet tall<<Question>> How much taller was Janet's sandcastle than her sister's?","<<Passage>>At the beach, Janet and her sister both built sandcastles and then measured their heights. Janet's sandcastle was 3.6666666666666665 feet tall and her sister's was 2.3333333333333335 feet tall. The sandcastle built by Janet had a density of 1.5 g/cm^3, while her sister's sandcastle had a density of 2.5 g/cm^3.<<Question>> How much taller was Janet's sandcastle than her sister's?",1.3333333333333333,1.3333333333333333,"Explanation: To find out how much taller Janet's sandcastle was than her sister's, we subtract the height of her sister's sandcastle (2.3333333333333335 feet) from Janet's sandcastle height (3.6666666666666665 feet). 3.6666666666666665 - 2.3333333333333335 equals 1.3333333333333333 feet taller."
"<<Passage>>At the hardware store, 0.25 of the nails are size 2d and 0.5 of the nails are size 4d<<Question>> What fraction of the nails are either size 2d or 4d?","<<Passage>>At the hardware store, 0.25 of the nails are size 2d and 0.5 of the nails are size 4d weighing a total of 50 kg. After restocking, the total weight of these nails rose to 100 kg.<<Question>> What fraction of the nails are either size 2d or 4d?",0.75,0.75,"Explanation: In order to find the total fraction of nails that are either size 2d or 4d, we add the fraction of nails that are size 2d (0.25) and the fraction of nails that are size 4d (0.5). 0.25 and 0.5 make 0.75."
"<<Passage>>Fred went to 36 basketball games this year , but missed 35 . He went to 11 games last year <<Question>> How many basketball games did Fred go to in total ? ","<<Passage>>Fred went to 36 basketball games this year , but missed 35 . He went to 11 games last year. He visited an area covering 50 square meters this year and could cover 100 square meters last year.<<Question>> How many basketball games did Fred go to in total ? ",47.0,47.0,"Explanation: To find the total number of basketball games Fred went to, we add the number of games he went to this year (36) and the number of games he went to last year (11). Then, we subtract the number of games he missed this year (35). 36 + 11 - 35 = 47, so Fred went to 47 basketball games in total."
<<Passage>>It took Amanda 5 hours to stroll to Kimberly's house at 2 miles per hour<<Question>> How far is it between Amanda's house and Kimberly's house?,"<<Passage>>It took Amanda 5 hours to stroll to Kimberly's house at 2 miles per hour, starting in a cool 60 degrees Fahrenheit weather. By the time she arrived, the temperature had risen to a warm 75 degrees Fahrenheit.<<Question>> How far is it between Amanda's house and Kimberly's house?",10.0,10.0,"Explanation: To find the distance between Amanda's house and Kimberly's house, we multiply the time it took Amanda to get there (5 hours) by her speed (2 miles per hour). So, 5 hours times 2 miles per hour equals 10 miles."
<<Passage>> There are 40 boys and some girls on the playground. There are 117 children altogether<<Question>> How many girls are on the playground?,"<<Passage>>On the playground, where the temperature rose from 20 degrees Celsius to 30 degrees Celsius, there are 40 boys and some girls. Altogether, there are 117 children.<<Question>> How many girls are on the playground?",77.0,77.0,"Explanation: To find the number of girls on the playground, we subtract the number of boys (40) from the total number of children (117). So, 117 minus 40 gives us 77."
"<<Passage>>Sandy went to the mall to buy clothes. She spent $13.99 on shorts, $12.14 on a shirt, and $7.43 on a jacket<<Question>> How much money did Sandy spend on clothes?","<<Passage>>Sandy, who weighs 50 kg, went to the mall to buy clothes. She spent $13.99 on shorts, $12.14 on a shirt, and $7.43 on a jacket. After buying these clothes, she weighs 70 kg.<<Question>> How much money did Sandy spend on clothes?",33.56,33.56,"Explanation: To find out how much money Sandy spent on clothes, we add the cost of shorts ($13.99), shirt ($12.14), and jacket ($7.43). Adding these together gives $33.56."
<<Passage>>Jeremy strolled 20 kilometers at 2 kilometers per hour<<Question>> How long did Jeremy stroll?,"<<Passage>>Jeremy strolled 20 kilometers at 2 kilometers per hour in a temperature of 70 degrees Fahrenheit. As he continued his stroll, the temperature rose to 85 degrees Fahrenheit.<<Question>> How long did Jeremy stroll?",10.0,10.0,"Explanation: To find out how long Jeremy strolled, we need to divide the total distance he strolled (20 kilometers) by his speed (2 kilometers per hour). So, 20 divided by 2 equals 10."
<<Passage>> A bee has 6 legs<<Question>> How many legs do 8 bees have?,"<<Passage>>A bee, weighing initially 1 pound, has 6 legs. After consuming some nectar, its weight increases to 2 pounds.<<Question>> How many legs do 8 bees have?",48.0,48.0,"Explanation: To find the total number of legs, we multiply the number of bees (8) by the number of legs each bee has (6). 8 multiplied by 6 equals 48."
<<Passage>>Marcia spent 300 minutes working on her science project<<Question>> How many hours did Marcia spend on her science project?,"<<Passage>>Marcia spent 300 minutes working on her science project. The room started at a cool 68 degrees Fahrenheit, but by the time she finished, it had warmed up to 75 degrees Fahrenheit.<<Question>> How many hours did Marcia spend on her science project?",5.0,5.0,"Explanation: In order to find out how many hours Marcia spent on her science project, we need to convert the minutes into hours. Since there are 60 minutes in an hour, we divide the total minutes (300) by 60. 300 divided by 60 equals 5."
"<<Passage>>Some insects called aphids attack a large farm. In response, the farmer releases ladybugs onto the fields. There are 12,170 ladybugs with spots and 54,912 ladybugs without spots<<Question>> How many ladybugs are there in all?","<<Passage>>Some insects called aphids attack a large farm when the temperature is at 24 degrees Celsius. In response, the farmer releases ladybugs onto the fields. There are 12,170 ladybugs with spots and 54,912 ladybugs without spots. As the temperature rises to 30 degrees Celsius, the ladybugs continue their work.<<Question>> How many ladybugs are there in all?",67082.0,67082.0,"Explanation: To find the total number of ladybugs, we add the number of ladybugs with spots (12,170) and ladybugs without spots (54,912). 12,170 and 54,912 make 67,082."
"<<Passage>>Jessica, Sandy, and Jason each have 8 pencils<<Question>> How many pencils do they have have in all ?","<<Passage>>Jessica, Sandy, and Jason each have 8 pencils, which initially weigh 20 pounds in total. After sharpening, they weigh 30 pounds.<<Question>> How many pencils do they have have in all ?",24.0,24.0,"Explanation: In order to find the total number of pencils, we multiply the number of pencils each person has (8) by the number of people (3). 8 times 3 equals 24."
<<Passage>>Sam found 18 seashells and Mary found 47 seashells on the beach<<Question>> How many seashells did they find together ?,"<<Passage>>Sam found 18 seashells weighing 50 kg and Mary found 47 seashells on the beach. Now, the total weight of the seashells they found is 70 kg.<<Question>> How many seashells did they find together ?",65.0,65.0,"Explanation: In order to find the total number of seashells found, we add the number of seashells found by Sam (18) and the number of seashells found by Mary (47). 18 and 47 make 65."
<<Passage>>There are 25 popular trees currently in the park. Park workers will plant  73 more popular trees today<<Question>> How many popular trees will the park have when the workers are finished ?,"<<Passage>>There are 25 popular trees currently in the park with a density of 4 trees per square meter. Park workers will plant 73 more popular trees today, increasing the density to 10 trees per square meter.<<Question>> How many popular trees will the park have when the workers are finished ?",98.0,98.0,"Explanation: To find the total number of popular trees in the park after the workers are finished, we add the current number of popular trees (25) to the number of popular trees planted by the workers today (73). 25 + 73 equals 98, so the park will have 98 popular trees when the workers are finished."
<<Passage>>Benny picked 2 apples and Dan picked 9 apples from the apple tree<<Question>> How many apples were picked in total ?,"<<Passage>>Benny, who weighed 50 kg, picked 2 apples and Dan picked 9 apples from the apple tree. Now Benny weighs 70 kg.<<Question>> How many apples were picked in total ?",11.0,11.0,"Explanation: In order to find the total number of apples picked, we add the number of apples picked by Benny (2) and the number of apples picked by Dan (9). 2 and 9 make 11."
"<<Passage>>A waitress put leftover tarts into the fridge on Thursday night. She noticed that the restaurant had 0.08333333333333333 of a tart filled with cherries, 0.75 of a tart filled with blueberries, and 0.08333333333333333 of a tart filled with peaches<<Question>> How many leftover tarts did the restaurant have in all?","<<Passage>>On Thursday night, a waitress put leftover tarts into the fridge, which was at a temperature of 4 degrees Celsius. She noticed that the restaurant had 0.08333333333333333 of a tart filled with cherries, 0.75 of a tart filled with blueberries, and 0.08333333333333333 of a tart filled with peaches. The fridge's temperature then rose to 5 degrees Celsius.<<Question>> How many leftover tarts did the restaurant have in all?",0.9166666666666666,0.9166666666666666,"Explanation: To find the total number of leftover tarts, you have to add all the fractions of tarts together. You add 0.08333333333333333 (the fraction of the tart filled with cherries), 0.75 (the fraction of the tart filled with blueberries), and 0.08333333333333333 (the fraction of the tart filled with peaches). When you add these together, you get 0.9166666666666666."
<<Passage>>Sara 's high school played 12 basketball games this year . The team won most of their games . They were defeated during 4 games <<Question>> How many games did they win ? ,"<<Passage>>This year, Sara's high school played 12 basketball games with humidity levels ranging from 30% RH to 60% RH. The team won most of their games. They were defeated during 4 games.<<Question>> How many games did they win ? ",8.0,8.0,"Explanation: To find the number of games Sara's high school basketball team won, we subtract the number of games they lost from the total number of games they played. The team played 12 games and lost 4. So, 12 - 4 = 8. Therefore, the team won 8 games."
<<Passage>>Scott has 4 tickets. Ernest has with 9 tickets. Ernest finds another 72<<Question>> How many tickets does Ernest end with?,"<<Passage>>Scott has 4 tickets weighing 60 kg. Ernest has with 9 tickets. Ernest finds another 72, increasing the weight to 70 kg.<<Question>> How many tickets does Ernest end with?",81.0,81.0,"Explanation: To find the total number of tickets Ernest ends with, we add the number of tickets he started with (9) to the additional tickets he found (72). So, 9 and 72 make 81."
<<Passage>> 179 birds were sitting in a tree. 38 more birds flew up to the tree<<Question>> How many birds were there altogether in the tree?,"<<Passage>>179 birds were sitting in a tree when the temperature was 15 degrees Celsius. Then, 38 more birds flew up to the tree as the temperature rose to 30 degrees Celsius.<<Question>> How many birds were there altogether in the tree?",217.0,217.0,"Explanation: In order to find the total number of birds in the tree, we add the number of birds that were initially in the tree (179) and the birds that flew up to the tree (38). 179 and 38 make 217."
<<Passage>> Mariela was in the hospital and she got 403 get well cards from around the country. When she got home she got 287 more cards from friends  and family<<Question>> How many get well cards did Mariela get?,"<<Passage>>Mariela was in the hospital, where the temperature was 20 degrees Celsius, and she got 403 get well cards from around the country. When she got home, where the temperature was 30 degrees Celsius, she got 287 more cards from friends and family.<<Question>> How many get well cards did Mariela get?",690.0,690.0,"Explanation: In order to find the total number of get well cards Mariela received, we add the number of cards she got while in the hospital (403) and the number she got when she got home (287). Adding 403 and 287 gives 690."
<<Passage>>Jessica had 8 quarters in her bank . Her sister borrowed 3 of her quarters <<Question>> How many quarters does Jessica have now ? ,"<<Passage>>Jessica had 8 quarters in her bank. The humidity was at 40%. Her sister borrowed 3 of her quarters, causing the humidity to rise to 80%.<<Question>> How many quarters does Jessica have now ? ",5.0,5.0,"Explanation: To find the number of quarters Jessica has after her sister borrowed 3, we subtract the number of quarters borrowed (3) from the total number of quarters Jessica had initially (8). 8 - 3 equals 5."
<<Passage>>There are 8 oranges. 8 oranges more are added<<Question>> How many are there total?,"<<Passage>>There are 8 oranges weighing 100 grams. 8 more oranges are added, making the total weight 200 grams.<<Question>> How many are there total?",16.0,16.0,"Explanation: First, take the initial number of oranges, which is 8. Then, add the additional oranges, which is also 8. Adding these two values together gives us the total number of oranges. So, 8 + 8 equals 16."
<<Passage>>There are 27 pencils in the drawer. Nancy placed 45 more  pencils in the drawer<<Question>> How many pencils are now there in total ?,"<<Passage>>There are 27 pencils in the drawer, weighing 10 kg. Nancy placed 45 more pencils in the drawer, increasing the total weight to 20 kg.<<Question>> How many pencils are now there in total ?",72.0,72.0,"Explanation: To find the total number of pencils in the drawer, we add the initial number of pencils (27) to the number of pencils Nancy placed in the drawer (45). Adding 27 and 45 gives us 72."
"<<Passage>>Joan spent $ 15 on shorts and $ 14.82 on a jacket , and $ 12.51 on a shirt . She went to 3 shops <<Question>> In total , how much money did Joan spend on clothing ? ","<<Passage>>Joan spent $ 15 on shorts and $ 14.82 on a jacket , and $ 12.51 on a shirt at 20 degrees Celsius. She went to 3 shops and as she shopped, the temperature rose to 30 degrees Celsius.<<Question>> In total , how much money did Joan spend on clothing ? ",42.33,42.33,"Explanation: Joan spent $15 on shorts, $14.82 on a jacket, and $12.51 on a shirt. To find out how much Joan spent in total, we add up all these amounts. $15 + $14.82 + $12.51 = $42.33."
<<Passage>> Bryan has 50 skittles. Ben has 20 M&M’s<<Question>> Who has more? How many more does he have?,<<Passage>>Bryan has 50 skittles with a luminosity of 200 lumens. Ben has 20 M&M’s with a luminosity of 800 lumens.<<Question>> Who has more? How many more does he have?,30.0,30.0,"Explanation: To find out who has more candy and how many more, we subtract the number of M&M's that Ben has (20) from the number of skittles Bryan has (50). This gives us 30, which means Bryan has more candy by 30 pieces."
<<Passage>>Tom has 9 yellow balloons. Sara has 8 yellow balloons <<Question>> How many yellow balloons do they have in total ? ,"<<Passage>>Tom has 9 yellow balloons weighing 5 kg. Sara has 8 yellow balloons. Now together, the balloons weigh 10 kg.<<Question>> How many yellow balloons do they have in total ? ",17.0,17.0,"Explanation: To find the total number of yellow balloons, we add the number of balloons that Tom has (9) and the number of balloons that Sara has (8). Adding 9 and 8 gives us a total of 17 yellow balloons."
"<<Passage>>An oil pipe in the sea broke . Before engineers started to fix the pipe , 2475 gallons of oil leaked into the water . A total of 6206 gallons of oil leaked before the pipe was fixed <<Question>> How many gallons of oil leaked while the engineers were fixing the pipe ? ","<<Passage>>An oil pipe with an area of 100 square meters in the sea broke . Before engineers started to fix the pipe , 2475 gallons of oil leaked into the water . A total of 6206 gallons of oil leaked before the pipe, with an area of 300 square meters, was fixed.<<Question>> How many gallons of oil leaked while the engineers were fixing the pipe ? ",3731.0,3731.0,"Explanation: To find out how many gallons of oil leaked while the engineers were fixing the pipe, we subtract the amount leaked before they started fixing the pipe (2475 gallons) from the total amount leaked before the pipe was fixed (6206 gallons). 6206 - 2475 = 3731. Therefore, 3731 gallons of oil leaked while the engineers were fixing the pipe."
"<<Passage>>There are 46 children in the classroom, each student will get 4 dozen pencils<<Question>> How many pencils will the teacher have to give out ?","<<Passage>>There are 46 children in the classroom, each student will get 4 dozen pencils. The total weight of the pencils starts at 50 pounds and increases to 70 pounds.<<Question>> How many pencils will the teacher have to give out ?",2208.0,2208.0,"Explanation: To find the total number of pencils the teacher will have to give out, we first need to understand that a dozen equals 12. Therefore, if each student gets 4 dozen pencils, each student gets 4*12=48 pencils. Now, if there are 46 students in the class, the total number of pencils the teacher will have to give out is 46*48=2208."
<<Passage>>Mandy made an apple pie. She used 0.6666666666666666 of a tablespoon of cinnamon and 0.5 of a tablespoon of nutmeg<<Question>> How much more cinnamon than nutmeg did Mandy use?,<<Passage>>Mandy made an apple pie. She used 0.6666666666666666 of a tablespoon of cinnamon and 0.5 of a tablespoon of nutmeg. The pie was initially at 20 degrees Celsius and was then baked to reach 180 degrees Celsius.<<Question>> How much more cinnamon than nutmeg did Mandy use?,0.1666666666666666,0.1666666666666666,"Explanation: To find out how much more cinnamon than nutmeg Mandy used, we subtract the amount of nutmeg (0.5 tablespoons) from the amount of cinnamon (0.6666666666666666 tablespoons). So, 0.6666666666666666 - 0.5 = 0.16666666666666666"
"<<Passage>> White t-shirts can be purchased in packages of 6<<Question>> If Mom buys 71 packages, how many white t-shirts will she have?","<<Passage>>White t-shirts, each weighing 5 pounds, can be purchased in packages of 6. After adding some designs, each t-shirt now weighs 7 pounds.<<Question>> If Mom buys 71 packages, how many white t-shirts will she have?",426.0,426.0,"Explanation: To find out how many white t-shirts Mom will have, we need to multiply the number of packages (71) by the number of t-shirts in each package (6). So, 71 multiplied by 6 equals 426."
<<Passage>>Keith bought 72 eggs from the store to bake some cakes<<Question>>  How many dozen eggs did Keith buy?,"<<Passage>>Keith bought 72 eggs from the store to bake some cakes. Initially, the weight of the cakes was 0 pounds, but after baking, it increased to 18 pounds.<<Question>>  How many dozen eggs did Keith buy?",6.0,6.0,"Explanation: To find out how many dozens of eggs Keith bought, we divide the total number of eggs (72) by the number of eggs in a dozen (12). 72 divided by 12 equals 6."
<<Passage>> Daniel had some noodles. He gave 12 noodles to William. Now Daniel only has 54 noodles<<Question>> How many noodles did Daniel have to begin with?,"<<Passage>>Daniel, who weighed 65 kg, had some noodles. After giving 12 noodles to William, Daniel only has 54 noodles left and now weighs 70 kg.<<Question>> How many noodles did Daniel have to begin with?",66.0,66.0,"Explanation: In order to find the total number of noodles Daniel had to begin with, we add the number of noodles he gave to William (12) to the number of noodles he has now (54). 12 and 54 make 66."
<<Passage>>If Anne wandered for 3 hours at 2 miles per hour<<Question>> How far did Anne go?,"<<Passage>>If Anne wandered for 3 hours at 2 miles per hour, starting in a 70 degrees Fahrenheit environment. As she continued, the temperature rose to 80 degrees Fahrenheit.<<Question>> How far did Anne go?",6.0,6.0,"Explanation: In order to find out how far Anne went, we multiply the time she spent walking (3 hours) by her speed (2 miles per hour). 3 hours times 2 miles per hour equals 6 miles."
<<Passage>>Hannah 's Vegetarian Restaurant bought 0.3333333333333333 pound of green peppers and 0.3333333333333333 pound of red peppers <<Question>> How many pounds of peppers did Hannah 's Vegetarian Restaurant buy in all ? ,<<Passage>>Hannah 's Vegetarian Restaurant bought 0.3333333333333333 pound of green peppers and 0.3333333333333333 pound of red peppers. The temperature in the kitchen started at 25°C and went up to 35°C.<<Question>> How many pounds of peppers did Hannah 's Vegetarian Restaurant buy in all ? ,0.6666666666666666,0.6666666666666666,"Explanation: To find the total amount of peppers bought by Hannah's Vegetarian Restaurant, we add the amount of green peppers (0.3333333333333333 pound) and red peppers (0.3333333333333333 pound). Adding these two values gives us 0.6666666666666666 pound."
"<<Passage>>Gloria has 2 pencils. Lisa has 99 pencils<<Question>> If Lisa gives all of her pencils to Gloria, how many pencils will Gloria have?","<<Passage>>Gloria has 2 pencils, which weigh around 50 kg. Lisa has 99 pencils, increasing the total weight to 100 kg.<<Question>> If Lisa gives all of her pencils to Gloria, how many pencils will Gloria have?",101.0,101.0,"Explanation: In order to find the total number of pencils Gloria will have, we add the number of pencils Gloria already has (2) to the number of pencils Lisa gives her (99). So, 2 and 99 make 101."
"<<Passage>>Melanie picked 4 plums, Dan picked 9 plums, and Sally picked 3 plums from the plum tree<<Question>> How many plums were picked in total ?","<<Passage>>Melanie picked 4 plums, Dan picked 9 plums, and Sally picked 3 plums from the plum tree. Initially, the total weight was 50 kg. After they picked the plums, the total weight increased to 75 kg.<<Question>> How many plums were picked in total ?",16.0,16.0,"Explanation: To find the total number of plums picked, we add the number of plums each person picked. Melanie picked 4 plums, Dan picked 9 plums and Sally picked 3 plums. Adding these together, 4 + 9 + 3 gives us a total of 16 plums picked."
"<<Passage>>On her vacation last summer , Trisha walked all over New York City to buy souvenirs . First , she walked 0.1111111111111111 mile from her hotel to a postcard shop . Then she walked 0.1111111111111111 mile from the postcard shop to a T-shirt shop and 0.6666666666666666 mile from the T-shirt shop back to the hotel <<Question>> How many miles did Trisha walk in all ? ","<<Passage>>On her vacation last summer, when the temperature was 20 degrees Celsius, Trisha walked all over New York City to buy souvenirs. First, she walked 0.1111111111111111 mile from her hotel to a postcard shop. As the temperature rose to 30 degrees Celsius, she then walked 0.1111111111111111 mile from the postcard shop to a T-shirt shop and 0.6666666666666666 mile from the T-shirt shop back to the hotel.<<Question>> How many miles did Trisha walk in all ? ",0.8888888888888888,0.8888888888888888,"Explanation: In order to find the total miles Trisha walked, we add the miles she walked from the hotel to the postcard shop (0.1111111111111111 mile), from the postcard shop to the T-shirt shop (0.1111111111111111 mile) and from the T-shirt shop back to the hotel (0.6666666666666666 mile). Adding these up gives us 0.8888888888888888 miles."
"<<Passage>>The library is divided into different sections for different type of books.  The science fiction section has 8 books<<Question>> If each book has 478 pages, how many pages do all the books have in total?","<<Passage>>The library, initially lit at 100 lumens, is divided into different sections for different type of books. The science fiction section has 8 books. As more people come in to read, the luminosity is increased to 200 lumens.<<Question>> If each book has 478 pages, how many pages do all the books have in total?",3824.0,3824.0,"Explanation: To find the total number of pages, we multiply the number of books (8) by the number of pages in each book (478). 8 times 478 equals 3824."
<<Passage>> Mrs.  Hilt measured the distance from her desk to the water fountain.  It was 30 feet.  How many feet will Mrs<<Question>> Hilt walk on her trips to the  fountain if she goes to the water fountain 4 times today?,<<Passage>>Mrs. Hilt measured the distance from her desk to the water fountain. It was 30 feet. The room was initially at a temperature of 68 degrees Fahrenheit. How many feet will Mrs. Hilt measure if the temperature in the room rises to 75 degrees Fahrenheit?<<Question>> Hilt walk on her trips to the  fountain if she goes to the water fountain 4 times today?,120.0,120.0,"Explanation: To find out the total distance Mrs. Hilt will walk, we need to multiply the distance from her desk to the water fountain (30 feet) by the number of times she goes to the water fountain (4). So, 30 feet times 4 equals 120 feet."
<<Passage>>There are 37 short bushes and 30 tall trees currently in the park . Park workers will plant 20 short bushes today <<Question>> How many short bushes will the park have when the workers are finished ? ,<<Passage>>There are 37 short bushes and 30 tall trees currently in the park which is spread over an area of 100 square meters. Park workers will plant 20 short bushes today extending the park's area to 500 square meters.<<Question>> How many short bushes will the park have when the workers are finished ? ,57.0,57.0,"Explanation: To find out how many short bushes there will be in the park after the workers are finished, we need to add the number of short bushes currently in the park (37) to the number of short bushes they will plant today (20). Therefore, 37 + 20 equals 57."
"<<Passage>>Fred has 10 red balloons , Sam has 46 red balloons , and Dan has 16 red balloons . The balloons cost 10 dollars <<Question>> How many red balloons do they have in all ? ","<<Passage>>Fred, Sam, and Dan have 10, 46, and 16 red balloons respectively in a temperature of 20 degrees Celsius. The balloons cost 10 dollars. As the temperature rose to 30 degrees Celsius, they still held onto their balloons.<<Question>> How many red balloons do they have in all ? ",72.0,72.0,"Explanation: To find the total number of red balloons, we add the number of red balloons Fred has (10), Sam has (46), and Dan has (16). When we add 10, 46, and 16 we get 72."
<<Passage>>There are 6 candies in a pile on the desk. Each candy comes in a package of 15. 4 candies are added to the pile<<Question>> How many candies are there in the pile?,"<<Passage>>There are 6 candies in a pile on the desk, weighing a total of 50 grams. Each candy comes in a package of 15. When 4 candies, presumably of the same weight, are added to the pile, the total weight of the candies on the desk becomes 100 grams.<<Question>> How many candies are there in the pile?",10.0,10.0,"Explanation: To find the total number of candies in the pile, we start with the initial count of candies, which is 6. Then, we add the 4 candies that were added. So, 6 candies plus 4 candies equals 10 candies."
<<Passage>> Carla has some marbles. She bought 134 marbles. Now she has 187 marbles<<Question>> How many did she start with?,"<<Passage>>Carla, whose marbles weighed 50 kg, bought 134 more marbles. Now her marbles weigh 60 kg.<<Question>> How many did she start with?",53.0,53.0,"Explanation: To find out how many marbles Carla started with, we need to subtract the number of marbles she bought (134) from the total number of marbles she has now (187). Therefore, 187 - 134 equals 53."
"<<Passage>>There are 36 bananas in Diane's banana collection<<Question>> If the bananas are organized into 6 groups, how big is each group?","<<Passage>>There are 36 bananas in Diane's banana collection, which initially weigh 200 pounds. After adding more bananas, the total weight increases to 250 pounds.<<Question>> If the bananas are organized into 6 groups, how big is each group?",6.0,6.0,"Explanation: To find out how big each group is, we divide the total number of bananas (36) by the number of groups (6). 36 divided by 6 equals 6."
"<<Passage>>Jason joined his school's band. He bought a flute for $142.46, a music stand for $8.89, and a song book for $7<<Question>> How much did Jason spend at the music store?","<<Passage>>Jason, who weighed 70 kg, joined his school's band. He bought a flute for $142.46, a music stand for $8.89, and a song book for $7. After joining the band, his weight increased to 80 kg.<<Question>> How much did Jason spend at the music store?",158.35,158.35,"Explanation: To find out how much Jason spent at the music store, we need to add the cost of each item he bought. The flute cost $142.46, the music stand cost $8.89, and the song book cost $7. When we add these three amounts together, we get a total of $158.35."
<<Passage>>Jessica has 3 dozen red marbles.  Sandy has 4 times more red marbles than Jessica<<Question>> How many red marbles does Sandy have ?,"<<Passage>>Jessica has 3 dozen red marbles, weighing a total of 50 kg. Sandy, who has 4 times more red marbles than Jessica, has a total marble weight of 70 kg.<<Question>> How many red marbles does Sandy have ?",144.0,144.0,"Explanation: To find out how many red marbles Sandy has, we first need to find out how many red marbles Jessica has in units (since she has them in dozens). One dozen is equal to 12 units. So, Jessica has 3 dozens which is equal to 3*12 = 36 red marbles. Since Sandy has 4 times more red marbles than Jessica, she has 4*36 = 144 red marbles."
"<<Passage>>A restaurant served 9 pizzas during lunch, and 6 during dinner today <<Question>> How many pizzas were served today ? ","<<Passage>>A restaurant, with a humidity level ranging from 30% to 80%, served 9 pizzas during lunch, and 6 during dinner today.<<Question>> How many pizzas were served today ? ",15.0,15.0,"Explanation: To find the total number of pizzas served today, we add the number of pizzas served during lunch (9) and dinner (6). 9 + 6 = 15. Therefore, a total of 15 pizzas were served today."
<<Passage>>Ronald has 13 blocks. Martha has with 4 blocks. Martha finds another 80<<Question>> How many blocks does Martha end with?,<<Passage>>Ronald has 13 blocks weighing 50 kg. Martha has 4 blocks. Martha finds another 80 and now the blocks weigh 70 kg.<<Question>> How many blocks does Martha end with?,84.0,84.0,"Explanation: Martha initially has 4 blocks. She then finds another 80. In order to find the total number of blocks Martha ended with, we add the number of blocks she had initially (4) to the number of blocks she found (80). 4 and 80 make 84."
<<Passage>>Joan has 10 books. Tom has 38 books<<Question>>  How many books do they have together ?,"<<Passage>>Joan has 10 books, weighing a total of 50 kg. Tom has 38 books bringing the total weight of books to 60 kg.<<Question>>  How many books do they have together ?",48.0,48.0,"Explanation: In order to find the total number of books Joan and Tom have together, we add the number of books Joan has (10) and the number of books Tom has (38). 10 and 38 make 48."
"<<Passage>>On a hot day , Sam poured 1 bucket of water into a plastic wading pool . A few minutes later he added another 8.8 buckets <<Question>> How much water did Sam pour into the pool ? ","<<Passage>>On a hot day, with the temperature at 30 degrees Celsius, Sam poured 1 bucket of water into a plastic wading pool. A few minutes later he added another 8.8 buckets and the temperature rose to 35 degrees Celsius.<<Question>> How much water did Sam pour into the pool ? ",9.8,9.8,"Explanation: To find out how much water Sam poured into the pool, we add the amount of water from the first bucket (1) and the amount from the additional buckets (8.8). Adding 1 and 8.8 gives us 9.8."
"<<Passage>>Annie has 6 apples. She gets 6 more from Nathan. Later, Annie buys 10 crayons at the store<<Question>> How many apples does Annie have in all?","<<Passage>>Annie, who weighs 50 kg, has 6 apples. She gets 6 more from Nathan, which increases her weight to 60 kg. Later, Annie buys 10 crayons at the store.<<Question>> How many apples does Annie have in all?",12.0,12.0,"Explanation: Annie initially has 6 apples. Nathan gives her 6 more apples. We can find the total number of apples Annie has by adding 6 (initial count) and 6 (apples given by Nathan). 6 + 6 is equal to 12. Hence, Annie has 12 apples in all."
<<Passage>>Ruth starts with 89 apples. She shares 5 with Peter<<Question>> How many apples does Ruth end with?,"<<Passage>>Ruth starts with 89 apples weighing 50 kg. She shares 5 apples with Peter, now the apples weigh 55 kg.<<Question>> How many apples does Ruth end with?",84.0,84.0,"Explanation: In order to find the total number of apples Ruth ends with, we subtract the number of apples she shared with Peter (5) from the total number of apples she started with (89). 89 - 5 equals 84."
"<<Passage>>For his car , Mike spent $ 118.54 on speakers and $ 106.33 on new tires . Mike wanted 3 CD 's for $ 4.58 but decided not to <<Question>> In total , how much did Mike spend on car parts ? ","<<Passage>>For his car weighing 1500 kg, Mike spent $ 118.54 on speakers and $ 106.33 on new tires. After the additions, the car now weighs 1600 kg. Mike wanted 3 CD 's for $ 4.58 but decided not to.<<Question>> In total , how much did Mike spend on car parts ? ",224.87,224.87,"Explanation: To find the total amount Mike spent on car parts, we add the cost of the speakers ($118.54) and the cost of the new tires ($106.33). 118.54 and 106.33 make 224.87."
"<<Passage>>After paying 6 dollars for the pie , Mary has 52 dollars , her friend has 43 dollars <<Question>> How much money did she have before buying the pie ? ","<<Passage>>After paying 6 dollars for the pie, Mary has 52 dollars, her friend has 43 dollars, and Mary's house, which has an area of 15 square meters, is located in the city center while her friend's house, with an area of 30 square meters, is in the suburbs.<<Question>> How much money did she have before buying the pie ? ",58.0,58.0,"Explanation: In order to find out how much money Mary had before buying the pie, we add the money Mary and her friend have after purchasing the pie along with the cost of the pie. This gives us 52 (Mary's money) + 43 (friend's money) + 6 (cost of pie) = 101. Therefore, Mary had a total of 101 dollars before buying the pie."
"<<Passage>> You want to give your baseball cards to your 5 best friends.  You have 455 baseball cards<<Question>> How many would each get, if you share them  equally?","<<Passage>>You want to give your baseball cards to your 5 best friends. The weight of the cards is 4000 pounds. You have 455 baseball cards. After giving some away, the weight of the remaining cards is 5000 pounds.<<Question>> How many would each get, if you share them  equally?",91.0,91.0,"Explanation: In order to find out how many baseball cards each friend would get, we divide the total number of baseball cards (455) by the number of friends (5). 455 divided by 5 equals 91."
<<Passage>> Megan has 19 seashells<<Question>> How many more seashells does she need to find to have 25 seashells in her collection?,"<<Passage>>Megan has 19 seashells that weigh 50 kg. Now, they weigh 100 kg.<<Question>> How many more seashells does she need to find to have 25 seashells in her collection?",6.0,6.0,"Explanation: In order to find out how many more seashells Megan needs to have 25 in her collection, we subtract the number of seashells she already has (19) from the total she wants (25). So, 25 minus 19 equals 6."
<<Passage>>Mary had 21 dimes and 38 pennies in her bank . Her dad borrowed 18 pennies from Mary <<Question>> How many pennies does she have now ? ,"<<Passage>>Mary, initially weighing 50 kg, had 21 dimes and 38 pennies in her bank. Her dad borrowed 18 pennies from Mary, after which she weighed 70 kg.<<Question>> How many pennies does she have now ? ",20.0,20.0,"Explanation: In order to find out how many pennies Mary has now, we subtract the number of pennies borrowed by her dad (18) from the total number of pennies she originally had (38). So, 38 - 18 equals 20."
