text,adv_text,label,label_id,reference
"Given the facts below, answer the question.

Facts:
Estelle rests in a shrub. Every bird either rests in a shrub or drinks from streams, but these activities can happen at different times or places. Estelle does not identify shelter. Estelle either identifies shelter or explores terrain. For any bird, it either finds food nearby or drinks from streams, but these activities can happen at different times or places. Estelle does not settle her nest. If Estelle either explores her terrain or knows her territory (but not both), then she will settle her nest. If a bird knows its territory and finds food nearby, then it lives locally. Estelle adapts to the changing seasons. Any bird that lives locally and adapts to the changing seasons is a non-migratory bird.

Question:
Based on the above information, is the following statement true, false, or uncertain? Either Estelle is a migratory bird or she is a non-migratory bird, but not both.

Options:
[""A) True"", ""B) False"", ""C) Uncertain""]","Given the facts below, answer the question.

Facts:
Any bird that lives locally and adapts to the changing seasons is a non-migratory bird. If Alexandria either explores her terrain or knows her territory (but not both), then she will settle her nest. Every bird that has a territory either defends its nest or lives locally (or both). Estelle does not identify shelter. If a bird knows its territory and finds food nearby, then it lives locally. Estelle drinks from streams if she lives near water. If Estelle either explores her terrain or knows her territory (but not both), then she will settle her nest. Estelle rests in a shrub. Alexandria does not settle her nest. Alexandria either identifies shelter or explores terrain. Estelle does not settle her nest. For any bird, it either finds food nearby or drinks from streams, but these activities can happen at different times or places. Alexandria adapts to the changing seasons. Saoirse rests in a shrub. Every bird either rests in a shrub or drinks from streams, but these activities can happen at different times or places. Estelle either identifies shelter or explores terrain. Saoirse does not identify shelter. Dexter crosses borders. Alexandria travels seasonally. Estelle adapts to the changing seasons.

Question:
Based on the above information, is the following statement true, false, or uncertain? Either Estelle is a migratory bird or she is a non-migratory bird, but not both.

Options:
[""A) True"", ""B) False"", ""C) Uncertain""]",C,2,"fact1: Estelle rests in a shrub.
rule: Every bird either rests in a shrub or drinks from streams, but these activities can happen at different times or places.
conclusion: Estelle does not drink from streams.
fact1: Estelle does not identify shelter.
rule: Estelle either identifies shelter or explores terrain.
conclusion: Estelle explores her terrain.
fact1: Estelle does not drink from streams.
rule: For any bird, it either finds food nearby or drinks from streams, but these activities can happen at different times or places.
conclusion: Estelle finds food nearby.
fact1: Estelle explores her terrain.
fact2: Estelle does not settle her nest.
rule: If Estelle either explores her terrain or knows her territory (but not both), then she will settle her nest.
conclusion: Estelle knows her territory.
fact1: Estelle knows her territory.
fact2: Estelle finds food nearby.
rule: If a bird knows its territory and finds food nearby, then it lives locally.
conclusion: Estelle lives locally.
fact1: Estelle lives locally.
fact2: Estelle adapts to the changing seasons.
rule: Any bird that lives locally and adapts to the changing seasons is a non-migratory bird.
conclusion: Estelle is a non-migratory bird.

According to the context and the conclusions that have already been drawn, we can deduce that it is uncertain that Either Estelle is a migratory bird or she is a non-migratory bird, but not both. The correct option is: C."
"Given the facts below, answer the question.

Facts:
Cinnamon has natural ability. Cinnamon either relies on natural ability or performs complex tasks through training, but not both. Cinnamon is well cared for. Cinnamon does not have high energy. If Cinnamon is well cared for, then she either has a good temperament or has high energy (but not both). Cinnamon does not enjoy exercise. Every horse enjoys exercise or has a strong bond with its owner. Cinnamon remains calm. If a horse learns quickly and remains calm, then it can perform complex tasks. Every horse with a good temperament either learns quickly or responds to cues (or both). If a horse has a strong bond with its owner, then it trusts its owner. All horses that trust their owner and respond to cues can have patience and training. If Cinnamon has patience and training, then she can overcome physical limitations.

Question:
Based on the above information, is the following statement true, false, or uncertain? Cinnamon cannot overcome physical limitations.

Options:
[""A) True"", ""B) False"", ""C) Uncertain""]","Given the facts below, answer the question.

Facts:
Felipe remains calm. Kaiden does not enjoy exercise. Every horse enjoys exercise or has a strong bond with its owner. Felipe has natural ability. If Felipe has patience and training, then she can overcome physical limitations. Felipe does not have high energy. If Cinnamon has patience and training, then she can overcome physical limitations. Gary either relies on natural ability or performs complex tasks through training, but not both. If a horse has a strong bond with its owner, then it trusts its owner. Cinnamon does not enjoy exercise. All horses that trust their owner and respond to cues can have patience and training. Every horse with a good temperament either learns quickly or responds to cues (or both). Cinnamon is well cared for. Cinnamon either relies on natural ability or performs complex tasks through training, but not both. Gary is well cared for. Cinnamon remains calm. If Kaiden is well cared for, then she either has a good temperament or has high energy (but not both). Cinnamon does not have high energy. Cinnamon has natural ability. If a horse learns quickly and remains calm, then it can perform complex tasks. If Cinnamon is well cared for, then she either has a good temperament or has high energy (but not both).

Question:
Based on the above information, is the following statement true, false, or uncertain? Cinnamon cannot overcome physical limitations.

Options:
[""A) True"", ""B) False"", ""C) Uncertain""]",B,1,"fact1: Cinnamon has natural ability.
rule: Cinnamon either relies on natural ability or performs complex tasks through training, but not both.
conclusion: Cinnamon cannot perform complex tasks.
fact1: Cinnamon is well cared for.
fact2: Cinnamon does not have high energy.
rule: If Cinnamon is well cared for, then she either has a good temperament or has high energy (but not both).
conclusion: Cinnamon has a good temperament.
fact1: Cinnamon does not enjoy exercise.
rule: Every horse enjoys exercise or has a strong bond with its owner.
conclusion: Cinnamon has a strong bond with Emma.
fact1: Cinnamon remains calm.
fact2: Cinnamon cannot perform complex tasks.
rule: If a horse learns quickly and remains calm, then it can perform complex tasks.
conclusion: Cinnamon does not learn quickly.
fact1: Cinnamon has a good temperament.
fact2: Cinnamon does not learn quickly.
rule: Every horse with a good temperament either learns quickly or responds to cues (or both).
conclusion: Cinnamon responds to cues.
fact1: Cinnamon has a strong bond with Emma.
rule: If a horse has a strong bond with its owner, then it trusts its owner.
conclusion: Cinnamon trusts her owner.
fact1: Cinnamon trusts her owner.
fact2: Cinnamon responds to cues.
rule: All horses that trust their owner and respond to cues can have patience and training.
conclusion: Cinnamon has patience and training.
fact1: Cinnamon has patience and training.
rule: If Cinnamon has patience and training, then she can overcome physical limitations.
conclusion: Cinnamon cannot overcome physical limitations.

Therefore, it is false that Cinnamon cannot overcome physical limitations. The correct option is: B."
"Given the facts below, answer the question.

Facts:
Marcos writes prose. Marcos either writes prose or crafts poetry, but not both. Marcos does not have a creative soul. For all humans, if they either create masterpieces or craft poetry, then they have a creative soul. Marcos makes music. Marcos speaks the truth. If Marcos makes music, then he either conveys feelings or speaks the truth, but not both. Marcos tells stories. Anyone who tells stories either expresses emotions or conveys feelings. Marcos does not seek validation. For Marcos, seeking validation and being hopeful are mutually exclusive. If Marcos expresses emotions and is passionate, then he can create masterpieces. If Marcos is either pessimistic or hopeful (but not both), then he is passionate.

Question:
Based on the above information, is the following statement true, false, or uncertain? Marcos is pessimistic.

Options:
[""A) True"", ""B) False"", ""C) Uncertain""]","Given the facts below, answer the question.

Facts:
Marcos tells stories. Marcos speaks the truth. Marcos makes music. Marcos either writes prose or crafts poetry, but not both. Anyone who tells stories either expresses emotions or conveys feelings. If Marcos is either pessimistic or hopeful (but not both), then he is passionate. If Jemma makes music, then he either conveys feelings or speaks the truth, but not both. Cuteness speaks the truth. Jemma does not have a creative soul. Jemma makes music. Cuteness either writes prose or crafts poetry, but not both. If Marcos expresses emotions and is passionate, then he can create masterpieces. Cuteness writes prose. If Cuteness is either pessimistic or hopeful (but not both), then he is passionate. Marcos writes prose. If Bronson expresses emotions and is passionate, then he can create masterpieces. Marcos does not have a creative soul. For Marcos, seeking validation and being hopeful are mutually exclusive. Marcos does not seek validation. If Marcos makes music, then he either conveys feelings or speaks the truth, but not both. For all humans, if they either create masterpieces or craft poetry, then they have a creative soul.

Question:
Based on the above information, is the following statement true, false, or uncertain? Marcos is pessimistic.

Options:
[""A) True"", ""B) False"", ""C) Uncertain""]",A,0,"fact1: Marcos writes prose.
rule: Marcos either writes prose or crafts poetry, but not both.
conclusion: Marcos does not craft poetry.
fact1: Marcos does not craft poetry.
fact2: Marcos does not have a creative soul.
rule: For all humans, if they either create masterpieces or craft poetry, then they have a creative soul.
conclusion: Marcos does not create masterpieces.
fact1: Marcos makes music.
fact2: Marcos speaks the truth.
rule: If Marcos makes music, then he either conveys feelings or speaks the truth, but not both.
conclusion: Marcos does not convey feelings.
fact1: Marcos tells stories.
fact2: Marcos does not convey feelings.
rule: Anyone who tells stories either expresses emotions or conveys feelings.
conclusion: Marcos expresses emotions.
fact1: Marcos does not seek validation.
rule: For Marcos, seeking validation and being hopeful are mutually exclusive.
conclusion: Marcos is hopeful.
fact1: Marcos expresses emotions.
fact2: Marcos does not create masterpieces.
rule: If Marcos expresses emotions and is passionate, then he can create masterpieces.
conclusion: Marcos is not passionate.
fact1: Marcos is hopeful.
fact2: Marcos is not passionate.
rule: If Marcos is either pessimistic or hopeful (but not both), then he is passionate.
conclusion: Marcos is pessimistic.

Therefore, it is true that Marcos is pessimistic. The correct option is: A."
"Given the facts below, answer the question.

Facts:
Timothy does not achieve success. If Timothy learns quickly, then he achieves success. Timothy values diversity. Timothy does not appreciate heritage. For anyone who values diversity and respects traditions, they appreciate heritage. If Timothy speaks foreign languages, then he learns quickly and adapts well. Timothy explores new places. If Timothy either speaks foreign languages or explores new places (but not both), then he travels abroad. If Timothy travels abroad, then he either respects the local traditions or is culturally sensitive (or both). For every person Timothy met, they were either culturally sensitive or culturally insensitive, but not both.

Question:
Based on the above information, is the following statement true, false, or uncertain? Timothy is culturally insensitive.

Options:
[""A) True"", ""B) False"", ""C) Uncertain""]","Given the facts below, answer the question.

Facts:
Timothy does not achieve success. For every person Timothy met, they were either culturally sensitive or culturally insensitive, but not both. If Mina speaks foreign languages, then he learns quickly and adapts well. If Timothy learns quickly, then he achieves success. For every person Maria met, they were either culturally sensitive or culturally insensitive, but not both. If Maria learns quickly, then he achieves success. If Timothy travels abroad, then he either respects the local traditions or is culturally sensitive (or both). Mina does not achieve success. Timothy explores new places. If Timothy either speaks foreign languages or explores new places (but not both), then he travels abroad. If Timothy speaks foreign languages, then he learns quickly and adapts well. For anyone who values diversity and respects traditions, they appreciate heritage. Timothy does not appreciate heritage. Timothy values diversity. Simon thrives in new situations. Maria does not appreciate heritage. Maria explores new places. Simon values diversity.

Question:
Based on the above information, is the following statement true, false, or uncertain? Timothy is culturally insensitive.

Options:
[""A) True"", ""B) False"", ""C) Uncertain""]",B,1,"fact1: Timothy does not achieve success.
rule: If Timothy learns quickly, then he achieves success.
conclusion: Timothy does not learn quickly.
fact1: Timothy values diversity.
fact2: Timothy does not appreciate heritage.
rule: For anyone who values diversity and respects traditions, they appreciate heritage.
conclusion: Timothy does not respect the local traditions.
fact1: Timothy does not learn quickly.
rule: If Timothy speaks foreign languages, then he learns quickly and adapts well.
conclusion: Timothy does not speak foreign languages.
fact1: Timothy does not speak foreign languages.
fact2: Timothy explores new places.
rule: If Timothy either speaks foreign languages or explores new places (but not both), then he travels abroad.
conclusion: Timothy travels abroad.
fact1: Timothy travels abroad.
fact2: Timothy does not respect the local traditions.
rule: If Timothy travels abroad, then he either respects the local traditions or is culturally sensitive (or both).
conclusion: Timothy is culturally sensitive.
fact1: Timothy is culturally sensitive.
rule: For every person Timothy met, they were either culturally sensitive or culturally insensitive, but not both.
conclusion: Timothy is culturally insensitive.

Therefore, it is false that Timothy is culturally insensitive. The correct option is: B."
"Given the facts below, answer the question.

Facts:
Dominic pursues physical activities. Dominic does not build confidence. If Dominic pursues physical activities, then he either builds confidence or engages in sports (or both). Dominic does not maintain good health. Everyone who engages in sports either maintains good health or stays active (or both). Dominic pursues new challenges. Dominic either retires early or pursues new challenges, but not both. Dominic either becomes a champion or retires early, but not both.

Question:
Based on the above information, is the following statement true, false, or uncertain? Dominic has natural talent.

Options:
[""A) True"", ""B) False"", ""C) Uncertain""]","Given the facts below, answer the question.

Facts:
If Hotness pursues physical activities, then he either builds confidence or engages in sports (or both). Maxine does not build confidence. Dominic either retires early or pursues new challenges, but not both. Maxine pursues new challenges. Jayce either becomes a champion or retires early, but not both. Dominic does not maintain good health. Dominic does not build confidence. Jayce pursues physical activities. If Dominic pursues physical activities, then he either builds confidence or engages in sports (or both). If Hotness plays netball and has natural talent, then he can become a champion. Everyone who engages in sports either maintains good health or stays active (or both). If Dominic sets goals, then he works hard and stays active. If Dominic joins local teams, then he plays netball and excels in competition. Hotness either retires early or pursues new challenges, but not both. Dominic pursues physical activities. Dominic watches games or engages in sports. Dominic pursues new challenges. Hotness does not maintain good health. Dominic either becomes a champion or retires early, but not both.

Question:
Based on the above information, is the following statement true, false, or uncertain? Dominic has natural talent.

Options:
[""A) True"", ""B) False"", ""C) Uncertain""]",C,2,"fact1: Dominic pursues physical activities.
fact2: Dominic does not build confidence.
rule: If Dominic pursues physical activities, then he either builds confidence or engages in sports (or both).
conclusion: Dominic engages in sports.
fact1: Dominic engages in sports.
fact2: Dominic does not maintain good health.
rule: Everyone who engages in sports either maintains good health or stays active (or both).
conclusion: Dominic stays active.
fact1: Dominic pursues new challenges.
rule: Dominic either retires early or pursues new challenges, but not both.
conclusion: Dominic does not retire early.
fact1: Dominic does not retire early.
rule: Dominic either becomes a champion or retires early, but not both.
conclusion: Dominic becomes a champion.

According to the context and the conclusions that have already been drawn, we can deduce that it is uncertain that Dominic has natural talent. The correct option is: C."
"Given the facts below, answer the question.

Facts:
Schmoopy protects her territory. Schmoopy either protects her territory or shows loyalty, but not both. Schmoopy does not receive affection. Any cat that snuggles close or shows loyalty will receive affection. Schmoopy loves attention. Every cat that loves attention either pursues toys or snuggles close (or both). Schmoopy has good vision. Schmoopy is not nocturnal. If Schmoopy has good vision, then she is either nocturnal or active at night, but not both. All cats that are active at night have sharp reflexes and pursue toys. Schmoopy is either curious or has sharp reflexes, but not necessarily both. Every cat is affectionate or curious (or both).

Question:
Based on the above information, is the following statement true, false, or uncertain? Schmoopy is not playful.

Options:
[""A) True"", ""B) False"", ""C) Uncertain""]","Given the facts below, answer the question.

Facts:
Axl does not receive affection. Schmoopy is either curious or has sharp reflexes, but not necessarily both. If Schmoopy has good vision, then she is either nocturnal or active at night, but not both. Axl either protects her territory or shows loyalty, but not both. All cats that are active at night have sharp reflexes and pursue toys. Every cat that loves attention either pursues toys or snuggles close (or both). Schmoopy has good vision. Schmoopy does not receive affection. Schmoopy is not nocturnal. Every cat is affectionate or curious (or both). Any cat that snuggles close or shows loyalty will receive affection. Schmoopy loves attention. If Gatlin has good vision, then she is either nocturnal or active at night, but not both. Schmoopy either protects her territory or shows loyalty, but not both. Schmoopy protects her territory.

Question:
Based on the above information, is the following statement true, false, or uncertain? Schmoopy is not playful.

Options:
[""A) True"", ""B) False"", ""C) Uncertain""]",C,2,"fact1: Schmoopy protects her territory.
rule: Schmoopy either protects her territory or shows loyalty, but not both.
conclusion: Schmoopy does not show loyalty.
fact1: Schmoopy does not show loyalty.
fact2: Schmoopy does not receive affection.
rule: Any cat that snuggles close or shows loyalty will receive affection.
conclusion: Schmoopy does not snuggle close.
fact1: Schmoopy loves attention.
fact2: Schmoopy does not snuggle close.
rule: Every cat that loves attention either pursues toys or snuggles close (or both).
conclusion: Schmoopy pursues toys.
fact1: Schmoopy has good vision.
fact2: Schmoopy is not nocturnal.
rule: If Schmoopy has good vision, then she is either nocturnal or active at night, but not both.
conclusion: Schmoopy is active at night.
fact1: Schmoopy is active at night.
fact2: Schmoopy pursues toys.
rule: All cats that are active at night have sharp reflexes and pursue toys.
conclusion: Schmoopy has sharp reflexes.
fact1: Schmoopy has sharp reflexes.
rule: Schmoopy is either curious or has sharp reflexes, but not necessarily both.
conclusion: Schmoopy is not curious.
fact1: Schmoopy is not curious.
rule: Every cat is affectionate or curious (or both).
conclusion: Schmoopy is affectionate.

According to the context and the conclusions that have already been drawn, we can deduce that it is uncertain that Schmoopy is not playful. The correct option is: C."
"Given the facts below, answer the question.

Facts:
Queenie pursues her passions. If Queenie pursues her passions, then she thinks critically and values independence. Queenie has good self-care. Queenie does not trust her intuition. If Queenie has good self-care, then she either trusts her intuition or loves unconditionally (but not both). Queenie respects her own boundaries. Anyone who respects their own boundaries accepts themselves. Queenie does not express authenticity. Queenie expresses authenticity or embraces individuality. If Queenie values independence, then she either practices self-love or embraces individuality, but not both.

Question:
Based on the above information, is the following statement true, false, or uncertain? Queenie does not inspire others.

Options:
[""A) True"", ""B) False"", ""C) Uncertain""]","Given the facts below, answer the question.

Facts:
Queenie does not express authenticity. Queenie does not trust her intuition. Thea does not trust her intuition. If Queenie values independence, then she either practices self-love or embraces individuality, but not both. If Drew either accepts herself or loves unconditionally (but not both), then she feels emotionally free. Queenie respects her own boundaries. Thea has good self-care. If Drew practices self-love, then she feels emotionally free and inspires others. If Queenie pursues her passions, then she thinks critically and values independence. If Queenie has good self-care, then she either trusts her intuition or loves unconditionally (but not both). Queenie pursues her passions. If Londyn has good self-care, then she either trusts her intuition or loves unconditionally (but not both). If Drew values independence, then she either practices self-love or embraces individuality, but not both. Thea pursues her passions. Queenie expresses authenticity or embraces individuality. Drew respects her own boundaries. Queenie has good self-care. If Londyn pursues her passions, then she thinks critically and values independence. Anyone who respects their own boundaries accepts themselves.

Question:
Based on the above information, is the following statement true, false, or uncertain? Queenie does not inspire others.

Options:
[""A) True"", ""B) False"", ""C) Uncertain""]",C,2,"fact1: Queenie pursues her passions.
rule: If Queenie pursues her passions, then she thinks critically and values independence.
conclusion: Queenie values independence.
fact1: Queenie has good self-care.
fact2: Queenie does not trust her intuition.
rule: If Queenie has good self-care, then she either trusts her intuition or loves unconditionally (but not both).
conclusion: Queenie loves unconditionally.
fact1: Queenie respects her own boundaries.
rule: Anyone who respects their own boundaries accepts themselves.
conclusion: Queenie accepts herself.
fact1: Queenie does not express authenticity.
rule: Queenie expresses authenticity or embraces individuality.
conclusion: Queenie embraces individuality.
fact1: Queenie values independence.
fact2: Queenie embraces individuality.
rule: If Queenie values independence, then she either practices self-love or embraces individuality, but not both.
conclusion: Queenie does not practice self-love.

According to the context and the conclusions that have already been drawn, we can deduce that it is uncertain that Queenie does not inspire others. The correct option is: C."
"Given the facts below, answer the question.

Facts:
Clementine does not avoid confrontation. Clementine either has strong convictions or avoids confrontation, but not both. Clementine is prepared. If Clementine is prepared, then she will either have strong convictions or perform well, but not both. Clementine pursues truth. If Clementine pursues truth, then she builds a reputation and is an experienced journalist. If someone stays calm under pressure, then they will perform well. If Clementine is an experienced journalist, then she is either able to stay calm under pressure or think quickly, but not both. For all humans, if they think quickly, then they can handle pressing situations.

Question:
Based on the above information, is the following statement true, false, or uncertain? Clementine can handle pressing situations.

Options:
[""A) True"", ""B) False"", ""C) Uncertain""]","Given the facts below, answer the question.

Facts:
Clementine is prepared. If Trey is prepared, then she will either have strong convictions or perform well, but not both. For all humans, if they think quickly, then they can handle pressing situations. If Cookie is an experienced journalist, then she is either able to stay calm under pressure or think quickly, but not both. If Trey pursues truth, then she builds a reputation and is an experienced journalist. Clementine does not avoid confrontation. If Clementine is prepared, then she will either have strong convictions or perform well, but not both. If Clementine pursues truth, then she builds a reputation and is an experienced journalist. Clementine pursues truth. If someone stays calm under pressure, then they will perform well. Cookie either has strong convictions or avoids confrontation, but not both. Cookie pursues truth. Alina does not avoid confrontation. Clementine either has strong convictions or avoids confrontation, but not both. Cookie is prepared. If Clementine is an experienced journalist, then she is either able to stay calm under pressure or think quickly, but not both.

Question:
Based on the above information, is the following statement true, false, or uncertain? Clementine can handle pressing situations.

Options:
[""A) True"", ""B) False"", ""C) Uncertain""]",A,0,"fact1: Clementine does not avoid confrontation.
rule: Clementine either has strong convictions or avoids confrontation, but not both.
conclusion: Clementine has strong convictions.
fact1: Clementine is prepared.
fact2: Clementine has strong convictions.
rule: If Clementine is prepared, then she will either have strong convictions or perform well, but not both.
conclusion: Clementine does not perform well.
fact1: Clementine pursues truth.
rule: If Clementine pursues truth, then she builds a reputation and is an experienced journalist.
conclusion: Clementine is an experienced journalist.
fact1: Clementine does not perform well.
rule: If someone stays calm under pressure, then they will perform well.
conclusion: Clementine is not able to stay calm under pressure.
fact1: Clementine is an experienced journalist.
fact2: Clementine is not able to stay calm under pressure.
rule: If Clementine is an experienced journalist, then she is either able to stay calm under pressure or think quickly, but not both.
conclusion: Clementine thinks quickly.
fact1: Clementine thinks quickly.
rule: For all humans, if they think quickly, then they can handle pressing situations.
conclusion: Clementine can handle pressing situations.

Therefore, it is true that Clementine can handle pressing situations. The correct option is: A."
"Given the facts below, answer the question.

Facts:
Dr. Amaia Hernandez does not examine fossil records. Every paleontologist either examines fossil records or is passionate about evolution. Amaia does not have international recognition. Amaia does not make breakthroughs. If Dr. Amaia Hernandez receives accolades, then she either has international recognition or makes breakthroughs (but not both). If Dr. Amaia Hernandez is passionate about evolution, then she studies transition fossils and publishes research. Amaia does not advance knowledge. If Dr. Amaia Hernandez is either a leading expert or receives accolades (but not both), then she advances knowledge. If Dr. Amaia Hernandez studies transition fossils and discovers complete skeletons, then she is a leading expert.

Question:
Based on the above information, is the following statement true, false, or uncertain? Dr. Amaia Hernandez does not discover complete skeletons.

Options:
[""A) True"", ""B) False"", ""C) Uncertain""]","Given the facts below, answer the question.

Facts:
If Dr. Amaia Hernandez is passionate about evolution, then she studies transition fossils and publishes research. Freyja does not have international recognition. Freyja Hernandez does not attend conferences. Freyja Hernandez does not analyze fossil data. If Dr. Brynn Hernandez studies transition fossils and discovers complete skeletons, then she is a leading expert. If Dr. Amaia Hernandez receives accolades, then she either has international recognition or makes breakthroughs (but not both). If Dr. Amaia Hernandez studies transition fossils and discovers complete skeletons, then she is a leading expert. If Dr. Freyja Hernandez either analyzes fossil data or attends conferences (but not both), then she publishes research. Amaia does not have international recognition. Amaia does not make breakthroughs. Anastasia does not advance knowledge. Amaia does not advance knowledge. Every paleontologist either examines fossil records or is passionate about evolution. Dr. Freyja Hernandez does not examine fossil records. If Dr. Anastasia Hernandez receives accolades, then she either has international recognition or makes breakthroughs (but not both). Dr. Amaia Hernandez does not examine fossil records. If Dr. Freyja Hernandez is passionate about evolution, then she studies transition fossils and publishes research. Anastasia does not make breakthroughs. If Dr. Anastasia Hernandez is either a leading expert or receives accolades (but not both), then she advances knowledge. If Dr. Amaia Hernandez is either a leading expert or receives accolades (but not both), then she advances knowledge.

Question:
Based on the above information, is the following statement true, false, or uncertain? Dr. Amaia Hernandez does not discover complete skeletons.

Options:
[""A) True"", ""B) False"", ""C) Uncertain""]",A,0,"fact1: Dr. Amaia Hernandez does not examine fossil records.
rule: Every paleontologist either examines fossil records or is passionate about evolution.
conclusion: Amaia is passionate about evolution.
fact1: Amaia does not have international recognition.
fact2: Amaia does not make breakthroughs.
rule: If Dr. Amaia Hernandez receives accolades, then she either has international recognition or makes breakthroughs (but not both).
conclusion: Amaia does not receive accolades.
fact1: Amaia is passionate about evolution.
rule: If Dr. Amaia Hernandez is passionate about evolution, then she studies transition fossils and publishes research.
conclusion: Dr. Amaia Hernandez studies transition fossils.
fact1: Amaia does not receive accolades.
fact2: Amaia does not advance knowledge.
rule: If Dr. Amaia Hernandez is either a leading expert or receives accolades (but not both), then she advances knowledge.
conclusion: Dr. Amaia Hernandez is not a leading expert.
fact1: Dr. Amaia Hernandez studies transition fossils.
fact2: Dr. Amaia Hernandez is not a leading expert.
rule: If Dr. Amaia Hernandez studies transition fossils and discovers complete skeletons, then she is a leading expert.
conclusion: Dr. Amaia Hernandez does not discover complete skeletons.

Therefore, it is true that Dr. Amaia Hernandez does not discover complete skeletons. The correct option is: A."
"Given the facts below, answer the question.

Facts:
Alvaro does not produce original art. If Alvaro thinks outside the box, then he produces original art. Alvaro thinks outside the box or is innovative. Alvaro works hard. Anyone who works hard or sets goals has dedication. Alvaro does not achieve success. If someone gains recognition and has dedication, then they achieve success. If Alvaro follows his passion, then he creates unique work and gains recognition.

Question:
Based on the above information, is the following statement true, false, or uncertain? Alvaro does not follow his passion.

Options:
[""A) True"", ""B) False"", ""C) Uncertain""]","Given the facts below, answer the question.

Facts:
Alvaro does not produce original art. Anyone who works hard or sets goals has dedication. If Alvaro follows his passion, then he creates unique work and gains recognition. Alvaro does not achieve success. If someone gains recognition and has dedication, then they achieve success. Alvaro works hard. Aliyah does not produce original art. Alvaro thinks outside the box or is innovative. If Nathalia thinks outside the box, then he produces original art. Aliyah does not achieve success. If Alvaro thinks outside the box, then he produces original art. Aliyah works hard. Aliyah thinks outside the box or is innovative. If Nathalia follows his passion, then he creates unique work and gains recognition.

Question:
Based on the above information, is the following statement true, false, or uncertain? Alvaro does not follow his passion.

Options:
[""A) True"", ""B) False"", ""C) Uncertain""]",A,0,"fact1: Alvaro does not produce original art.
rule: If Alvaro thinks outside the box, then he produces original art.
conclusion: Alvaro does not think outside the box.
fact1: Alvaro does not think outside the box.
rule: Alvaro thinks outside the box or is innovative.
conclusion: Alvaro is innovative.
fact1: Alvaro works hard.
rule: Anyone who works hard or sets goals has dedication.
conclusion: Alvaro has dedication.
fact1: Alvaro has dedication.
fact2: Alvaro does not achieve success.
rule: If someone gains recognition and has dedication, then they achieve success.
conclusion: Alvaro does not gain recognition.
fact1: Alvaro does not gain recognition.
rule: If Alvaro follows his passion, then he creates unique work and gains recognition.
conclusion: Alvaro does not follow his passion.

Therefore, it is true that Alvaro does not follow his passion. The correct option is: A."
"Given the facts below, answer the question.

Facts:
Katherine receives awards. Katherine earns recognition. If Katherine contributes to science, then she either receives awards or earns recognition (but not both). Katherine leads by example. Katherine does not build trust. Everyone who leads by example either builds trust or has integrity (or both). Katherine collects data. Katherine does not advance knowledge. If Katherine either collects data or conducts research (but not both), then she advances knowledge. Katherine does not inspire others. Anyone who gains respect and has integrity can inspire others. For anyone who conducts research and achieves breakthroughs, they contribute to science. If Katherine can face adversity, then she can either gain respect or achieve breakthroughs, but not both.

Question:
Based on the above information, is the following statement true, false, or uncertain? Katherine cannot face adversity.

Options:
[""A) True"", ""B) False"", ""C) Uncertain""]","Given the facts below, answer the question.

Facts:
Katherine collects data. Katherine leads by example. Katherine does not build trust. Katherine does not advance knowledge. Katherine earns recognition. Katherine receives awards. Anyone who gains respect and has integrity can inspire others. If Katherine either collects data or conducts research (but not both), then she advances knowledge. For anyone who conducts research and achieves breakthroughs, they contribute to science. Everyone who leads by example either builds trust or has integrity (or both). If Katherine can face adversity, then she can either gain respect or achieve breakthroughs, but not both. If Katherine contributes to science, then she either receives awards or earns recognition (but not both). Katherine does not inspire others. If Elia contributes to science, then she either receives awards or earns recognition (but not both).

Question:
Based on the above information, is the following statement true, false, or uncertain? Katherine cannot face adversity.

Options:
[""A) True"", ""B) False"", ""C) Uncertain""]",A,0,"fact1: Katherine receives awards.
fact2: Katherine earns recognition.
rule: If Katherine contributes to science, then she either receives awards or earns recognition (but not both).
conclusion: Katherine does not contribute to science.
fact1: Katherine leads by example.
fact2: Katherine does not build trust.
rule: Everyone who leads by example either builds trust or has integrity (or both).
conclusion: Katherine has integrity.
fact1: Katherine collects data.
fact2: Katherine does not advance knowledge.
rule: If Katherine either collects data or conducts research (but not both), then she advances knowledge.
conclusion: Katherine conducts research.
fact1: Katherine has integrity.
fact2: Katherine does not inspire others.
rule: Anyone who gains respect and has integrity can inspire others.
conclusion: Katherine does not gain respect.
fact1: Katherine conducts research.
fact2: Katherine does not contribute to science.
rule: For anyone who conducts research and achieves breakthroughs, they contribute to science.
conclusion: Katherine does not achieve breakthroughs.
fact1: Katherine does not gain respect.
fact2: Katherine does not achieve breakthroughs.
rule: If Katherine can face adversity, then she can either gain respect or achieve breakthroughs, but not both.
conclusion: Katherine cannot face adversity.

Therefore, it is true that Katherine cannot face adversity. The correct option is: A."
"Given the facts below, answer the question.

Facts:
Archie has charisma. Archie is deceptive. If Archie has charisma, then he is either an honest person or deceptive, but not both. Archie does not have good intentions. If Archie helps others, then he has good intentions and is reliable. Archie does not build relationships. Archie builds relationships or manipulates others. Archie does not achieve success. If Archie either manipulates others or has a cunning nature, then he achieves success. If Archie has a cunning nature, then he is either a skilled fabricator or an honest person, but not both. Archie either helps others or pursues selfish goals. For Archie, either he pursues selfish goals or uses his skills for the greater good, but it's not necessarily both. If Archie is a skilled fabricator, then he either uses his skills for good or gets caught by authorities (or both).

Question:
Based on the above information, is the following statement true, false, or uncertain? Archie does not get caught by authorities.

Options:
[""A) True"", ""B) False"", ""C) Uncertain""]","Given the facts below, answer the question.

Facts:
Archie does not have good intentions. If Archie either manipulates others or has a cunning nature, then he achieves success. If Archie has a cunning nature, then he is either a skilled fabricator or an honest person, but not both. Vincenzo either helps others or pursues selfish goals. Archie does not build relationships. Lina keeps promises. Vincenzo earns trust. Archie has charisma. For Archie, either he pursues selfish goals or uses his skills for the greater good, but it's not necessarily both. If Archie has charisma, then he is either an honest person or deceptive, but not both. Eliana does not achieve success. Archie does not achieve success. If Vincenzo either manipulates others or has a cunning nature, then he achieves success. Archie either helps others or pursues selfish goals. If Archie helps others, then he has good intentions and is reliable. If Archie is a skilled fabricator, then he either uses his skills for good or gets caught by authorities (or both). If Lina is a skilled fabricator, then he either uses his skills for good or gets caught by authorities (or both). Archie builds relationships or manipulates others. Archie is deceptive. Lina does not have good intentions. If Lina has a cunning nature, then he is either a skilled fabricator or an honest person, but not both. If Vincenzo is either reliable or keeps promises (but not both), then he earns trust. Vincenzo builds relationships or manipulates others. Lina is deceptive.

Question:
Based on the above information, is the following statement true, false, or uncertain? Archie does not get caught by authorities.

Options:
[""A) True"", ""B) False"", ""C) Uncertain""]",B,1,"fact1: Archie has charisma.
fact2: Archie is deceptive.
rule: If Archie has charisma, then he is either an honest person or deceptive, but not both.
conclusion: Archie is not an honest person.
fact1: Archie does not have good intentions.
rule: If Archie helps others, then he has good intentions and is reliable.
conclusion: Archie does not help others.
fact1: Archie does not build relationships.
rule: Archie builds relationships or manipulates others.
conclusion: Archie manipulates others.
fact1: Archie manipulates others.
fact2: Archie does not achieve success.
rule: If Archie either manipulates others or has a cunning nature, then he achieves success.
conclusion: Archie has a cunning nature.
fact1: Archie has a cunning nature.
fact2: Archie is not an honest person.
rule: If Archie has a cunning nature, then he is either a skilled fabricator or an honest person, but not both.
conclusion: Archie is a skilled fabricator.
fact1: Archie does not help others.
rule: Archie either helps others or pursues selfish goals.
conclusion: Archie pursues selfish goals.
fact1: Archie pursues selfish goals.
rule: For Archie, either he pursues selfish goals or uses his skills for the greater good, but it's not necessarily both.
conclusion: Archie does not use his skills for good.
fact1: Archie is a skilled fabricator.
fact2: Archie does not use his skills for good.
rule: If Archie is a skilled fabricator, then he either uses his skills for good or gets caught by authorities (or both).
conclusion: Archie does not get caught by authorities.

Therefore, it is false that Archie does not get caught by authorities. The correct option is: B."
"Given the facts below, answer the question.

Facts:
Augustine will not stay motivated. If Augustine faces skepticism, then he will stay motivated. Augustine has strong support. Augustine stays focused. If Augustine overcomes obstacles, then he either has strong support or stays focused, but not both. Augustine does not gain recognition. If Augustine works hard or achieves success, then he will gain recognition. If someone either overcomes obstacles or remains undeterred, then they achieve success. Augustine either makes significant discoveries or remains undeterred, but not both.

Question:
Based on the above information, is the following statement true, false, or uncertain? Augustine pursues groundbreaking research.

Options:
[""A) True"", ""B) False"", ""C) Uncertain""]","Given the facts below, answer the question.

Facts:
If Augustine works hard or achieves success, then he will gain recognition. If Augustine faces skepticism, then he will stay motivated. Augustine either makes significant discoveries or remains undeterred, but not both. If Augustine overcomes obstacles, then he either has strong support or stays focused, but not both. Augustine will not stay motivated. Augustine stays focused. Amaya does not gain recognition. If someone either overcomes obstacles or remains undeterred, then they achieve success. Amaya either makes significant discoveries or remains undeterred, but not both. Augustine does not gain recognition. Augustine has strong support.

Question:
Based on the above information, is the following statement true, false, or uncertain? Augustine pursues groundbreaking research.

Options:
[""A) True"", ""B) False"", ""C) Uncertain""]",C,2,"fact1: Augustine will not stay motivated.
rule: If Augustine faces skepticism, then he will stay motivated.
conclusion: Augustine does not face skepticism.
fact1: Augustine has strong support.
fact2: Augustine stays focused.
rule: If Augustine overcomes obstacles, then he either has strong support or stays focused, but not both.
conclusion: Augustine does not overcome obstacles.
fact1: Augustine does not gain recognition.
rule: If Augustine works hard or achieves success, then he will gain recognition.
conclusion: Augustine does not achieve success.
fact1: Augustine does not overcome obstacles.
fact2: Augustine does not achieve success.
rule: If someone either overcomes obstacles or remains undeterred, then they achieve success.
conclusion: Augustine does not remain undeterred.
fact1: Augustine does not remain undeterred.
rule: Augustine either makes significant discoveries or remains undeterred, but not both.
conclusion: Augustine makes significant discoveries.

According to the context and the conclusions that have already been drawn, we can deduce that it is uncertain that Augustine pursues groundbreaking research. The correct option is: C."
"Given the facts below, answer the question.

Facts:
Keith pursues wealth. For Keith, remaining humble and pursuing wealth are mutually exclusive. Keith seeks power. For Keith, gaining trust and seeking power are mutually exclusive. For Keith, remaining humble and becoming influential are mutually exclusive. Anyone who shows loyalty or demonstrates integrity gains trust. Keith holds high office. Keith possesses strategic insight. If Keith holds high office, then he either possesses strategic insight or makes wise decisions, but not both. For all humans, if someone is a trusted advisor, then they make wise decisions and earn respect.

Question:
Based on the above information, is the following statement true, false, or uncertain? Keith is a trusted advisor.

Options:
[""A) True"", ""B) False"", ""C) Uncertain""]","Given the facts below, answer the question.

Facts:
Keith possesses strategic insight. For Keith, remaining humble and becoming influential are mutually exclusive. If Keith holds high office, then he either possesses strategic insight or makes wise decisions, but not both. Keith seeks power. For Keith, gaining trust and seeking power are mutually exclusive. Presley possesses strategic insight. Anyone who shows loyalty or demonstrates integrity gains trust. For all humans, if someone is a trusted advisor, then they make wise decisions and earn respect. Keith holds high office. For Keith, remaining humble and pursuing wealth are mutually exclusive. Keith pursues wealth. Presley is generous. If Ducky either earns respect or gains recognition (but not both), then he becomes influential.

Question:
Based on the above information, is the following statement true, false, or uncertain? Keith is a trusted advisor.

Options:
[""A) True"", ""B) False"", ""C) Uncertain""]",B,1,"fact1: Keith pursues wealth.
rule: For Keith, remaining humble and pursuing wealth are mutually exclusive.
conclusion: Keith does not remain humble.
fact1: Keith seeks power.
rule: For Keith, gaining trust and seeking power are mutually exclusive.
conclusion: Keith does not gain trust.
fact1: Keith does not remain humble.
rule: For Keith, remaining humble and becoming influential are mutually exclusive.
conclusion: Keith becomes influential.
fact1: Keith does not gain trust.
rule: Anyone who shows loyalty or demonstrates integrity gains trust.
conclusion: Keith does not demonstrate integrity.
fact1: Keith holds high office.
fact2: Keith possesses strategic insight.
rule: If Keith holds high office, then he either possesses strategic insight or makes wise decisions, but not both.
conclusion: Keith does not make wise decisions.
fact1: Keith does not make wise decisions.
rule: For all humans, if someone is a trusted advisor, then they make wise decisions and earn respect.
conclusion: Keith is a trusted advisor.

Therefore, it is false that Keith is a trusted advisor. The correct option is: B."
"Given the facts below, answer the question.

Facts:
Lucas has a good memory. Lucas does not learn quickly. If someone is innovative and has a good memory, then they learn quickly. Lucas is innovative or thinks outside the box. Lucas is experienced. Lucas is not confident. If Lucas is experienced, then he is either confident or performs well, but not both. Anyone who performs well or has creativity is talented.

Question:
Based on the above information, is the following statement true, false, or uncertain? Lucas is charismatic.

Options:
[""A) True"", ""B) False"", ""C) Uncertain""]","Given the facts below, answer the question.

Facts:
If someone is innovative and has a good memory, then they learn quickly. Lucas has a good memory. Lucas is experienced. If Lucas is experienced, then he is either confident or performs well, but not both. Lucas is not confident. Anyone who performs well or has creativity is talented. Jaylen is talented or charismatic (or both). Lucas does not learn quickly. Lucas is innovative or thinks outside the box.

Question:
Based on the above information, is the following statement true, false, or uncertain? Lucas is charismatic.

Options:
[""A) True"", ""B) False"", ""C) Uncertain""]",C,2,"fact1: Lucas has a good memory.
fact2: Lucas does not learn quickly.
rule: If someone is innovative and has a good memory, then they learn quickly.
conclusion: Lucas is not innovative.
fact1: Lucas is not innovative.
rule: Lucas is innovative or thinks outside the box.
conclusion: Lucas thinks outside the box.
fact1: Lucas is experienced.
fact2: Lucas is not confident.
rule: If Lucas is experienced, then he is either confident or performs well, but not both.
conclusion: Lucas performs well.
fact1: Lucas performs well.
rule: Anyone who performs well or has creativity is talented.
conclusion: Lucas is talented.

According to the context and the conclusions that have already been drawn, we can deduce that it is uncertain that Lucas is charismatic. The correct option is: C."
"Given the facts below, answer the question.

Facts:
Soleil does not crave magic. Soleil does not prosper magically. If Soleil either craves magic or seeks nourishment (but not both), then she will prosper magically. Soleil does not thrive in nature. If Soleil prioritizes survival or seeks nourishment, then she will thrive in nature. Soleil does not avoid predators. If Soleil either seeks shelter or avoids predators (but not both), then she prioritizes survival. Soleil is not vulnerable. If Soleil has a mortal form, then she is vulnerable. Soleil feels weak. For all mythical creatures, if they require rest and feel weak, then they will seek shelter. Soleil lacks nourishment. If Soleil either cannot revive others or lacks nourishment, then she is in need of rest. If Soleil cannot revive others, then she is either undead or has a mortal form. If Soleil is undead, then she lacks healing powers. For every mythical creature, either the creature has healing powers or the creature lacks healing powers, but not both.

Question:
Based on the above information, is the following statement true, false, or uncertain? Soleil lacks healing powers.

Options:
[""A) True"", ""B) False"", ""C) Uncertain""]","Given the facts below, answer the question.

Facts:
Priscilla does not thrive in nature. If Soleil has a mortal form, then she is vulnerable. Avayah is not vulnerable. For all mythical creatures, if they require rest and feel weak, then they will seek shelter. If Soleil prioritizes survival or seeks nourishment, then she will thrive in nature. Soleil is not vulnerable. Soleil does not prosper magically. If Soleil either craves magic or seeks nourishment (but not both), then she will prosper magically. Briggs does not avoid predators. Soleil does not thrive in nature. Avayah does not crave magic. Soleil feels weak. If Soleil cannot revive others, then she is either undead or has a mortal form. For every mythical creature, either the creature has healing powers or the creature lacks healing powers, but not both. Soleil lacks nourishment. Soleil does not crave magic. If Soleil is undead, then she lacks healing powers. Priscilla feels weak. If Avayah either cannot revive others or lacks nourishment, then she is in need of rest. If Priscilla cannot revive others, then she is either undead or has a mortal form. Briggs lacks nourishment. If Soleil either cannot revive others or lacks nourishment, then she is in need of rest. Soleil does not avoid predators. If Soleil either seeks shelter or avoids predators (but not both), then she prioritizes survival. If Priscilla has a mortal form, then she is vulnerable. Priscilla does not prosper magically. If Priscilla is undead, then she lacks healing powers.

Question:
Based on the above information, is the following statement true, false, or uncertain? Soleil lacks healing powers.

Options:
[""A) True"", ""B) False"", ""C) Uncertain""]",A,0,"fact1: Soleil does not crave magic.
fact2: Soleil does not prosper magically.
rule: If Soleil either craves magic or seeks nourishment (but not both), then she will prosper magically.
conclusion: Soleil does not seek nourishment.
fact1: Soleil does not seek nourishment.
fact2: Soleil does not thrive in nature.
rule: If Soleil prioritizes survival or seeks nourishment, then she will thrive in nature.
conclusion: Soleil does not prioritize survival.
fact1: Soleil does not avoid predators.
fact2: Soleil does not prioritize survival.
rule: If Soleil either seeks shelter or avoids predators (but not both), then she prioritizes survival.
conclusion: Soleil does not seek shelter.
fact1: Soleil is not vulnerable.
rule: If Soleil has a mortal form, then she is vulnerable.
conclusion: Soleil does not have a mortal form.
fact1: Soleil feels weak.
fact2: Soleil does not seek shelter.
rule: For all mythical creatures, if they require rest and feel weak, then they will seek shelter.
conclusion: Soleil does not require rest.
fact1: Soleil lacks nourishment.
fact2: Soleil does not require rest.
rule: If Soleil either cannot revive others or lacks nourishment, then she is in need of rest.
conclusion: Soleil cannot revive others.
fact1: Soleil cannot revive others.
fact2: Soleil does not have a mortal form.
rule: If Soleil cannot revive others, then she is either undead or has a mortal form.
conclusion: Soleil is undead.
fact1: Soleil is undead.
rule: If Soleil is undead, then she lacks healing powers.
conclusion: Soleil lacks healing powers.
fact1: Soleil lacks healing powers.
rule: For every mythical creature, either the creature has healing powers or the creature lacks healing powers, but not both.
conclusion: Soleil lacks healing powers.

Therefore, it is true that Soleil lacks healing powers. The correct option is: A."
"Given the facts below, answer the question.

Facts:
Andre is persuasive. Andre is not influential. If Andre is persuasive, then he is either influential or charismatic, but not both. Andre gains respect. If Andre has charisma, then he can either achieve fame or gain respect, but not both. Andre values freedom. Andre either values freedom or seeks thrills, but not both. Everyone pursues pleasure or seeks thrills. If Andre lives dangerously and pursues pleasure, then he can achieve fame.

Question:
Based on the above information, is the following statement true, false, or uncertain? If Andre is a skilled sailor, then he takes risks and earns notoriety.

Options:
[""A) True"", ""B) False"", ""C) Uncertain""]","Given the facts below, answer the question.

Facts:
Andre values freedom. If Andre has charisma, then he can either achieve fame or gain respect, but not both. Andre is persuasive. Andre gains respect. Ramon does not break rules. Everyone pursues pleasure or seeks thrills. Andre either values freedom or seeks thrills, but not both. Andre is not influential. If Andre is persuasive, then he is either influential or charismatic, but not both. If Andre lives dangerously and pursues pleasure, then he can achieve fame.

Question:
Based on the above information, is the following statement true, false, or uncertain? If Andre is a skilled sailor, then he takes risks and earns notoriety.

Options:
[""A) True"", ""B) False"", ""C) Uncertain""]",C,2,"fact1: Andre is persuasive.
fact2: Andre is not influential.
rule: If Andre is persuasive, then he is either influential or charismatic, but not both.
conclusion: Andre has charisma.
fact1: Andre has charisma.
fact2: Andre gains respect.
rule: If Andre has charisma, then he can either achieve fame or gain respect, but not both.
conclusion: Andre does not achieve fame.
fact1: Andre values freedom.
rule: Andre either values freedom or seeks thrills, but not both.
conclusion: Andre does not seek thrills.
fact1: Andre does not seek thrills.
rule: Everyone pursues pleasure or seeks thrills.
conclusion: Andre pursues pleasure.
fact1: Andre pursues pleasure.
fact2: Andre does not achieve fame.
rule: If Andre lives dangerously and pursues pleasure, then he can achieve fame.
conclusion: Andre does not live dangerously.

According to the context and the conclusions that have already been drawn, we can deduce that it is uncertain that If Andre is a skilled sailor, then he takes risks and earns notoriety. The correct option is: C."
"Given the facts below, answer the question.

Facts:
Kellan faces limitations. Kellan either has an ability or faces limitations, but not both. Kellan does not achieve success. If Kellan thinks outside the box, then he will achieve success. Everyone is either disabled or has an ability. Kellan thinks outside the box or perceives things differently. Kellan does not find innovative solutions. For every human, if they either perceive things differently or overcome challenges, then they find innovative solutions. Kellan creates unique art. Anyone who overcomes challenges and creates unique art is inspirational.

Question:
Based on the above information, is the following statement true, false, or uncertain? Kellan is not gifted.

Options:
[""A) True"", ""B) False"", ""C) Uncertain""]","Given the facts below, answer the question.

Facts:
Elena does not find innovative solutions. Kellan creates unique art. Everyone is either disabled or has an ability. If Brecken is either disabled or gifted (but not both), then he is inspirational. If Elena thinks outside the box, then he will achieve success. Elena either has an ability or faces limitations, but not both. Kellan faces limitations. Kellan thinks outside the box or perceives things differently. Kellan does not achieve success. Anyone who overcomes challenges and creates unique art is inspirational. Kellan either has an ability or faces limitations, but not both. Bridget faces limitations. For every human, if they either perceive things differently or overcome challenges, then they find innovative solutions. Kellan does not find innovative solutions. If Kellan thinks outside the box, then he will achieve success.

Question:
Based on the above information, is the following statement true, false, or uncertain? Kellan is not gifted.

Options:
[""A) True"", ""B) False"", ""C) Uncertain""]",C,2,"fact1: Kellan faces limitations.
rule: Kellan either has an ability or faces limitations, but not both.
conclusion: Kellan is disabled.
fact1: Kellan does not achieve success.
rule: If Kellan thinks outside the box, then he will achieve success.
conclusion: Kellan does not think outside the box.
fact1: Kellan is disabled.
rule: Everyone is either disabled or has an ability.
conclusion: Kellan is disabled.
fact1: Kellan does not think outside the box.
rule: Kellan thinks outside the box or perceives things differently.
conclusion: Kellan perceives things differently.
fact1: Kellan perceives things differently.
fact2: Kellan does not find innovative solutions.
rule: For every human, if they either perceive things differently or overcome challenges, then they find innovative solutions.
conclusion: Kellan overcomes challenges.
fact1: Kellan overcomes challenges.
fact2: Kellan creates unique art.
rule: Anyone who overcomes challenges and creates unique art is inspirational.
conclusion: Kellan is inspirational.

According to the context and the conclusions that have already been drawn, we can deduce that it is uncertain that Kellan is not gifted. The correct option is: C."
"Given the facts below, answer the question.

Facts:
Malcolm does not advance scientific knowledge. Malcolm improves human lives. If Malcolm either advances scientific knowledge or improves human lives (but not both), then he pursues a noble purpose. Malcolm does not have integrity. If someone commands admiration, then they have integrity and inspire others. Malcolm does not receive awards. Everyone who is either respected by their peers or receives awards is someone who commands admiration. Malcolm does not publish papers. If Malcolm either publishes papers or achieves academic recognition (but not both), then he is respected by his peers. If Malcolm pursues a noble purpose, then he is either dedicated to research or achieves academic recognition, but not both. Malcolm does not make groundbreaking discoveries. If Malcolm is dedicated to research, then he can either make groundbreaking discoveries or leave a lasting legacy, but not both.

Question:
Based on the above information, is the following statement true, false, or uncertain? Malcolm leaves a lasting legacy.

Options:
[""A) True"", ""B) False"", ""C) Uncertain""]","Given the facts below, answer the question.

Facts:
Malcolm improves human lives. If someone commands admiration, then they have integrity and inspire others. If Malcolm either publishes papers or achieves academic recognition (but not both), then he is respected by his peers. Aylin does not publish papers. Malcolm does not publish papers. If Malcolm pursues a noble purpose, then he is either dedicated to research or achieves academic recognition, but not both. Malcolm does not make groundbreaking discoveries. Aylin is passionate. If Malcolm is dedicated to research, then he can either make groundbreaking discoveries or leave a lasting legacy, but not both. Malcolm does not advance scientific knowledge. Malcolm does not have integrity. Everyone who is either respected by their peers or receives awards is someone who commands admiration. Malcolm does not receive awards. If Malcolm either advances scientific knowledge or improves human lives (but not both), then he pursues a noble purpose. If Ben is dedicated to research, then he can either make groundbreaking discoveries or leave a lasting legacy, but not both. Muncie does not have integrity. Aylin does not receive awards.

Question:
Based on the above information, is the following statement true, false, or uncertain? Malcolm leaves a lasting legacy.

Options:
[""A) True"", ""B) False"", ""C) Uncertain""]",A,0,"fact1: Malcolm does not advance scientific knowledge.
fact2: Malcolm improves human lives.
rule: If Malcolm either advances scientific knowledge or improves human lives (but not both), then he pursues a noble purpose.
conclusion: Malcolm pursues a noble purpose.
fact1: Malcolm does not have integrity.
rule: If someone commands admiration, then they have integrity and inspire others.
conclusion: Malcolm is not someone who commands admiration.
fact1: Malcolm does not receive awards.
fact2: Malcolm is not someone who commands admiration.
rule: Everyone who is either respected by their peers or receives awards is someone who commands admiration.
conclusion: Malcolm is not respected by his peers.
fact1: Malcolm does not publish papers.
fact2: Malcolm is not respected by his peers.
rule: If Malcolm either publishes papers or achieves academic recognition (but not both), then he is respected by his peers.
conclusion: Malcolm does not achieve academic recognition.
fact1: Malcolm pursues a noble purpose.
fact2: Malcolm does not achieve academic recognition.
rule: If Malcolm pursues a noble purpose, then he is either dedicated to research or achieves academic recognition, but not both.
conclusion: Malcolm is dedicated to research.
fact1: Malcolm is dedicated to research.
fact2: Malcolm does not make groundbreaking discoveries.
rule: If Malcolm is dedicated to research, then he can either make groundbreaking discoveries or leave a lasting legacy, but not both.
conclusion: Malcolm leaves a lasting legacy.

Therefore, it is true that Malcolm leaves a lasting legacy. The correct option is: A."
"Given the facts below, answer the question.

Facts:
Rayna respects authority. Rayna either respects authority or values freedom, but not both. Rayna does not adapt quickly. Rayna either embraces uncertainty or adapts quickly. Rayna has a vision. Rayna does not overcome obstacles. Everyone who has a vision either overcomes obstacles or takes risks (or both). If Rayna takes risks, then she either embraces uncertainty or thinks independently, but not both. Anyone who ignores guidelines or challenges the status quo thinks independently. If Rayna either ignores guidelines or stifles self-expression (but not both), then she values freedom. Rayna strictly follows rules. If Rayna stifles self-expression or strictly follows rules, then she lacks imagination. Anyone who lacks imagination is uncreative. Rayna is either creative or uncreative, but not both.

Question:
Based on the above information, is the following statement true, false, or uncertain? Rayna is not creative.

Options:
[""A) True"", ""B) False"", ""C) Uncertain""]","Given the facts below, answer the question.

Facts:
If Rayna stifles self-expression or strictly follows rules, then she lacks imagination. If Rayna takes risks, then she either embraces uncertainty or thinks independently, but not both. Captain either respects authority or values freedom, but not both. Anyone who lacks imagination is uncreative. Rayna does not adapt quickly. Rayna respects authority. Captain strictly follows rules. Kase respects authority. If Rayna either ignores guidelines or stifles self-expression (but not both), then she values freedom. Kase is either creative or uncreative, but not both. If Amina takes risks, then she either embraces uncertainty or thinks independently, but not both. Rayna strictly follows rules. If Kase stifles self-expression or strictly follows rules, then she lacks imagination. Amina does not adapt quickly. Anyone who ignores guidelines or challenges the status quo thinks independently. Rayna does not overcome obstacles. Everyone who has a vision either overcomes obstacles or takes risks (or both). Kase either embraces uncertainty or adapts quickly. If Kase either ignores guidelines or stifles self-expression (but not both), then she values freedom. Kase has a vision. Amina does not overcome obstacles. Rayna either respects authority or values freedom, but not both. Rayna has a vision. Rayna either embraces uncertainty or adapts quickly. Rayna is either creative or uncreative, but not both.

Question:
Based on the above information, is the following statement true, false, or uncertain? Rayna is not creative.

Options:
[""A) True"", ""B) False"", ""C) Uncertain""]",A,0,"fact1: Rayna respects authority.
rule: Rayna either respects authority or values freedom, but not both.
conclusion: Rayna does not value freedom.
fact1: Rayna does not adapt quickly.
rule: Rayna either embraces uncertainty or adapts quickly.
conclusion: Rayna embraces uncertainty.
fact1: Rayna has a vision.
fact2: Rayna does not overcome obstacles.
rule: Everyone who has a vision either overcomes obstacles or takes risks (or both).
conclusion: Rayna takes risks.
fact1: Rayna takes risks.
fact2: Rayna embraces uncertainty.
rule: If Rayna takes risks, then she either embraces uncertainty or thinks independently, but not both.
conclusion: Rayna does not think independently.
fact1: Rayna does not think independently.
rule: Anyone who ignores guidelines or challenges the status quo thinks independently.
conclusion: Rayna does not ignore guidelines.
fact1: Rayna does not ignore guidelines.
fact2: Rayna does not value freedom.
rule: If Rayna either ignores guidelines or stifles self-expression (but not both), then she values freedom.
conclusion: Rayna does not stifle self-expression.
fact1: Rayna does not stifle self-expression.
fact2: Rayna strictly follows rules.
rule: If Rayna stifles self-expression or strictly follows rules, then she lacks imagination.
conclusion: Rayna lacks imagination.
fact1: Rayna lacks imagination.
rule: Anyone who lacks imagination is uncreative.
conclusion: Rayna is uncreative.
fact1: Rayna is uncreative.
rule: Rayna is either creative or uncreative, but not both.
conclusion: Rayna is not creative.

Therefore, it is true that Rayna is not creative. The correct option is: A."
"Given the facts below, answer the question.

Facts:
Zayn is articulate. Zayn is not approachable. If Zayn is articulate, then he is either able to build trust or approachable, but not both. Zayn does not listen actively. Everyone expresses opinions or listens actively. Anyone who expresses their opinions or prioritizes their needs can set boundaries. Anyone who speaks confidently or sets boundaries is assertive. Zayn is either empathetic or assertive, but not necessarily both. Zayn is diplomatic or empathetic.

Question:
Based on the above information, is the following statement true, false, or uncertain? Zayn is not diplomatic.

Options:
[""A) True"", ""B) False"", ""C) Uncertain""]","Given the facts below, answer the question.

Facts:
Dayana does not listen actively. Anyone who expresses their opinions or prioritizes their needs can set boundaries. If Zayn is articulate, then he is either able to build trust or approachable, but not both. Joelle is diplomatic or empathetic. Joelle is articulate. Zayn is diplomatic or empathetic. Everyone expresses opinions or listens actively. Zayn does not listen actively. Dayana respects others. Zayn is articulate. Zayn is not approachable. Dayana is not approachable. Dayana is either empathetic or assertive, but not necessarily both. Anyone who remains calm or avoids confrontation can build trust. Zayn is either empathetic or assertive, but not necessarily both. If Joelle is articulate, then he is either able to build trust or approachable, but not both. Anyone who speaks confidently or sets boundaries is assertive.

Question:
Based on the above information, is the following statement true, false, or uncertain? Zayn is not diplomatic.

Options:
[""A) True"", ""B) False"", ""C) Uncertain""]",B,1,"fact1: Zayn is articulate.
fact2: Zayn is not approachable.
rule: If Zayn is articulate, then he is either able to build trust or approachable, but not both.
conclusion: Zayn can build trust.
fact1: Zayn does not listen actively.
rule: Everyone expresses opinions or listens actively.
conclusion: Zayn expresses his opinions.
fact1: Zayn expresses his opinions.
rule: Anyone who expresses their opinions or prioritizes their needs can set boundaries.
conclusion: Zayn sets boundaries.
fact1: Zayn sets boundaries.
rule: Anyone who speaks confidently or sets boundaries is assertive.
conclusion: Zayn is assertive.
fact1: Zayn is assertive.
rule: Zayn is either empathetic or assertive, but not necessarily both.
conclusion: Zayn is not empathetic.
fact1: Zayn is not empathetic.
rule: Zayn is diplomatic or empathetic.
conclusion: Zayn is not diplomatic.

Therefore, it is false that Zayn is not diplomatic. The correct option is: B."
"Given the facts below, answer the question.

Facts:
Schmoopy purifies the air. Schmoopy does not enhance growth. If Schmoopy either purifies the air or enhances growth (but not both), then it is magical. Schmoopy is mysterious. Schmoopy is not endangered. If Schmoopy is mysterious, then it is either rare or endangered, but not both. Schmoopy is found in forests. Schmoopy does not produce vibrant spores. If Schmoopy is found in forests, then it either has a unique structure or produces vibrant spores (or both). If Schmoopy is a rare fungus, then it is either ancient or has a unique structure, but not both. If Schmoopy releases wisdom spores, then it is ancient.

Question:
Based on the above information, is the following statement true, false, or uncertain? Schmoopy does not release healing spores.

Options:
[""A) True"", ""B) False"", ""C) Uncertain""]","Given the facts below, answer the question.

Facts:
Schmoopy purifies the air. Schmoopy is found in forests. If Schmoopy is a rare fungus, then it is either ancient or has a unique structure, but not both. Schmoopy does not enhance growth. Schmoopy is not endangered. If Schmoopy either purifies the air or enhances growth (but not both), then it is magical. If Schmoopy is mysterious, then it is either rare or endangered, but not both. If Schmoopy releases wisdom spores, then it is ancient. If Emmitt is found in forests, then it either has a unique structure or produces vibrant spores (or both). Schmoopy is mysterious. Schmoopy does not produce vibrant spores. If Schmoopy is found in forests, then it either has a unique structure or produces vibrant spores (or both).

Question:
Based on the above information, is the following statement true, false, or uncertain? Schmoopy does not release healing spores.

Options:
[""A) True"", ""B) False"", ""C) Uncertain""]",C,2,"fact1: Schmoopy purifies the air.
fact2: Schmoopy does not enhance growth.
rule: If Schmoopy either purifies the air or enhances growth (but not both), then it is magical.
conclusion: Schmoopy is magical.
fact1: Schmoopy is mysterious.
fact2: Schmoopy is not endangered.
rule: If Schmoopy is mysterious, then it is either rare or endangered, but not both.
conclusion: Schmoopy is a rare fungus.
fact1: Schmoopy is found in forests.
fact2: Schmoopy does not produce vibrant spores.
rule: If Schmoopy is found in forests, then it either has a unique structure or produces vibrant spores (or both).
conclusion: Schmoopy has a unique structure.
fact1: Schmoopy is a rare fungus.
fact2: Schmoopy has a unique structure.
rule: If Schmoopy is a rare fungus, then it is either ancient or has a unique structure, but not both.
conclusion: Schmoopy is not ancient.
fact1: Schmoopy is not ancient.
rule: If Schmoopy releases wisdom spores, then it is ancient.
conclusion: Schmoopy does not release wisdom spores.

According to the context and the conclusions that have already been drawn, we can deduce that it is uncertain that Schmoopy does not release healing spores. The correct option is: C."
"Given the facts below, answer the question.

Facts:
Marcos has a passion. If someone has a passion, then they develop skills and practice regularly. Marcos does not study designs. If Marcos either practices regularly or studies designs (but not both), then he masters techniques. Marcos is dedicated. If Marcos is dedicated, then he learns quickly and masters techniques. Marcos is a young apprentice. If Marcos is a young apprentice, then he is a novice craftsman and learns quickly. Marcos crafts metals. Marcos does not create masterpieces. If Marcos crafts metals, then he is either an armor maker or creates masterpieces (or both). If Marcos is an armor maker, then he is either a skilled blacksmith or a novice craftsman, but not both. Either Marcos is a skilled blacksmith or an unskilled blacksmith, but not both.

Question:
Based on the above information, is the following statement true, false, or uncertain? Marcos is not an unskilled blacksmith.

Options:
[""A) True"", ""B) False"", ""C) Uncertain""]","Given the facts below, answer the question.

Facts:
If Marcos is dedicated, then he learns quickly and masters techniques. Either Marcos is a skilled blacksmith or an unskilled blacksmith, but not both. If Zayn is an armor maker, then he is either a skilled blacksmith or a novice craftsman, but not both. Leilany has a passion. If Leilany either sets goals or develops skills (but not both), then he achieves success. If Marcos either practices regularly or studies designs (but not both), then he masters techniques. Leilany crafts metals. Leilany does not study designs. Marcos is dedicated. If Leilany crafts metals, then he is either an armor maker or creates masterpieces (or both). If Marcos is a young apprentice, then he is a novice craftsman and learns quickly. Cinnamon achieves success. Cinnamon is dedicated. If Marcos crafts metals, then he is either an armor maker or creates masterpieces (or both). Marcos is a young apprentice. If Marcos is an armor maker, then he is either a skilled blacksmith or a novice craftsman, but not both. If Cinnamon is dedicated, then he learns quickly and masters techniques. If Cinnamon is a young apprentice, then he is a novice craftsman and learns quickly. If someone has a passion, then they develop skills and practice regularly. Marcos crafts metals. Marcos has a passion. Marcos does not study designs. Cinnamon sets goals. If Leilany either practices regularly or studies designs (but not both), then he masters techniques. Either Leilany is a skilled blacksmith or an unskilled blacksmith, but not both. Leilany is a young apprentice. Marcos does not create masterpieces.

Question:
Based on the above information, is the following statement true, false, or uncertain? Marcos is not an unskilled blacksmith.

Options:
[""A) True"", ""B) False"", ""C) Uncertain""]",B,1,"fact1: Marcos has a passion.
rule: If someone has a passion, then they develop skills and practice regularly.
conclusion: Marcos practices regularly.
fact1: Marcos practices regularly.
fact2: Marcos does not study designs.
rule: If Marcos either practices regularly or studies designs (but not both), then he masters techniques.
conclusion: Marcos masters techniques.
fact1: Marcos is dedicated.
fact2: Marcos masters techniques.
rule: If Marcos is dedicated, then he learns quickly and masters techniques.
conclusion: Marcos learns quickly.
fact1: Marcos is a young apprentice.
fact2: Marcos learns quickly.
rule: If Marcos is a young apprentice, then he is a novice craftsman and learns quickly.
conclusion: Marcos is a novice craftsman.
fact1: Marcos crafts metals.
fact2: Marcos does not create masterpieces.
rule: If Marcos crafts metals, then he is either an armor maker or creates masterpieces (or both).
conclusion: Marcos is an armor maker.
fact1: Marcos is an armor maker.
fact2: Marcos is a novice craftsman.
rule: If Marcos is an armor maker, then he is either a skilled blacksmith or a novice craftsman, but not both.
conclusion: Marcos is not a skilled blacksmith.
fact1: Marcos is not a skilled blacksmith.
rule: Either Marcos is a skilled blacksmith or an unskilled blacksmith, but not both.
conclusion: Marcos is not an unskilled blacksmith.

Therefore, it is false that Marcos is not an unskilled blacksmith. The correct option is: B."
"Given the facts below, answer the question.

Facts:
Cruz does not protect the environment. Cruz does not live sustainably. If Cruz either protects the environment or values nature (but not both), then he lives sustainably. Cruz does not live life fully. Anyone who is spontaneous or takes risks can live life fully. Cruz values nature or is outdoorsy. If Cruz is outdoorsy, then he is either spontaneous or has an adventurous spirit (but not both). Cruz enjoys water sports. If Cruz grew up near the ocean, then he either has an adventurous spirit or enjoys water sports (but not both). Cruz appreciates marine life. If Cruz appreciates marine life, then he becomes a marine conservationist.

Question:
Based on the above information, is the following statement true, false, or uncertain? Cruz loves freediving.

Options:
[""A) True"", ""B) False"", ""C) Uncertain""]","Given the facts below, answer the question.

Facts:
Cruz does not protect the environment. Shmoops does not live life fully. Mekhi values nature or is outdoorsy. Cruz enjoys water sports. Cruz values nature or is outdoorsy. Cruz does not live life fully. Cruz appreciates marine life. Anyone who is spontaneous or takes risks can live life fully. Cruz does not live sustainably. If Shmoops appreciates marine life, then he becomes a marine conservationist. If Cruz grew up near the ocean, then he either has an adventurous spirit or enjoys water sports (but not both). If Cruz either protects the environment or values nature (but not both), then he lives sustainably. If Cruz is outdoorsy, then he is either spontaneous or has an adventurous spirit (but not both). If Cruz appreciates marine life, then he becomes a marine conservationist. If Leyla grew up near the ocean, then he either has an adventurous spirit or enjoys water sports (but not both). Shmoops does not live sustainably.

Question:
Based on the above information, is the following statement true, false, or uncertain? Cruz loves freediving.

Options:
[""A) True"", ""B) False"", ""C) Uncertain""]",C,2,"fact1: Cruz does not protect the environment.
fact2: Cruz does not live sustainably.
rule: If Cruz either protects the environment or values nature (but not both), then he lives sustainably.
conclusion: Cruz does not value nature.
fact1: Cruz does not live life fully.
rule: Anyone who is spontaneous or takes risks can live life fully.
conclusion: Cruz is not spontaneous.
fact1: Cruz does not value nature.
rule: Cruz values nature or is outdoorsy.
conclusion: Cruz is outdoorsy.
fact1: Cruz is outdoorsy.
fact2: Cruz is not spontaneous.
rule: If Cruz is outdoorsy, then he is either spontaneous or has an adventurous spirit (but not both).
conclusion: Cruz has an adventurous spirit.
fact1: Cruz has an adventurous spirit.
fact2: Cruz enjoys water sports.
rule: If Cruz grew up near the ocean, then he either has an adventurous spirit or enjoys water sports (but not both).
conclusion: Cruz did not grow up near the ocean.
fact1: Cruz appreciates marine life.
rule: If Cruz appreciates marine life, then he becomes a marine conservationist.
conclusion: Cruz becomes a marine conservationist.

According to the context and the conclusions that have already been drawn, we can deduce that it is uncertain that Cruz loves freediving. The correct option is: C."
"Given the facts below, answer the question.

Facts:
Baker gets stuck in a routine. Baker either finds a new purpose in life or gets stuck in a routine, but not both. Baker does not build a strong network. Baker does not live a fulfilling life. If Baker pursues his self-interest or builds a strong network, then he can live a fulfilling life. Baker experiences setbacks. Everyone who experiences setbacks either faces challenges or finds a new purpose (or both). For Baker, either he pursues his self-interest or he helps others succeed, but not both. Baker cannot overcome obstacles. Anyone who stays motivated or has strong support can overcome obstacles. If Baker faces challenges, then he can either stay motivated or persevere through adversity, but not both. If Baker can persevere through adversity, then he can either achieve his personal goals or help others succeed, but not both.

Question:
Based on the above information, is the following statement true, false, or uncertain? Baker does not achieve his personal goals.

Options:
[""A) True"", ""B) False"", ""C) Uncertain""]","Given the facts below, answer the question.

Facts:
Anyone who stays motivated or has strong support can overcome obstacles. Alivia either finds a new purpose in life or gets stuck in a routine, but not both. Baker does not live a fulfilling life. Baker cannot overcome obstacles. If Baker can persevere through adversity, then he can either achieve his personal goals or help others succeed, but not both. Kayleigh gets stuck in a routine. Kameron cannot overcome obstacles. If Baker faces challenges, then he can either stay motivated or persevere through adversity, but not both. Everyone who experiences setbacks either faces challenges or finds a new purpose (or both). For Baker, either he pursues his self-interest or he helps others succeed, but not both. Baker experiences setbacks. Baker gets stuck in a routine. If Baker pursues his self-interest or builds a strong network, then he can live a fulfilling life. Baker does not build a strong network. Baker either finds a new purpose in life or gets stuck in a routine, but not both. Kameron does not build a strong network.

Question:
Based on the above information, is the following statement true, false, or uncertain? Baker does not achieve his personal goals.

Options:
[""A) True"", ""B) False"", ""C) Uncertain""]",A,0,"fact1: Baker gets stuck in a routine.
rule: Baker either finds a new purpose in life or gets stuck in a routine, but not both.
conclusion: Baker does not find a new purpose.
fact1: Baker does not build a strong network.
fact2: Baker does not live a fulfilling life.
rule: If Baker pursues his self-interest or builds a strong network, then he can live a fulfilling life.
conclusion: Baker does not pursue his self-interest.
fact1: Baker experiences setbacks.
fact2: Baker does not find a new purpose.
rule: Everyone who experiences setbacks either faces challenges or finds a new purpose (or both).
conclusion: Baker faces challenges.
fact1: Baker does not pursue his self-interest.
rule: For Baker, either he pursues his self-interest or he helps others succeed, but not both.
conclusion: Baker helps others succeed.
fact1: Baker cannot overcome obstacles.
rule: Anyone who stays motivated or has strong support can overcome obstacles.
conclusion: Baker does not stay motivated.
fact1: Baker faces challenges.
fact2: Baker does not stay motivated.
rule: If Baker faces challenges, then he can either stay motivated or persevere through adversity, but not both.
conclusion: Baker can persevere through adversity.
fact1: Baker can persevere through adversity.
fact2: Baker helps others succeed.
rule: If Baker can persevere through adversity, then he can either achieve his personal goals or help others succeed, but not both.
conclusion: Baker does not achieve his personal goals.

Therefore, it is true that Baker does not achieve his personal goals. The correct option is: A."
"Given the facts below, answer the question.

Facts:
Tyler does not think outside the box. Tyler does not drive progress. If Tyler either has innovative ideas or thinks outside the box (but not both), then he drives progress. Tyler does not care for others. Tyler cares for others or supports loved ones. Tyler does not advance medical knowledge. Anyone who explores new fields or collaborates with experts can advance medical knowledge. Tyler explores new fields or pursues novel ideas. Tyler does not achieve recognition. If Tyler pursues a novel idea, then he will either make a breakthrough or achieve recognition, but not both. Tyler does not prioritize his relatives. If Tyler either supports loved ones or prioritizes relatives (but not both), then he is motivated by family. Tyler has a medical background. If someone has a medical background and is motivated by family, then they can study ammoniuria.

Question:
Based on the above information, is the following statement true, false, or uncertain? Tyler does not dedicate years of research.

Options:
[""A) True"", ""B) False"", ""C) Uncertain""]","Given the facts below, answer the question.

Facts:
If someone has a medical background and is motivated by family, then they can study ammoniuria. Tyler does not advance medical knowledge. Elio explores new fields or pursues novel ideas. If Tyler either supports loved ones or prioritizes relatives (but not both), then he is motivated by family. Tyler does not care for others. Tyler explores new fields or pursues novel ideas. If Tyler either has innovative ideas or thinks outside the box (but not both), then he drives progress. Tyler does not think outside the box. Tyler does not drive progress. If Tyler pursues a novel idea, then he will either make a breakthrough or achieve recognition, but not both. Tyler cares for others or supports loved ones. Tyler has a medical background. If Lukas studies ammoniuria and dedicates years of research, then he can make a breakthrough. If Elio has innovative ideas, then he either collaborates with experts or publishes research papers, but not both. Tyler does not prioritize his relatives. Lukas does not drive progress. Tyler does not achieve recognition. Anyone who explores new fields or collaborates with experts can advance medical knowledge.

Question:
Based on the above information, is the following statement true, false, or uncertain? Tyler does not dedicate years of research.

Options:
[""A) True"", ""B) False"", ""C) Uncertain""]",C,2,"fact1: Tyler does not think outside the box.
fact2: Tyler does not drive progress.
rule: If Tyler either has innovative ideas or thinks outside the box (but not both), then he drives progress.
conclusion: Tyler does not have innovative ideas.
fact1: Tyler does not care for others.
rule: Tyler cares for others or supports loved ones.
conclusion: Tyler supports his loved ones.
fact1: Tyler does not advance medical knowledge.
rule: Anyone who explores new fields or collaborates with experts can advance medical knowledge.
conclusion: Tyler does not explore new fields.
fact1: Tyler does not explore new fields.
rule: Tyler explores new fields or pursues novel ideas.
conclusion: Tyler pursues a novel idea.
fact1: Tyler pursues a novel idea.
fact2: Tyler does not achieve recognition.
rule: If Tyler pursues a novel idea, then he will either make a breakthrough or achieve recognition, but not both.
conclusion: Tyler can make a breakthrough.
fact1: Tyler supports his loved ones.
fact2: Tyler does not prioritize his relatives.
rule: If Tyler either supports loved ones or prioritizes relatives (but not both), then he is motivated by family.
conclusion: Tyler is motivated by family.
fact1: Tyler has a medical background.
fact2: Tyler is motivated by family.
rule: If someone has a medical background and is motivated by family, then they can study ammoniuria.
conclusion: Tyler studies ammoniuria.

According to the context and the conclusions that have already been drawn, we can deduce that it is uncertain that Tyler does not dedicate years of research. The correct option is: C."
"Given the facts below, answer the question.

Facts:
Autumn collaborates with peers. Autumn is not influential. If Autumn either builds strong networks or collaborates with peers (but not both), then she is influential. Autumn either builds strong networks or thinks creatively, but not both. Autumn does not advance scientific knowledge. Anyone who follows established methods or thinks creatively can advance scientific knowledge. Autumn either follows established methods or makes groundbreaking discoveries, but not both. Autumn pursues rare species. Autumn does not collect unique samples. Anyone who pursues rare species either ventures into harsh environments or collects unique samples.

Question:
Based on the above information, is the following statement true, false, or uncertain? Autumn does not study toxic plants.

Options:
[""A) True"", ""B) False"", ""C) Uncertain""]","Given the facts below, answer the question.

Facts:
Autumn pursues rare species. Autumn collaborates with peers. Brooklynn pursues rare species. Autumn is not influential. Autumn does not collect unique samples. Zyaire either follows established methods or makes groundbreaking discoveries, but not both. If Autumn either builds strong networks or collaborates with peers (but not both), then she is influential. Anyone who pursues rare species either ventures into harsh environments or collects unique samples. Autumn either follows established methods or makes groundbreaking discoveries, but not both. Autumn does not advance scientific knowledge. Autumn either builds strong networks or thinks creatively, but not both. Anyone who follows established methods or thinks creatively can advance scientific knowledge.

Question:
Based on the above information, is the following statement true, false, or uncertain? Autumn does not study toxic plants.

Options:
[""A) True"", ""B) False"", ""C) Uncertain""]",C,2,"fact1: Autumn collaborates with peers.
fact2: Autumn is not influential.
rule: If Autumn either builds strong networks or collaborates with peers (but not both), then she is influential.
conclusion: Autumn builds strong networks.
fact1: Autumn builds strong networks.
rule: Autumn either builds strong networks or thinks creatively, but not both.
conclusion: Autumn does not think creatively.
fact1: Autumn does not think creatively.
fact2: Autumn does not advance scientific knowledge.
rule: Anyone who follows established methods or thinks creatively can advance scientific knowledge.
conclusion: Autumn does not follow established methods.
fact1: Autumn does not follow established methods.
rule: Autumn either follows established methods or makes groundbreaking discoveries, but not both.
conclusion: Autumn makes groundbreaking discoveries.
fact1: Autumn pursues rare species.
fact2: Autumn does not collect unique samples.
rule: Anyone who pursues rare species either ventures into harsh environments or collects unique samples.
conclusion: Autumn ventures into harsh environments.

According to the context and the conclusions that have already been drawn, we can deduce that it is uncertain that Autumn does not study toxic plants. The correct option is: C."
"Given the facts below, answer the question.

Facts:
Jakai senses his environment. Jakai does not intervene in conflicts. If Jakai senses his environment, then he either intervenes in conflicts or warns of dangers (or both). Jakai roams freely. Jakai either has a guardian role or roams freely, but not both. If Jakai either warns of dangers or maintains ecological balance (but not both), then he has a guardian role. Jakai does not swim solo. Jakai either swims solo or leads a school of fish, but not both. Jakai has strong scales. If Jakai has strong scales, then he either leads a school of fish or protects other creatures, but not both.

Question:
Based on the above information, is the following statement true, false, or uncertain? Jakai does not have a majestic presence.

Options:
[""A) True"", ""B) False"", ""C) Uncertain""]","Given the facts below, answer the question.

Facts:
Avyaan has strong scales. If Jakai senses his environment, then he either intervenes in conflicts or warns of dangers (or both). If Avyaan has a majestic presence, then he either maintains ecological balance or protects other creatures, but not both. Avyaan does not intervene in conflicts. Jakai senses his environment. Dalia senses his environment. Jakai does not intervene in conflicts. Jakai does not swim solo. Jason roams freely. If Jason senses his environment, then he either intervenes in conflicts or warns of dangers (or both). If Jakai either warns of dangers or maintains ecological balance (but not both), then he has a guardian role. Jakai either has a guardian role or roams freely, but not both. If Jakai has strong scales, then he either leads a school of fish or protects other creatures, but not both. Avyaan either has a guardian role or roams freely, but not both. Jakai either swims solo or leads a school of fish, but not both. Jakai roams freely. Jakai has strong scales.

Question:
Based on the above information, is the following statement true, false, or uncertain? Jakai does not have a majestic presence.

Options:
[""A) True"", ""B) False"", ""C) Uncertain""]",C,2,"fact1: Jakai senses his environment.
fact2: Jakai does not intervene in conflicts.
rule: If Jakai senses his environment, then he either intervenes in conflicts or warns of dangers (or both).
conclusion: Jakai warns of dangers.
fact1: Jakai roams freely.
rule: Jakai either has a guardian role or roams freely, but not both.
conclusion: Jakai does not have a guardian role.
fact1: Jakai warns of dangers.
fact2: Jakai does not have a guardian role.
rule: If Jakai either warns of dangers or maintains ecological balance (but not both), then he has a guardian role.
conclusion: Jakai maintains ecological balance.
fact1: Jakai does not swim solo.
rule: Jakai either swims solo or leads a school of fish, but not both.
conclusion: Jakai leads a school of fish.
fact1: Jakai has strong scales.
fact2: Jakai leads a school of fish.
rule: If Jakai has strong scales, then he either leads a school of fish or protects other creatures, but not both.
conclusion: Jakai does not protect other creatures.

According to the context and the conclusions that have already been drawn, we can deduce that it is uncertain that Jakai does not have a majestic presence. The correct option is: C."
"Given the facts below, answer the question.

Facts:
Khaleesi receives proper care. Khaleesi does not look sleek. Every cat that receives proper care either looks sleek or stays happy (or both). Khaleesi follows a weight plan. Khaleesi does not get medical treatment. If Khaleesi either follows a weight plan or gets medical treatment (but not both), then she undergoes surgery and diet. Khaleesi does not sleep often. Khaleesi either sleeps often or exercises outdoors, but not both. Khaleesi does not play indoors. Khaleesi either gets regular checkups or plays indoors. If Khaleesi gets regular checkups and exercises outdoors, then she eats a balanced diet. If Khaleesi eats a balanced diet, then she either lives longer or stays happy, but not both. Khaleesi is not active. All cats that regain mobility are active. Every cat that regains health either lives longer or regains mobility (or both). For all cats, if a cat has weight issues and undergoes surgery and diet, then the cat regains health.

Question:
Based on the above information, is the following statement true, false, or uncertain? Khaleesi does not have weight issues.

Options:
[""A) True"", ""B) False"", ""C) Uncertain""]","Given the facts below, answer the question.

Facts:
If Khaleesi gets regular checkups and exercises outdoors, then she eats a balanced diet. Khaleesi does not play indoors. If Aurelia eats a balanced diet, then she either lives longer or stays happy, but not both. Khaleesi follows a weight plan. Khaleesi is not active. For all cats, if a cat has weight issues and undergoes surgery and diet, then the cat regains health. Khaleesi either sleeps often or exercises outdoors, but not both. Khaleesi does not look sleek. Khaleesi receives proper care. If Khaleesi either follows a weight plan or gets medical treatment (but not both), then she undergoes surgery and diet. Keegan does not get medical treatment. Khaleesi does not sleep often. All cats that regain mobility are active. Keegan does not sleep often. Every cat that regains health either lives longer or regains mobility (or both). Keegan is not active. Khaleesi either gets regular checkups or plays indoors. If Khaleesi eats a balanced diet, then she either lives longer or stays happy, but not both. Keegan either gets regular checkups or plays indoors. Every cat that receives proper care either looks sleek or stays happy (or both). Aurelia receives proper care. Khaleesi does not get medical treatment.

Question:
Based on the above information, is the following statement true, false, or uncertain? Khaleesi does not have weight issues.

Options:
[""A) True"", ""B) False"", ""C) Uncertain""]",A,0,"fact1: Khaleesi receives proper care.
fact2: Khaleesi does not look sleek.
rule: Every cat that receives proper care either looks sleek or stays happy (or both).
conclusion: Khaleesi stays happy.
fact1: Khaleesi follows a weight plan.
fact2: Khaleesi does not get medical treatment.
rule: If Khaleesi either follows a weight plan or gets medical treatment (but not both), then she undergoes surgery and diet.
conclusion: Khaleesi undergoes surgery and diet.
fact1: Khaleesi does not sleep often.
rule: Khaleesi either sleeps often or exercises outdoors, but not both.
conclusion: Khaleesi exercises outdoors.
fact1: Khaleesi does not play indoors.
rule: Khaleesi either gets regular checkups or plays indoors.
conclusion: Khaleesi gets regular checkups.
fact1: Khaleesi gets regular checkups.
fact2: Khaleesi exercises outdoors.
rule: If Khaleesi gets regular checkups and exercises outdoors, then she eats a balanced diet.
conclusion: Khaleesi eats a balanced diet.
fact1: Khaleesi eats a balanced diet.
fact2: Khaleesi stays happy.
rule: If Khaleesi eats a balanced diet, then she either lives longer or stays happy, but not both.
conclusion: Khaleesi does not live longer.
fact1: Khaleesi is not active.
rule: All cats that regain mobility are active.
conclusion: Khaleesi does not regain mobility.
fact1: Khaleesi does not live longer.
fact2: Khaleesi does not regain mobility.
rule: Every cat that regains health either lives longer or regains mobility (or both).
conclusion: Khaleesi does not regain health.
fact1: Khaleesi undergoes surgery and diet.
fact2: Khaleesi does not regain health.
rule: For all cats, if a cat has weight issues and undergoes surgery and diet, then the cat regains health.
conclusion: Khaleesi does not have weight issues.

Therefore, it is true that Khaleesi does not have weight issues. The correct option is: A."
"Given the facts below, answer the question.

Facts:
Estella does not advance scientific knowledge. Either Estella works in wildlife or she advances scientific knowledge, but not both. Estella educates the public. If Estella works in wildlife, then she either educates the public or collaborates with local communities (but not both). Estella does not protect endangered species. Everyone who is dedicated to wildlife collaborates with local communities or protects endangered species (or both). Estella does not make groundbreaking discoveries. Estella does not leave a lasting legacy. Anyone who makes groundbreaking discoveries or influences the next generation leaves a lasting legacy. Estella is passionate about nature. If Estella is passionate about nature, then she is either a respected conservationist or has an influence on the next generation (or both).

Question:
Based on the above information, is the following statement true, false, or uncertain? Estella is not dedicated to community.

Options:
[""A) True"", ""B) False"", ""C) Uncertain""]","Given the facts below, answer the question.

Facts:
Estella does not make groundbreaking discoveries. Estella is passionate about nature. Karim does not make groundbreaking discoveries. Yousef does not leave a lasting legacy. Estella either supports conservation or works in wildlife. Brynlee is passionate about nature. Estella does not leave a lasting legacy. Estella does not protect endangered species. If Brynlee is passionate about nature, then she is either a respected conservationist or has an influence on the next generation (or both). If Estella is passionate about nature, then she is either a respected conservationist or has an influence on the next generation (or both). Karim does not advance scientific knowledge. Anyone who makes groundbreaking discoveries or influences the next generation leaves a lasting legacy. Either Estella works in wildlife or she advances scientific knowledge, but not both. Brynlee does not protect endangered species. Estella educates the public. Brynlee educates the public. Everyone who is dedicated to wildlife collaborates with local communities or protects endangered species (or both). Estella does not advance scientific knowledge. If Yousef works in wildlife, then she either educates the public or collaborates with local communities (but not both). Either Karim works in wildlife or she advances scientific knowledge, but not both. Anyone who shares knowledge or inspires others can influence the next generation. If Karim is either dedicated to wildlife or dedicated to community (but not both), then she is a respected conservationist. If Estella works in wildlife, then she either educates the public or collaborates with local communities (but not both).

Question:
Based on the above information, is the following statement true, false, or uncertain? Estella is not dedicated to community.

Options:
[""A) True"", ""B) False"", ""C) Uncertain""]",C,2,"fact1: Estella does not advance scientific knowledge.
rule: Either Estella works in wildlife or she advances scientific knowledge, but not both.
conclusion: Estella works in wildlife.
fact1: Estella works in wildlife.
fact2: Estella educates the public.
rule: If Estella works in wildlife, then she either educates the public or collaborates with local communities (but not both).
conclusion: Estella does not collaborate with local communities.
fact1: Estella does not collaborate with local communities.
fact2: Estella does not protect endangered species.
rule: Everyone who is dedicated to wildlife collaborates with local communities or protects endangered species (or both).
conclusion: Estella is not dedicated to wildlife.
fact1: Estella does not make groundbreaking discoveries.
fact2: Estella does not leave a lasting legacy.
rule: Anyone who makes groundbreaking discoveries or influences the next generation leaves a lasting legacy.
conclusion: Estella does not have an influence on the next generation.
fact1: Estella is passionate about nature.
fact2: Estella does not have an influence on the next generation.
rule: If Estella is passionate about nature, then she is either a respected conservationist or has an influence on the next generation (or both).
conclusion: Estella is a respected conservationist.

According to the context and the conclusions that have already been drawn, we can deduce that it is uncertain that Estella is not dedicated to community. The correct option is: C."
"Given the facts below, answer the question.

Facts:
Quincy listens actively. For Quincy, he either acts confidently or listens actively, but not necessarily both. Quincy avoids confrontation. Quincy either communicates effectively or avoids confrontation, but not both. Quincy takes risks. Anyone who takes risks either has strong opinions or acts confidently (or both). Quincy does not use clear language. Anyone who speaks directly or uses clear language can communicate effectively. Quincy does not express his views. If someone is either outspoken or speaks directly (but not both), then they express their views. If Quincy has strong opinions, then he is either outspoken or aggressive (but not both). Quincy is assertive. If Quincy is hot-headed, then he is either aggressive or assertive (but not both). Quincy is impulsive. Quincy is either impulsive or calm-natured, but not both.

Question:
Based on the above information, is the following statement true, false, or uncertain? Quincy is not heroic.

Options:
[""A) True"", ""B) False"", ""C) Uncertain""]","Given the facts below, answer the question.

Facts:
If Quincy has strong opinions, then he is either outspoken or aggressive (but not both). Aldo does not use clear language. Anyone who takes risks either has strong opinions or acts confidently (or both). Quincy is impulsive. If Quincy is hot-headed, then he is either aggressive or assertive (but not both). Quincy listens actively. Anyone who speaks directly or uses clear language can communicate effectively. Quincy is assertive. Kayce either communicates effectively or avoids confrontation, but not both. Quincy is either impulsive or calm-natured, but not both. Quincy does not use clear language. Aldo is assertive. Quincy does not express his views. Quincy avoids confrontation. Quincy either communicates effectively or avoids confrontation, but not both. For Quincy, he either acts confidently or listens actively, but not necessarily both. If someone is either outspoken or speaks directly (but not both), then they express their views. Kayce listens actively. Aldo is either impulsive or calm-natured, but not both. If Kayce is hot-headed, then he is either aggressive or assertive (but not both). Quincy takes risks.

Question:
Based on the above information, is the following statement true, false, or uncertain? Quincy is not heroic.

Options:
[""A) True"", ""B) False"", ""C) Uncertain""]",C,2,"fact1: Quincy listens actively.
rule: For Quincy, he either acts confidently or listens actively, but not necessarily both.
conclusion: Quincy does not act confidently.
fact1: Quincy avoids confrontation.
rule: Quincy either communicates effectively or avoids confrontation, but not both.
conclusion: Quincy does not communicate effectively.
fact1: Quincy takes risks.
fact2: Quincy does not act confidently.
rule: Anyone who takes risks either has strong opinions or acts confidently (or both).
conclusion: Quincy has strong opinions.
fact1: Quincy does not use clear language.
fact2: Quincy does not communicate effectively.
rule: Anyone who speaks directly or uses clear language can communicate effectively.
conclusion: Quincy does not speak directly.
fact1: Quincy does not speak directly.
fact2: Quincy does not express his views.
rule: If someone is either outspoken or speaks directly (but not both), then they express their views.
conclusion: Quincy is not outspoken.
fact1: Quincy has strong opinions.
fact2: Quincy is not outspoken.
rule: If Quincy has strong opinions, then he is either outspoken or aggressive (but not both).
conclusion: Quincy is aggressive.
fact1: Quincy is aggressive.
fact2: Quincy is assertive.
rule: If Quincy is hot-headed, then he is either aggressive or assertive (but not both).
conclusion: Quincy is not hot-headed.
fact1: Quincy is impulsive.
rule: Quincy is either impulsive or calm-natured, but not both.
conclusion: Quincy is not calm-natured.

According to the context and the conclusions that have already been drawn, we can deduce that it is uncertain that Quincy is not heroic. The correct option is: C."
"Given the facts below, answer the question.

Facts:
Alessandro does not explore new techniques. Alessandro does not contribute to art. Everyone who is either an innovative artist or explores new techniques contributes to art. Alessandro is an experimental artist. Alessandro has a unique style. If Alessandro is an experimental artist, then he either creates originals or has a unique style (but not both). Alessandro has a muse. Alessandro does not have good taste. If Alessandro has a muse, then he is either creative or has good taste (but not both). Everyone who either produces a masterpiece or creates originals is an innovative artist. Alessandro has imagination. If someone is inspired and has imagination, then they can produce a masterpiece. If Alessandro is either creative or romantic (but not both), then he is inspired.

Question:
Based on the above information, is the following statement true, false, or uncertain? Alessandro is not romantic.

Options:
[""A) True"", ""B) False"", ""C) Uncertain""]","Given the facts below, answer the question.

Facts:
Jason does not have good taste. Arabella has a unique style. Alessandro does not contribute to art. Jaxson does not contribute to art. Alessandro has imagination. Alessandro does not explore new techniques. If someone appreciates beauty and values emotions, then they are inspired. Jason has imagination. Jaxson does not explore new techniques. Jason has a muse. If Jaxson has a muse, then he is either creative or has good taste (but not both). Jason is an experimental artist. Alessandro does not have good taste. If Alessandro has a muse, then he is either creative or has good taste (but not both). Everyone who is either an innovative artist or explores new techniques contributes to art. If Jaxson is either creative or romantic (but not both), then he is inspired. If Jason is an experimental artist, then he either creates originals or has a unique style (but not both). Alessandro is an experimental artist. If Alessandro is either creative or romantic (but not both), then he is inspired. If Alessandro is an experimental artist, then he either creates originals or has a unique style (but not both). Anyone who has vision and develops skills can create originals. Alessandro has a unique style. If someone is inspired and has imagination, then they can produce a masterpiece. Everyone who either produces a masterpiece or creates originals is an innovative artist. Alessandro has a muse.

Question:
Based on the above information, is the following statement true, false, or uncertain? Alessandro is not romantic.

Options:
[""A) True"", ""B) False"", ""C) Uncertain""]",B,1,"fact1: Alessandro does not explore new techniques.
fact2: Alessandro does not contribute to art.
rule: Everyone who is either an innovative artist or explores new techniques contributes to art.
conclusion: Alessandro is not an innovative artist.
fact1: Alessandro is an experimental artist.
fact2: Alessandro has a unique style.
rule: If Alessandro is an experimental artist, then he either creates originals or has a unique style (but not both).
conclusion: Alessandro does not create originals.
fact1: Alessandro has a muse.
fact2: Alessandro does not have good taste.
rule: If Alessandro has a muse, then he is either creative or has good taste (but not both).
conclusion: Alessandro is creative.
fact1: Alessandro does not create originals.
fact2: Alessandro is not an innovative artist.
rule: Everyone who either produces a masterpiece or creates originals is an innovative artist.
conclusion: Alessandro does not produce a masterpiece.
fact1: Alessandro has imagination.
fact2: Alessandro does not produce a masterpiece.
rule: If someone is inspired and has imagination, then they can produce a masterpiece.
conclusion: Alessandro is not inspired.
fact1: Alessandro is creative.
fact2: Alessandro is not inspired.
rule: If Alessandro is either creative or romantic (but not both), then he is inspired.
conclusion: Alessandro is not romantic.

Therefore, it is false that Alessandro is not romantic. The correct option is: B."
"Given the facts below, answer the question.

Facts:
Marigold has passion. Marigold cannot write beautifully. If Marigold has passion and finds inspiration, then she can write beautifully. Marigold does not cultivate her creativity. Anyone who creates timeless works either finds inspiration or cultivates their creativity (or both). Marigold does not value knowledge. Everyone values knowledge or has a curious nature. Marigold explores creative fields. If someone has a curious nature, then they explore creative fields and seek new experiences. Marigold does not gain wisdom. Everyone who either reflects on their life or seeks new experiences will gain wisdom. Anyone who reflects on their life will draw from their experience. Marigold does not study classics. If Marigold studies classics or is an influential writer, then she can create timeless works. Marigold writes from observations. Anyone who draws from experience or writes from observations can tell realistic stories. If Marigold either tells realistic stories or tells imaginative stories (but not both), then she is an influential writer.

Question:
Based on the above information, is the following statement true, false, or uncertain? Marigold tells imaginative stories.

Options:
[""A) True"", ""B) False"", ""C) Uncertain""]","Given the facts below, answer the question.

Facts:
If Loretta studies classics or is an influential writer, then she can create timeless works. Everyone who either reflects on their life or seeks new experiences will gain wisdom. If Marigold either tells realistic stories or tells imaginative stories (but not both), then she is an influential writer. Marigold writes from observations. If someone has a curious nature, then they explore creative fields and seek new experiences. Marigold does not gain wisdom. Marigold explores creative fields. Everyone values knowledge or has a curious nature. Anyone who reflects on their life will draw from their experience. Anyone who draws from experience or writes from observations can tell realistic stories. If Marigold studies classics or is an influential writer, then she can create timeless works. Marigold does not study classics. Anyone who creates timeless works either finds inspiration or cultivates their creativity (or both). Marigold does not value knowledge. Marigold cannot write beautifully. Marigold does not cultivate her creativity. Marigold has passion. If Marigold has passion and finds inspiration, then she can write beautifully.

Question:
Based on the above information, is the following statement true, false, or uncertain? Marigold tells imaginative stories.

Options:
[""A) True"", ""B) False"", ""C) Uncertain""]",A,0,"fact1: Marigold has passion.
fact2: Marigold cannot write beautifully.
rule: If Marigold has passion and finds inspiration, then she can write beautifully.
conclusion: Marigold does not find inspiration.
fact1: Marigold does not find inspiration.
fact2: Marigold does not cultivate her creativity.
rule: Anyone who creates timeless works either finds inspiration or cultivates their creativity (or both).
conclusion: Marigold cannot create timeless works.
fact1: Marigold does not value knowledge.
rule: Everyone values knowledge or has a curious nature.
conclusion: Marigold has a curious nature.
fact1: Marigold has a curious nature.
fact2: Marigold explores creative fields.
rule: If someone has a curious nature, then they explore creative fields and seek new experiences.
conclusion: Marigold seeks new experiences.
fact1: Marigold seeks new experiences.
fact2: Marigold does not gain wisdom.
rule: Everyone who either reflects on their life or seeks new experiences will gain wisdom.
conclusion: Marigold reflects on her life.
fact1: Marigold reflects on her life.
rule: Anyone who reflects on their life will draw from their experience.
conclusion: Marigold draws from experience.
fact1: Marigold does not study classics.
fact2: Marigold cannot create timeless works.
rule: If Marigold studies classics or is an influential writer, then she can create timeless works.
conclusion: Marigold is not an influential writer.
fact1: Marigold draws from experience.
fact2: Marigold writes from observations.
rule: Anyone who draws from experience or writes from observations can tell realistic stories.
conclusion: Marigold tells realistic stories.
fact1: Marigold tells realistic stories.
fact2: Marigold is not an influential writer.
rule: If Marigold either tells realistic stories or tells imaginative stories (but not both), then she is an influential writer.
conclusion: Marigold tells imaginative stories.

Therefore, it is true that Marigold tells imaginative stories. The correct option is: A."
"Given the facts below, answer the question.

Facts:
Renata interprets findings. Renata does not identify patterns. If Renata interprets findings, then she either analyzes data or identifies patterns, but not both. Renata reads extensively. Renata does not love learning. Everyone who reads extensively either loves learning or seeks knowledge (or both). Renata draws conclusions. If Renata analyzes data, then she either makes discoveries or draws conclusions, but not both. Renata pursues research. Everyone who pursues research either asks questions or makes discoveries (or both). For anyone who asks questions and seeks knowledge, they are curious.

Question:
Based on the above information, is the following statement true, false, or uncertain? Renata does not have expertise in paleontology.

Options:
[""A) True"", ""B) False"", ""C) Uncertain""]","Given the facts below, answer the question.

Facts:
Everyone who pursues research either asks questions or makes discoveries (or both). Renata reads extensively. Renata does not identify patterns. If Renata interprets findings, then she either analyzes data or identifies patterns, but not both. If Sabrina analyzes data, then she either makes discoveries or draws conclusions, but not both. Sabrina interprets findings. Renata does not love learning. Sabrina draws conclusions. If Renata analyzes data, then she either makes discoveries or draws conclusions, but not both. If Hendrix interprets findings, then she either analyzes data or identifies patterns, but not both. Sabrina reads extensively. Sabrina has expertise in paleontology or is curious about learning (or both). Fabian pursues research. Everyone who reads extensively either loves learning or seeks knowledge (or both). Renata draws conclusions. Renata pursues research. Renata interprets findings. For anyone who asks questions and seeks knowledge, they are curious. Fabian does not identify patterns. Hendrix does not love learning.

Question:
Based on the above information, is the following statement true, false, or uncertain? Renata does not have expertise in paleontology.

Options:
[""A) True"", ""B) False"", ""C) Uncertain""]",C,2,"fact1: Renata interprets findings.
fact2: Renata does not identify patterns.
rule: If Renata interprets findings, then she either analyzes data or identifies patterns, but not both.
conclusion: Renata analyzes data.
fact1: Renata reads extensively.
fact2: Renata does not love learning.
rule: Everyone who reads extensively either loves learning or seeks knowledge (or both).
conclusion: Renata seeks knowledge.
fact1: Renata analyzes data.
fact2: Renata draws conclusions.
rule: If Renata analyzes data, then she either makes discoveries or draws conclusions, but not both.
conclusion: Renata does not make discoveries.
fact1: Renata pursues research.
fact2: Renata does not make discoveries.
rule: Everyone who pursues research either asks questions or makes discoveries (or both).
conclusion: Renata asks questions.
fact1: Renata asks questions.
fact2: Renata seeks knowledge.
rule: For anyone who asks questions and seeks knowledge, they are curious.
conclusion: Renata is curious about learning.

According to the context and the conclusions that have already been drawn, we can deduce that it is uncertain that Renata does not have expertise in paleontology. The correct option is: C."
"Given the facts below, answer the question.

Facts:
Callie creates landscape designs. Callie does not have decorative skills. For all people, if they either design interior spaces or create landscape designs (but not both), then they have decorative skills. Callie pursues artistic careers. Callie either pursues artistic careers or works in architecture, but not both. Callie either designs interior spaces or grows tropical plants, but not both. Callie either works in architecture or enjoys nature, but not both. Callie experiments with hybrids. If Callie enjoys nature, then she has greenhouse experience and experiments with hybrids. Callie does not appreciate floral beauty. Everyone who either becomes an orchid breeder or grows tropical plants is someone who appreciates floral beauty. For all humans, if they study orchids and have greenhouse experience, then they can become an orchid breeder.

Question:
Based on the above information, is the following statement true, false, or uncertain? Callie studies orchids.

Options:
[""A) True"", ""B) False"", ""C) Uncertain""]","Given the facts below, answer the question.

Facts:
If Braden enjoys nature, then she has greenhouse experience and experiments with hybrids. Remy experiments with hybrids. Anyone who has botanical knowledge or gains practical skills can become an orchid breeder. For all humans, if they study orchids and have greenhouse experience, then they can become an orchid breeder. For all people, if they either design interior spaces or create landscape designs (but not both), then they have decorative skills. Remy does not have decorative skills. Callie experiments with hybrids. Callie either designs interior spaces or grows tropical plants, but not both. Remy creates landscape designs. Everyone who either becomes an orchid breeder or grows tropical plants is someone who appreciates floral beauty. Callie creates landscape designs. Callie does not appreciate floral beauty. If Callie enjoys nature, then she has greenhouse experience and experiments with hybrids. Remy does not appreciate floral beauty. Sadie either pursues artistic careers or works in architecture, but not both. Callie pursues artistic careers. Callie does not have decorative skills. Remy either designs interior spaces or grows tropical plants, but not both. Remy either works in architecture or enjoys nature, but not both. Callie either works in architecture or enjoys nature, but not both. If Callie can arrange floral patterns, then she can design interior spaces. Callie either pursues artistic careers or works in architecture, but not both. Remy pursues artistic careers.

Question:
Based on the above information, is the following statement true, false, or uncertain? Callie studies orchids.

Options:
[""A) True"", ""B) False"", ""C) Uncertain""]",B,1,"fact1: Callie creates landscape designs.
fact2: Callie does not have decorative skills.
rule: For all people, if they either design interior spaces or create landscape designs (but not both), then they have decorative skills.
conclusion: Callie designs interior spaces.
fact1: Callie pursues artistic careers.
rule: Callie either pursues artistic careers or works in architecture, but not both.
conclusion: Callie does not work in architecture.
fact1: Callie designs interior spaces.
rule: Callie either designs interior spaces or grows tropical plants, but not both.
conclusion: Callie does not grow tropical plants.
fact1: Callie does not work in architecture.
rule: Callie either works in architecture or enjoys nature, but not both.
conclusion: Callie enjoys nature.
fact1: Callie enjoys nature.
fact2: Callie experiments with hybrids.
rule: If Callie enjoys nature, then she has greenhouse experience and experiments with hybrids.
conclusion: Callie has greenhouse experience.
fact1: Callie does not grow tropical plants.
fact2: Callie does not appreciate floral beauty.
rule: Everyone who either becomes an orchid breeder or grows tropical plants is someone who appreciates floral beauty.
conclusion: Callie cannot become an orchid breeder.
fact1: Callie has greenhouse experience.
fact2: Callie cannot become an orchid breeder.
rule: For all humans, if they study orchids and have greenhouse experience, then they can become an orchid breeder.
conclusion: Callie studies orchids.

Therefore, it is false that Callie studies orchids. The correct option is: B."
"Given the facts below, answer the question.

Facts:
Curtis does not make decisive actions. Curtis does not stay focused. Anyone who handles emergencies makes decisive actions or stays focused (or both). Curtis does not earn respect. Anyone who has strong ethics or pursues a business career can earn respect. Anyone who has quick reflexes or remains calm can handle emergencies. Curtis either works in healthcare or pursues a business career, but not both. If Curtis works in healthcare, then he either has quick reflexes or can save lives, but not both.

Question:
Based on the above information, is the following statement true, false, or uncertain? Curtis has medical training.

Options:
[""A) True"", ""B) False"", ""C) Uncertain""]","Given the facts below, answer the question.

Facts:
Royal does not volunteer frequently. Curtis does not stay focused. Anyone who has strong ethics or pursues a business career can earn respect. Anthony gains admiration. Dewdrop does not stay focused. Curtis either works in healthcare or pursues a business career, but not both. If Dewdrop works in healthcare, then he either has quick reflexes or can save lives, but not both. Dewdrop either works in healthcare or pursues a business career, but not both. If Anthony either volunteers frequently or has strong ethics (but not both), then he gains admiration. If Dewdrop has medical training, then he can save lives. If Curtis works in healthcare, then he either has quick reflexes or can save lives, but not both. Anyone who handles emergencies makes decisive actions or stays focused (or both). Curtis does not earn respect. Anyone who has quick reflexes or remains calm can handle emergencies. Curtis does not make decisive actions.

Question:
Based on the above information, is the following statement true, false, or uncertain? Curtis has medical training.

Options:
[""A) True"", ""B) False"", ""C) Uncertain""]",C,2,"fact1: Curtis does not make decisive actions.
fact2: Curtis does not stay focused.
rule: Anyone who handles emergencies makes decisive actions or stays focused (or both).
conclusion: Curtis cannot handle emergencies.
fact1: Curtis does not earn respect.
rule: Anyone who has strong ethics or pursues a business career can earn respect.
conclusion: Curtis does not pursue a business career.
fact1: Curtis cannot handle emergencies.
rule: Anyone who has quick reflexes or remains calm can handle emergencies.
conclusion: Curtis does not have quick reflexes.
fact1: Curtis does not pursue a business career.
rule: Curtis either works in healthcare or pursues a business career, but not both.
conclusion: Curtis works in healthcare.
fact1: Curtis works in healthcare.
fact2: Curtis does not have quick reflexes.
rule: If Curtis works in healthcare, then he either has quick reflexes or can save lives, but not both.
conclusion: Curtis can save lives.

According to the context and the conclusions that have already been drawn, we can deduce that it is uncertain that Curtis has medical training. The correct option is: C."
"Given the facts below, answer the question.

Facts:
Jaylah does not have a creative soul. If Jaylah brings joy, then she has a creative soul. Jaylah does not respect tradition. Jaylah either pursues symmetry or respects tradition, but not both. Jaylah does not earn acclaim. Jaylah does not achieve success. Anyone who inspires others either earns acclaim or achieves success (or both). If Jaylah creates beauty, then she either brings joy or inspires others (but not both). If Jaylah either pursues symmetry or values aesthetics (but not both), then she creates beauty.

Question:
Based on the above information, is the following statement true, false, or uncertain? Jaylah does not appreciate proportion.

Options:
[""A) True"", ""B) False"", ""C) Uncertain""]","Given the facts below, answer the question.

Facts:
Jaylah does not achieve success. Jaylah either pursues symmetry or respects tradition, but not both. Jaylah does not earn acclaim. If Jaylah brings joy, then she has a creative soul. Jrue does not have a creative soul. Cora either pursues symmetry or respects tradition, but not both. Braden does not achieve success. Jaylah does not have a creative soul. Jaylah does not respect tradition. If Jrue brings joy, then she has a creative soul. If Jaylah creates beauty, then she either brings joy or inspires others (but not both). Cora does not earn acclaim. If Jaylah either pursues symmetry or values aesthetics (but not both), then she creates beauty. Anyone who inspires others either earns acclaim or achieves success (or both). Jrue does not respect tradition. If Braden creates beauty, then she either brings joy or inspires others (but not both).

Question:
Based on the above information, is the following statement true, false, or uncertain? Jaylah does not appreciate proportion.

Options:
[""A) True"", ""B) False"", ""C) Uncertain""]",C,2,"fact1: Jaylah does not have a creative soul.
rule: If Jaylah brings joy, then she has a creative soul.
conclusion: Jaylah does not bring joy.
fact1: Jaylah does not respect tradition.
rule: Jaylah either pursues symmetry or respects tradition, but not both.
conclusion: Jaylah pursues symmetry.
fact1: Jaylah does not earn acclaim.
fact2: Jaylah does not achieve success.
rule: Anyone who inspires others either earns acclaim or achieves success (or both).
conclusion: Jaylah does not inspire others.
fact1: Jaylah does not bring joy.
fact2: Jaylah does not inspire others.
rule: If Jaylah creates beauty, then she either brings joy or inspires others (but not both).
conclusion: Jaylah does not create beauty.
fact1: Jaylah pursues symmetry.
fact2: Jaylah does not create beauty.
rule: If Jaylah either pursues symmetry or values aesthetics (but not both), then she creates beauty.
conclusion: Jaylah values aesthetics.

According to the context and the conclusions that have already been drawn, we can deduce that it is uncertain that Jaylah does not appreciate proportion. The correct option is: C."
"Given the facts below, answer the question.

Facts:
Yummers explores her environment. Yummers does not have hidden talents. If Yummers explores her environment, then she is either curious or has hidden talents, but not both. Yummers chases toys. Yummers does not climb furniture. If Yummers either chases toys or climbs furniture (but not both), then she is playful. Yummers is affectionate. If Yummers is curious, then she either inspires artists or is affectionate, but not both. If a cat has a creative side and is playful, then it can inspire artists. Yummers does not have good timing. If Yummers has good timing or appreciates music, then she has a creative side. Yummers loves the violin. Yummers is not a local celebrity. If Yummers performs harmoniously and loves the violin, then she becomes a local celebrity. Yummers has good hearing. If Yummers has good hearing and is talented, then she can perform harmoniously. If Yummers either appreciates music or creates music (but not both), then she is talented.

Question:
Based on the above information, is the following statement true, false, or uncertain? Yummers creates music.

Options:
[""A) True"", ""B) False"", ""C) Uncertain""]","Given the facts below, answer the question.

Facts:
If Kase either chases toys or climbs furniture (but not both), then she is playful. If Kase is curious, then she either inspires artists or is affectionate, but not both. If Kamari has good hearing and is talented, then she can perform harmoniously. Kase chases toys. If Yummers either chases toys or climbs furniture (but not both), then she is playful. Yummers does not have hidden talents. Yummers chases toys. If Yummers explores her environment, then she is either curious or has hidden talents, but not both. Hannah does not climb furniture. Kase has good hearing. If Kase either appreciates music or creates music (but not both), then she is talented. Kamari is not a local celebrity. Yummers loves the violin. If Yummers has good hearing and is talented, then she can perform harmoniously. Kase explores her environment. Yummers is affectionate. Kamari loves the violin. If Kamari has good timing or appreciates music, then she has a creative side. If a cat has a creative side and is playful, then it can inspire artists. If Yummers has good timing or appreciates music, then she has a creative side. Yummers does not climb furniture. Kase is affectionate. Yummers has good hearing. If Kamari performs harmoniously and loves the violin, then she becomes a local celebrity. Yummers does not have good timing. Hannah does not have good timing. If Yummers is curious, then she either inspires artists or is affectionate, but not both. Yummers is not a local celebrity. Yummers explores her environment. If Kase explores her environment, then she is either curious or has hidden talents, but not both. If Yummers performs harmoniously and loves the violin, then she becomes a local celebrity. If Yummers either appreciates music or creates music (but not both), then she is talented. Kase does not have hidden talents.

Question:
Based on the above information, is the following statement true, false, or uncertain? Yummers creates music.

Options:
[""A) True"", ""B) False"", ""C) Uncertain""]",B,1,"fact1: Yummers explores her environment.
fact2: Yummers does not have hidden talents.
rule: If Yummers explores her environment, then she is either curious or has hidden talents, but not both.
conclusion: Yummers is curious.
fact1: Yummers chases toys.
fact2: Yummers does not climb furniture.
rule: If Yummers either chases toys or climbs furniture (but not both), then she is playful.
conclusion: Yummers is playful.
fact1: Yummers is curious.
fact2: Yummers is affectionate.
rule: If Yummers is curious, then she either inspires artists or is affectionate, but not both.
conclusion: Yummers does not inspire artists.
fact1: Yummers is playful.
fact2: Yummers does not inspire artists.
rule: If a cat has a creative side and is playful, then it can inspire artists.
conclusion: Yummers does not have a creative side.
fact1: Yummers does not have good timing.
fact2: Yummers does not have a creative side.
rule: If Yummers has good timing or appreciates music, then she has a creative side.
conclusion: Yummers does not appreciate music.
fact1: Yummers loves the violin.
fact2: Yummers is not a local celebrity.
rule: If Yummers performs harmoniously and loves the violin, then she becomes a local celebrity.
conclusion: Yummers cannot perform harmoniously.
fact1: Yummers has good hearing.
fact2: Yummers cannot perform harmoniously.
rule: If Yummers has good hearing and is talented, then she can perform harmoniously.
conclusion: Yummers is not talented.
fact1: Yummers does not appreciate music.
fact2: Yummers is not talented.
rule: If Yummers either appreciates music or creates music (but not both), then she is talented.
conclusion: Yummers creates music.

Therefore, it is false that Yummers creates music. The correct option is: B."
"Given the facts below, answer the question.

Facts:
Kimber communicates effectively. Kimber either communicates effectively or transcribes accurately, but not both. Kimber teaches language skills. Kimber either teaches language skills or documents languages, but not both. Kimber understands dialects. Everyone who understands dialects either transcribes accurately or analyzes speech (or both). If Kimber analyzes speech, then she either documents languages or studies phonetics (or both). Kimber does not develop new systems. If Kimber studies phonetics, then she either develops new systems or becomes an expert (or both).

Question:
Based on the above information, is the following statement true, false, or uncertain? Kimber is not passionate about languages.

Options:
[""A) True"", ""B) False"", ""C) Uncertain""]","Given the facts below, answer the question.

Facts:
Rex makes meaningful contributions. Kimber teaches language skills. Kimber either teaches language skills or documents languages, but not both. If Rex is passionate about languages, then she will become an expert and make meaningful contributions. Kimber understands dialects. Kimber does not develop new systems. Everyone who understands dialects either transcribes accurately or analyzes speech (or both). If Kimber studies phonetics, then she either develops new systems or becomes an expert (or both). Indie either teaches language skills or documents languages, but not both. Clay understands dialects. Kimber either communicates effectively or transcribes accurately, but not both. Kimber communicates effectively. If Kimber analyzes speech, then she either documents languages or studies phonetics (or both).

Question:
Based on the above information, is the following statement true, false, or uncertain? Kimber is not passionate about languages.

Options:
[""A) True"", ""B) False"", ""C) Uncertain""]",C,2,"fact1: Kimber communicates effectively.
rule: Kimber either communicates effectively or transcribes accurately, but not both.
conclusion: Kimber does not transcribe accurately.
fact1: Kimber teaches language skills.
rule: Kimber either teaches language skills or documents languages, but not both.
conclusion: Kimber does not document languages.
fact1: Kimber understands dialects.
fact2: Kimber does not transcribe accurately.
rule: Everyone who understands dialects either transcribes accurately or analyzes speech (or both).
conclusion: Kimber analyzes speech.
fact1: Kimber analyzes speech.
fact2: Kimber does not document languages.
rule: If Kimber analyzes speech, then she either documents languages or studies phonetics (or both).
conclusion: Kimber studies phonetics.
fact1: Kimber studies phonetics.
fact2: Kimber does not develop new systems.
rule: If Kimber studies phonetics, then she either develops new systems or becomes an expert (or both).
conclusion: Kimber becomes an expert.

According to the context and the conclusions that have already been drawn, we can deduce that it is uncertain that Kimber is not passionate about languages. The correct option is: C."
"Given the facts below, answer the question.

Facts:
Dork is not humble. Dork is either authentic or humble. Dork does not follow rules. Dork either takes risks or follows rules. Dork is not adventurous. If Dork takes risks, then he is either adventurous or acts on impulse, but not both. Dork does not have good intentions. If Dork acts on impulse, then he is either spontaneous or has good intentions (or both). If Dork is authentic, then he is either charismatic or spontaneous, but not both. Dork does not maintain order. Dork either spreads chaos or maintains order, but not both. Dork does not make mistakes. If Dork either brings laughter or makes mistakes, then he is charismatic. If Dork is either hapless or spreads chaos, then he brings laughter. Dork entertains others. If Dork is hapless, then he either causes accidents or entertains others, but not both.

Question:
Based on the above information, is the following statement true, false, or uncertain? Dork causes accidents.

Options:
[""A) True"", ""B) False"", ""C) Uncertain""]","Given the facts below, answer the question.

Facts:
Dork is either authentic or humble. Marcellus does not maintain order. If Dork either brings laughter or makes mistakes, then he is charismatic. Briella either takes risks or follows rules. Eliza is not adventurous. If Marcellus takes risks, then he is either adventurous or acts on impulse, but not both. If Dork is either hapless or spreads chaos, then he brings laughter. Marcellus either spreads chaos or maintains order, but not both. If Briella is either hapless or spreads chaos, then he brings laughter. Dork does not maintain order. Dork does not make mistakes. If Dork is authentic, then he is either charismatic or spontaneous, but not both. Dork is not humble. If Dork takes risks, then he is either adventurous or acts on impulse, but not both. If Marcellus is authentic, then he is either charismatic or spontaneous, but not both. Marcellus does not make mistakes. Dork entertains others. Dork either takes risks or follows rules. Eliza entertains others. If Dork acts on impulse, then he is either spontaneous or has good intentions (or both). Dork does not follow rules. If Marcellus acts on impulse, then he is either spontaneous or has good intentions (or both). If Eliza either brings laughter or makes mistakes, then he is charismatic. Dork either spreads chaos or maintains order, but not both. Dork is not adventurous. If Dork is hapless, then he either causes accidents or entertains others, but not both. Dork does not have good intentions.

Question:
Based on the above information, is the following statement true, false, or uncertain? Dork causes accidents.

Options:
[""A) True"", ""B) False"", ""C) Uncertain""]",B,1,"fact1: Dork is not humble.
rule: Dork is either authentic or humble.
conclusion: Dork is authentic.
fact1: Dork does not follow rules.
rule: Dork either takes risks or follows rules.
conclusion: Dork takes risks.
fact1: Dork takes risks.
fact2: Dork is not adventurous.
rule: If Dork takes risks, then he is either adventurous or acts on impulse, but not both.
conclusion: Dork acts on impulse.
fact1: Dork acts on impulse.
fact2: Dork does not have good intentions.
rule: If Dork acts on impulse, then he is either spontaneous or has good intentions (or both).
conclusion: Dork is spontaneous.
fact1: Dork is authentic.
fact2: Dork is spontaneous.
rule: If Dork is authentic, then he is either charismatic or spontaneous, but not both.
conclusion: Dork is not charismatic.
fact1: Dork does not maintain order.
rule: Dork either spreads chaos or maintains order, but not both.
conclusion: Dork spreads chaos.
fact1: Dork does not make mistakes.
fact2: Dork is not charismatic.
rule: If Dork either brings laughter or makes mistakes, then he is charismatic.
conclusion: Dork does not bring laughter.
fact1: Dork spreads chaos.
fact2: Dork does not bring laughter.
rule: If Dork is either hapless or spreads chaos, then he brings laughter.
conclusion: Dork is hapless.
fact1: Dork is hapless.
fact2: Dork entertains others.
rule: If Dork is hapless, then he either causes accidents or entertains others, but not both.
conclusion: Dork causes accidents.

Therefore, it is false that Dork causes accidents. The correct option is: B."
"Given the facts below, answer the question.

Facts:
Romeo pursues creative interests. Romeo does not learn to embrace failure. If Romeo pursues creative interests, then he either faces challenges or learns to embrace failure (but not both). Romeo stays positive. If Romeo faces challenges, then he either maintains his mental health or stays positive (but not both). Romeo does not value social bonds. If someone either values social bonds or has close friends, then they can maintain their mental health. Romeo cannot cope with anxiety. If someone either has close friends or relies on their support network, then they can cope with anxiety. Romeo either relies on his support network or seeks professional help, but not both. Romeo does not overcome the phobia. For all humans, if they fear thunderstorms and seek professional help, then they can overcome the phobia.

Question:
Based on the above information, is the following statement true, false, or uncertain? Romeo fears thunderstorms.

Options:
[""A) True"", ""B) False"", ""C) Uncertain""]","Given the facts below, answer the question.

Facts:
If someone either values social bonds or has close friends, then they can maintain their mental health. If someone either has close friends or relies on their support network, then they can cope with anxiety. Nathanael cannot cope with anxiety. Nathanael does not overcome the phobia. If Romeo pursues creative interests, then he either faces challenges or learns to embrace failure (but not both). Romeo either relies on his support network or seeks professional help, but not both. Reece stays positive. Romeo cannot cope with anxiety. Romeo does not overcome the phobia. Romeo does not learn to embrace failure. Romeo stays positive. For all humans, if they fear thunderstorms and seek professional help, then they can overcome the phobia. If Reece pursues creative interests, then he either faces challenges or learns to embrace failure (but not both). Romeo pursues creative interests. Dane does not learn to embrace failure. If Romeo faces challenges, then he either maintains his mental health or stays positive (but not both). Romeo does not value social bonds. If Nathanael faces challenges, then he either maintains his mental health or stays positive (but not both).

Question:
Based on the above information, is the following statement true, false, or uncertain? Romeo fears thunderstorms.

Options:
[""A) True"", ""B) False"", ""C) Uncertain""]",B,1,"fact1: Romeo pursues creative interests.
fact2: Romeo does not learn to embrace failure.
rule: If Romeo pursues creative interests, then he either faces challenges or learns to embrace failure (but not both).
conclusion: Romeo faces challenges.
fact1: Romeo faces challenges.
fact2: Romeo stays positive.
rule: If Romeo faces challenges, then he either maintains his mental health or stays positive (but not both).
conclusion: Romeo cannot maintain his mental health.
fact1: Romeo does not value social bonds.
fact2: Romeo cannot maintain his mental health.
rule: If someone either values social bonds or has close friends, then they can maintain their mental health.
conclusion: Romeo does not have close friends.
fact1: Romeo does not have close friends.
fact2: Romeo cannot cope with anxiety.
rule: If someone either has close friends or relies on their support network, then they can cope with anxiety.
conclusion: Romeo does not rely on his support network.
fact1: Romeo does not rely on his support network.
rule: Romeo either relies on his support network or seeks professional help, but not both.
conclusion: Romeo seeks professional help.
fact1: Romeo seeks professional help.
fact2: Romeo does not overcome the phobia.
rule: For all humans, if they fear thunderstorms and seek professional help, then they can overcome the phobia.
conclusion: Romeo fears thunderstorms.

Therefore, it is false that Romeo fears thunderstorms. The correct option is: B."
"Given the facts below, answer the question.

Facts:
Valentina builds on existing work. Valentina either builds on existing work or makes new discoveries, but not both. Valentina pursues academia. If Valentina pursues academia, then she will teach students. Valentina either teaches students or develops theories, but not necessarily both. Valentina does not advance knowledge. Anyone who analyzes data either develops theories or advances knowledge (or both). Valentina does not gain recognition. If Valentina either analyzes data or studies prime numbers (but not both), then she gains recognition.

Question:
Based on the above information, is the following statement true, false, or uncertain? Valentina becomes a leading mathematician.

Options:
[""A) True"", ""B) False"", ""C) Uncertain""]","Given the facts below, answer the question.

Facts:
If Valentina pursues academia, then she will teach students. Valentina builds on existing work. Valentina pursues academia. Valentina does not advance knowledge. If Valentina either analyzes data or studies prime numbers (but not both), then she gains recognition. Aubrie either teaches students or develops theories, but not necessarily both. Valentina either builds on existing work or makes new discoveries, but not both. Dearestone does not gain recognition. Anyone who analyzes data either develops theories or advances knowledge (or both). Valentina either teaches students or develops theories, but not necessarily both. Valentina does not gain recognition.

Question:
Based on the above information, is the following statement true, false, or uncertain? Valentina becomes a leading mathematician.

Options:
[""A) True"", ""B) False"", ""C) Uncertain""]",C,2,"fact1: Valentina builds on existing work.
rule: Valentina either builds on existing work or makes new discoveries, but not both.
conclusion: Valentina does not make new discoveries.
fact1: Valentina pursues academia.
rule: If Valentina pursues academia, then she will teach students.
conclusion: Valentina teaches students.
fact1: Valentina teaches students.
rule: Valentina either teaches students or develops theories, but not necessarily both.
conclusion: Valentina does not develop theories.
fact1: Valentina does not develop theories.
fact2: Valentina does not advance knowledge.
rule: Anyone who analyzes data either develops theories or advances knowledge (or both).
conclusion: Valentina does not analyze data.
fact1: Valentina does not analyze data.
fact2: Valentina does not gain recognition.
rule: If Valentina either analyzes data or studies prime numbers (but not both), then she gains recognition.
conclusion: Valentina does not study prime numbers.

According to the context and the conclusions that have already been drawn, we can deduce that it is uncertain that Valentina becomes a leading mathematician. The correct option is: C."
"Given the facts below, answer the question.

Facts:
Faye cannot save lives. If Faye has good instincts or acts intuitively, then she can save lives. Faye does not make quick decisions. If Faye remains calm, then she either makes quick decisions or has good instincts, but not both. Faye is well-trained or remains calm. If Faye is well-trained and thinks clearly, then she has good reflexes. Faye cannot handle emergency situations. If Faye is physically strong and has good reflexes, then she can handle emergency situations. Faye is physically strong or mentally tough.

Question:
Based on the above information, is the following statement true, false, or uncertain? Faye is mentally tough.

Options:
[""A) True"", ""B) False"", ""C) Uncertain""]","Given the facts below, answer the question.

Facts:
Zaria is well-trained or remains calm. Milena cannot save lives. If Faye is well-trained and thinks clearly, then she has good reflexes. Zaria is physically strong or mentally tough. If Zaria remains calm, then she either makes quick decisions or has good instincts, but not both. Milena cannot handle emergency situations. Faye cannot handle emergency situations. If Milena has good instincts or acts intuitively, then she can save lives. Dennis does not make quick decisions. If Faye remains calm, then she either makes quick decisions or has good instincts, but not both. Faye is physically strong or mentally tough. Faye cannot save lives. If Faye is physically strong and has good reflexes, then she can handle emergency situations. Faye does not make quick decisions. If Faye has good instincts or acts intuitively, then she can save lives. If Milena is well-trained and thinks clearly, then she has good reflexes. Faye is well-trained or remains calm.

Question:
Based on the above information, is the following statement true, false, or uncertain? Faye is mentally tough.

Options:
[""A) True"", ""B) False"", ""C) Uncertain""]",A,0,"fact1: Faye cannot save lives.
rule: If Faye has good instincts or acts intuitively, then she can save lives.
conclusion: Faye does not have good instincts.
fact1: Faye does not make quick decisions.
fact2: Faye does not have good instincts.
rule: If Faye remains calm, then she either makes quick decisions or has good instincts, but not both.
conclusion: Faye does not remain calm.
fact1: Faye does not remain calm.
rule: Faye is well-trained or remains calm.
conclusion: Faye is well-trained.
fact1: Faye is well-trained.
rule: If Faye is well-trained and thinks clearly, then she has good reflexes.
conclusion: Faye has good reflexes.
fact1: Faye has good reflexes.
fact2: Faye cannot handle emergency situations.
rule: If Faye is physically strong and has good reflexes, then she can handle emergency situations.
conclusion: Faye is not physically strong.
fact1: Faye is not physically strong.
rule: Faye is physically strong or mentally tough.
conclusion: Faye is mentally tough.

Therefore, it is true that Faye is mentally tough. The correct option is: A."
"Given the facts below, answer the question.

Facts:
Mara does not have wings. Mara is not agile. All birds that learn to fly have wings and are agile. Mara grows feathers. Mara does not develop song. If Mara grows feathers, then she either develops plumage or develops song, but not both. If Mara develops plumage, then she either reaches adulthood or learns to fly, but not both the first two. Mara does not search for food. Mara either finds a mate or searches for food. If Mara reaches adulthood, then she finds a mate and starts a family. If a bird starts a family, then it builds a nest. Mara does not migrate seasonally. Every bird either has a territory or migrates seasonally. Mara does not raise her young. For any bird, if it builds a nest and defends against predators, then it raises its young. If Mara has a territory, then she either defends against predators or provides refuge for others, but not both.

Question:
Based on the above information, is the following statement true, false, or uncertain? Mara provides refuge for others.

Options:
[""A) True"", ""B) False"", ""C) Uncertain""]","Given the facts below, answer the question.

Facts:
For any bird, if it builds a nest and defends against predators, then it raises its young. If Mara develops plumage, then she either reaches adulthood or learns to fly, but not both the first two. Mara either finds a mate or searches for food. Mara is not agile. Evander does not migrate seasonally. Mara does not develop song. If Mara reaches adulthood, then she finds a mate and starts a family. Mara does not search for food. All birds that learn to fly have wings and are agile. Mara does not have wings. Mara grows feathers. Every bird either has a territory or migrates seasonally. Mara does not migrate seasonally. Eyecandy does not have wings. If Mara has a territory, then she either defends against predators or provides refuge for others, but not both. If Mara grows feathers, then she either develops plumage or develops song, but not both. Mara does not raise her young. If a bird starts a family, then it builds a nest.

Question:
Based on the above information, is the following statement true, false, or uncertain? Mara provides refuge for others.

Options:
[""A) True"", ""B) False"", ""C) Uncertain""]",A,0,"fact1: Mara does not have wings.
fact2: Mara is not agile.
rule: All birds that learn to fly have wings and are agile.
conclusion: Mara does not learn to fly.
fact1: Mara grows feathers.
fact2: Mara does not develop song.
rule: If Mara grows feathers, then she either develops plumage or develops song, but not both.
conclusion: Mara develops plumage.
fact1: Mara develops plumage.
fact2: Mara does not learn to fly.
rule: If Mara develops plumage, then she either reaches adulthood or learns to fly, but not both the first two.
conclusion: Mara reaches adulthood.
fact1: Mara does not search for food.
rule: Mara either finds a mate or searches for food.
conclusion: Mara finds a mate.
fact1: Mara reaches adulthood.
fact2: Mara finds a mate.
rule: If Mara reaches adulthood, then she finds a mate and starts a family.
conclusion: Mara starts a family.
fact1: Mara starts a family.
rule: If a bird starts a family, then it builds a nest.
conclusion: Mara builds a nest.
fact1: Mara does not migrate seasonally.
rule: Every bird either has a territory or migrates seasonally.
conclusion: Mara has a territory.
fact1: Mara builds a nest.
fact2: Mara does not raise her young.
rule: For any bird, if it builds a nest and defends against predators, then it raises its young.
conclusion: Mara does not defend against predators.
fact1: Mara has a territory.
fact2: Mara does not defend against predators.
rule: If Mara has a territory, then she either defends against predators or provides refuge for others, but not both.
conclusion: Mara provides refuge for others.

Therefore, it is true that Mara provides refuge for others. The correct option is: A."
"Given the facts below, answer the question.

Facts:
Sparkles likes shade. If Sparkles likes shade, then she has simple needs and is relaxed. Sparkles does not follow currents. All relaxed fish either float freely or follow currents. If Sparkles floats freely, then she keeps distance and enjoys seaweed. Sparkles chases food. Sparkles is not energetic. For any fish, if it darts around and chases food, then it is energetic. Sparkles either swims slowly or darts around, but she does not do both. Sparkles is not peaceful. Any fish that soothes its neighbors is peaceful. If Sparkles swims slowly and keeps distance, then she calms others. If Sparkles has a gentle nature, then she soothes her neighbors.

Question:
Based on the above information, is the following statement true, false, or uncertain? Sparkles avoids conflict.

Options:
[""A) True"", ""B) False"", ""C) Uncertain""]","Given the facts below, answer the question.

Facts:
Tru chases food. If Sparkles has a gentle nature, then she soothes her neighbors. Sparkles is not peaceful. Sparkles does not follow currents. Tru does not follow currents. If Seven has a gentle nature, then she calms others and avoids conflict. Sparkles likes shade. Any fish that soothes its neighbors is peaceful. Sparkles is not energetic. If Tru has a gentle nature, then she soothes her neighbors. For any fish, if it darts around and chases food, then it is energetic. If Tru floats freely, then she keeps distance and enjoys seaweed. Tru is not energetic. If Sparkles likes shade, then she has simple needs and is relaxed. Seven likes shade. Sparkles chases food. Seven is not peaceful. Sparkles either swims slowly or darts around, but she does not do both. All relaxed fish either float freely or follow currents. If Sparkles swims slowly and keeps distance, then she calms others. If Sparkles floats freely, then she keeps distance and enjoys seaweed.

Question:
Based on the above information, is the following statement true, false, or uncertain? Sparkles avoids conflict.

Options:
[""A) True"", ""B) False"", ""C) Uncertain""]",C,2,"fact1: Sparkles likes shade.
rule: If Sparkles likes shade, then she has simple needs and is relaxed.
conclusion: Sparkles is relaxed.
fact1: Sparkles is relaxed.
fact2: Sparkles does not follow currents.
rule: All relaxed fish either float freely or follow currents.
conclusion: Sparkles floats freely.
fact1: Sparkles floats freely.
rule: If Sparkles floats freely, then she keeps distance and enjoys seaweed.
conclusion: Sparkles keeps distance.
fact1: Sparkles chases food.
fact2: Sparkles is not energetic.
rule: For any fish, if it darts around and chases food, then it is energetic.
conclusion: Sparkles does not dart around.
fact1: Sparkles does not dart around.
rule: Sparkles either swims slowly or darts around, but she does not do both.
conclusion: Sparkles swims slowly.
fact1: Sparkles is not peaceful.
rule: Any fish that soothes its neighbors is peaceful.
conclusion: Sparkles does not soothe her neighbors.
fact1: Sparkles swims slowly.
fact2: Sparkles keeps distance.
rule: If Sparkles swims slowly and keeps distance, then she calms others.
conclusion: Sparkles calms others.
fact1: Sparkles does not soothe her neighbors.
rule: If Sparkles has a gentle nature, then she soothes her neighbors.
conclusion: Sparkles does not have a gentle nature.

According to the context and the conclusions that have already been drawn, we can deduce that it is uncertain that Sparkles avoids conflict. The correct option is: C."
"Given the facts below, answer the question.

Facts:
Ivory does not build connections with people. Ivory does not find personal satisfaction. Every horse that thrives in its work either builds connections with people or finds personal satisfaction (or both). Any horse that is intelligent or has strong instincts will thrive in its work. Ivory is a large horse. If Ivory is a large horse, then she is either even-tempered or intelligent, but not both. Ivory is trained. Ivory is social. If Ivory is trained, then she is either social or provides emotional support (but not both). If Ivory is either calm-natured or even-tempered, then she provides emotional support. Ivory competes in parades. Ivory is either a therapy horse or competes in parades, but not both. If Ivory is either gentle or calm-natured (but not both), then she is a therapy horse.

Question:
Based on the above information, is the following statement true, false, or uncertain? Ivory is majestic.

Options:
[""A) True"", ""B) False"", ""C) Uncertain""]","Given the facts below, answer the question.

Facts:
If Ivory is either calm-natured or even-tempered, then she provides emotional support. Ivory is a large horse. If Hank is trained, then she is either social or provides emotional support (but not both). Ivory is trained. Ivory does not build connections with people. Ivory does not find personal satisfaction. Ivory competes in parades. If Ivory is either gentle or calm-natured (but not both), then she is a therapy horse. Ivory is social. Collins is either a therapy horse or competes in parades, but not both. Every horse that thrives in its work either builds connections with people or finds personal satisfaction (or both). Any horse that is intelligent or has strong instincts will thrive in its work. If Ivory is trained, then she is either social or provides emotional support (but not both). Ivory is either a therapy horse or competes in parades, but not both. If Hank is a large horse, then she is either even-tempered or intelligent, but not both. If Ivory is a large horse, then she is either even-tempered or intelligent, but not both.

Question:
Based on the above information, is the following statement true, false, or uncertain? Ivory is majestic.

Options:
[""A) True"", ""B) False"", ""C) Uncertain""]",C,2,"fact1: Ivory does not build connections with people.
fact2: Ivory does not find personal satisfaction.
rule: Every horse that thrives in its work either builds connections with people or finds personal satisfaction (or both).
conclusion: Ivory does not thrive in her work.
fact1: Ivory does not thrive in her work.
rule: Any horse that is intelligent or has strong instincts will thrive in its work.
conclusion: Ivory is not intelligent.
fact1: Ivory is a large horse.
fact2: Ivory is not intelligent.
rule: If Ivory is a large horse, then she is either even-tempered or intelligent, but not both.
conclusion: Ivory is even-tempered.
fact1: Ivory is trained.
fact2: Ivory is social.
rule: If Ivory is trained, then she is either social or provides emotional support (but not both).
conclusion: Ivory does not provide emotional support.
fact1: Ivory is even-tempered.
fact2: Ivory does not provide emotional support.
rule: If Ivory is either calm-natured or even-tempered, then she provides emotional support.
conclusion: Ivory is calm-natured.
fact1: Ivory competes in parades.
rule: Ivory is either a therapy horse or competes in parades, but not both.
conclusion: Ivory is not a therapy horse.
fact1: Ivory is calm-natured.
fact2: Ivory is not a therapy horse.
rule: If Ivory is either gentle or calm-natured (but not both), then she is a therapy horse.
conclusion: Ivory is gentle.

According to the context and the conclusions that have already been drawn, we can deduce that it is uncertain that Ivory is majestic. The correct option is: C."
"Given the facts below, answer the question.

Facts:
Lochlan does not have a strong passion. Lochlan does not have authority in his field. If Lochlan shares his expertise, then he either has a strong passion or has authority in his field (but not both). Lochlan does not retire early. Lochlan either breaks records or retires early, but not both. Lochlan competes at the national level. If Lochlan competes at the national level, then he is a professional athlete. If Lochlan is a professional athlete, then he can either win competitions or break records, but not both. Lochlan leads workshops. Lochlan does not inspire others. Everyone who either mentors others or leads workshops (but not both) inspires others. If Lochlan either becomes a coach or mentors others (but not both), then he shares his expertise. Lochlan does not start his own business. Lochlan either starts his own business or pursues an academic career, but not both. If Lochlan shares his knowledge, then he can either pursue an academic career or become a coach, but not both. If Lochlan is an experienced canoeist, then he can either win competitions or share his knowledge with others, but not both.

Question:
Based on the above information, is the following statement true, false, or uncertain? Lochlan is an experienced canoeist.

Options:
[""A) True"", ""B) False"", ""C) Uncertain""]","Given the facts below, answer the question.

Facts:
Lochlan either starts his own business or pursues an academic career, but not both. Lochlan does not start his own business. Lochlan does not retire early. If Dearestone shares his expertise, then he either has a strong passion or has authority in his field (but not both). If Lochlan competes at the national level, then he is a professional athlete. Lochlan competes at the national level. If Dearestone is a professional athlete, then he can either win competitions or break records, but not both. Bianca does not start his own business. Bianca does not inspire others. If Dearestone is an experienced canoeist, then he can either win competitions or share his knowledge with others, but not both. If Lochlan either becomes a coach or mentors others (but not both), then he shares his expertise. If Lochlan is a professional athlete, then he can either win competitions or break records, but not both. Lochlan leads workshops. If Lochlan shares his expertise, then he either has a strong passion or has authority in his field (but not both). Lochlan does not have a strong passion. Lochlan does not have authority in his field. If Lochlan is an experienced canoeist, then he can either win competitions or share his knowledge with others, but not both. Lochlan either breaks records or retires early, but not both. Everyone who either mentors others or leads workshops (but not both) inspires others. Bianca leads workshops. Lochlan does not inspire others. If Lochlan shares his knowledge, then he can either pursue an academic career or become a coach, but not both. If Dearestone either becomes a coach or mentors others (but not both), then he shares his expertise.

Question:
Based on the above information, is the following statement true, false, or uncertain? Lochlan is an experienced canoeist.

Options:
[""A) True"", ""B) False"", ""C) Uncertain""]",B,1,"fact1: Lochlan does not have a strong passion.
fact2: Lochlan does not have authority in his field.
rule: If Lochlan shares his expertise, then he either has a strong passion or has authority in his field (but not both).
conclusion: Lochlan does not share his expertise.
fact1: Lochlan does not retire early.
rule: Lochlan either breaks records or retires early, but not both.
conclusion: Lochlan breaks records.
fact1: Lochlan competes at the national level.
rule: If Lochlan competes at the national level, then he is a professional athlete.
conclusion: Lochlan is a professional athlete.
fact1: Lochlan is a professional athlete.
fact2: Lochlan breaks records.
rule: If Lochlan is a professional athlete, then he can either win competitions or break records, but not both.
conclusion: Lochlan does not win competitions.
fact1: Lochlan leads workshops.
fact2: Lochlan does not inspire others.
rule: Everyone who either mentors others or leads workshops (but not both) inspires others.
conclusion: Lochlan mentors others.
fact1: Lochlan mentors others.
fact2: Lochlan does not share his expertise.
rule: If Lochlan either becomes a coach or mentors others (but not both), then he shares his expertise.
conclusion: Lochlan becomes a coach.
fact1: Lochlan does not start his own business.
rule: Lochlan either starts his own business or pursues an academic career, but not both.
conclusion: Lochlan pursues an academic career.
fact1: Lochlan pursues an academic career.
fact2: Lochlan becomes a coach.
rule: If Lochlan shares his knowledge, then he can either pursue an academic career or become a coach, but not both.
conclusion: Lochlan does not share his knowledge with others.
fact1: Lochlan does not win competitions.
fact2: Lochlan does not share his knowledge with others.
rule: If Lochlan is an experienced canoeist, then he can either win competitions or share his knowledge with others, but not both.
conclusion: Lochlan is an experienced canoeist.

Therefore, it is false that Lochlan is an experienced canoeist. The correct option is: B."
"Given the facts below, answer the question.

Facts:
Luka pursues specialized research. Luka does not become a leading authority. If Luka pursues specialized research, then he either gains reputation or becomes a leading authority (or both). Luka receives awards. If Luka earns recognition, then he either receives awards or gains reputation (but not both). If Luka contributes to science, then he will earn recognition. Luka is not innovative. If Luka either makes discoveries or contributes to science (but not both), then he is innovative. If Luka is intelligent, then he will make discoveries. Everyone is intelligent or curious (or both).

Question:
Based on the above information, is the following statement true, false, or uncertain? Luka is not curious.

Options:
[""A) True"", ""B) False"", ""C) Uncertain""]","Given the facts below, answer the question.

Facts:
If Puppy pursues specialized research, then he either gains reputation or becomes a leading authority (or both). If Luka is intelligent, then he will make discoveries. Luka pursues specialized research. If Malakai is intelligent, then he will make discoveries. If Luka earns recognition, then he either receives awards or gains reputation (but not both). Luka receives awards. If Luka pursues specialized research, then he either gains reputation or becomes a leading authority (or both). Luka is not innovative. Everyone is intelligent or curious (or both). Luka does not become a leading authority. If Luka contributes to science, then he will earn recognition. Malakai receives awards. If Luka either makes discoveries or contributes to science (but not both), then he is innovative.

Question:
Based on the above information, is the following statement true, false, or uncertain? Luka is not curious.

Options:
[""A) True"", ""B) False"", ""C) Uncertain""]",B,1,"fact1: Luka pursues specialized research.
fact2: Luka does not become a leading authority.
rule: If Luka pursues specialized research, then he either gains reputation or becomes a leading authority (or both).
conclusion: Luka gains reputation.
fact1: Luka receives awards.
fact2: Luka gains reputation.
rule: If Luka earns recognition, then he either receives awards or gains reputation (but not both).
conclusion: Luka does not earn recognition.
fact1: Luka does not earn recognition.
rule: If Luka contributes to science, then he will earn recognition.
conclusion: Luka does not contribute to science.
fact1: Luka does not contribute to science.
fact2: Luka is not innovative.
rule: If Luka either makes discoveries or contributes to science (but not both), then he is innovative.
conclusion: Luka does not make discoveries.
fact1: Luka does not make discoveries.
rule: If Luka is intelligent, then he will make discoveries.
conclusion: Luka is not intelligent.
fact1: Luka is not intelligent.
rule: Everyone is intelligent or curious (or both).
conclusion: Luka is not curious.

Therefore, it is false that Luka is not curious. The correct option is: B."
"Given the facts below, answer the question.

Facts:
Kenneth pursues perfection. Kenneth has refined taste. If Kenneth admires elegance, then he either pursues perfection or has refined taste (but not both). Kenneth does not create timeless pieces. If Kenneth prefers minimalism, then he creates timeless pieces. Kenneth respects craftsmanship. Anyone who respects craftsmanship and enjoys quality furniture will admire elegance. Kenneth either loves the Serenity Chair or prefers minimalism. Kenneth prioritizes functionality. If Kenneth either prioritizes functionality or values comfort (but not both), then he enjoys quality furniture.

Question:
Based on the above information, is the following statement true, false, or uncertain? Kenneth does not appreciate good design.

Options:
[""A) True"", ""B) False"", ""C) Uncertain""]","Given the facts below, answer the question.

Facts:
Kenneth does not create timeless pieces. If Kenneth prefers minimalism, then he creates timeless pieces. Dakota pursues perfection. Reign either loves the Serenity Chair or prefers minimalism. Kenneth pursues perfection. If Kenneth admires elegance, then he either pursues perfection or has refined taste (but not both). Anyone who respects craftsmanship and enjoys quality furniture will admire elegance. Taylor respects craftsmanship. Kenneth prioritizes functionality. If Kenneth either prioritizes functionality or values comfort (but not both), then he enjoys quality furniture. Reign does not create timeless pieces. Kenneth has refined taste. Kenneth respects craftsmanship. If Dakota prefers minimalism, then he creates timeless pieces. Kenneth either loves the Serenity Chair or prefers minimalism. Taylor has refined taste.

Question:
Based on the above information, is the following statement true, false, or uncertain? Kenneth does not appreciate good design.

Options:
[""A) True"", ""B) False"", ""C) Uncertain""]",C,2,"fact1: Kenneth pursues perfection.
fact2: Kenneth has refined taste.
rule: If Kenneth admires elegance, then he either pursues perfection or has refined taste (but not both).
conclusion: Kenneth does not admire elegance.
fact1: Kenneth does not create timeless pieces.
rule: If Kenneth prefers minimalism, then he creates timeless pieces.
conclusion: Kenneth does not prefer minimalism.
fact1: Kenneth respects craftsmanship.
fact2: Kenneth does not admire elegance.
rule: Anyone who respects craftsmanship and enjoys quality furniture will admire elegance.
conclusion: Kenneth does not enjoy quality furniture.
fact1: Kenneth does not prefer minimalism.
rule: Kenneth either loves the Serenity Chair or prefers minimalism.
conclusion: Kenneth loves the Serenity Chair.
fact1: Kenneth prioritizes functionality.
fact2: Kenneth does not enjoy quality furniture.
rule: If Kenneth either prioritizes functionality or values comfort (but not both), then he enjoys quality furniture.
conclusion: Kenneth values comfort.

According to the context and the conclusions that have already been drawn, we can deduce that it is uncertain that Kenneth does not appreciate good design. The correct option is: C."
"Given the facts below, answer the question.

Facts:
Giana does not feel happy. Giana does not have a good life. Anyone who stays healthy or feels happy tends to have a good life. Giana manages stress. Giana practices meditation. If Giana manages stress, then she either gets enough sleep or practices meditation (but not both). Giana engages in exercise. If Giana engages in exercise, then she either gets enough sleep or eats healthy (or both). If someone eats healthy and takes care of themselves, then they stay healthy. If Giana has good skin, then she takes care of herself. Giana either has good skin or bad skin, but not both.

Question:
Based on the above information, is the following statement true, false, or uncertain? Giana has bad skin.

Options:
[""A) True"", ""B) False"", ""C) Uncertain""]","Given the facts below, answer the question.

Facts:
Thea does not feel happy. Thea does not have a good life. Giana practices meditation. Anyone who stays healthy or feels happy tends to have a good life. Giana manages stress. Alina either has good skin or bad skin, but not both. If someone eats healthy and takes care of themselves, then they stay healthy. Giana does not have a good life. If Giana manages stress, then she either gets enough sleep or practices meditation (but not both). Giana does not feel happy. Thea practices meditation. If Mira has good skin, then she takes care of herself. If Giana engages in exercise, then she either gets enough sleep or eats healthy (or both). If Thea manages stress, then she either gets enough sleep or practices meditation (but not both). If Mira engages in exercise, then she either gets enough sleep or eats healthy (or both). Mira manages stress. Giana engages in exercise. If Giana has good skin, then she takes care of herself. Giana either has good skin or bad skin, but not both.

Question:
Based on the above information, is the following statement true, false, or uncertain? Giana has bad skin.

Options:
[""A) True"", ""B) False"", ""C) Uncertain""]",A,0,"fact1: Giana does not feel happy.
fact2: Giana does not have a good life.
rule: Anyone who stays healthy or feels happy tends to have a good life.
conclusion: Giana does not stay healthy.
fact1: Giana manages stress.
fact2: Giana practices meditation.
rule: If Giana manages stress, then she either gets enough sleep or practices meditation (but not both).
conclusion: Giana does not get enough sleep.
fact1: Giana engages in exercise.
fact2: Giana does not get enough sleep.
rule: If Giana engages in exercise, then she either gets enough sleep or eats healthy (or both).
conclusion: Giana eats healthy.
fact1: Giana eats healthy.
fact2: Giana does not stay healthy.
rule: If someone eats healthy and takes care of themselves, then they stay healthy.
conclusion: Giana does not take care of herself.
fact1: Giana does not take care of herself.
rule: If Giana has good skin, then she takes care of herself.
conclusion: Giana does not have good skin.
fact1: Giana does not have good skin.
rule: Giana either has good skin or bad skin, but not both.
conclusion: Giana has bad skin.

Therefore, it is true that Giana has bad skin. The correct option is: A."
"Given the facts below, answer the question.

Facts:
Kyson does not value practical experience. Kyson either has curiosity or values practical experience, but not both. Kyson does not face complex challenges. If Kyson faces complex challenges or has curiosity, then he will prioritize research. For Kyson, either he earns the trust of his patients or he prioritizes research, but not both. Kyson pursues continuing education. Kyson either pursues continuing education or makes medical breakthroughs, but not necessarily both. Kyson is dedicated. If Kyson deserves recognition, then he is dedicated and makes medical breakthroughs. Kyson does not stay up to date with medical knowledge. All people who treat patients earn trust and stay up to date with medical knowledge. Kyson either treats patients or specializes in spinal care. Anyone who improves patient outcomes deserves recognition. If Kyson specializes in spinal care, then he either develops innovative procedures or improves patient outcomes, but not both.

Question:
Based on the above information, is the following statement true, false, or uncertain? Kyson develops innovative procedures.

Options:
[""A) True"", ""B) False"", ""C) Uncertain""]","Given the facts below, answer the question.

Facts:
Kyson is dedicated. If Kyson specializes in spinal care, then he either develops innovative procedures or improves patient outcomes, but not both. Xavier is dedicated. Xavier either has curiosity or values practical experience, but not both. If Kyson faces complex challenges or has curiosity, then he will prioritize research. Xavier either treats patients or specializes in spinal care. Tessa does not stay up to date with medical knowledge. All people who treat patients earn trust and stay up to date with medical knowledge. For Kyson, either he earns the trust of his patients or he prioritizes research, but not both. Anyone who improves patient outcomes deserves recognition. Kyson does not face complex challenges. Kyson either has curiosity or values practical experience, but not both. Kyson either pursues continuing education or makes medical breakthroughs, but not necessarily both. Kyson does not value practical experience. For Xavier, either he earns the trust of his patients or he prioritizes research, but not both. Kyson pursues continuing education. Kyson does not stay up to date with medical knowledge. Tessa either pursues continuing education or makes medical breakthroughs, but not necessarily both. If Xavier faces complex challenges or has curiosity, then he will prioritize research. If Kyson deserves recognition, then he is dedicated and makes medical breakthroughs. Kyson either treats patients or specializes in spinal care.

Question:
Based on the above information, is the following statement true, false, or uncertain? Kyson develops innovative procedures.

Options:
[""A) True"", ""B) False"", ""C) Uncertain""]",A,0,"fact1: Kyson does not value practical experience.
rule: Kyson either has curiosity or values practical experience, but not both.
conclusion: Kyson has curiosity.
fact1: Kyson does not face complex challenges.
fact2: Kyson has curiosity.
rule: If Kyson faces complex challenges or has curiosity, then he will prioritize research.
conclusion: Kyson prioritizes research.
fact1: Kyson prioritizes research.
rule: For Kyson, either he earns the trust of his patients or he prioritizes research, but not both.
conclusion: Kyson does not earn trust.
fact1: Kyson pursues continuing education.
rule: Kyson either pursues continuing education or makes medical breakthroughs, but not necessarily both.
conclusion: Kyson does not make medical breakthroughs.
fact1: Kyson is dedicated.
fact2: Kyson does not make medical breakthroughs.
rule: If Kyson deserves recognition, then he is dedicated and makes medical breakthroughs.
conclusion: Kyson does not deserve recognition.
fact1: Kyson does not earn trust.
fact2: Kyson does not stay up to date with medical knowledge.
rule: All people who treat patients earn trust and stay up to date with medical knowledge.
conclusion: Kyson does not treat patients.
fact1: Kyson does not treat patients.
rule: Kyson either treats patients or specializes in spinal care.
conclusion: Kyson specializes in spinal care.
fact1: Kyson does not deserve recognition.
rule: Anyone who improves patient outcomes deserves recognition.
conclusion: Kyson does not improve patient outcomes.
fact1: Kyson specializes in spinal care.
fact2: Kyson does not improve patient outcomes.
rule: If Kyson specializes in spinal care, then he either develops innovative procedures or improves patient outcomes, but not both.
conclusion: Kyson develops innovative procedures.

Therefore, it is true that Kyson develops innovative procedures. The correct option is: A."
"Given the facts below, answer the question.

Facts:
Malia explores remote regions. Malia either improves lives or explores remote regions, but not both. Malia collects field data. Malia either collects field data or works in a laboratory, but not both. Malia does not gain expertise. For all humans, if they either pursue an academic career or work in a laboratory, then they gain expertise. Malia does not advance her field. Anyone who contributes to knowledge either advances their field or improves lives. If someone either dedicates their life to science or pursues an academic career, then they contribute to knowledge. Malia does not make significant discoveries. If Malia studies botany or has a passion for research, then she makes significant discoveries.

Question:
Based on the above information, is the following statement true, false, or uncertain? Malia studies botany.

Options:
[""A) True"", ""B) False"", ""C) Uncertain""]","Given the facts below, answer the question.

Facts:
Malia collects field data. Callie either improves lives or explores remote regions, but not both. Malia does not advance her field. If Salvatore studies botany or has a passion for research, then she makes significant discoveries. Salvatore collects field data. For all humans, if they either pursue an academic career or work in a laboratory, then they gain expertise. Callie explores remote regions. Malia either collects field data or works in a laboratory, but not both. If someone either dedicates their life to science or pursues an academic career, then they contribute to knowledge. If Malia enjoys learning and solves complex problems, then she will dedicate her life to science. Salvatore either collects field data or works in a laboratory, but not both. Salvatore does not gain expertise. Cuddles does not advance her field. Malia shares her experience or contributes to knowledge. Malia explores remote regions. Malia does not make significant discoveries. If Malia studies botany or has a passion for research, then she makes significant discoveries. Malia either improves lives or explores remote regions, but not both. If Malia faces challenges, then she has a passion for research and thinks critically. Salvatore does not make significant discoveries. Anyone who contributes to knowledge either advances their field or improves lives. Malia does not gain expertise.

Question:
Based on the above information, is the following statement true, false, or uncertain? Malia studies botany.

Options:
[""A) True"", ""B) False"", ""C) Uncertain""]",B,1,"fact1: Malia explores remote regions.
rule: Malia either improves lives or explores remote regions, but not both.
conclusion: Malia does not improve lives.
fact1: Malia collects field data.
rule: Malia either collects field data or works in a laboratory, but not both.
conclusion: Malia does not work in a laboratory.
fact1: Malia does not work in a laboratory.
fact2: Malia does not gain expertise.
rule: For all humans, if they either pursue an academic career or work in a laboratory, then they gain expertise.
conclusion: Malia does not pursue an academic career.
fact1: Malia does not advance her field.
fact2: Malia does not improve lives.
rule: Anyone who contributes to knowledge either advances their field or improves lives.
conclusion: Malia does not contribute to knowledge.
fact1: Malia does not pursue an academic career.
fact2: Malia does not contribute to knowledge.
rule: If someone either dedicates their life to science or pursues an academic career, then they contribute to knowledge.
conclusion: Malia does not dedicate her life to science.
fact1: Malia does not make significant discoveries.
rule: If Malia studies botany or has a passion for research, then she makes significant discoveries.
conclusion: Malia studies botany.

Therefore, it is false that Malia studies botany. The correct option is: B."
"Given the facts below, answer the question.

Facts:
Kylo has trust issues. Kylo does not avoid relationships. If someone keeps to themselves and has trust issues, then they avoid relationships. For Kylo, either he seeks support or he keeps to himself, but not both. Kylo explores creativity. Kylo values honesty. If someone explores creativity and values honesty, then they can be artistic. Kylo faces challenges. If someone faces challenges and seeks support, then they can open up. Kylo does not express emotions. If Kylo is artistic, then he either speaks freely or expresses emotions (but not both). Kylo does not promote authenticity. If Kylo either speaks freely or inspires others (but not both), then he promotes authenticity. Kylo is vulnerable. If Kylo is vulnerable, then he breaks down stigmas and shares his experiences. If Kylo is transparent, then he can either inspire others or break down stigmas, but not both.

Question:
Based on the above information, is the following statement true, false, or uncertain? Kylo is not transparent.

Options:
[""A) True"", ""B) False"", ""C) Uncertain""]","Given the facts below, answer the question.

Facts:
Nellie explores creativity. If someone faces challenges and seeks support, then they can open up. If Kylo either speaks freely or inspires others (but not both), then he promotes authenticity. If Kylo either writes blog posts or gives interviews (but not both), then he shares his experiences. If someone keeps to themselves and has trust issues, then they avoid relationships. Kylo does not avoid relationships. If Kylo is transparent, then he can either inspire others or break down stigmas, but not both. Kylo values honesty. Kylo is vulnerable. If Brianna is vulnerable, then he breaks down stigmas and shares his experiences. Nellie does not express emotions. Nellie has trust issues. If Nylah is artistic, then he either speaks freely or expresses emotions (but not both). If Nellie either speaks freely or inspires others (but not both), then he promotes authenticity. If Kylo is vulnerable, then he breaks down stigmas and shares his experiences. For Kylo, either he seeks support or he keeps to himself, but not both. Brianna is vulnerable. For Brianna, either he seeks support or he keeps to himself, but not both. Kylo does not promote authenticity. Kylo has trust issues. Nellie shares his experiences or opens up. Brianna does not avoid relationships. If someone explores creativity and values honesty, then they can be artistic. Brianna values honesty. Kylo explores creativity. Kylo does not express emotions. Kylo faces challenges. Brianna faces challenges. Nellie does not promote authenticity. If Nylah is transparent, then he can either inspire others or break down stigmas, but not both. If Kylo faces struggles, then he either opens up or forms connections with others. If Kylo is artistic, then he either speaks freely or expresses emotions (but not both).

Question:
Based on the above information, is the following statement true, false, or uncertain? Kylo is not transparent.

Options:
[""A) True"", ""B) False"", ""C) Uncertain""]",A,0,"fact1: Kylo has trust issues.
fact2: Kylo does not avoid relationships.
rule: If someone keeps to themselves and has trust issues, then they avoid relationships.
conclusion: Kylo does not keep to himself.
fact1: Kylo does not keep to himself.
rule: For Kylo, either he seeks support or he keeps to himself, but not both.
conclusion: Kylo seeks support.
fact1: Kylo explores creativity.
fact2: Kylo values honesty.
rule: If someone explores creativity and values honesty, then they can be artistic.
conclusion: Kylo is artistic.
fact1: Kylo faces challenges.
fact2: Kylo seeks support.
rule: If someone faces challenges and seeks support, then they can open up.
conclusion: Kylo opens up.
fact1: Kylo is artistic.
fact2: Kylo does not express emotions.
rule: If Kylo is artistic, then he either speaks freely or expresses emotions (but not both).
conclusion: Kylo speaks freely.
fact1: Kylo speaks freely.
fact2: Kylo does not promote authenticity.
rule: If Kylo either speaks freely or inspires others (but not both), then he promotes authenticity.
conclusion: Kylo inspires others.
fact1: Kylo is vulnerable.
rule: If Kylo is vulnerable, then he breaks down stigmas and shares his experiences.
conclusion: Kylo breaks down stigmas.
fact1: Kylo inspires others.
fact2: Kylo breaks down stigmas.
rule: If Kylo is transparent, then he can either inspire others or break down stigmas, but not both.
conclusion: Kylo is not transparent.

Therefore, it is true that Kylo is not transparent. The correct option is: A."
"Given the facts below, answer the question.

Facts:
Anna does not have a supportive network. Anna either has a supportive network or faces challenges, but not both. Anna does not manage time. Anna does not meet deadlines. If Anna either manages time or stays focused (but not both), then she meets deadlines. Anyone who faces challenges either breaks down objectives or stays focused (or both). Anyone who prioritizes tasks or breaks down objectives can set realistic goals. Anna does not achieve success. If someone overcomes self-doubt and sets realistic goals, then they can achieve success. Anna does not unlock her creative potential. If Anna practices autosuggestion, then she either overcomes self-doubt or unlocks her creative potential, but not both.

Question:
Based on the above information, is the following statement true, false, or uncertain? Anna does not practice autosuggestion.

Options:
[""A) True"", ""B) False"", ""C) Uncertain""]","Given the facts below, answer the question.

Facts:
Ben does not have a supportive network. Ben does not manage time. Anna does not meet deadlines. If Jude either manages time or stays focused (but not both), then she meets deadlines. If Anna practices autosuggestion, then she either overcomes self-doubt or unlocks her creative potential, but not both. Chicken does not achieve success. Anna does not achieve success. Anna does not unlock her creative potential. Anna does not manage time. If someone overcomes self-doubt and sets realistic goals, then they can achieve success. Anna does not have a supportive network. Anyone who prioritizes tasks or breaks down objectives can set realistic goals. If Anna either manages time or stays focused (but not both), then she meets deadlines. Anna either has a supportive network or faces challenges, but not both. Ben does not meet deadlines. Chicken does not unlock her creative potential. Anyone who faces challenges either breaks down objectives or stays focused (or both).

Question:
Based on the above information, is the following statement true, false, or uncertain? Anna does not practice autosuggestion.

Options:
[""A) True"", ""B) False"", ""C) Uncertain""]",A,0,"fact1: Anna does not have a supportive network.
rule: Anna either has a supportive network or faces challenges, but not both.
conclusion: Anna faces challenges.
fact1: Anna does not manage time.
fact2: Anna does not meet deadlines.
rule: If Anna either manages time or stays focused (but not both), then she meets deadlines.
conclusion: Anna does not stay focused.
fact1: Anna faces challenges.
fact2: Anna does not stay focused.
rule: Anyone who faces challenges either breaks down objectives or stays focused (or both).
conclusion: Anna breaks down objectives.
fact1: Anna breaks down objectives.
rule: Anyone who prioritizes tasks or breaks down objectives can set realistic goals.
conclusion: Anna sets realistic goals.
fact1: Anna sets realistic goals.
fact2: Anna does not achieve success.
rule: If someone overcomes self-doubt and sets realistic goals, then they can achieve success.
conclusion: Anna does not overcome self-doubt.
fact1: Anna does not overcome self-doubt.
fact2: Anna does not unlock her creative potential.
rule: If Anna practices autosuggestion, then she either overcomes self-doubt or unlocks her creative potential, but not both.
conclusion: Anna does not practice autosuggestion.

Therefore, it is true that Anna does not practice autosuggestion. The correct option is: A."
"Given the facts below, answer the question.

Facts:
Bjorn appreciates diversity. Bjorn either appreciates diversity or values tradition, but not both. Bjorn prefers routine. For Bjorn, either he discovers new things or he prefers routine, but not both. Bjorn enjoys exploring. Anyone who enjoys exploring and is adventurous will discover new things. For Bjorn, having good taste and valuing tradition are mutually exclusive. Bjorn is a respected leader. If Bjorn is a respected leader, then he is either a person with good taste or passionate about food, but not both. Bjorn is not embracing change. If someone is open-minded, then they are embracing change. If Bjorn is culturally influential, then he is either open-minded or passionate about food (or both). If Bjorn is either adventurous or culinarily innovative (but not both), then he is culturally influential.

Question:
Based on the above information, is the following statement true, false, or uncertain? Bjorn is not culinarily innovative.

Options:
[""A) True"", ""B) False"", ""C) Uncertain""]","Given the facts below, answer the question.

Facts:
If someone is open-minded, then they are embracing change. Bjorn appreciates diversity. Bjorn enjoys cooking or is passionate about food. Bjorn is not embracing change. If Bjorn is culturally influential, then he is either open-minded or passionate about food (or both). Anyone who enjoys exploring and is adventurous will discover new things. For anyone who listens to others and considers new ideas, they are open-minded. Bjorn prefers routine. Amos enjoys exploring. Bjorn enjoys exploring. For Bjorn, either he discovers new things or he prefers routine, but not both. Amos either appreciates diversity or values tradition, but not both. If Summer is either adventurous or culinarily innovative (but not both), then he is culturally influential. Bjorn is a respected leader. Amos is a respected leader. If Bjorn loves traveling and experiments with recipes, then he is culturally influential. If Bjorn is a successful explorer, then he is either adventurous or a skilled innovator, but not both. Amos appreciates diversity. For Summer, either he discovers new things or he prefers routine, but not both. For Amos, having good taste and valuing tradition are mutually exclusive. Stephanie is not embracing change. Bjorn either appreciates diversity or values tradition, but not both. If Bjorn is a respected leader, then he is either a person with good taste or passionate about food, but not both. Everyone who enjoys cooking either values tradition or tries new recipes (or both). If Bjorn is either adventurous or culinarily innovative (but not both), then he is culturally influential. Summer prefers routine. For Bjorn, having good taste and valuing tradition are mutually exclusive. If Stephanie is culturally influential, then he is either open-minded or passionate about food (or both). If Bjorn either loves traveling or meets new people (but not both), then he discovers new things. If Stephanie is a respected leader, then he is either a person with good taste or passionate about food, but not both.

Question:
Based on the above information, is the following statement true, false, or uncertain? Bjorn is not culinarily innovative.

Options:
[""A) True"", ""B) False"", ""C) Uncertain""]",A,0,"fact1: Bjorn appreciates diversity.
rule: Bjorn either appreciates diversity or values tradition, but not both.
conclusion: Bjorn does not value tradition.
fact1: Bjorn prefers routine.
rule: For Bjorn, either he discovers new things or he prefers routine, but not both.
conclusion: Bjorn does not discover new things.
fact1: Bjorn enjoys exploring.
fact2: Bjorn does not discover new things.
rule: Anyone who enjoys exploring and is adventurous will discover new things.
conclusion: Bjorn is not adventurous.
fact1: Bjorn does not value tradition.
rule: For Bjorn, having good taste and valuing tradition are mutually exclusive.
conclusion: Bjorn is a person with good taste.
fact1: Bjorn is a respected leader.
fact2: Bjorn is a person with good taste.
rule: If Bjorn is a respected leader, then he is either a person with good taste or passionate about food, but not both.
conclusion: Bjorn is not passionate about food.
fact1: Bjorn is not embracing change.
rule: If someone is open-minded, then they are embracing change.
conclusion: Bjorn is not open-minded.
fact1: Bjorn is not open-minded.
fact2: Bjorn is not passionate about food.
rule: If Bjorn is culturally influential, then he is either open-minded or passionate about food (or both).
conclusion: Bjorn is not culturally influential.
fact1: Bjorn is not adventurous.
fact2: Bjorn is not culturally influential.
rule: If Bjorn is either adventurous or culinarily innovative (but not both), then he is culturally influential.
conclusion: Bjorn is not culinarily innovative.

Therefore, it is true that Bjorn is not culinarily innovative. The correct option is: A."
"Given the facts below, answer the question.

Facts:
Peach does not encourage curiosity. Peach either encourages curiosity or develops problem solvers, but not both. Peach pursues higher education. Peach attends workshops. If Peach pursues higher education, then she either attends workshops or values lifelong learning (but not both). Peach does not cultivate innovative minds. If Peach either fosters critical thinking or develops problem solvers (but not both), then she cultivates innovative minds. Peach supports students. Peach does not promote collaboration. Everyone who supports students either engages parents or promotes collaboration. If someone is either a dedicated teacher or engages parents, then they value lifelong learning. Peach is a school founder. Peach does not mentor teachers. If Peach is a school founder, then she either mentors teachers or is a passionate educator, but not both. If Peach is a passionate educator, then she either inspires students or fosters critical thinking, but not both. If Peach is a dedicated teacher, then she either inspires students or has a positive impact on the community, but not both.

Question:
Based on the above information, is the following statement true, false, or uncertain? Peach has a positive impact on the community.

Options:
[""A) True"", ""B) False"", ""C) Uncertain""]","Given the facts below, answer the question.

Facts:
Tessa pursues higher education. Tessa does not encourage curiosity. Tessa either encourages curiosity or develops problem solvers, but not both. Cherry attends workshops. Peach does not encourage curiosity. Peach pursues higher education. If Peach is a school founder, then she either mentors teachers or is a passionate educator, but not both. If Cherry pursues higher education, then she either attends workshops or values lifelong learning (but not both). If Tessa is a dedicated teacher, then she either inspires students or has a positive impact on the community, but not both. Peach does not mentor teachers. If Peach either fosters critical thinking or develops problem solvers (but not both), then she cultivates innovative minds. If Tessa either fosters critical thinking or develops problem solvers (but not both), then she cultivates innovative minds. Tessa does not mentor teachers. Tessa does not promote collaboration. Peach does not cultivate innovative minds. Peach does not promote collaboration. Cherry supports students. If Peach is a dedicated teacher, then she either inspires students or has a positive impact on the community, but not both. Peach supports students. Peach attends workshops. Peach is a school founder. If Cherry is a passionate educator, then she either inspires students or fosters critical thinking, but not both. If someone is either a dedicated teacher or engages parents, then they value lifelong learning. Tessa does not cultivate innovative minds. If Cherry is a school founder, then she either mentors teachers or is a passionate educator, but not both. Maddie is a school founder. Everyone who supports students either engages parents or promotes collaboration. Peach either encourages curiosity or develops problem solvers, but not both. If Peach is a passionate educator, then she either inspires students or fosters critical thinking, but not both. If Peach pursues higher education, then she either attends workshops or values lifelong learning (but not both).

Question:
Based on the above information, is the following statement true, false, or uncertain? Peach has a positive impact on the community.

Options:
[""A) True"", ""B) False"", ""C) Uncertain""]",A,0,"fact1: Peach does not encourage curiosity.
rule: Peach either encourages curiosity or develops problem solvers, but not both.
conclusion: Peach develops problem solvers.
fact1: Peach pursues higher education.
fact2: Peach attends workshops.
rule: If Peach pursues higher education, then she either attends workshops or values lifelong learning (but not both).
conclusion: Peach does not value lifelong learning.
fact1: Peach develops problem solvers.
fact2: Peach does not cultivate innovative minds.
rule: If Peach either fosters critical thinking or develops problem solvers (but not both), then she cultivates innovative minds.
conclusion: Peach fosters critical thinking.
fact1: Peach supports students.
fact2: Peach does not promote collaboration.
rule: Everyone who supports students either engages parents or promotes collaboration.
conclusion: Peach engages parents.
fact1: Peach engages parents.
fact2: Peach does not value lifelong learning.
rule: If someone is either a dedicated teacher or engages parents, then they value lifelong learning.
conclusion: Peach is a dedicated teacher.
fact1: Peach is a school founder.
fact2: Peach does not mentor teachers.
rule: If Peach is a school founder, then she either mentors teachers or is a passionate educator, but not both.
conclusion: Peach is a passionate educator.
fact1: Peach is a passionate educator.
fact2: Peach fosters critical thinking.
rule: If Peach is a passionate educator, then she either inspires students or fosters critical thinking, but not both.
conclusion: Peach does not inspire students.
fact1: Peach is a dedicated teacher.
fact2: Peach does not inspire students.
rule: If Peach is a dedicated teacher, then she either inspires students or has a positive impact on the community, but not both.
conclusion: Peach has a positive impact on the community.

Therefore, it is true that Peach has a positive impact on the community. The correct option is: A."
"Given the facts below, answer the question.

Facts:
Anastasia does not ask questions. Anastasia does not understand perspectives. If Anastasia either listens actively or asks questions (but not both), then she understands perspectives. Anastasia does not gain recognition. Anastasia does not inspire others. If Anastasia makes an impact, then she either gains recognition or inspires others (but not both). Anastasia does not leave a legacy. If Anastasia either achieves success or makes an impact, then she will leave a legacy. Anastasia follows conventions. Anastasia either respects opinions or follows conventions, but not both. If Anastasia either values feedback or listens actively (but not both), then she respects opinions. Anastasia embraces diversity. If Anastasia either embraces diversity or values feedback (but not both), then she is open-minded. If Anastasia sets goals or is self-motivated, then she will achieve success.

Question:
Based on the above information, is the following statement true, false, or uncertain? If Anastasia is free-spirited, then she is either spontaneous or independent (or both).

Options:
[""A) True"", ""B) False"", ""C) Uncertain""]","Given the facts below, answer the question.

Facts:
Anastasia does not understand perspectives. Anastasia does not leave a legacy. If Ezekiel makes an impact, then she either gains recognition or inspires others (but not both). If Ezekiel either values feedback or listens actively (but not both), then she respects opinions. Leilany does not gain recognition. Leilany embraces diversity. Anastasia follows conventions. Anastasia does not gain recognition. If Ezekiel sets goals or is self-motivated, then she will achieve success. If Malachi either embraces diversity or values feedback (but not both), then she is open-minded. If Anastasia either values feedback or listens actively (but not both), then she respects opinions. Leilany follows conventions. If Anastasia either sets priorities or makes decisions (but not both), then she is self-motivated. Anastasia either respects opinions or follows conventions, but not both. Ezekiel does not understand perspectives. If Malachi either listens actively or asks questions (but not both), then she understands perspectives. Ezekiel is not spontaneous. If Anastasia either listens actively or asks questions (but not both), then she understands perspectives. If Anastasia sets goals or is self-motivated, then she will achieve success. If Ezekiel either achieves success or makes an impact, then she will leave a legacy. Anyone who seeks improvement or welcomes criticism values feedback. If Malachi is independent, then she is either self-motivated or open-minded, but not both. Ezekiel does not inspire others. If Anastasia makes an impact, then she either gains recognition or inspires others (but not both). Anastasia does not inspire others. Anastasia embraces diversity. Anastasia does not ask questions. If Anastasia either achieves success or makes an impact, then she will leave a legacy. Leilany does not ask questions. Malachi either respects opinions or follows conventions, but not both. Leilany does not leave a legacy. If Anastasia either embraces diversity or values feedback (but not both), then she is open-minded.

Question:
Based on the above information, is the following statement true, false, or uncertain? If Anastasia is free-spirited, then she is either spontaneous or independent (or both).

Options:
[""A) True"", ""B) False"", ""C) Uncertain""]",C,2,"fact1: Anastasia does not ask questions.
fact2: Anastasia does not understand perspectives.
rule: If Anastasia either listens actively or asks questions (but not both), then she understands perspectives.
conclusion: Anastasia does not listen actively.
fact1: Anastasia does not gain recognition.
fact2: Anastasia does not inspire others.
rule: If Anastasia makes an impact, then she either gains recognition or inspires others (but not both).
conclusion: Anastasia does not make an impact.
fact1: Anastasia does not make an impact.
fact2: Anastasia does not leave a legacy.
rule: If Anastasia either achieves success or makes an impact, then she will leave a legacy.
conclusion: Anastasia does not achieve success.
fact1: Anastasia follows conventions.
rule: Anastasia either respects opinions or follows conventions, but not both.
conclusion: Anastasia does not respect opinions.
fact1: Anastasia does not listen actively.
fact2: Anastasia does not respect opinions.
rule: If Anastasia either values feedback or listens actively (but not both), then she respects opinions.
conclusion: Anastasia does not value feedback.
fact1: Anastasia embraces diversity.
fact2: Anastasia does not value feedback.
rule: If Anastasia either embraces diversity or values feedback (but not both), then she is open-minded.
conclusion: Anastasia is open-minded.
fact1: Anastasia does not achieve success.
rule: If Anastasia sets goals or is self-motivated, then she will achieve success.
conclusion: Anastasia is not self-motivated.

According to the context and the conclusions that have already been drawn, we can deduce that it is uncertain that If Anastasia is free-spirited, then she is either spontaneous or independent (or both). The correct option is: C."
"Given the facts below, answer the question.

Facts:
Kayla thinks before acting. Kayla either acts on impulse or thinks before acting, but not both. Kayla does not find inner peace. Kayla does not cultivate creativity. Everyone who appreciates life either finds inner peace or cultivates creativity (or both). Kayla does not practice mindfulness. If Kayla stays focused, then she either practices mindfulness or appreciates life (or both). Kayla values her time. Everyone who values their time either uses a calendar or stays focused (or both). Kayla does not keep a planner. If Kayla uses a calendar, then she either sets reminders or keeps a planner, but not both. Kayla either prioritizes tasks or acts on impulse, but not both. Anyone who sets reminders and prioritizes tasks can be organized. Either Kayla is organized or she is forgetful, but not both.

Question:
Based on the above information, is the following statement true, false, or uncertain? Kayla is forgetful.

Options:
[""A) True"", ""B) False"", ""C) Uncertain""]","Given the facts below, answer the question.

Facts:
Kayla either prioritizes tasks or acts on impulse, but not both. Kayla does not practice mindfulness. Kian does not practice mindfulness. If Kian stays focused, then she either practices mindfulness or appreciates life (or both). If Kayla has responsibilities, then she either has discipline or sets reminders (but not both). Kayla does not find inner peace. Either Kian is organized or she is forgetful, but not both. Lyra does not cultivate creativity. Everyone who values their time either uses a calendar or stays focused (or both). Kian either prioritizes tasks or acts on impulse, but not both. Kayla does not cultivate creativity. Malakai either acts on impulse or thinks before acting, but not both. Kian does not find inner peace. Anyone who sets reminders and prioritizes tasks can be organized. Malakai does not keep a planner. Either Kayla is organized or she is forgetful, but not both. If Kayla stays focused, then she either practices mindfulness or appreciates life (or both). Everyone who appreciates life either finds inner peace or cultivates creativity (or both). If Kayla either meets deadlines or maintains schedules (but not both), then she is organized. Kayla does not keep a planner. Kayla values her time. Kayla either acts on impulse or thinks before acting, but not both. Kayla thinks before acting. Malakai thinks before acting. If someone has good habits and enjoys simple things, then they appreciate life. If Kayla uses a calendar, then she either sets reminders or keeps a planner, but not both. If Kayla either follows her instincts or trusts her intuition (but not both), then she acts on impulse. Malakai values her time. If Kian uses a calendar, then she either sets reminders or keeps a planner, but not both.

Question:
Based on the above information, is the following statement true, false, or uncertain? Kayla is forgetful.

Options:
[""A) True"", ""B) False"", ""C) Uncertain""]",B,1,"fact1: Kayla thinks before acting.
rule: Kayla either acts on impulse or thinks before acting, but not both.
conclusion: Kayla does not act on impulse.
fact1: Kayla does not find inner peace.
fact2: Kayla does not cultivate creativity.
rule: Everyone who appreciates life either finds inner peace or cultivates creativity (or both).
conclusion: Kayla does not appreciate life.
fact1: Kayla does not practice mindfulness.
fact2: Kayla does not appreciate life.
rule: If Kayla stays focused, then she either practices mindfulness or appreciates life (or both).
conclusion: Kayla does not stay focused.
fact1: Kayla values her time.
fact2: Kayla does not stay focused.
rule: Everyone who values their time either uses a calendar or stays focused (or both).
conclusion: Kayla uses a calendar.
fact1: Kayla uses a calendar.
fact2: Kayla does not keep a planner.
rule: If Kayla uses a calendar, then she either sets reminders or keeps a planner, but not both.
conclusion: Kayla sets reminders.
fact1: Kayla does not act on impulse.
rule: Kayla either prioritizes tasks or acts on impulse, but not both.
conclusion: Kayla prioritizes tasks.
fact1: Kayla sets reminders.
fact2: Kayla prioritizes tasks.
rule: Anyone who sets reminders and prioritizes tasks can be organized.
conclusion: Kayla is organized.
fact1: Kayla is organized.
rule: Either Kayla is organized or she is forgetful, but not both.
conclusion: Kayla is forgetful.

Therefore, it is false that Kayla is forgetful. The correct option is: B."
"Given the facts below, answer the question.

Facts:
Hailey respects nature. Hailey loves learning. If Hailey respects nature, then she appreciates simplicity and loves learning. Hailey embraces individuality. Hailey either follows tradition or embraces individuality, but not both. Hailey either pursues her passion or follows tradition, but not both. Hailey does not think creatively. Anyone who pursues their passion either thinks creatively or has curiosity (or both). Hailey does not make discoveries. If someone is studious and has curiosity, then they can make discoveries.

Question:
Based on the above information, is the following statement true, false, or uncertain? If Hailey is either studious or artistic (but not both), then she is innovative.

Options:
[""A) True"", ""B) False"", ""C) Uncertain""]","Given the facts below, answer the question.

Facts:
Beautiful embraces individuality. Hailey respects nature. Hailey loves learning. Alina either pursues her passion or follows tradition, but not both. Hailey does not make discoveries. Amira appreciates simplicity or values efficiency. Amira does not make discoveries. If someone is studious and has curiosity, then they can make discoveries. If Beautiful either values efficiency or is innovative (but not both), then she thinks outside the box. Anyone who pursues their passion either thinks creatively or has curiosity (or both). If Hailey respects nature, then she appreciates simplicity and loves learning. Amira respects nature. Alina thinks outside the box. Amira loves learning. Hailey does not think creatively. Hailey either pursues her passion or follows tradition, but not both. Hailey either follows tradition or embraces individuality, but not both. Alina does not think creatively. Alina either follows tradition or embraces individuality, but not both. Hailey embraces individuality.

Question:
Based on the above information, is the following statement true, false, or uncertain? If Hailey is either studious or artistic (but not both), then she is innovative.

Options:
[""A) True"", ""B) False"", ""C) Uncertain""]",C,2,"fact1: Hailey respects nature.
fact2: Hailey loves learning.
rule: If Hailey respects nature, then she appreciates simplicity and loves learning.
conclusion: Hailey appreciates simplicity.
fact1: Hailey embraces individuality.
rule: Hailey either follows tradition or embraces individuality, but not both.
conclusion: Hailey does not follow tradition.
fact1: Hailey does not follow tradition.
rule: Hailey either pursues her passion or follows tradition, but not both.
conclusion: Hailey pursues her passion.
fact1: Hailey pursues her passion.
fact2: Hailey does not think creatively.
rule: Anyone who pursues their passion either thinks creatively or has curiosity (or both).
conclusion: Hailey has curiosity.
fact1: Hailey has curiosity.
fact2: Hailey does not make discoveries.
rule: If someone is studious and has curiosity, then they can make discoveries.
conclusion: Hailey is not studious.

According to the context and the conclusions that have already been drawn, we can deduce that it is uncertain that If Hailey is either studious or artistic (but not both), then she is innovative. The correct option is: C."
"Given the facts below, answer the question.

Facts:
Neriah does not have quick thinking. If Neriah uses metaphors, then he speaks confidently and has quick thinking. Neriah either uses metaphors or avoids jargon, but not necessarily both. Neriah speaks clearly. If Neriah chooses precise words, then he either speaks clearly or avoids jargon (but not both). Neriah values clarity. Everyone who values clarity either chooses precise words or is articulate (or both). Neriah does not express himself creatively. Neriah expresses himself creatively or speaks wittily. If Neriah speaks wittily, then he either enjoys wordplay or is articulate, but not both. Anyone who makes puns or is sarcastic enjoys wordplay. Neriah either has a good sense of humor or is sarcastic, but not both. For every human, either they have a good sense of humor or they lack a good sense of humor, but not both.

Question:
Based on the above information, is the following statement true, false, or uncertain? Neriah does not lack a good sense of humor.

Options:
[""A) True"", ""B) False"", ""C) Uncertain""]","Given the facts below, answer the question.

Facts:
Neriah either has a good sense of humor or is sarcastic, but not both. Seth either has a good sense of humor or is sarcastic, but not both. Neriah either uses metaphors or avoids jargon, but not necessarily both. Anyone who makes puns or is sarcastic enjoys wordplay. If Snoogypuss chooses precise words, then he either speaks clearly or avoids jargon (but not both). Everyone who values clarity either chooses precise words or is articulate (or both). If Neriah chooses precise words, then he either speaks clearly or avoids jargon (but not both). Neriah values clarity. Neriah speaks clearly. If Neriah uses metaphors, then he speaks confidently and has quick thinking. Snoogypuss expresses himself creatively or speaks wittily. For every human, either they have a good sense of humor or they lack a good sense of humor, but not both. Neriah expresses himself creatively or speaks wittily. Seth does not express himself creatively. If Neriah speaks wittily, then he either enjoys wordplay or is articulate, but not both. Neriah does not express himself creatively. If Seth uses metaphors, then he speaks confidently and has quick thinking. Ambrose does not have quick thinking. Seth speaks clearly. Ambrose either uses metaphors or avoids jargon, but not necessarily both. Neriah does not have quick thinking.

Question:
Based on the above information, is the following statement true, false, or uncertain? Neriah does not lack a good sense of humor.

Options:
[""A) True"", ""B) False"", ""C) Uncertain""]",A,0,"fact1: Neriah does not have quick thinking.
rule: If Neriah uses metaphors, then he speaks confidently and has quick thinking.
conclusion: Neriah avoids jargon.
fact1: Neriah avoids jargon.
rule: Neriah either uses metaphors or avoids jargon, but not necessarily both.
conclusion: Neriah avoids jargon.
fact1: Neriah speaks clearly.
fact2: Neriah avoids jargon.
rule: If Neriah chooses precise words, then he either speaks clearly or avoids jargon (but not both).
conclusion: Neriah does not choose precise words.
fact1: Neriah values clarity.
fact2: Neriah does not choose precise words.
rule: Everyone who values clarity either chooses precise words or is articulate (or both).
conclusion: Neriah is articulate.
fact1: Neriah does not express himself creatively.
rule: Neriah expresses himself creatively or speaks wittily.
conclusion: Neriah speaks wittily.
fact1: Neriah speaks wittily.
fact2: Neriah is articulate.
rule: If Neriah speaks wittily, then he either enjoys wordplay or is articulate, but not both.
conclusion: Neriah does not enjoy wordplay.
fact1: Neriah does not enjoy wordplay.
rule: Anyone who makes puns or is sarcastic enjoys wordplay.
conclusion: Neriah is not sarcastic.
fact1: Neriah is not sarcastic.
rule: Neriah either has a good sense of humor or is sarcastic, but not both.
conclusion: Neriah has a good sense of humor.
fact1: Neriah has a good sense of humor.
rule: For every human, either they have a good sense of humor or they lack a good sense of humor, but not both.
conclusion: Neriah does not lack a good sense of humor.

Therefore, it is true that Neriah does not lack a good sense of humor. The correct option is: A."
"Given the facts below, answer the question.

Facts:
Nikolas does not gain recognition. If Nikolas contributes to science, then he will gain recognition. Nikolas does not conduct field experiments. Nikolas does not advance knowledge. If Nikolas either explores remote areas or conducts field experiments (but not both), then he advances knowledge. Nikolas teaches geology classes. Nikolas either analyzes rock samples or teaches geology classes, but not both. If Nikolas either explores remote areas or makes new discoveries (but not both), then he contributes to science. Nikolas collects rock samples. Nikolas does not publish scientific papers. If Nikolas collects rock samples, then he either understands earth processes or publishes scientific papers (or both). Anyone who studies mineral formation or analyzes rock samples can make new discoveries. If Nikolas understands earth processes, then he either studies mineral formation or is not interested in research. Nikolas is either dedicated to research or not interested in research, but not both.

Question:
Based on the above information, is the following statement true, false, or uncertain? Nikolas is dedicated to research.

Options:
[""A) True"", ""B) False"", ""C) Uncertain""]","Given the facts below, answer the question.

Facts:
Nikolas does not publish scientific papers. Nikolas teaches geology classes. Brian does not advance knowledge. If Nikolas contributes to science, then he will gain recognition. If Nikolas collects rock samples, then he either understands earth processes or publishes scientific papers (or both). If Nikolas understands earth processes, then he either studies mineral formation or is not interested in research. Brian does not conduct field experiments. If Champ contributes to science, then he will gain recognition. If Champ either explores remote areas or makes new discoveries (but not both), then he contributes to science. Nikolas does not gain recognition. Champ teaches geology classes. If Nikolas either explores remote areas or makes new discoveries (but not both), then he contributes to science. Champ does not publish scientific papers. Nikolas does not conduct field experiments. Nikolas either analyzes rock samples or teaches geology classes, but not both. Andrea either analyzes rock samples or teaches geology classes, but not both. Anyone who studies mineral formation or analyzes rock samples can make new discoveries. Andrea does not gain recognition. Nikolas is either dedicated to research or not interested in research, but not both. Andrea is either dedicated to research or not interested in research, but not both. Nikolas does not advance knowledge. Nikolas collects rock samples. If Champ either explores remote areas or conducts field experiments (but not both), then he advances knowledge. If Nikolas either explores remote areas or conducts field experiments (but not both), then he advances knowledge. If Brian understands earth processes, then he either studies mineral formation or is not interested in research.

Question:
Based on the above information, is the following statement true, false, or uncertain? Nikolas is dedicated to research.

Options:
[""A) True"", ""B) False"", ""C) Uncertain""]",B,1,"fact1: Nikolas does not gain recognition.
rule: If Nikolas contributes to science, then he will gain recognition.
conclusion: Nikolas does not contribute to science.
fact1: Nikolas does not conduct field experiments.
fact2: Nikolas does not advance knowledge.
rule: If Nikolas either explores remote areas or conducts field experiments (but not both), then he advances knowledge.
conclusion: Nikolas does not explore remote areas.
fact1: Nikolas teaches geology classes.
rule: Nikolas either analyzes rock samples or teaches geology classes, but not both.
conclusion: Nikolas does not analyze rock samples.
fact1: Nikolas does not explore remote areas.
fact2: Nikolas does not contribute to science.
rule: If Nikolas either explores remote areas or makes new discoveries (but not both), then he contributes to science.
conclusion: Nikolas cannot make new discoveries.
fact1: Nikolas collects rock samples.
fact2: Nikolas does not publish scientific papers.
rule: If Nikolas collects rock samples, then he either understands earth processes or publishes scientific papers (or both).
conclusion: Nikolas understands earth processes.
fact1: Nikolas does not analyze rock samples.
fact2: Nikolas cannot make new discoveries.
rule: Anyone who studies mineral formation or analyzes rock samples can make new discoveries.
conclusion: Nikolas does not study mineral formation.
fact1: Nikolas understands earth processes.
fact2: Nikolas does not study mineral formation.
rule: If Nikolas understands earth processes, then he either studies mineral formation or is not interested in research.
conclusion: Nikolas is not interested in research.
fact1: Nikolas is not interested in research.
rule: Nikolas is either dedicated to research or not interested in research, but not both.
conclusion: Nikolas is dedicated to research.

Therefore, it is false that Nikolas is dedicated to research. The correct option is: B."
"Given the facts below, answer the question.

Facts:
Jase constantly compares himself to others. If Jase constantly compares himself to others, then he values status symbols. Jase does not crave luxury items. If someone either values status symbols or craves luxury items (but not both), then they pursue material wealth. Jase does not have a social life. Jase either engages in physical activity or has a social life, but not both. For Jase, meditating regularly and engaging in physical activity are mutually exclusive habits. Jase does not feel content. If Jase meditates regularly or practices mindfulness, then he will feel content. Jase either reads obscure books or pursues material wealth, but not both.

Question:
Based on the above information, is the following statement true, false, or uncertain? Jase does not enjoy a simple life.

Options:
[""A) True"", ""B) False"", ""C) Uncertain""]","Given the facts below, answer the question.

Facts:
If Jaylah either practices mindfulness or appreciates nature (but not both), then he will find inner peace. Jaylah does not have a social life. Jase does not have a social life. For Jase, meditating regularly and engaging in physical activity are mutually exclusive habits. Jase either engages in physical activity or has a social life, but not both. Jaylah does not feel content. If Jase meditates regularly or practices mindfulness, then he will feel content. If Jase constantly compares himself to others, then he values status symbols. Jase does not feel content. Jase does not crave luxury items. If Jaylah meditates regularly or practices mindfulness, then he will feel content. Gordon either reads obscure books or pursues material wealth, but not both. If someone either values status symbols or craves luxury items (but not both), then they pursue material wealth. Jase either reads obscure books or pursues material wealth, but not both. If Navy constantly compares himself to others, then he values status symbols. Gordon does not appreciate nature. For Gordon, meditating regularly and engaging in physical activity are mutually exclusive habits. Jase constantly compares himself to others. If Gordon reads obscure books and enjoys a simple life, then he will find inner peace.

Question:
Based on the above information, is the following statement true, false, or uncertain? Jase does not enjoy a simple life.

Options:
[""A) True"", ""B) False"", ""C) Uncertain""]",C,2,"fact1: Jase constantly compares himself to others.
rule: If Jase constantly compares himself to others, then he values status symbols.
conclusion: Jase values status symbols.
fact1: Jase values status symbols.
fact2: Jase does not crave luxury items.
rule: If someone either values status symbols or craves luxury items (but not both), then they pursue material wealth.
conclusion: Jase pursues material wealth.
fact1: Jase does not have a social life.
rule: Jase either engages in physical activity or has a social life, but not both.
conclusion: Jase engages in physical activity.
fact1: Jase engages in physical activity.
rule: For Jase, meditating regularly and engaging in physical activity are mutually exclusive habits.
conclusion: Jase does not meditate regularly.
fact1: Jase does not meditate regularly.
fact2: Jase does not feel content.
rule: If Jase meditates regularly or practices mindfulness, then he will feel content.
conclusion: Jase does not practice mindfulness.
fact1: Jase pursues material wealth.
rule: Jase either reads obscure books or pursues material wealth, but not both.
conclusion: Jase does not read obscure books.

According to the context and the conclusions that have already been drawn, we can deduce that it is uncertain that Jase does not enjoy a simple life. The correct option is: C."
"Given the facts below, answer the question.

Facts:
Saul pursues lifelong goals. Saul does not have an unwavering commitment. If Saul pursues lifelong goals, then he is either passionate about history or has an unwavering commitment (or both). Saul possesses keen insight. If Saul is passionate about history, then he translates ancient texts and possesses keen insight. Saul does not uncover lost civilizations. If Saul either translates ancient texts or uncovers lost civilizations (but not both), then he is an expert. Saul does not solve historical mysteries. Saul is not renowned. If Saul either gains acclaim or solves historical mysteries (but not both), then he is renowned. If Saul is an expert, then he either makes groundbreaking discoveries or gains acclaim, but not both.

Question:
Based on the above information, is the following statement true, false, or uncertain? Saul earns recognition.

Options:
[""A) True"", ""B) False"", ""C) Uncertain""]","Given the facts below, answer the question.

Facts:
If Milena is an expert, then he either makes groundbreaking discoveries or gains acclaim, but not both. Milena possesses keen insight. If Jensen is a dedicated archaeologist, then he either makes groundbreaking discoveries or earns recognition (or both). Jensen does not solve historical mysteries. If Saul is passionate about history, then he translates ancient texts and possesses keen insight. Jameson does not uncover lost civilizations. Jensen does not have an unwavering commitment. If Saul is an expert, then he either makes groundbreaking discoveries or gains acclaim, but not both. Jameson is not renowned. Saul possesses keen insight. If Saul pursues lifelong goals, then he is either passionate about history or has an unwavering commitment (or both). If Milena pursues lifelong goals, then he is either passionate about history or has an unwavering commitment (or both). Saul does not uncover lost civilizations. Saul does not solve historical mysteries. Saul does not have an unwavering commitment. If Saul either gains acclaim or solves historical mysteries (but not both), then he is renowned. If Saul either translates ancient texts or uncovers lost civilizations (but not both), then he is an expert. Saul is not renowned. If Jameson either gains acclaim or solves historical mysteries (but not both), then he is renowned. Saul pursues lifelong goals.

Question:
Based on the above information, is the following statement true, false, or uncertain? Saul earns recognition.

Options:
[""A) True"", ""B) False"", ""C) Uncertain""]",C,2,"fact1: Saul pursues lifelong goals.
fact2: Saul does not have an unwavering commitment.
rule: If Saul pursues lifelong goals, then he is either passionate about history or has an unwavering commitment (or both).
conclusion: Saul is passionate about history.
fact1: Saul is passionate about history.
fact2: Saul possesses keen insight.
rule: If Saul is passionate about history, then he translates ancient texts and possesses keen insight.
conclusion: Saul translates ancient texts.
fact1: Saul translates ancient texts.
fact2: Saul does not uncover lost civilizations.
rule: If Saul either translates ancient texts or uncovers lost civilizations (but not both), then he is an expert.
conclusion: Saul is an expert.
fact1: Saul does not solve historical mysteries.
fact2: Saul is not renowned.
rule: If Saul either gains acclaim or solves historical mysteries (but not both), then he is renowned.
conclusion: Saul does not gain acclaim.
fact1: Saul is an expert.
fact2: Saul does not gain acclaim.
rule: If Saul is an expert, then he either makes groundbreaking discoveries or gains acclaim, but not both.
conclusion: Saul makes groundbreaking discoveries.

According to the context and the conclusions that have already been drawn, we can deduce that it is uncertain that Saul earns recognition. The correct option is: C."
"Given the facts below, answer the question.

Facts:
Charlee pursues a practical career. Charlee either inspires others or pursues a practical career, but not both. Charlee does not find a creative outlet. Anyone who reveals their inner world either inspires others or finds a creative outlet (or both). Charlee shares her personal thoughts. If Charlee either shares her personal thoughts or reveals her inner world (but not both), then she expresses her emotions. Charlee does not follow traditions. If Charlee expresses her emotions, then she either values freedom or follows traditions (but not both). Charlee is independent. If Charlee is independent, then she values freedom and is conventional. Charlee is either conventional or a nonconformist, but not both.

Question:
Based on the above information, is the following statement true, false, or uncertain? Charlee is a nonconformist.

Options:
[""A) True"", ""B) False"", ""C) Uncertain""]","Given the facts below, answer the question.

Facts:
Kamryn either inspires others or pursues a practical career, but not both. If Charlee is independent, then she values freedom and is conventional. Charlee either inspires others or pursues a practical career, but not both. If Clayton is independent, then she values freedom and is conventional. If Clayton either shares her personal thoughts or reveals her inner world (but not both), then she expresses her emotions. Charlee does not follow traditions. Charlee pursues a practical career. Everest is either conventional or a nonconformist, but not both. Everest does not follow traditions. Clayton does not find a creative outlet. Charlee does not find a creative outlet. Everest pursues a practical career. If Charlee either shares her personal thoughts or reveals her inner world (but not both), then she expresses her emotions. If Charlee expresses her emotions, then she either values freedom or follows traditions (but not both). Kamryn is independent. Charlee shares her personal thoughts. Charlee is independent. Charlee is either conventional or a nonconformist, but not both. If Clayton expresses her emotions, then she either values freedom or follows traditions (but not both). Anyone who reveals their inner world either inspires others or finds a creative outlet (or both). Clayton shares her personal thoughts.

Question:
Based on the above information, is the following statement true, false, or uncertain? Charlee is a nonconformist.

Options:
[""A) True"", ""B) False"", ""C) Uncertain""]",B,1,"fact1: Charlee pursues a practical career.
rule: Charlee either inspires others or pursues a practical career, but not both.
conclusion: Charlee does not inspire others.
fact1: Charlee does not inspire others.
fact2: Charlee does not find a creative outlet.
rule: Anyone who reveals their inner world either inspires others or finds a creative outlet (or both).
conclusion: Charlee does not reveal her inner world.
fact1: Charlee shares her personal thoughts.
fact2: Charlee does not reveal her inner world.
rule: If Charlee either shares her personal thoughts or reveals her inner world (but not both), then she expresses her emotions.
conclusion: Charlee expresses her emotions.
fact1: Charlee expresses her emotions.
fact2: Charlee does not follow traditions.
rule: If Charlee expresses her emotions, then she either values freedom or follows traditions (but not both).
conclusion: Charlee values freedom.
fact1: Charlee is independent.
fact2: Charlee values freedom.
rule: If Charlee is independent, then she values freedom and is conventional.
conclusion: Charlee is conventional.
fact1: Charlee is conventional.
rule: Charlee is either conventional or a nonconformist, but not both.
conclusion: Charlee is a nonconformist.

Therefore, it is false that Charlee is a nonconformist. The correct option is: B."
"Given the facts below, answer the question.

Facts:
Khari does not embrace change. For Khari, either he honors his family or he embraces change, but not necessarily both. Khari preserves his culture. Anyone who honors their family or preserves their culture values their heritage. Anyone who values their heritage respects traditions. Khari either breaks conventions or respects traditions, but not both. Khari thinks outside the box. Khari combines styles. Anyone who thinks outside the box and combines styles can mix media. If Khari either mixes media or breaks conventions (but not both), then he experiments with art. Khari asks unconventional questions. For all humans, if they ask unconventional questions and experiment with art, then they create innovative work.

Question:
Based on the above information, is the following statement true, false, or uncertain? Khari creates innovative work.

Options:
[""A) True"", ""B) False"", ""C) Uncertain""]","Given the facts below, answer the question.

Facts:
Khari preserves his culture. Leonel asks unconventional questions. For Khari, either he honors his family or he embraces change, but not necessarily both. Adalee preserves his culture. If Khari is curious, then he either experiments with art or explores new ideas, but not both. Anyone who thinks outside the box and combines styles can mix media. Miley combines styles. For all humans, if they ask unconventional questions and experiment with art, then they create innovative work. Adalee does not embrace change. Khari does not embrace change. Adalee thinks outside the box. If Leonel either mixes media or breaks conventions (but not both), then he experiments with art. Khari explores ideas or breaks conventions. Khari combines styles. Khari thinks outside the box. If Khari either mixes media or breaks conventions (but not both), then he experiments with art. Khari either breaks conventions or respects traditions, but not both. Anyone who values their heritage respects traditions. Miley either breaks conventions or respects traditions, but not both. For Leonel, either he honors his family or he embraces change, but not necessarily both. Anyone who honors their family or preserves their culture values their heritage. Khari asks unconventional questions.

Question:
Based on the above information, is the following statement true, false, or uncertain? Khari creates innovative work.

Options:
[""A) True"", ""B) False"", ""C) Uncertain""]",A,0,"fact1: Khari does not embrace change.
rule: For Khari, either he honors his family or he embraces change, but not necessarily both.
conclusion: Khari honors his family.
fact1: Khari honors his family.
fact2: Khari preserves his culture.
rule: Anyone who honors their family or preserves their culture values their heritage.
conclusion: Khari values his heritage.
fact1: Khari values his heritage.
rule: Anyone who values their heritage respects traditions.
conclusion: Khari respects traditions.
fact1: Khari respects traditions.
rule: Khari either breaks conventions or respects traditions, but not both.
conclusion: Khari does not break conventions.
fact1: Khari thinks outside the box.
fact2: Khari combines styles.
rule: Anyone who thinks outside the box and combines styles can mix media.
conclusion: Khari mixes media.
fact1: Khari mixes media.
fact2: Khari does not break conventions.
rule: If Khari either mixes media or breaks conventions (but not both), then he experiments with art.
conclusion: Khari experiments with art.
fact1: Khari asks unconventional questions.
fact2: Khari experiments with art.
rule: For all humans, if they ask unconventional questions and experiment with art, then they create innovative work.
conclusion: Khari creates innovative work.

Therefore, it is true that Khari creates innovative work. The correct option is: A."
"Given the facts below, answer the question.

Facts:
Crew has charisma. Crew is authentic. If Crew has charisma, then he is either authentic or inspiring, but not both. Anyone who is confident or takes risks can be inspiring. Crew does not achieve success. If Crew pursues his passion, then he will achieve success. Crew either pursues his passion or is an inspiring artist. Crew does not think before acting. If Crew either speaks his mind or thinks before acting (but not both), then he is confident. Crew either speaks his mind or follows social norms, but not both. Crew either expresses himself authentically or follows social norms, but not both. For all humans, if someone is an inspiring artist, then they either raise social awareness or express themselves authentically (or both).

Question:
Based on the above information, is the following statement true, false, or uncertain? Crew does not raise social awareness.

Options:
[""A) True"", ""B) False"", ""C) Uncertain""]","Given the facts below, answer the question.

Facts:
If Melina pursues his passion, then he will achieve success. If Crew has charisma, then he is either authentic or inspiring, but not both. Crew does not think before acting. If Crew pursues his passion, then he will achieve success. Crew does not achieve success. Melina will stand out. If Crew either speaks his mind or thinks before acting (but not both), then he is confident. Crew is authentic. Crew either expresses himself authentically or follows social norms, but not both. Lennon either pursues his passion or is an inspiring artist. Briar either speaks his mind or follows social norms, but not both. Crew has charisma. Briar does not achieve success. For all humans, if someone is an inspiring artist, then they either raise social awareness or express themselves authentically (or both). Melina either expresses himself authentically or follows social norms, but not both. Crew either speaks his mind or follows social norms, but not both. If Briar has charisma, then he is either authentic or inspiring, but not both. If Briar takes risks, then he will stand out. Anyone who is confident or takes risks can be inspiring. Lennon has charisma. Crew either pursues his passion or is an inspiring artist.

Question:
Based on the above information, is the following statement true, false, or uncertain? Crew does not raise social awareness.

Options:
[""A) True"", ""B) False"", ""C) Uncertain""]",B,1,"fact1: Crew has charisma.
fact2: Crew is authentic.
rule: If Crew has charisma, then he is either authentic or inspiring, but not both.
conclusion: Crew is not inspiring.
fact1: Crew is not inspiring.
rule: Anyone who is confident or takes risks can be inspiring.
conclusion: Crew is not confident.
fact1: Crew does not achieve success.
rule: If Crew pursues his passion, then he will achieve success.
conclusion: Crew does not pursue his passion.
fact1: Crew does not pursue his passion.
rule: Crew either pursues his passion or is an inspiring artist.
conclusion: Crew is an inspiring artist.
fact1: Crew does not think before acting.
fact2: Crew is not confident.
rule: If Crew either speaks his mind or thinks before acting (but not both), then he is confident.
conclusion: Crew does not speak his mind.
fact1: Crew does not speak his mind.
rule: Crew either speaks his mind or follows social norms, but not both.
conclusion: Crew follows social norms.
fact1: Crew follows social norms.
rule: Crew either expresses himself authentically or follows social norms, but not both.
conclusion: Crew does not express himself authentically.
fact1: Crew is an inspiring artist.
fact2: Crew does not express himself authentically.
rule: For all humans, if someone is an inspiring artist, then they either raise social awareness or express themselves authentically (or both).
conclusion: Crew does not raise social awareness.

Therefore, it is false that Crew does not raise social awareness. The correct option is: B."
"Given the facts below, answer the question.

Facts:
Thea listens actively. Thea donates her time. If Princess Thea listens actively, then she either supports local causes or donates her time, but not both. Princess Thea pursues hobbies. Princess Thea either works tirelessly or pursues hobbies, but not both at the same time. Thea does not have a generous heart. Anyone who donates to charity has a generous heart. Thea does not care for people. Thea either shows empathy or cares for people (or both). If Princess Thea shows empathy, then she either supports local causes or volunteers frequently (or both). If Princess Thea either donates to charity or volunteers frequently (but not both), then she helps others.

Question:
Based on the above information, is the following statement true, false, or uncertain? Thea does not earn respect.

Options:
[""A) True"", ""B) False"", ""C) Uncertain""]","Given the facts below, answer the question.

Facts:
If Princess Thea listens actively, then she either supports local causes or donates her time, but not both. Princess Waylon either works tirelessly or pursues hobbies, but not both at the same time. Thea donates her time. If Princess Thea shows empathy, then she either supports local causes or volunteers frequently (or both). Waylon listens actively. Anyone who donates to charity has a generous heart. Princess Thea either works tirelessly or pursues hobbies, but not both at the same time. Thea listens actively. Thea does not care for people. If Princess Abram either donates to charity or volunteers frequently (but not both), then she helps others. Princess Thea pursues hobbies. Thea either shows empathy or cares for people (or both). Thea does not have a generous heart. If Princess Thea either donates to charity or volunteers frequently (but not both), then she helps others.

Question:
Based on the above information, is the following statement true, false, or uncertain? Thea does not earn respect.

Options:
[""A) True"", ""B) False"", ""C) Uncertain""]",C,2,"fact1: Thea listens actively.
fact2: Thea donates her time.
rule: If Princess Thea listens actively, then she either supports local causes or donates her time, but not both.
conclusion: Princess Thea does not support local causes.
fact1: Princess Thea pursues hobbies.
rule: Princess Thea either works tirelessly or pursues hobbies, but not both at the same time.
conclusion: Princess Thea does not work tirelessly.
fact1: Thea does not have a generous heart.
rule: Anyone who donates to charity has a generous heart.
conclusion: Thea does not donate to charity.
fact1: Thea does not care for people.
rule: Thea either shows empathy or cares for people (or both).
conclusion: Princess Thea shows empathy.
fact1: Princess Thea shows empathy.
fact2: Princess Thea does not support local causes.
rule: If Princess Thea shows empathy, then she either supports local causes or volunteers frequently (or both).
conclusion: Princess Thea volunteers frequently.
fact1: Thea does not donate to charity.
fact2: Princess Thea volunteers frequently.
rule: If Princess Thea either donates to charity or volunteers frequently (but not both), then she helps others.
conclusion: Princess Thea helps others.

According to the context and the conclusions that have already been drawn, we can deduce that it is uncertain that Thea does not earn respect. The correct option is: C."
"Given the facts below, answer the question.

Facts:
Winona sets boundaries. If Winona sets boundaries, then she practices moderation. Winona leads a disciplined life. If Winona leads a disciplined life, then she either practices moderation or avoids intoxicants, but not both. Winona does not enjoy social events. Winona either supports temperance or enjoys social events, but not both. Winona prefers a healthy lifestyle or avoids intoxicants. If someone prefers a healthy lifestyle and supports temperance, then they value sobriety. If Winona values sobriety, then she will frequent tea rooms. Winona either abstains from alcohol or frequents tea rooms, but not both. Winona either abstains from alcohol or advocates for responsible living (or both).

Question:
Based on the above information, is the following statement true, false, or uncertain? Winona does not advocate for responsible living.

Options:
[""A) True"", ""B) False"", ""C) Uncertain""]","Given the facts below, answer the question.

Facts:
Delaney either abstains from alcohol or frequents tea rooms, but not both. If Winona values sobriety, then she will frequent tea rooms. If Zeke values sobriety, then she will frequent tea rooms. Winona either abstains from alcohol or advocates for responsible living (or both). Winona sets boundaries. Zeke leads a disciplined life. If Delaney leads a disciplined life, then she either practices moderation or avoids intoxicants, but not both. Zeke either abstains from alcohol or advocates for responsible living (or both). Winona leads a disciplined life. If Anaya sets boundaries, then she practices moderation. Winona does not enjoy social events. Anaya prefers a healthy lifestyle or avoids intoxicants. Winona either supports temperance or enjoys social events, but not both. If Winona leads a disciplined life, then she either practices moderation or avoids intoxicants, but not both. Winona either abstains from alcohol or frequents tea rooms, but not both. Zeke either supports temperance or enjoys social events, but not both. If Winona sets boundaries, then she practices moderation. Winona prefers a healthy lifestyle or avoids intoxicants. If someone prefers a healthy lifestyle and supports temperance, then they value sobriety.

Question:
Based on the above information, is the following statement true, false, or uncertain? Winona does not advocate for responsible living.

Options:
[""A) True"", ""B) False"", ""C) Uncertain""]",B,1,"fact1: Winona sets boundaries.
rule: If Winona sets boundaries, then she practices moderation.
conclusion: Winona practices moderation.
fact1: Winona leads a disciplined life.
fact2: Winona practices moderation.
rule: If Winona leads a disciplined life, then she either practices moderation or avoids intoxicants, but not both.
conclusion: Winona does not avoid intoxicants.
fact1: Winona does not enjoy social events.
rule: Winona either supports temperance or enjoys social events, but not both.
conclusion: Winona supports temperance.
fact1: Winona does not avoid intoxicants.
rule: Winona prefers a healthy lifestyle or avoids intoxicants.
conclusion: Winona prefers a healthy lifestyle.
fact1: Winona prefers a healthy lifestyle.
fact2: Winona supports temperance.
rule: If someone prefers a healthy lifestyle and supports temperance, then they value sobriety.
conclusion: Winona values sobriety.
fact1: Winona values sobriety.
rule: If Winona values sobriety, then she will frequent tea rooms.
conclusion: Winona frequents tea rooms.
fact1: Winona frequents tea rooms.
rule: Winona either abstains from alcohol or frequents tea rooms, but not both.
conclusion: Winona does not abstain from alcohol.
fact1: Winona does not abstain from alcohol.
rule: Winona either abstains from alcohol or advocates for responsible living (or both).
conclusion: Winona does not advocate for responsible living.

Therefore, it is false that Winona does not advocate for responsible living. The correct option is: B."
"Given the facts below, answer the question.

Facts:
Bailey speaks her mind. Bailey is not self-assured. Everyone who speaks their mind is either confident or self-assured (or both). Bailey values tradition. For Bailey, either she takes risks or she values tradition, but not both. Bailey does not have feelings. Everyone has feelings or is emotional. All spontaneous people take risks and are open to new experiences. If Bailey is confident, then she is either someone who values stability or is spontaneous, but not both. Bailey is either someone who values stability or is adventurous, but not both. Bailey is reserved. If Bailey is emotional, then she is either reserved or sensitive (but not both).

Question:
Based on the above information, is the following statement true, false, or uncertain? Bailey is artistic or romantic.

Options:
[""A) True"", ""B) False"", ""C) Uncertain""]","Given the facts below, answer the question.

Facts:
If Bailey is emotional, then she is either reserved or sensitive (but not both). Bailey speaks her mind. Everyone who speaks their mind is either confident or self-assured (or both). For Bailey, either she takes risks or she values tradition, but not both. Bailey is either someone who values stability or is adventurous, but not both. Bailey is reserved. Bailey is not self-assured. Whitley is not expressive. Everyone has feelings or is emotional. If Bailey is confident, then she is either someone who values stability or is spontaneous, but not both. Bailey values tradition. Bailey does not have feelings. All spontaneous people take risks and are open to new experiences.

Question:
Based on the above information, is the following statement true, false, or uncertain? Bailey is artistic or romantic.

Options:
[""A) True"", ""B) False"", ""C) Uncertain""]",C,2,"fact1: Bailey speaks her mind.
fact2: Bailey is not self-assured.
rule: Everyone who speaks their mind is either confident or self-assured (or both).
conclusion: Bailey is confident.
fact1: Bailey values tradition.
rule: For Bailey, either she takes risks or she values tradition, but not both.
conclusion: Bailey does not take risks.
fact1: Bailey does not have feelings.
rule: Everyone has feelings or is emotional.
conclusion: Bailey is emotional.
fact1: Bailey does not take risks.
rule: All spontaneous people take risks and are open to new experiences.
conclusion: Bailey is not spontaneous.
fact1: Bailey is confident.
fact2: Bailey is not spontaneous.
rule: If Bailey is confident, then she is either someone who values stability or is spontaneous, but not both.
conclusion: Bailey is someone who values stability.
fact1: Bailey is someone who values stability.
rule: Bailey is either someone who values stability or is adventurous, but not both.
conclusion: Bailey is not adventurous.
fact1: Bailey is emotional.
fact2: Bailey is reserved.
rule: If Bailey is emotional, then she is either reserved or sensitive (but not both).
conclusion: Bailey is not sensitive.

According to the context and the conclusions that have already been drawn, we can deduce that it is uncertain that Bailey is artistic or romantic. The correct option is: C."
"Given the facts below, answer the question.

Facts:
Moises does not speak directly. Moises either shows empathy or speaks directly, but not both. Moises has expertise. Moises inspires creativity. If Moises has expertise, then he either develops leaders or inspires creativity (but not both). Anyone who shows empathy will build trust with others. Anyone who fosters growth and builds trust can develop leaders. Moises does not provide insight. If Moises either provides insight or offers support (but not both), then he fosters growth. Moises does not empower others. Anyone who listens actively or offers support can empower others.

Question:
Based on the above information, is the following statement true, false, or uncertain? Moises is not an effective life coach.

Options:
[""A) True"", ""B) False"", ""C) Uncertain""]","Given the facts below, answer the question.

Facts:
If Moises either provides insight or offers support (but not both), then he fosters growth. Logan either shows empathy or speaks directly, but not both. Moises does not empower others. Moises either shows empathy or speaks directly, but not both. Keaton encourages self-discovery. Anyone who shows empathy will build trust with others. If Moises has expertise, then he either develops leaders or inspires creativity (but not both). Moises inspires creativity. Katelyn does not speak directly. Moises does not provide insight. Anyone who fosters growth and builds trust can develop leaders. Moises has expertise. Anyone who listens actively or offers support can empower others. Moises does not speak directly.

Question:
Based on the above information, is the following statement true, false, or uncertain? Moises is not an effective life coach.

Options:
[""A) True"", ""B) False"", ""C) Uncertain""]",C,2,"fact1: Moises does not speak directly.
rule: Moises either shows empathy or speaks directly, but not both.
conclusion: Moises shows empathy.
fact1: Moises has expertise.
fact2: Moises inspires creativity.
rule: If Moises has expertise, then he either develops leaders or inspires creativity (but not both).
conclusion: Moises does not develop leaders.
fact1: Moises shows empathy.
rule: Anyone who shows empathy will build trust with others.
conclusion: Moises builds trust.
fact1: Moises builds trust.
fact2: Moises does not develop leaders.
rule: Anyone who fosters growth and builds trust can develop leaders.
conclusion: Moises does not foster growth.
fact1: Moises does not provide insight.
fact2: Moises does not foster growth.
rule: If Moises either provides insight or offers support (but not both), then he fosters growth.
conclusion: Moises does not offer support.
fact1: Moises does not offer support.
fact2: Moises does not empower others.
rule: Anyone who listens actively or offers support can empower others.
conclusion: Moises does not listen actively.

According to the context and the conclusions that have already been drawn, we can deduce that it is uncertain that Moises is not an effective life coach. The correct option is: C."
"Given the facts below, answer the question.

Facts:
Maia does not live a fulfilling life. Anyone who helps others or is content can live a fulfilling life. Maia does not ask open questions. Maia either asks open questions or listens actively, but not both. Maia does not value simplicity. If Maia either values simplicity or leads a harmonious life (but not both), then she is content. Maia does not have a good balance in life. If Maia either has a good balance in life or finds inner peace (but not both), then she leads a harmonious life. Maia does not speak gently. If Maia either listens actively or speaks gently (but not both), then she has empathy. Maia connects with nature. For anyone who connects with nature and practices meditation, they can find inner peace. Maia practices meditation or heals others. Maia does not play music. If Maia has empathy, then she can either play music or create art, but not both. If Maia is gentle, then she can either heal others or create art, but not both.

Question:
Based on the above information, is the following statement true, false, or uncertain? Maia is not gentle.

Options:
[""A) True"", ""B) False"", ""C) Uncertain""]","Given the facts below, answer the question.

Facts:
Vincent does not live a fulfilling life. If Maia has empathy, then she can either play music or create art, but not both. Maia does not play music. If Maia either listens actively or speaks gently (but not both), then she has empathy. If Vincent is gentle, then she can either heal others or create art, but not both. Maia practices meditation or heals others. Maia connects with nature. Barrett does not have a good balance in life. Maia does not ask open questions. Anyone who helps others or is content can live a fulfilling life. If Maia either values simplicity or leads a harmonious life (but not both), then she is content. If Maia either has a good balance in life or finds inner peace (but not both), then she leads a harmonious life. Maia does not have a good balance in life. If Vincent either listens actively or speaks gently (but not both), then she has empathy. If Maia is gentle, then she can either heal others or create art, but not both. Maia does not speak gently. Nyla does not play music. Vincent practices meditation or heals others. Maia does not live a fulfilling life. If Nyla either values simplicity or leads a harmonious life (but not both), then she is content. For anyone who connects with nature and practices meditation, they can find inner peace. Barrett does not value simplicity. Maia does not value simplicity. Barrett either asks open questions or listens actively, but not both. Maia either asks open questions or listens actively, but not both.

Question:
Based on the above information, is the following statement true, false, or uncertain? Maia is not gentle.

Options:
[""A) True"", ""B) False"", ""C) Uncertain""]",A,0,"fact1: Maia does not live a fulfilling life.
rule: Anyone who helps others or is content can live a fulfilling life.
conclusion: Maia is not content.
fact1: Maia does not ask open questions.
rule: Maia either asks open questions or listens actively, but not both.
conclusion: Maia listens actively.
fact1: Maia does not value simplicity.
fact2: Maia is not content.
rule: If Maia either values simplicity or leads a harmonious life (but not both), then she is content.
conclusion: Maia does not lead a harmonious life.
fact1: Maia does not have a good balance in life.
fact2: Maia does not lead a harmonious life.
rule: If Maia either has a good balance in life or finds inner peace (but not both), then she leads a harmonious life.
conclusion: Maia does not find inner peace.
fact1: Maia listens actively.
fact2: Maia does not speak gently.
rule: If Maia either listens actively or speaks gently (but not both), then she has empathy.
conclusion: Maia has empathy.
fact1: Maia connects with nature.
fact2: Maia does not find inner peace.
rule: For anyone who connects with nature and practices meditation, they can find inner peace.
conclusion: Maia does not practice meditation.
fact1: Maia does not practice meditation.
rule: Maia practices meditation or heals others.
conclusion: Maia heals others.
fact1: Maia has empathy.
fact2: Maia does not play music.
rule: If Maia has empathy, then she can either play music or create art, but not both.
conclusion: Maia creates art.
fact1: Maia heals others.
fact2: Maia creates art.
rule: If Maia is gentle, then she can either heal others or create art, but not both.
conclusion: Maia is not gentle.

Therefore, it is true that Maia is not gentle. The correct option is: A."
"Given the facts below, answer the question.

Facts:
Astrid does not drink nectar. Astrid either drinks nectar or eats fruits, but not both. Astrid has flexibility. For all monkeys, if they eat fruits and have flexibility, then they can live in trees. Astrid is physically fit. Astrid is quite nimble. If Astrid is physically fit, then she is either quite nimble or has good balance, but not both. Astrid has a good grip. If Astrid has a good grip, then she is either very agile or has good balance, but not both. Astrid is not lightweight. If Astrid lives in trees, then she is either lightweight or has strong limbs, but not both. All monkeys with strong limbs and agility excel at climbing. If Astrid excels at climbing, then she has a prehensile tail. For every monkey, either the monkey has a prehensile tail or the monkey does not have a prehensile tail, but not both.

Question:
Based on the above information, is the following statement true, false, or uncertain? Astrid does not have a prehensile tail.

Options:
[""A) True"", ""B) False"", ""C) Uncertain""]","Given the facts below, answer the question.

Facts:
Rayden has flexibility. Astrid is not lightweight. For every monkey, either the monkey has a prehensile tail or the monkey does not have a prehensile tail, but not both. If Astrid lives in trees, then she is either lightweight or has strong limbs, but not both. If Astrid is physically fit, then she is either quite nimble or has good balance, but not both. Astrid does not drink nectar. Katalina either drinks nectar or eats fruits, but not both. Astrid has a good grip. Astrid is physically fit. Astrid is quite nimble. For all monkeys, if they eat fruits and have flexibility, then they can live in trees. Katalina is physically fit. If Astrid has a good grip, then she is either very agile or has good balance, but not both. Astrid has flexibility. All monkeys with strong limbs and agility excel at climbing. Astrid either drinks nectar or eats fruits, but not both. If Astrid excels at climbing, then she has a prehensile tail. Rayden does not drink nectar.

Question:
Based on the above information, is the following statement true, false, or uncertain? Astrid does not have a prehensile tail.

Options:
[""A) True"", ""B) False"", ""C) Uncertain""]",B,1,"fact1: Astrid does not drink nectar.
rule: Astrid either drinks nectar or eats fruits, but not both.
conclusion: Astrid eats fruits.
fact1: Astrid eats fruits.
fact2: Astrid has flexibility.
rule: For all monkeys, if they eat fruits and have flexibility, then they can live in trees.
conclusion: Astrid lives in trees.
fact1: Astrid is physically fit.
fact2: Astrid is quite nimble.
rule: If Astrid is physically fit, then she is either quite nimble or has good balance, but not both.
conclusion: Astrid does not have good balance.
fact1: Astrid has a good grip.
fact2: Astrid does not have good balance.
rule: If Astrid has a good grip, then she is either very agile or has good balance, but not both.
conclusion: Astrid is very agile.
fact1: Astrid lives in trees.
fact2: Astrid is not lightweight.
rule: If Astrid lives in trees, then she is either lightweight or has strong limbs, but not both.
conclusion: Astrid has strong limbs.
fact1: Astrid has strong limbs.
fact2: Astrid is very agile.
rule: All monkeys with strong limbs and agility excel at climbing.
conclusion: Astrid excels at climbing.
fact1: Astrid excels at climbing.
rule: If Astrid excels at climbing, then she has a prehensile tail.
conclusion: Astrid has a prehensile tail.
fact1: Astrid has a prehensile tail.
rule: For every monkey, either the monkey has a prehensile tail or the monkey does not have a prehensile tail, but not both.
conclusion: Astrid does not have a prehensile tail.

Therefore, it is false that Astrid does not have a prehensile tail. The correct option is: B."
"Given the facts below, answer the question.

Facts:
Zeke does not have resilience. Anyone who adapts to situations has resilience. Zeke does not think innovatively. Everyone thinks innovatively or has creativity. Zeke has passion. Zeke sets high goals. If Zeke has passion, then he either sets high goals or succeeds in life, but not both. If Zeke either learns from failure or adapts to situations (but not both), then he succeeds in life. Zeke does not reach his goals. Anyone who overcomes challenges or learns from failure can reach their goals. Zeke does not stay motivated. For all people, if they either overcome challenges or achieve success, then they stay motivated. If Zeke is creative and entrepreneurial, then he achieves success. Either Zeke is entrepreneurial or he is risk-averse, but not both.

Question:
Based on the above information, is the following statement true, false, or uncertain? Zeke is risk-averse.

Options:
[""A) True"", ""B) False"", ""C) Uncertain""]","Given the facts below, answer the question.

Facts:
Zeke does not stay motivated. Either Sparky is entrepreneurial or he is risk-averse, but not both. Zeke sets high goals. If Zeke has passion, then he either sets high goals or succeeds in life, but not both. Zeke does not have resilience. Sparky has passion. Anyone who overcomes challenges or learns from failure can reach their goals. If Sparky is creative and entrepreneurial, then he achieves success. Zeke has passion. Raina does not reach his goals. Raina does not stay motivated. If Zeke either learns from failure or adapts to situations (but not both), then he succeeds in life. For all people, if they either overcome challenges or achieve success, then they stay motivated. Anyone who adapts to situations has resilience. Zeke does not think innovatively. Everyone thinks innovatively or has creativity. Either Zeke is entrepreneurial or he is risk-averse, but not both. If Zeke is creative and entrepreneurial, then he achieves success. Zeke does not reach his goals. Sparky does not have resilience. Sparky sets high goals. If Sparky has passion, then he either sets high goals or succeeds in life, but not both.

Question:
Based on the above information, is the following statement true, false, or uncertain? Zeke is risk-averse.

Options:
[""A) True"", ""B) False"", ""C) Uncertain""]",A,0,"fact1: Zeke does not have resilience.
rule: Anyone who adapts to situations has resilience.
conclusion: Zeke does not adapt to situations.
fact1: Zeke does not think innovatively.
rule: Everyone thinks innovatively or has creativity.
conclusion: Zeke has creativity.
fact1: Zeke has passion.
fact2: Zeke sets high goals.
rule: If Zeke has passion, then he either sets high goals or succeeds in life, but not both.
conclusion: Zeke does not succeed in life.
fact1: Zeke does not adapt to situations.
fact2: Zeke does not succeed in life.
rule: If Zeke either learns from failure or adapts to situations (but not both), then he succeeds in life.
conclusion: Zeke does not learn from failure.
fact1: Zeke does not learn from failure.
fact2: Zeke does not reach his goals.
rule: Anyone who overcomes challenges or learns from failure can reach their goals.
conclusion: Zeke does not overcome challenges.
fact1: Zeke does not overcome challenges.
fact2: Zeke does not stay motivated.
rule: For all people, if they either overcome challenges or achieve success, then they stay motivated.
conclusion: Zeke does not achieve success.
fact1: Zeke has creativity.
fact2: Zeke does not achieve success.
rule: If Zeke is creative and entrepreneurial, then he achieves success.
conclusion: Zeke is not entrepreneurial.
fact1: Zeke is not entrepreneurial.
rule: Either Zeke is entrepreneurial or he is risk-averse, but not both.
conclusion: Zeke is risk-averse.

Therefore, it is true that Zeke is risk-averse. The correct option is: A."
"Given the facts below, answer the question.

Facts:
Marcel does not collaborate with experts. Marcel either collaborates with experts or enhances aircraft performance, but not both. Marcel is curious. Marcel does not read extensively. If Marcel is curious, then he either tests new ideas or reads extensively, but not both. If Marcel tests new ideas, then he creates prototypes. Marcel does not innovate technology. If Marcel either creates prototypes or develops new materials (but not both), then he innovates technology. Marcel works in aerospace. If Marcel works in aerospace, then he either enhances aircraft performance or improves helicopter safety, but not both. Marcel either develops new materials or designs innovative rotor systems, but not both. For all humans, if someone is an experienced aerodynamics engineer, then they either design innovative rotor systems or improve helicopter safety (or both).

Question:
Based on the above information, is the following statement true, false, or uncertain? Marcel is not an experienced aerodynamics engineer.

Options:
[""A) True"", ""B) False"", ""C) Uncertain""]","Given the facts below, answer the question.

Facts:
Marcel does not read extensively. Stone does not innovate technology. Marcel is curious. Landyn either collaborates with experts or enhances aircraft performance, but not both. Marcel works in aerospace. If Arlo is curious, then he either tests new ideas or reads extensively, but not both. Stone does not collaborate with experts. For all humans, if someone is an experienced aerodynamics engineer, then they either design innovative rotor systems or improve helicopter safety (or both). Marcel either develops new materials or designs innovative rotor systems, but not both. If Marcel either creates prototypes or develops new materials (but not both), then he innovates technology. If Marcel tests new ideas, then he creates prototypes. Marcel does not innovate technology. If Marcel is curious, then he either tests new ideas or reads extensively, but not both. If Arlo either creates prototypes or develops new materials (but not both), then he innovates technology. Marcel does not collaborate with experts. If Marcel works in aerospace, then he either enhances aircraft performance or improves helicopter safety, but not both. Marcel either collaborates with experts or enhances aircraft performance, but not both. If Arlo works in aerospace, then he either enhances aircraft performance or improves helicopter safety, but not both.

Question:
Based on the above information, is the following statement true, false, or uncertain? Marcel is not an experienced aerodynamics engineer.

Options:
[""A) True"", ""B) False"", ""C) Uncertain""]",A,0,"fact1: Marcel does not collaborate with experts.
rule: Marcel either collaborates with experts or enhances aircraft performance, but not both.
conclusion: Marcel enhances aircraft performance.
fact1: Marcel is curious.
fact2: Marcel does not read extensively.
rule: If Marcel is curious, then he either tests new ideas or reads extensively, but not both.
conclusion: Marcel tests new ideas.
fact1: Marcel tests new ideas.
rule: If Marcel tests new ideas, then he creates prototypes.
conclusion: Marcel creates prototypes.
fact1: Marcel creates prototypes.
fact2: Marcel does not innovate technology.
rule: If Marcel either creates prototypes or develops new materials (but not both), then he innovates technology.
conclusion: Marcel develops new materials.
fact1: Marcel works in aerospace.
fact2: Marcel enhances aircraft performance.
rule: If Marcel works in aerospace, then he either enhances aircraft performance or improves helicopter safety, but not both.
conclusion: Marcel does not improve helicopter safety.
fact1: Marcel develops new materials.
rule: Marcel either develops new materials or designs innovative rotor systems, but not both.
conclusion: Marcel does not design innovative rotor systems.
fact1: Marcel does not design innovative rotor systems.
fact2: Marcel does not improve helicopter safety.
rule: For all humans, if someone is an experienced aerodynamics engineer, then they either design innovative rotor systems or improve helicopter safety (or both).
conclusion: Marcel is not an experienced aerodynamics engineer.

Therefore, it is true that Marcel is not an experienced aerodynamics engineer. The correct option is: A."
"Given the facts below, answer the question.

Facts:
Christian leads an orchestra. Christian does not receive critical acclaim. Everyone who leads an orchestra either performs under the spotlight or receives critical acclaim (or both). Christian sets high standards. Christian works tirelessly. Anyone who sets high standards and works tirelessly is ambitious. Christian does not remain composed. Anyone who performs under the spotlight either handles pressure or remains composed (or both). All ambitious people take calculated risks and handle pressure. Christian either takes calculated risks or has realistic goals, but not both. Christian either pursues his passion or has realistic goals, but not both. If someone pursues their passion, then they will dedicate time to practice. If Christian dedicates time to practice, then he achieves musical excellence.

Question:
Based on the above information, is the following statement true, false, or uncertain? Christian achieves musical excellence.

Options:
[""A) True"", ""B) False"", ""C) Uncertain""]","Given the facts below, answer the question.

Facts:
All ambitious people take calculated risks and handle pressure. Christian sets high standards. Christian does not remain composed. If someone pursues their passion, then they will dedicate time to practice. Anyone who sets high standards and works tirelessly is ambitious. Christian either pursues his passion or has realistic goals, but not both. Anyone who performs under the spotlight either handles pressure or remains composed (or both). Christian works tirelessly. Christian does not receive critical acclaim. If Christian dedicates time to practice, then he achieves musical excellence. Everyone who leads an orchestra either performs under the spotlight or receives critical acclaim (or both). Christian leads an orchestra. Leia sets high standards. Christian either takes calculated risks or has realistic goals, but not both.

Question:
Based on the above information, is the following statement true, false, or uncertain? Christian achieves musical excellence.

Options:
[""A) True"", ""B) False"", ""C) Uncertain""]",A,0,"fact1: Christian leads an orchestra.
fact2: Christian does not receive critical acclaim.
rule: Everyone who leads an orchestra either performs under the spotlight or receives critical acclaim (or both).
conclusion: Christian performs under the spotlight.
fact1: Christian sets high standards.
fact2: Christian works tirelessly.
rule: Anyone who sets high standards and works tirelessly is ambitious.
conclusion: Christian is ambitious.
fact1: Christian performs under the spotlight.
fact2: Christian does not remain composed.
rule: Anyone who performs under the spotlight either handles pressure or remains composed (or both).
conclusion: Christian handles pressure.
fact1: Christian is ambitious.
fact2: Christian handles pressure.
rule: All ambitious people take calculated risks and handle pressure.
conclusion: Christian takes calculated risks.
fact1: Christian takes calculated risks.
rule: Christian either takes calculated risks or has realistic goals, but not both.
conclusion: Christian does not have realistic goals.
fact1: Christian does not have realistic goals.
rule: Christian either pursues his passion or has realistic goals, but not both.
conclusion: Christian pursues his passion.
fact1: Christian pursues his passion.
rule: If someone pursues their passion, then they will dedicate time to practice.
conclusion: Christian dedicates time to practice.
fact1: Christian dedicates time to practice.
rule: If Christian dedicates time to practice, then he achieves musical excellence.
conclusion: Christian achieves musical excellence.

Therefore, it is true that Christian achieves musical excellence. The correct option is: A."
"Given the facts below, answer the question.

Facts:
Rey lives in harmony with her environment. All butterflies that live in harmony with their environment adapt to the seasons. Rey is resilient. If Rey is resilient, then she adapts to seasons and has a thriving colony. Rey does not lay eggs safely. Rey does not lead a successful hibernation. If Rey guarantees the continuation of her lineage, then she either lays eggs safely or leads a successful hibernation (but not both). Rey avoids predators. If Rey either migrates safely or avoids predators (but not both), then she can guarantee the continuation of her lineage. Rey does not find food. Rey finds food or ensures the survival of her colony.

Question:
Based on the above information, is the following statement true, false, or uncertain? Rey cares for her caterpillars.

Options:
[""A) True"", ""B) False"", ""C) Uncertain""]","Given the facts below, answer the question.

Facts:
Zaid lives in harmony with her environment. If Zaid is resilient, then she adapts to seasons and has a thriving colony. Zion does not lay eggs safely. If Rey either migrates safely or avoids predators (but not both), then she can guarantee the continuation of her lineage. If Rey is resilient, then she adapts to seasons and has a thriving colony. If Zaid guarantees the continuation of her lineage, then she either lays eggs safely or leads a successful hibernation (but not both). Ivanna is resilient. Rey is resilient. If Rey either selects nourishing plants or avoids harsh weather (but not both), then she can ensure the survival of her colony. Rey lives in harmony with her environment. Rey does not lay eggs safely. Rey avoids predators. Rey finds food or ensures the survival of her colony. If Ivanna either migrates safely or avoids predators (but not both), then she can guarantee the continuation of her lineage. All butterflies that live in harmony with their environment adapt to the seasons. Rey does not lead a successful hibernation. If Rey guarantees the continuation of her lineage, then she either lays eggs safely or leads a successful hibernation (but not both). Rey does not find food. Zion avoids predators. If Ivanna migrates safely or protects her habitat, then she can ensure the survival of her colony. Zaid does not lead a successful hibernation. Zaid does not find food. If Rey loves wildflowers and nurtures plants, then she can protect her habitat. Zaid finds food or ensures the survival of her colony.

Question:
Based on the above information, is the following statement true, false, or uncertain? Rey cares for her caterpillars.

Options:
[""A) True"", ""B) False"", ""C) Uncertain""]",C,2,"fact1: Rey lives in harmony with her environment.
rule: All butterflies that live in harmony with their environment adapt to the seasons.
conclusion: Rey adapts to seasons.
fact1: Rey is resilient.
fact2: Rey adapts to seasons.
rule: If Rey is resilient, then she adapts to seasons and has a thriving colony.
conclusion: Rey has a thriving colony.
fact1: Rey does not lay eggs safely.
fact2: Rey does not lead a successful hibernation.
rule: If Rey guarantees the continuation of her lineage, then she either lays eggs safely or leads a successful hibernation (but not both).
conclusion: Rey cannot guarantee the continuation of her lineage.
fact1: Rey avoids predators.
fact2: Rey cannot guarantee the continuation of her lineage.
rule: If Rey either migrates safely or avoids predators (but not both), then she can guarantee the continuation of her lineage.
conclusion: Rey migrates safely.
fact1: Rey does not find food.
rule: Rey finds food or ensures the survival of her colony.
conclusion: Rey can ensure the survival of her colony.

According to the context and the conclusions that have already been drawn, we can deduce that it is uncertain that Rey cares for her caterpillars. The correct option is: C."
"Given the facts below, answer the question.

Facts:
Princess has a high-spirited nature. For Princess, either she remains calm under pressure or she has a high-spirited nature, but not both. Princess does not have good instincts. Any horse that can respond to emergencies either has good instincts or remains calm under pressure (or both). Princess runs freely. Princess either runs freely or follows her rider, but not both at the same time. Every horse either follows its rider or obeys commands. For all horses, if they are strong or well-trained, then they can respond to emergencies.

Question:
Based on the above information, is the following statement true, false, or uncertain? Princess is strong.

Options:
[""A) True"", ""B) False"", ""C) Uncertain""]","Given the facts below, answer the question.

Facts:
For Princess, either she remains calm under pressure or she has a high-spirited nature, but not both. Ozzy does not have good instincts. Princess has a high-spirited nature. Every horse either follows its rider or obeys commands. Ozzy either runs freely or follows her rider, but not both at the same time. For all horses, if they are strong or well-trained, then they can respond to emergencies. Princess does not have good instincts. For Khloe, either she remains calm under pressure or she has a high-spirited nature, but not both. Princess either runs freely or follows her rider, but not both at the same time. Princess runs freely. Frederick runs freely. Any horse that can respond to emergencies either has good instincts or remains calm under pressure (or both).

Question:
Based on the above information, is the following statement true, false, or uncertain? Princess is strong.

Options:
[""A) True"", ""B) False"", ""C) Uncertain""]",B,1,"fact1: Princess has a high-spirited nature.
rule: For Princess, either she remains calm under pressure or she has a high-spirited nature, but not both.
conclusion: Princess does not remain calm under pressure.
fact1: Princess does not have good instincts.
fact2: Princess does not remain calm under pressure.
rule: Any horse that can respond to emergencies either has good instincts or remains calm under pressure (or both).
conclusion: Princess cannot respond to emergencies.
fact1: Princess runs freely.
rule: Princess either runs freely or follows her rider, but not both at the same time.
conclusion: Princess does not follow her rider.
fact1: Princess does not follow her rider.
rule: Every horse either follows its rider or obeys commands.
conclusion: Princess will obey commands.
fact1: Princess cannot respond to emergencies.
rule: For all horses, if they are strong or well-trained, then they can respond to emergencies.
conclusion: Princess is strong.

Therefore, it is false that Princess is strong. The correct option is: B."
"Given the facts below, answer the question.

Facts:
Hassan does not analyze water quality. Hassan models climate impacts. If Hassan either analyzes water quality or models climate impacts (but not both), then he develops conservation strategies. Hassan either develops conservation strategies or informs policy, but not both. Hassan does not collect data. Hassan cannot make discoveries. Anyone who collects data or understands habitats can make discoveries. Hassan educates others. Hassan either educates others or protects biodiversity, but not necessarily both. Anyone who researches wildlife either understands habitats or informs policy (or both). Hassan conserves nature. If Hassan either researches wildlife or conserves nature (but not both), then he studies ecosystems. Anyone who studies ecosystems either protects biodiversity or cares about the environment (or both).

Question:
Based on the above information, is the following statement true, false, or uncertain? Hassan appreciates marine life.

Options:
[""A) True"", ""B) False"", ""C) Uncertain""]","Given the facts below, answer the question.

Facts:
Anyone who researches wildlife either understands habitats or informs policy (or both). Lucian models climate impacts. Alisson either develops conservation strategies or informs policy, but not both. Anyone who collects data or understands habitats can make discoveries. Hassan educates others. Alisson conserves nature. If Hassan either analyzes water quality or models climate impacts (but not both), then he develops conservation strategies. Lucian cannot make discoveries. Hassan cannot make discoveries. Hassan either develops conservation strategies or informs policy, but not both. Hassan either educates others or protects biodiversity, but not necessarily both. Galilea either educates others or protects biodiversity, but not necessarily both. Hassan conserves nature. Hassan does not analyze water quality. Lucian either appreciates marine life or cares about the environment (or both). Alisson does not collect data. If Hassan works for conservation, then he either protects biodiversity or reduces his carbon footprint (but not both). If Galilea either analyzes water quality or models climate impacts (but not both), then he develops conservation strategies. Anyone who values sustainability and respects nature cares about the environment. Anyone who studies ecosystems either protects biodiversity or cares about the environment (or both). Galilea does not analyze water quality. Hassan does not collect data. Hassan models climate impacts. If Hassan either researches wildlife or conserves nature (but not both), then he studies ecosystems. If Galilea either researches wildlife or conserves nature (but not both), then he studies ecosystems. Lucian educates others.

Question:
Based on the above information, is the following statement true, false, or uncertain? Hassan appreciates marine life.

Options:
[""A) True"", ""B) False"", ""C) Uncertain""]",C,2,"fact1: Hassan does not analyze water quality.
fact2: Hassan models climate impacts.
rule: If Hassan either analyzes water quality or models climate impacts (but not both), then he develops conservation strategies.
conclusion: Hassan develops conservation strategies.
fact1: Hassan develops conservation strategies.
rule: Hassan either develops conservation strategies or informs policy, but not both.
conclusion: Hassan does not inform policy.
fact1: Hassan does not collect data.
fact2: Hassan cannot make discoveries.
rule: Anyone who collects data or understands habitats can make discoveries.
conclusion: Hassan does not understand habitats.
fact1: Hassan educates others.
rule: Hassan either educates others or protects biodiversity, but not necessarily both.
conclusion: Hassan does not protect biodiversity.
fact1: Hassan does not understand habitats.
fact2: Hassan does not inform policy.
rule: Anyone who researches wildlife either understands habitats or informs policy (or both).
conclusion: Hassan does not research wildlife.
fact1: Hassan does not research wildlife.
fact2: Hassan conserves nature.
rule: If Hassan either researches wildlife or conserves nature (but not both), then he studies ecosystems.
conclusion: Hassan studies ecosystems.
fact1: Hassan studies ecosystems.
fact2: Hassan does not protect biodiversity.
rule: Anyone who studies ecosystems either protects biodiversity or cares about the environment (or both).
conclusion: Hassan cares about the environment.

According to the context and the conclusions that have already been drawn, we can deduce that it is uncertain that Hassan appreciates marine life. The correct option is: C."
"Given the facts below, answer the question.

Facts:
Trinity documents plant characteristics. Trinity does not conserve endangered plants. If Trinity either collects rare species or documents plant characteristics (but not both), then she conserves endangered plants. Trinity does not teach others. If Trinity collects rare species, then she either explores ecosystems or teaches others (or both). Trinity does not contribute to science. If Trinity either studies plant life or explores ecosystems (but not both), then she contributes to science. Trinity understands floral design. If Trinity understands floral design, then she will create beautiful arrangements.

Question:
Based on the above information, is the following statement true, false, or uncertain? Trinity appreciates nature.

Options:
[""A) True"", ""B) False"", ""C) Uncertain""]","Given the facts below, answer the question.

Facts:
If Trinity understands floral design, then she will create beautiful arrangements. Trinity does not contribute to science. If Kohen collects rare species, then she either explores ecosystems or teaches others (or both). If Trinity either studies plant life or explores ecosystems (but not both), then she contributes to science. If Trinity either collects rare species or documents plant characteristics (but not both), then she conserves endangered plants. Rayna does not cultivate rare flowers. Trinity does not conserve endangered plants. If Heaven either studies plant life or explores ecosystems (but not both), then she contributes to science. If Trinity collects rare species, then she either explores ecosystems or teaches others (or both). Trinity understands floral design. Trinity does not teach others. If Heaven studies plant life, then she either becomes a botanist or creates beautiful arrangements. Trinity documents plant characteristics.

Question:
Based on the above information, is the following statement true, false, or uncertain? Trinity appreciates nature.

Options:
[""A) True"", ""B) False"", ""C) Uncertain""]",C,2,"fact1: Trinity documents plant characteristics.
fact2: Trinity does not conserve endangered plants.
rule: If Trinity either collects rare species or documents plant characteristics (but not both), then she conserves endangered plants.
conclusion: Trinity collects rare species.
fact1: Trinity collects rare species.
fact2: Trinity does not teach others.
rule: If Trinity collects rare species, then she either explores ecosystems or teaches others (or both).
conclusion: Trinity explores ecosystems.
fact1: Trinity explores ecosystems.
fact2: Trinity does not contribute to science.
rule: If Trinity either studies plant life or explores ecosystems (but not both), then she contributes to science.
conclusion: Trinity studies plant life.
fact1: Trinity understands floral design.
rule: If Trinity understands floral design, then she will create beautiful arrangements.
conclusion: Trinity creates beautiful arrangements.

According to the context and the conclusions that have already been drawn, we can deduce that it is uncertain that Trinity appreciates nature. The correct option is: C."
"Given the facts below, answer the question.

Facts:
Andrea has good judgment. If someone has good judgment, then they trust their instincts. Andrea does not act on impulse. If Andrea either trusts his instincts or acts on impulse (but not both), then he thinks intuitively. Andrea prioritizes tasks. Andrea does not achieve success. If someone prioritizes tasks and sets goals, then they can achieve success. Andrea trains hard. Anyone who trains hard or has discipline has endurance. Andrea either thinks intuitively or excels at strategy, but not both. Andrea either excels at strategy or has agility, but not both. If Andrea is physically strong, then he is either someone who has endurance or someone who has agility, but not both. Andrea is either physically strong or mentally tough (or both).

Question:
Based on the above information, is the following statement true, false, or uncertain? Andrea is not mentally tough.

Options:
[""A) True"", ""B) False"", ""C) Uncertain""]","Given the facts below, answer the question.

Facts:
Andrea does not achieve success. Eric either thinks intuitively or excels at strategy, but not both. Andrea is either physically strong or mentally tough (or both). If someone prioritizes tasks and sets goals, then they can achieve success. Rosemary does not achieve success. If Nalani is physically strong, then he is either someone who has endurance or someone who has agility, but not both. Andrea trains hard. Anyone who values success sets goals. Anyone who trains hard or has discipline has endurance. If Eric sets goals, then he has discipline. Rosemary does not act on impulse. Nalani is either physically strong or mentally tough (or both). Eric trains hard. If Andrea is physically strong, then he is either someone who has endurance or someone who has agility, but not both. Andrea prioritizes tasks. If Andrea either trusts his instincts or acts on impulse (but not both), then he thinks intuitively. Andrea either excels at strategy or has agility, but not both. Rosemary prioritizes tasks. Andrea does not act on impulse. If someone has good judgment, then they trust their instincts. Andrea either thinks intuitively or excels at strategy, but not both. Andrea has good judgment. If Rosemary either trusts his instincts or acts on impulse (but not both), then he thinks intuitively. Rosemary either excels at strategy or has agility, but not both. Eric has good judgment.

Question:
Based on the above information, is the following statement true, false, or uncertain? Andrea is not mentally tough.

Options:
[""A) True"", ""B) False"", ""C) Uncertain""]",B,1,"fact1: Andrea has good judgment.
rule: If someone has good judgment, then they trust their instincts.
conclusion: Andrea trusts her instincts.
fact1: Andrea trusts her instincts.
fact2: Andrea does not act on impulse.
rule: If Andrea either trusts his instincts or acts on impulse (but not both), then he thinks intuitively.
conclusion: Andrea thinks intuitively.
fact1: Andrea prioritizes tasks.
fact2: Andrea does not achieve success.
rule: If someone prioritizes tasks and sets goals, then they can achieve success.
conclusion: Andrea does not set goals.
fact1: Andrea trains hard.
rule: Anyone who trains hard or has discipline has endurance.
conclusion: Andrea has endurance.
fact1: Andrea thinks intuitively.
rule: Andrea either thinks intuitively or excels at strategy, but not both.
conclusion: Andrea does not excel at strategy.
fact1: Andrea does not excel at strategy.
rule: Andrea either excels at strategy or has agility, but not both.
conclusion: Andrea has agility.
fact1: Andrea has endurance.
fact2: Andrea has agility.
rule: If Andrea is physically strong, then he is either someone who has endurance or someone who has agility, but not both.
conclusion: Andrea is not physically strong.
fact1: Andrea is not physically strong.
rule: Andrea is either physically strong or mentally tough (or both).
conclusion: Andrea is not mentally tough.

Therefore, it is false that Andrea is not mentally tough. The correct option is: B."
"Given the facts below, answer the question.

Facts:
Gianna reads widely. Gianna explores new ideas. For anyone who reads widely and explores new ideas, they will love learning. Anyone who loves learning will have passion. Gianna does not gain recognition. If someone has passion and achieves success, then they will gain recognition. If Gianna is analytical, then she will achieve success. Everyone is creative or analytical (or both).

Question:
Based on the above information, is the following statement true, false, or uncertain? Gianna is rational.

Options:
[""A) True"", ""B) False"", ""C) Uncertain""]","Given the facts below, answer the question.

Facts:
For anyone who reads widely and explores new ideas, they will love learning. Gianna does not gain recognition. If Felix is analytical, then she will achieve success. Everyone is creative or analytical (or both). Gianna explores new ideas. Anyone who loves learning will have passion. If Gianna is analytical, then she will achieve success. If someone has passion and achieves success, then they will gain recognition. Gianna reads widely.

Question:
Based on the above information, is the following statement true, false, or uncertain? Gianna is rational.

Options:
[""A) True"", ""B) False"", ""C) Uncertain""]",C,2,"fact1: Gianna reads widely.
fact2: Gianna explores new ideas.
rule: For anyone who reads widely and explores new ideas, they will love learning.
conclusion: Gianna loves learning.
fact1: Gianna loves learning.
rule: Anyone who loves learning will have passion.
conclusion: Gianna has passion.
fact1: Gianna has passion.
fact2: Gianna does not gain recognition.
rule: If someone has passion and achieves success, then they will gain recognition.
conclusion: Gianna does not achieve success.
fact1: Gianna does not achieve success.
rule: If Gianna is analytical, then she will achieve success.
conclusion: Gianna is not analytical.
fact1: Gianna is not analytical.
rule: Everyone is creative or analytical (or both).
conclusion: Gianna is creative.

According to the context and the conclusions that have already been drawn, we can deduce that it is uncertain that Gianna is rational. The correct option is: C."
"Given the facts below, answer the question.

Facts:
Heisenberg works hard. Heisenberg attends seminars. If Heisenberg works hard, then he is either an expert or someone who attends seminars, but not both. Heisenberg does not enjoy learning. Heisenberg has an inquisitive nature or enjoys learning. Heisenberg conducts experiments. If Heisenberg either pursues higher education or conducts experiments (but not both), then he becomes an expert. If Heisenberg has an inquisitive nature, then he is passionate about science and pursues higher education. If Heisenberg is passionate about science, then he will dedicate his life to research. Heisenberg does not make medical breakthroughs. For all humans, if they study parasites and dedicate their life to research, then they can make medical breakthroughs.

Question:
Based on the above information, is the following statement true, false, or uncertain? Heisenberg does not study parasites.

Options:
[""A) True"", ""B) False"", ""C) Uncertain""]","Given the facts below, answer the question.

Facts:
For all humans, if they study parasites and dedicate their life to research, then they can make medical breakthroughs. Baylee attends seminars. If Heisenberg either pursues higher education or conducts experiments (but not both), then he becomes an expert. Kash has an inquisitive nature or enjoys learning. Heisenberg does not enjoy learning. Heisenberg does not make medical breakthroughs. Heisenberg conducts experiments. Louise conducts experiments. Heisenberg attends seminars. If Heisenberg works hard, then he is either an expert or someone who attends seminars, but not both. Kash works hard. If Baylee works hard, then he is either an expert or someone who attends seminars, but not both. If Heisenberg is passionate about science, then he will dedicate his life to research. If Heisenberg has an inquisitive nature, then he is passionate about science and pursues higher education. If Louise is passionate about science, then he will dedicate his life to research. If Baylee either pursues higher education or conducts experiments (but not both), then he becomes an expert. Heisenberg works hard. Heisenberg has an inquisitive nature or enjoys learning.

Question:
Based on the above information, is the following statement true, false, or uncertain? Heisenberg does not study parasites.

Options:
[""A) True"", ""B) False"", ""C) Uncertain""]",A,0,"fact1: Heisenberg works hard.
fact2: Heisenberg attends seminars.
rule: If Heisenberg works hard, then he is either an expert or someone who attends seminars, but not both.
conclusion: Heisenberg does not become an expert.
fact1: Heisenberg does not enjoy learning.
rule: Heisenberg has an inquisitive nature or enjoys learning.
conclusion: Heisenberg has an inquisitive nature.
fact1: Heisenberg conducts experiments.
fact2: Heisenberg does not become an expert.
rule: If Heisenberg either pursues higher education or conducts experiments (but not both), then he becomes an expert.
conclusion: Heisenberg pursues higher education.
fact1: Heisenberg has an inquisitive nature.
fact2: Heisenberg pursues higher education.
rule: If Heisenberg has an inquisitive nature, then he is passionate about science and pursues higher education.
conclusion: Heisenberg is passionate about science.
fact1: Heisenberg is passionate about science.
rule: If Heisenberg is passionate about science, then he will dedicate his life to research.
conclusion: Heisenberg dedicates his life to research.
fact1: Heisenberg dedicates his life to research.
fact2: Heisenberg does not make medical breakthroughs.
rule: For all humans, if they study parasites and dedicate their life to research, then they can make medical breakthroughs.
conclusion: Heisenberg does not study parasites.

Therefore, it is true that Heisenberg does not study parasites. The correct option is: A."
"Given the facts below, answer the question.

Facts:
Lawrence is open-minded. Lawrence does not find clarity. If someone seeks guidance and is open-minded, then they can find clarity. Lawrence does not face uncertainty. If someone either lacks direction or faces uncertainty (but not both), then they seek guidance. Lawrence is a survivor. Lawrence has known stability. If Lawrence is a survivor, then he either leads a sheltered life or has known stability, but not both. Lawrence either leads a sheltered life or has experienced adversity, but not both. If Lawrence has experienced adversity, then he is resilient and has coping skills.

Question:
Based on the above information, is the following statement true, false, or uncertain? Either Lawrence is resilient or he is helpless in the face of adversity, but not both.

Options:
[""A) True"", ""B) False"", ""C) Uncertain""]","Given the facts below, answer the question.

Facts:
If Imran either lacks direction or suffers setbacks (but not both), then he feels defeated. Lawrence does not find clarity. Ariyah does not find clarity. Denver has known stability. If Lawrence is a survivor, then he either leads a sheltered life or has known stability, but not both. If Lawrence has experienced adversity, then he is resilient and has coping skills. If someone either lacks direction or faces uncertainty (but not both), then they seek guidance. Lawrence is open-minded. Lawrence is a survivor. Lawrence either leads a sheltered life or has experienced adversity, but not both. Lawrence has known stability. Lawrence does not face uncertainty. Ariyah is open-minded. If someone seeks guidance and is open-minded, then they can find clarity.

Question:
Based on the above information, is the following statement true, false, or uncertain? Either Lawrence is resilient or he is helpless in the face of adversity, but not both.

Options:
[""A) True"", ""B) False"", ""C) Uncertain""]",C,2,"fact1: Lawrence is open-minded.
fact2: Lawrence does not find clarity.
rule: If someone seeks guidance and is open-minded, then they can find clarity.
conclusion: Lawrence does not seek guidance.
fact1: Lawrence does not face uncertainty.
fact2: Lawrence does not seek guidance.
rule: If someone either lacks direction or faces uncertainty (but not both), then they seek guidance.
conclusion: Lawrence does not lack direction.
fact1: Lawrence is a survivor.
fact2: Lawrence has known stability.
rule: If Lawrence is a survivor, then he either leads a sheltered life or has known stability, but not both.
conclusion: Lawrence does not lead a sheltered life.
fact1: Lawrence does not lead a sheltered life.
rule: Lawrence either leads a sheltered life or has experienced adversity, but not both.
conclusion: Lawrence has experienced adversity.
fact1: Lawrence has experienced adversity.
rule: If Lawrence has experienced adversity, then he is resilient and has coping skills.
conclusion: Lawrence is resilient.

According to the context and the conclusions that have already been drawn, we can deduce that it is uncertain that Either Lawrence is resilient or he is helpless in the face of adversity, but not both. The correct option is: C."
"Given the facts below, answer the question.

Facts:
Meilani does not speak her mind. For Meilani, speaking her mind and practicing active listening are mutually exclusive. Meilani is skilled at resolving conflicts. If Meilani practices active listening, then she is either skilled at resolving conflicts or build strong relationships, but not both. Meilani values empathy. For anyone who values empathy and connects with others, they can build strong relationships. Meilani does not find solace in her feelings. Everyone who expresses their emotions either finds solace in their feelings or connects with others through their emotions. Meilani does not touch the hearts of others. If someone creates beauty, then they touch the hearts of others. Meilani is not authentic. Everyone who brings joy to others is either authentic or creates beauty (or both). Everyone who is creative either expresses their emotions or brings joy to others (or both). Meilani is not inspiring. If Meilani is either creative or contemplative (but not both), then she is inspiring.

Question:
Based on the above information, is the following statement true, false, or uncertain? Meilani is not contemplative.

Options:
[""A) True"", ""B) False"", ""C) Uncertain""]","Given the facts below, answer the question.

Facts:
For anyone who values empathy and connects with others, they can build strong relationships. If Meilani is either creative or contemplative (but not both), then she is inspiring. Josue is not inspiring. Meilani is not inspiring. Everyone who is creative either expresses their emotions or brings joy to others (or both). Everyone who brings joy to others is either authentic or creates beauty (or both). Meilani is skilled at resolving conflicts. Everyone who expresses their emotions either finds solace in their feelings or connects with others through their emotions. For Meilani, speaking her mind and practicing active listening are mutually exclusive. Meilani does not find solace in her feelings. Josue does not touch the hearts of others. Meilani values empathy. Meilani does not touch the hearts of others. Ledger is skilled at resolving conflicts. If Meilani practices active listening, then she is either skilled at resolving conflicts or build strong relationships, but not both. Meilani is not authentic. Meilani does not speak her mind. Josue is not authentic. Melany does not find solace in her feelings. If someone creates beauty, then they touch the hearts of others.

Question:
Based on the above information, is the following statement true, false, or uncertain? Meilani is not contemplative.

Options:
[""A) True"", ""B) False"", ""C) Uncertain""]",A,0,"fact1: Meilani does not speak her mind.
rule: For Meilani, speaking her mind and practicing active listening are mutually exclusive.
conclusion: Meilani practices active listening.
fact1: Meilani practices active listening.
fact2: Meilani is skilled at resolving conflicts.
rule: If Meilani practices active listening, then she is either skilled at resolving conflicts or build strong relationships, but not both.
conclusion: Meilani cannot build strong relationships.
fact1: Meilani values empathy.
fact2: Meilani cannot build strong relationships.
rule: For anyone who values empathy and connects with others, they can build strong relationships.
conclusion: Meilani does not connect with others through her emotions.
fact1: Meilani does not find solace in her feelings.
fact2: Meilani does not connect with others through her emotions.
rule: Everyone who expresses their emotions either finds solace in their feelings or connects with others through their emotions.
conclusion: Meilani does not express her emotions.
fact1: Meilani does not touch the hearts of others.
rule: If someone creates beauty, then they touch the hearts of others.
conclusion: Meilani does not create beauty.
fact1: Meilani is not authentic.
fact2: Meilani does not create beauty.
rule: Everyone who brings joy to others is either authentic or creates beauty (or both).
conclusion: Meilani does not bring joy to others.
fact1: Meilani does not express her emotions.
fact2: Meilani does not bring joy to others.
rule: Everyone who is creative either expresses their emotions or brings joy to others (or both).
conclusion: Meilani is not creative.
fact1: Meilani is not creative.
fact2: Meilani is not inspiring.
rule: If Meilani is either creative or contemplative (but not both), then she is inspiring.
conclusion: Meilani is not contemplative.

Therefore, it is true that Meilani is not contemplative. The correct option is: A."
"Given the facts below, answer the question.

Facts:
Mitchell does not pursue creative outlets. Mitchell either avoids stress or pursues creative outlets, but not both. Mitchell does not ignore criticism. Mitchell either ignores criticism or observes details, but not both. Mitchell does not develop a unique style. If someone observes details and creates inspirational art, then they develop a unique style. Mitchell seeks inner peace. Mitchell embraces silence. If Mitchell seeks inner peace or embraces silence, then he practices meditation. If someone practices meditation and avoids stress, then they have a clear mind. If Mitchell has a clear mind, then he does not find motivation, and if Mitchell finds motivation, then he does not have a clear mind. Mitchell does not value solitude. If Mitchell either appreciates beauty or values solitude (but not both), then he finds motivation. If Mitchell lives in nature or appreciates beauty, then he creates inspirational art.

Question:
Based on the above information, is the following statement true, false, or uncertain? Mitchell lives in nature.

Options:
[""A) True"", ""B) False"", ""C) Uncertain""]","Given the facts below, answer the question.

Facts:
Mitchell does not value solitude. Mitchell embraces silence. If Hana seeks inner peace or embraces silence, then he practices meditation. If Mitchell has a clear mind, then he does not find motivation, and if Mitchell finds motivation, then he does not have a clear mind. Dove does not value solitude. If someone practices meditation and avoids stress, then they have a clear mind. If Mitchell seeks inner peace or embraces silence, then he practices meditation. Hana does not pursue creative outlets. Mitchell seeks inner peace. If Chase has a clear mind, then he does not find motivation, and if Chase finds motivation, then he does not have a clear mind. Mitchell does not pursue creative outlets. If Mitchell lives in nature or appreciates beauty, then he creates inspirational art. If someone observes details and creates inspirational art, then they develop a unique style. Mitchell either avoids stress or pursues creative outlets, but not both. Mitchell does not ignore criticism. If Mitchell either appreciates beauty or values solitude (but not both), then he finds motivation. Mitchell does not develop a unique style. Mitchell either ignores criticism or observes details, but not both.

Question:
Based on the above information, is the following statement true, false, or uncertain? Mitchell lives in nature.

Options:
[""A) True"", ""B) False"", ""C) Uncertain""]",B,1,"fact1: Mitchell does not pursue creative outlets.
rule: Mitchell either avoids stress or pursues creative outlets, but not both.
conclusion: Mitchell avoids stress.
fact1: Mitchell does not ignore criticism.
rule: Mitchell either ignores criticism or observes details, but not both.
conclusion: Mitchell observes details.
fact1: Mitchell observes details.
fact2: Mitchell does not develop a unique style.
rule: If someone observes details and creates inspirational art, then they develop a unique style.
conclusion: Mitchell does not create inspirational art.
fact1: Mitchell seeks inner peace.
fact2: Mitchell embraces silence.
rule: If Mitchell seeks inner peace or embraces silence, then he practices meditation.
conclusion: Mitchell practices meditation.
fact1: Mitchell practices meditation.
fact2: Mitchell avoids stress.
rule: If someone practices meditation and avoids stress, then they have a clear mind.
conclusion: Mitchell has a clear mind.
fact1: Mitchell has a clear mind.
rule: If Mitchell has a clear mind, then he does not find motivation, and if Mitchell finds motivation, then he does not have a clear mind.
conclusion: Mitchell does not find motivation.
fact1: Mitchell does not value solitude.
fact2: Mitchell does not find motivation.
rule: If Mitchell either appreciates beauty or values solitude (but not both), then he finds motivation.
conclusion: Mitchell does not appreciate beauty.
fact1: Mitchell does not appreciate beauty.
fact2: Mitchell does not create inspirational art.
rule: If Mitchell lives in nature or appreciates beauty, then he creates inspirational art.
conclusion: Mitchell lives in nature.

Therefore, it is false that Mitchell lives in nature. The correct option is: B."
"Given the facts below, answer the question.

Facts:
Oakley develops theories. Oakley does not investigate principles. If Oakley develops theories, then he either analyzes causality or investigates principles. Oakley reads widely. Any philosopher who reads widely or engages in dialogue can evaluate ethics. Oakley either thinks critically or evaluates ethics, but not both. If Oakley either analyzes causality or examines nature (but not both), then he thinks critically. Oakley studies phenomena. Oakley grasps cosmology. If Oakley studies phenomena, then he is either one who grasps cosmology or one who understands reality, but not both. If a philosopher sees the interconnectedness of things and examines nature, then they can understand reality. Anyone who supports holism sees the interconnectedness of things. Oakley either rejects atomism or supports holism, but not both. For every philosopher, they either believe in atomism or reject atomism, but not both.

Question:
Based on the above information, is the following statement true, false, or uncertain? Oakley believes in atomism.

Options:
[""A) True"", ""B) False"", ""C) Uncertain""]","Given the facts below, answer the question.

Facts:
If Yehuda studies phenomena, then he is either one who grasps cosmology or one who understands reality, but not both. If a philosopher sees the interconnectedness of things and examines nature, then they can understand reality. Oakley does not investigate principles. Toots does not investigate principles. Toots develops theories. Oakley develops theories. If Oakley studies phenomena, then he is either one who grasps cosmology or one who understands reality, but not both. Oakley grasps cosmology. If Jones develops theories, then he either analyzes causality or investigates principles. Toots reads widely. Any philosopher who reads widely or engages in dialogue can evaluate ethics. Oakley studies phenomena. If Oakley either analyzes causality or examines nature (but not both), then he thinks critically. Oakley either rejects atomism or supports holism, but not both. If Oakley develops theories, then he either analyzes causality or investigates principles. Anyone who supports holism sees the interconnectedness of things. For every philosopher, they either believe in atomism or reject atomism, but not both. Oakley either thinks critically or evaluates ethics, but not both. Oakley reads widely. Jones either rejects atomism or supports holism, but not both.

Question:
Based on the above information, is the following statement true, false, or uncertain? Oakley believes in atomism.

Options:
[""A) True"", ""B) False"", ""C) Uncertain""]",B,1,"fact1: Oakley develops theories.
fact2: Oakley does not investigate principles.
rule: If Oakley develops theories, then he either analyzes causality or investigates principles.
conclusion: Oakley analyzes causality.
fact1: Oakley reads widely.
rule: Any philosopher who reads widely or engages in dialogue can evaluate ethics.
conclusion: Oakley evaluates ethics.
fact1: Oakley evaluates ethics.
rule: Oakley either thinks critically or evaluates ethics, but not both.
conclusion: Oakley does not think critically.
fact1: Oakley analyzes causality.
fact2: Oakley does not think critically.
rule: If Oakley either analyzes causality or examines nature (but not both), then he thinks critically.
conclusion: Oakley examines nature.
fact1: Oakley studies phenomena.
fact2: Oakley grasps cosmology.
rule: If Oakley studies phenomena, then he is either one who grasps cosmology or one who understands reality, but not both.
conclusion: Oakley does not understand reality.
fact1: Oakley examines nature.
fact2: Oakley does not understand reality.
rule: If a philosopher sees the interconnectedness of things and examines nature, then they can understand reality.
conclusion: Oakley does not see the interconnectedness of things.
fact1: Oakley does not see the interconnectedness of things.
rule: Anyone who supports holism sees the interconnectedness of things.
conclusion: Oakley does not support holism.
fact1: Oakley does not support holism.
rule: Oakley either rejects atomism or supports holism, but not both.
conclusion: Oakley rejects atomism.
fact1: Oakley rejects atomism.
rule: For every philosopher, they either believe in atomism or reject atomism, but not both.
conclusion: Oakley believes in atomism.

Therefore, it is false that Oakley believes in atomism. The correct option is: B."
"Given the facts below, answer the question.

Facts:
Beau does not advance scientific knowledge. Any mycologist who documents fungal behaviors or identifies new species can advance scientific knowledge. Beau can identify new species if he examines fungal habitats. Beau is not a formally trained mycologist. Beau is either a formally trained mycologist or an amateur enthusiast, but not both. Beau is either a renowned mycologist or an amateur enthusiast, but not both. Beau either studies medicinal fungi or examines fungal habitats. If Beau either specializes in poisonous fungi or studies medicinal fungi (but not both), then he is a renowned mycologist. Beau is either a mycologist who specializes in edible fungi or a mycologist who specializes in poisonous fungi, but not both.

Question:
Based on the above information, is the following statement true, false, or uncertain? Beau is not a mycologist who specializes in edible fungi.

Options:
[""A) True"", ""B) False"", ""C) Uncertain""]","Given the facts below, answer the question.

Facts:
Harry is not a formally trained mycologist. Everett does not advance scientific knowledge. Beau is either a formally trained mycologist or an amateur enthusiast, but not both. Beau is either a mycologist who specializes in edible fungi or a mycologist who specializes in poisonous fungi, but not both. If Beau either specializes in poisonous fungi or studies medicinal fungi (but not both), then he is a renowned mycologist. If Beau has extensive experience, then he is either an amateur enthusiast or publishes research (or both). Beau can identify new species if he examines fungal habitats. If Everett either specializes in poisonous fungi or studies medicinal fungi (but not both), then he is a renowned mycologist. Beau is either a renowned mycologist or an amateur enthusiast, but not both. Any mycologist who documents fungal behaviors or identifies new species can advance scientific knowledge. Everett either studies medicinal fungi or examines fungal habitats. Everett is either a renowned mycologist or an amateur enthusiast, but not both. Beau either studies medicinal fungi or examines fungal habitats. Jackson is either a mycologist who specializes in edible fungi or a mycologist who specializes in poisonous fungi, but not both. Beau is not a formally trained mycologist. All mycologists who investigate fungi characteristics either study medicinal fungi or discover new families (or both). Jackson is either a formally trained mycologist or an amateur enthusiast, but not both. Everett can identify new species if he examines fungal habitats. Beau does not advance scientific knowledge.

Question:
Based on the above information, is the following statement true, false, or uncertain? Beau is not a mycologist who specializes in edible fungi.

Options:
[""A) True"", ""B) False"", ""C) Uncertain""]",A,0,"fact1: Beau does not advance scientific knowledge.
rule: Any mycologist who documents fungal behaviors or identifies new species can advance scientific knowledge.
conclusion: Beau does not identify new species.
fact1: Beau does not identify new species.
rule: Beau can identify new species if he examines fungal habitats.
conclusion: Beau does not examine fungal habitats.
fact1: Beau is not a formally trained mycologist.
rule: Beau is either a formally trained mycologist or an amateur enthusiast, but not both.
conclusion: Beau is an amateur enthusiast.
fact1: Beau is an amateur enthusiast.
rule: Beau is either a renowned mycologist or an amateur enthusiast, but not both.
conclusion: Beau is not a renowned mycologist.
fact1: Beau does not examine fungal habitats.
rule: Beau either studies medicinal fungi or examines fungal habitats.
conclusion: Beau studies medicinal fungi.
fact1: Beau studies medicinal fungi.
fact2: Beau is not a renowned mycologist.
rule: If Beau either specializes in poisonous fungi or studies medicinal fungi (but not both), then he is a renowned mycologist.
conclusion: Beau is a mycologist who specializes in poisonous fungi.
fact1: Beau is a mycologist who specializes in poisonous fungi.
rule: Beau is either a mycologist who specializes in edible fungi or a mycologist who specializes in poisonous fungi, but not both.
conclusion: Beau is not a mycologist who specializes in edible fungi.

Therefore, it is true that Beau is not a mycologist who specializes in edible fungi. The correct option is: A."
"Given the facts below, answer the question.

Facts:
Marley does not operate independently. Marley operates independently or handles extreme conditions. If Marley can handle extreme conditions, then she responds to emergencies and has low battery life. Marley is an autonomous robot. If Marley is an autonomous robot, then she either runs efficiently or has low battery life. Marley either runs efficiently or requires frequent recharge. Marley either can perform long operations or requires frequent recharge, but not both. For all robots, if they have an advanced power system, then they can perform long operations.

Question:
Based on the above information, is the following statement true, false, or uncertain? Marley does not have an advanced power system.

Options:
[""A) True"", ""B) False"", ""C) Uncertain""]","Given the facts below, answer the question.

Facts:
If Marley is an autonomous robot, then she either runs efficiently or has low battery life. For all robots, if they have an advanced power system, then they can perform long operations. If Marley can handle extreme conditions, then she responds to emergencies and has low battery life. Marina either can perform long operations or requires frequent recharge, but not both. Marley does not operate independently. Marley operates independently or handles extreme conditions. If Marina is an autonomous robot, then she either runs efficiently or has low battery life. Cyrus operates independently or handles extreme conditions. Marley either can perform long operations or requires frequent recharge, but not both. Jasmine does not detect signals. Marley either runs efficiently or requires frequent recharge. Marley is an autonomous robot. If Cyrus can handle extreme conditions, then she responds to emergencies and has low battery life.

Question:
Based on the above information, is the following statement true, false, or uncertain? Marley does not have an advanced power system.

Options:
[""A) True"", ""B) False"", ""C) Uncertain""]",A,0,"fact1: Marley does not operate independently.
rule: Marley operates independently or handles extreme conditions.
conclusion: Marley can handle extreme conditions.
fact1: Marley can handle extreme conditions.
rule: If Marley can handle extreme conditions, then she responds to emergencies and has low battery life.
conclusion: Marley has low battery life.
fact1: Marley is an autonomous robot.
fact2: Marley has low battery life.
rule: If Marley is an autonomous robot, then she either runs efficiently or has low battery life.
conclusion: Marley does not run efficiently.
fact1: Marley does not run efficiently.
rule: Marley either runs efficiently or requires frequent recharge.
conclusion: Marley requires frequent recharge.
fact1: Marley requires frequent recharge.
rule: Marley either can perform long operations or requires frequent recharge, but not both.
conclusion: Marley cannot perform long operations.
fact1: Marley cannot perform long operations.
rule: For all robots, if they have an advanced power system, then they can perform long operations.
conclusion: Marley does not have an advanced power system.

Therefore, it is true that Marley does not have an advanced power system. The correct option is: A."
"Given the facts below, answer the question.

Facts:
Fernanda does not work independently. Everyone collaborates with others or works independently. Fernanda has a global vision. Anyone who has a global vision and collaborates with others can participate in global projects. Fernanda does not have a community impact. For every person, if they either work locally or participate in global projects, then they have a community impact. Fernanda either works locally or receives international recognition, but not both. Fernanda publishes research. If someone becomes a leading expert and publishes research, then they receive international recognition.

Question:
Based on the above information, is the following statement true, false, or uncertain? Fernanda does not contribute to conservation.

Options:
[""A) True"", ""B) False"", ""C) Uncertain""]","Given the facts below, answer the question.

Facts:
Fernanda does not have a community impact. Leland does not study marine life. Dion either works locally or receives international recognition, but not both. Fernanda does not work independently. Zaria has a global vision. Everyone collaborates with others or works independently. Fernanda has a global vision. Fernanda publishes research. For every person, if they either work locally or participate in global projects, then they have a community impact. If someone becomes a leading expert and publishes research, then they receive international recognition. Fernanda either works locally or receives international recognition, but not both. Anyone who has a global vision and collaborates with others can participate in global projects. Leland does not have a community impact. Dion does not work independently.

Question:
Based on the above information, is the following statement true, false, or uncertain? Fernanda does not contribute to conservation.

Options:
[""A) True"", ""B) False"", ""C) Uncertain""]",C,2,"fact1: Fernanda does not work independently.
rule: Everyone collaborates with others or works independently.
conclusion: Fernanda collaborates with others.
fact1: Fernanda has a global vision.
fact2: Fernanda collaborates with others.
rule: Anyone who has a global vision and collaborates with others can participate in global projects.
conclusion: Fernanda participates in global projects.
fact1: Fernanda participates in global projects.
fact2: Fernanda does not have a community impact.
rule: For every person, if they either work locally or participate in global projects, then they have a community impact.
conclusion: Fernanda works locally.
fact1: Fernanda works locally.
rule: Fernanda either works locally or receives international recognition, but not both.
conclusion: Fernanda does not receive international recognition.
fact1: Fernanda publishes research.
fact2: Fernanda does not receive international recognition.
rule: If someone becomes a leading expert and publishes research, then they receive international recognition.
conclusion: Fernanda does not become a leading expert.

According to the context and the conclusions that have already been drawn, we can deduce that it is uncertain that Fernanda does not contribute to conservation. The correct option is: C."
"Given the facts below, answer the question.

Facts:
Leila does not develop new theories. Dr. Leila Hassan develops new theories or makes medical breakthroughs. Leila has academic talent. If Dr. Leila Hassan has academic talent, then she values lifelong learning and pursues a Ph.D. Leila models brain functions. Dr. Leila Hassan does not research neuro disorders. If Dr. Leila Hassan either models brain functions or researches neuro disorders (but not both), then she investigates neural networks. Leila does not advance medical knowledge. If Dr. Leila Hassan examines human behavior or analyzes brain data, then she can advance medical knowledge. If Dr. Leila Hassan examines human behavior or investigates neural networks, then she explores brain behavior. Anyone who pursues a Ph.D. and explores brain behavior can study neuroscience. Dr. Leila Hassan does not become a leading expert. If Dr. Leila Hassan studies neuroscience and conducts groundbreaking research, then she will become a leading expert.

Question:
Based on the above information, is the following statement true, false, or uncertain? Leila conducts groundbreaking research.

Options:
[""A) True"", ""B) False"", ""C) Uncertain""]","Given the facts below, answer the question.

Facts:
If Dr. Anahi Hassan examines human behavior or investigates neural networks, then she explores brain behavior. Quinn does not advance medical knowledge. Dr. Emmy Hassan does not research neuro disorders. Quinn has academic talent. If Dr. Leila Hassan either models brain functions or researches neuro disorders (but not both), then she investigates neural networks. Leila does not advance medical knowledge. If Dr. Emmy Hassan analyzes brain data or understands neural patterns, then she can make medical breakthroughs. Dr. Leila Hassan does not research neuro disorders. Leila has academic talent. Anyone who pursues a Ph.D. and explores brain behavior can study neuroscience. Dr. Leila Hassan does not become a leading expert. If Dr. Leila Hassan examines human behavior or analyzes brain data, then she can advance medical knowledge. Dr. Leila Hassan develops new theories or makes medical breakthroughs. If Dr. Quinn Hassan examines human behavior or analyzes brain data, then she can advance medical knowledge. If Dr. Leila Hassan examines human behavior or investigates neural networks, then she explores brain behavior. If Dr. Leila Hassan studies neuroscience and conducts groundbreaking research, then she will become a leading expert. Leila models brain functions. If Dr. Leila Hassan has academic talent, then she values lifelong learning and pursues a Ph.D. Leila does not develop new theories.

Question:
Based on the above information, is the following statement true, false, or uncertain? Leila conducts groundbreaking research.

Options:
[""A) True"", ""B) False"", ""C) Uncertain""]",B,1,"fact1: Leila does not develop new theories.
rule: Dr. Leila Hassan develops new theories or makes medical breakthroughs.
conclusion: Leila can make medical breakthroughs.
fact1: Leila has academic talent.
rule: If Dr. Leila Hassan has academic talent, then she values lifelong learning and pursues a Ph.D.
conclusion: Leila pursues a Ph.D.
fact1: Leila models brain functions.
fact2: Dr. Leila Hassan does not research neuro disorders.
rule: If Dr. Leila Hassan either models brain functions or researches neuro disorders (but not both), then she investigates neural networks.
conclusion: Leila investigates neural networks.
fact1: Leila does not advance medical knowledge.
rule: If Dr. Leila Hassan examines human behavior or analyzes brain data, then she can advance medical knowledge.
conclusion: Dr. Leila Hassan does not examine human behavior.
fact1: Dr. Leila Hassan does not examine human behavior.
fact2: Leila investigates neural networks.
rule: If Dr. Leila Hassan examines human behavior or investigates neural networks, then she explores brain behavior.
conclusion: Leila explores brain behavior.
fact1: Leila pursues a Ph.D.
fact2: Leila explores brain behavior.
rule: Anyone who pursues a Ph.D. and explores brain behavior can study neuroscience.
conclusion: Dr. Leila Hassan studies neuroscience.
fact1: Dr. Leila Hassan studies neuroscience.
fact2: Dr. Leila Hassan does not become a leading expert.
rule: If Dr. Leila Hassan studies neuroscience and conducts groundbreaking research, then she will become a leading expert.
conclusion: Leila conducts groundbreaking research.

Therefore, it is false that Leila conducts groundbreaking research. The correct option is: B."
"Given the facts below, answer the question.

Facts:
Baker Cochran is a leader. Baker acts with compassion. If Baker Cochran is a leader, then he either follows a moral code or acts with compassion, but not both. Baker Cochran practices law. Baker Cochran does not serve the community. If someone either practices law or holds public office (but not both), then they serve the community. If Baker Cochran holds public office, then he either follows a moral code or acts honestly, but not both. Everyone who acts honestly has integrity. Baker Cochran does not become influential. If someone earns respect and has integrity, then they can become influential. Anyone who upholds the law or fights for justice will earn respect. Either Baker Cochran fights for justice or he fights for personal gain, but not both.

Question:
Based on the above information, is the following statement true, false, or uncertain? Baker fights for personal gain.

Options:
[""A) True"", ""B) False"", ""C) Uncertain""]","Given the facts below, answer the question.

Facts:
Baker acts with compassion. Loveylove acts with compassion. Either Jett Cochran fights for justice or he fights for personal gain, but not both. If Loveylove Cochran is a leader, then he either follows a moral code or acts with compassion, but not both. Baker Cochran is a leader. Everyone who acts honestly has integrity. Baker Cochran does not become influential. If Baker Cochran holds public office, then he either follows a moral code or acts honestly, but not both. Baker Cochran practices law. If someone either practices law or holds public office (but not both), then they serve the community. If Baker Cochran is a leader, then he either follows a moral code or acts with compassion, but not both. Anyone who upholds the law or fights for justice will earn respect. If someone earns respect and has integrity, then they can become influential. Baker Cochran does not serve the community. Either Baker Cochran fights for justice or he fights for personal gain, but not both.

Question:
Based on the above information, is the following statement true, false, or uncertain? Baker fights for personal gain.

Options:
[""A) True"", ""B) False"", ""C) Uncertain""]",A,0,"fact1: Baker Cochran is a leader.
fact2: Baker acts with compassion.
rule: If Baker Cochran is a leader, then he either follows a moral code or acts with compassion, but not both.
conclusion: Baker Cochran does not follow a moral code.
fact1: Baker Cochran practices law.
fact2: Baker Cochran does not serve the community.
rule: If someone either practices law or holds public office (but not both), then they serve the community.
conclusion: Baker holds public office.
fact1: Baker holds public office.
fact2: Baker Cochran does not follow a moral code.
rule: If Baker Cochran holds public office, then he either follows a moral code or acts honestly, but not both.
conclusion: Baker acts honestly.
fact1: Baker acts honestly.
rule: Everyone who acts honestly has integrity.
conclusion: Baker has integrity.
fact1: Baker has integrity.
fact2: Baker Cochran does not become influential.
rule: If someone earns respect and has integrity, then they can become influential.
conclusion: Baker does not earn respect.
fact1: Baker does not earn respect.
rule: Anyone who upholds the law or fights for justice will earn respect.
conclusion: Baker does not fight for justice.
fact1: Baker does not fight for justice.
rule: Either Baker Cochran fights for justice or he fights for personal gain, but not both.
conclusion: Baker fights for personal gain.

Therefore, it is true that Baker fights for personal gain. The correct option is: A."
"Given the facts below, answer the question.

Facts:
Zariyah does not have business skills. Zariyah is not a skilled craftswoman. If Zariyah works in dairy, then she either has business skills or is a skilled craftswoman, but not both. Zariyah creates unique recipes. If Zariyah creates unique recipes, then she will write cookbooks. Zariyah enjoys exotic cuisine. Zariyah does not explore global flavors. For all humans, if they either enjoy exotic cuisine or are a foodie, then they explore global flavors. If Zariyah is a foodie, then she either writes cookbooks or hosts food events, but not both. Zariyah either hosts food events or visits cheese shops, but not both. Zariyah attends culinary school. Anyone who attends culinary school or works in dairy can know cheese-making. Anyone who frequently visits cheese shops loves cheese. If Zariyah loves cheese or knows cheese-making, then she shares cheese knowledge.

Question:
Based on the above information, is the following statement true, false, or uncertain? Zariyah does not share cheese knowledge.

Options:
[""A) True"", ""B) False"", ""C) Uncertain""]","Given the facts below, answer the question.

Facts:
Bethany creates unique recipes. If Lubber loves cheese or knows cheese-making, then she shares cheese knowledge. Bethany does not explore global flavors. Anyone who frequently visits cheese shops loves cheese. Aubrie is not a skilled craftswoman. Aubrie enjoys exotic cuisine. Zariyah is not a skilled craftswoman. If Aubrie creates unique recipes, then she will write cookbooks. Bethany attends culinary school. Zariyah does not have business skills. If Lubber works in dairy, then she either has business skills or is a skilled craftswoman, but not both. Zariyah enjoys exotic cuisine. If Zariyah works in dairy, then she either has business skills or is a skilled craftswoman, but not both. Zariyah does not explore global flavors. If Zariyah loves cheese or knows cheese-making, then she shares cheese knowledge. Anyone who attends culinary school or works in dairy can know cheese-making. Zariyah either hosts food events or visits cheese shops, but not both. Lubber either hosts food events or visits cheese shops, but not both. If Zariyah is a foodie, then she either writes cookbooks or hosts food events, but not both. For all humans, if they either enjoy exotic cuisine or are a foodie, then they explore global flavors. If Aubrie is a foodie, then she either writes cookbooks or hosts food events, but not both. Aubrie does not have business skills. Zariyah creates unique recipes. Zariyah attends culinary school. If Zariyah creates unique recipes, then she will write cookbooks.

Question:
Based on the above information, is the following statement true, false, or uncertain? Zariyah does not share cheese knowledge.

Options:
[""A) True"", ""B) False"", ""C) Uncertain""]",B,1,"fact1: Zariyah does not have business skills.
fact2: Zariyah is not a skilled craftswoman.
rule: If Zariyah works in dairy, then she either has business skills or is a skilled craftswoman, but not both.
conclusion: Zariyah does not work in dairy.
fact1: Zariyah creates unique recipes.
rule: If Zariyah creates unique recipes, then she will write cookbooks.
conclusion: Zariyah writes cookbooks.
fact1: Zariyah enjoys exotic cuisine.
fact2: Zariyah does not explore global flavors.
rule: For all humans, if they either enjoy exotic cuisine or are a foodie, then they explore global flavors.
conclusion: Zariyah is a foodie.
fact1: Zariyah is a foodie.
fact2: Zariyah writes cookbooks.
rule: If Zariyah is a foodie, then she either writes cookbooks or hosts food events, but not both.
conclusion: Zariyah does not host food events.
fact1: Zariyah does not host food events.
rule: Zariyah either hosts food events or visits cheese shops, but not both.
conclusion: Zariyah frequently visits cheese shops.
fact1: Zariyah attends culinary school.
fact2: Zariyah does not work in dairy.
rule: Anyone who attends culinary school or works in dairy can know cheese-making.
conclusion: Zariyah knows cheese-making.
fact1: Zariyah frequently visits cheese shops.
rule: Anyone who frequently visits cheese shops loves cheese.
conclusion: Zariyah loves cheese.
fact1: Zariyah loves cheese.
fact2: Zariyah knows cheese-making.
rule: If Zariyah loves cheese or knows cheese-making, then she shares cheese knowledge.
conclusion: Zariyah does not share cheese knowledge.

Therefore, it is false that Zariyah does not share cheese knowledge. The correct option is: B."
"Given the facts below, answer the question.

Facts:
Oakleigh does not wash her hands regularly. Anyone who works in healthcare or is health-conscious washes their hands regularly. Oakleigh respects expert advice. Anyone who is health-conscious or respects expert advice follows proper hygiene. Dr. Oakleigh Taylor either follows proper hygiene or ignores health guidelines, but not both. Oakleigh does not value public health. If Dr. Oakleigh Taylor either takes food safety seriously or ignores health guidelines, then she values public health. Dr. Oakleigh Taylor either takes food safety seriously or is careless about food safety, but not both.

Question:
Based on the above information, is the following statement true, false, or uncertain? Dr. Oakleigh Taylor is not careless about food safety.

Options:
[""A) True"", ""B) False"", ""C) Uncertain""]","Given the facts below, answer the question.

Facts:
Watson does not value public health. Anyone who is health-conscious or respects expert advice follows proper hygiene. Dr. Skyler Taylor contributes to research. Dr. Watson Taylor either takes food safety seriously or is careless about food safety, but not both. Grrl does not wash her hands regularly. If Dr. Oakleigh Taylor either takes food safety seriously or ignores health guidelines, then she values public health. If Dr. Skyler Taylor either takes food safety seriously or ignores health guidelines, then she values public health. Anyone who works in healthcare or is health-conscious washes their hands regularly. Dr. Oakleigh Taylor either follows proper hygiene or ignores health guidelines, but not both. Dr. Oakleigh Taylor either takes food safety seriously or is careless about food safety, but not both. Oakleigh does not value public health. Oakleigh does not wash her hands regularly. Oakleigh respects expert advice. Grrl respects expert advice. Dr. Grrl Taylor does not care about others. Dr. Grrl Taylor either follows proper hygiene or ignores health guidelines, but not both.

Question:
Based on the above information, is the following statement true, false, or uncertain? Dr. Oakleigh Taylor is not careless about food safety.

Options:
[""A) True"", ""B) False"", ""C) Uncertain""]",B,1,"fact1: Oakleigh does not wash her hands regularly.
rule: Anyone who works in healthcare or is health-conscious washes their hands regularly.
conclusion: Dr. Oakleigh Taylor is not health-conscious.
fact1: Dr. Oakleigh Taylor is not health-conscious.
fact2: Oakleigh respects expert advice.
rule: Anyone who is health-conscious or respects expert advice follows proper hygiene.
conclusion: Dr. Oakleigh Taylor follows proper hygiene.
fact1: Dr. Oakleigh Taylor follows proper hygiene.
rule: Dr. Oakleigh Taylor either follows proper hygiene or ignores health guidelines, but not both.
conclusion: Oakleigh does not ignore health guidelines.
fact1: Oakleigh does not ignore health guidelines.
fact2: Oakleigh does not value public health.
rule: If Dr. Oakleigh Taylor either takes food safety seriously or ignores health guidelines, then she values public health.
conclusion: Dr. Oakleigh Taylor does not take food safety seriously.
fact1: Dr. Oakleigh Taylor does not take food safety seriously.
rule: Dr. Oakleigh Taylor either takes food safety seriously or is careless about food safety, but not both.
conclusion: Dr. Oakleigh Taylor is not careless about food safety.

Therefore, it is false that Dr. Oakleigh Taylor is not careless about food safety. The correct option is: B."
"Given the facts below, answer the question.

Facts:
Eric is curious. Eric does not learn quickly. For anyone who is curious and values teamwork, they can learn quickly. Eric has an open mind. Anyone who values teamwork or has an open mind can collaborate with others. Eric faces obstacles. If Eric faces obstacles, then he has perseverance. Eric either has perseverance or works hard, but not necessarily both. For Eric, thinking critically and collaborating with others are mutually exclusive, but one of these traits is necessary for progress. Eric works hard or is diligent. Eric does not produce breakthroughs. If Eric is either innovative or thinks critically (but not both), then he produces breakthroughs. If Eric is either diligent or innovative (but not both), then he is successful.

Question:
Based on the above information, is the following statement true, false, or uncertain? Eric is successful.

Options:
[""A) True"", ""B) False"", ""C) Uncertain""]","Given the facts below, answer the question.

Facts:
Eric either has perseverance or works hard, but not necessarily both. Anyone who values teamwork or has an open mind can collaborate with others. If Eric faces obstacles, then he has perseverance. Eric is curious. If Eric is either diligent or innovative (but not both), then he is successful. Eric works hard or is diligent. If Reagan is either innovative or thinks critically (but not both), then he produces breakthroughs. If Eric is either innovative or thinks critically (but not both), then he produces breakthroughs. Rayan has an open mind. Eric has an open mind. Eric faces obstacles. For anyone who is curious and values teamwork, they can learn quickly. Eric does not produce breakthroughs. For Eric, thinking critically and collaborating with others are mutually exclusive, but one of these traits is necessary for progress. Eric does not learn quickly.

Question:
Based on the above information, is the following statement true, false, or uncertain? Eric is successful.

Options:
[""A) True"", ""B) False"", ""C) Uncertain""]",A,0,"fact1: Eric is curious.
fact2: Eric does not learn quickly.
rule: For anyone who is curious and values teamwork, they can learn quickly.
conclusion: Eric does not value teamwork.
fact1: Eric does not value teamwork.
fact2: Eric has an open mind.
rule: Anyone who values teamwork or has an open mind can collaborate with others.
conclusion: Eric collaborates with others.
fact1: Eric faces obstacles.
rule: If Eric faces obstacles, then he has perseverance.
conclusion: Eric has perseverance.
fact1: Eric has perseverance.
rule: Eric either has perseverance or works hard, but not necessarily both.
conclusion: Eric does not work hard.
fact1: Eric collaborates with others.
rule: For Eric, thinking critically and collaborating with others are mutually exclusive, but one of these traits is necessary for progress.
conclusion: Eric does not think critically.
fact1: Eric does not work hard.
rule: Eric works hard or is diligent.
conclusion: Eric is diligent.
fact1: Eric does not think critically.
fact2: Eric does not produce breakthroughs.
rule: If Eric is either innovative or thinks critically (but not both), then he produces breakthroughs.
conclusion: Eric is not innovative.
fact1: Eric is diligent.
fact2: Eric is not innovative.
rule: If Eric is either diligent or innovative (but not both), then he is successful.
conclusion: Eric is successful.

Therefore, it is true that Eric is successful. The correct option is: A."
"Given the facts below, answer the question.

Facts:
Estrella does not engage volunteers. Estrella builds partnerships. If Estrella either engages volunteers or builds partnerships (but not both), then she works with communities. Estrella fosters collaboration. Estrella either develops solutions or fosters collaboration, but not both. Anyone who works with communities either raises awareness or develops solutions (or both). Anyone who raises awareness will advocate for change. Estrella educates others. If Estrella educates others, then she either advocates for change or supports sustainability, but not both. Estrella cannot preserve nature. Anyone who conducts research or is a conservationist can preserve nature. Estrella does not protect ecosystems. Anyone who is an environmentalist or supports sustainability protects ecosystems.

Question:
Based on the above information, is the following statement true, false, or uncertain? Estrella is an environmentalist, or a marine biologist, or a conservationist.

Options:
[""A) True"", ""B) False"", ""C) Uncertain""]","Given the facts below, answer the question.

Facts:
Estrella fosters collaboration. Anyone who is an environmentalist or supports sustainability protects ecosystems. Dash either develops solutions or fosters collaboration, but not both. If Chris educates others, then she either advocates for change or supports sustainability, but not both. Anyone who raises awareness will advocate for change. Estrella cannot preserve nature. Anyone who works with communities either raises awareness or develops solutions (or both). If Estrella educates others, then she either advocates for change or supports sustainability, but not both. If Estrella either engages volunteers or builds partnerships (but not both), then she works with communities. Estrella educates others. Estrella does not engage volunteers. Ximena does not engage volunteers. Estrella does not protect ecosystems. Estrella builds partnerships. Anyone who conducts research or is a conservationist can preserve nature. Estrella either develops solutions or fosters collaboration, but not both.

Question:
Based on the above information, is the following statement true, false, or uncertain? Estrella is an environmentalist, or a marine biologist, or a conservationist.

Options:
[""A) True"", ""B) False"", ""C) Uncertain""]",C,2,"fact1: Estrella does not engage volunteers.
fact2: Estrella builds partnerships.
rule: If Estrella either engages volunteers or builds partnerships (but not both), then she works with communities.
conclusion: Estrella works with communities.
fact1: Estrella fosters collaboration.
rule: Estrella either develops solutions or fosters collaboration, but not both.
conclusion: Estrella does not develop solutions.
fact1: Estrella works with communities.
fact2: Estrella does not develop solutions.
rule: Anyone who works with communities either raises awareness or develops solutions (or both).
conclusion: Estrella raises awareness.
fact1: Estrella raises awareness.
rule: Anyone who raises awareness will advocate for change.
conclusion: Estrella advocates for change.
fact1: Estrella educates others.
fact2: Estrella advocates for change.
rule: If Estrella educates others, then she either advocates for change or supports sustainability, but not both.
conclusion: Estrella does not support sustainability.
fact1: Estrella cannot preserve nature.
rule: Anyone who conducts research or is a conservationist can preserve nature.
conclusion: Estrella is not a conservationist.
fact1: Estrella does not support sustainability.
fact2: Estrella does not protect ecosystems.
rule: Anyone who is an environmentalist or supports sustainability protects ecosystems.
conclusion: Estrella is not an environmentalist.

According to the context and the conclusions that have already been drawn, we can deduce that it is uncertain that Estrella is an environmentalist, or a marine biologist, or a conservationist. The correct option is: C."
"Given the facts below, answer the question.

Facts:
Ryker does not have formal education. Ryker either learns from others through hands-on experience or has formal education, but not both. Ryker either learns from others or shares his knowledge, but not both. Ryker is not happy. If Ryker lives sustainably, then he is happy. Ryker does not conserve resources. If Ryker either respects nature or conserves resources (but not both), then he lives sustainably. If Ryker either catches plenty of fish or shares his knowledge (but not both), then he respects nature. Ryker has good equipment. If someone knows ocean patterns and has good equipment, then they can catch plenty of fish.

Question:
Based on the above information, is the following statement true, false, or uncertain? Ryker has a successful catch.

Options:
[""A) True"", ""B) False"", ""C) Uncertain""]","Given the facts below, answer the question.

Facts:
If someone knows ocean patterns and has good equipment, then they can catch plenty of fish. Ryker either learns from others through hands-on experience or has formal education, but not both. If Gatlin either catches plenty of fish or shares his knowledge (but not both), then he respects nature. Gatlin does not have formal education. Chase is not happy. Ryker does not have formal education. Ryker does not conserve resources. Chase either learns from others through hands-on experience or has formal education, but not both. Ryker either learns from others or shares his knowledge, but not both. Yusuf does not conserve resources. Ryker has good equipment. If Ryker lives sustainably, then he is happy. Gatlin is not an experienced fisherman. Ryker is not happy. If Gatlin is an experienced fisherman or knows ocean patterns, then he has a successful catch. If Ryker either catches plenty of fish or shares his knowledge (but not both), then he respects nature. Chase either learns from others or shares his knowledge, but not both. If Yusuf lives sustainably, then he is happy. If Gatlin either respects nature or conserves resources (but not both), then he lives sustainably. If Ryker either respects nature or conserves resources (but not both), then he lives sustainably. Yusuf has good equipment.

Question:
Based on the above information, is the following statement true, false, or uncertain? Ryker has a successful catch.

Options:
[""A) True"", ""B) False"", ""C) Uncertain""]",C,2,"fact1: Ryker does not have formal education.
rule: Ryker either learns from others through hands-on experience or has formal education, but not both.
conclusion: Ryker learns from others.
fact1: Ryker learns from others.
rule: Ryker either learns from others or shares his knowledge, but not both.
conclusion: Ryker does not share his knowledge.
fact1: Ryker is not happy.
rule: If Ryker lives sustainably, then he is happy.
conclusion: Ryker does not live sustainably.
fact1: Ryker does not conserve resources.
fact2: Ryker does not live sustainably.
rule: If Ryker either respects nature or conserves resources (but not both), then he lives sustainably.
conclusion: Ryker does not respect nature.
fact1: Ryker does not share his knowledge.
fact2: Ryker does not respect nature.
rule: If Ryker either catches plenty of fish or shares his knowledge (but not both), then he respects nature.
conclusion: Ryker does not catch plenty of fish.
fact1: Ryker has good equipment.
fact2: Ryker does not catch plenty of fish.
rule: If someone knows ocean patterns and has good equipment, then they can catch plenty of fish.
conclusion: Ryker does not know ocean patterns.

According to the context and the conclusions that have already been drawn, we can deduce that it is uncertain that Ryker has a successful catch. The correct option is: C."
"Given the facts below, answer the question.

Facts:
Brooke holds public office. Brooke fights for social justice. If Brooke holds public office, then she can either serve the community or fight for social justice, but not both. Brooke is not respected by others. If someone acts with integrity, then they are respected by others. Brooke does not help others. Anyone who follows principles either acts with integrity or helps others (or both). Brooke follows principles or sets good morals. Brooke has strong beliefs. Anyone who has strong beliefs or sets good morals can lead by example.

Question:
Based on the above information, is the following statement true, false, or uncertain? Brooke is not devout.

Options:
[""A) True"", ""B) False"", ""C) Uncertain""]","Given the facts below, answer the question.

Facts:
Anyone who follows principles either acts with integrity or helps others (or both). Brooke fights for social justice. Zachariah follows principles or sets good morals. If Brooke holds public office, then she can either serve the community or fight for social justice, but not both. Brooke holds public office. Brooke does not help others. Brooke follows principles or sets good morals. Anyone who has strong beliefs or sets good morals can lead by example. Brooke is not respected by others. If Superstar holds public office, then she can either serve the community or fight for social justice, but not both. If someone acts with integrity, then they are respected by others. Brooke has strong beliefs.

Question:
Based on the above information, is the following statement true, false, or uncertain? Brooke is not devout.

Options:
[""A) True"", ""B) False"", ""C) Uncertain""]",C,2,"fact1: Brooke holds public office.
fact2: Brooke fights for social justice.
rule: If Brooke holds public office, then she can either serve the community or fight for social justice, but not both.
conclusion: Brooke does not serve the community.
fact1: Brooke is not respected by others.
rule: If someone acts with integrity, then they are respected by others.
conclusion: Brooke does not act with integrity.
fact1: Brooke does not act with integrity.
fact2: Brooke does not help others.
rule: Anyone who follows principles either acts with integrity or helps others (or both).
conclusion: Brooke does not follow principles.
fact1: Brooke does not follow principles.
rule: Brooke follows principles or sets good morals.
conclusion: Brooke sets good morals.
fact1: Brooke has strong beliefs.
fact2: Brooke sets good morals.
rule: Anyone who has strong beliefs or sets good morals can lead by example.
conclusion: Brooke leads by example.

According to the context and the conclusions that have already been drawn, we can deduce that it is uncertain that Brooke is not devout. The correct option is: C."
"Given the facts below, answer the question.

Facts:
Joaquin remains anonymous. Joaquin either gains recognition or remains anonymous, but not both. Joaquin does not get noticed. If Joaquin displays his talent or builds a strong portfolio, then he will get noticed. If Joaquin either shares his work or displays his talent (but not both), then he gains recognition. Joaquin feels inspired. Joaquin experiments with new styles. If Joaquin feels inspired, then he either creates freely or experiments with new styles, but not both. If Joaquin is happy, then he either creates freely or shares his work (or both). If Joaquin spreads joy, then he is happy.

Question:
Based on the above information, is the following statement true, false, or uncertain? If Joaquin loves art or spreads joy (or both), then he inspires others.

Options:
[""A) True"", ""B) False"", ""C) Uncertain""]","Given the facts below, answer the question.

Facts:
If Brielle displays his talent or builds a strong portfolio, then he will get noticed. Joaquin does not get noticed. Brielle experiments with new styles. Brielle feels inspired. Joaquin experiments with new styles. If Joaquin displays his talent or builds a strong portfolio, then he will get noticed. If Joaquin feels inspired, then he either creates freely or experiments with new styles, but not both. If Joaquin either shares his work or displays his talent (but not both), then he gains recognition. Joaquin either gains recognition or remains anonymous, but not both. If Joaquin spreads joy, then he is happy. Johnny either gains recognition or remains anonymous, but not both. If Brielle is happy, then he either creates freely or shares his work (or both). If Johnny feels inspired, then he either creates freely or experiments with new styles, but not both. Anyone who has creativity or develops skills can display their talent. Anyone who finishes a piece or feels proud can share their work. If Joaquin is happy, then he either creates freely or shares his work (or both). Joaquin remains anonymous. Joaquin feels inspired. If Johnny spreads joy, then he is happy. Johnny has passion. Johnny does not get noticed. Johnny remains anonymous. If Brielle either shares his work or displays his talent (but not both), then he gains recognition.

Question:
Based on the above information, is the following statement true, false, or uncertain? If Joaquin loves art or spreads joy (or both), then he inspires others.

Options:
[""A) True"", ""B) False"", ""C) Uncertain""]",C,2,"fact1: Joaquin remains anonymous.
rule: Joaquin either gains recognition or remains anonymous, but not both.
conclusion: Joaquin does not gain recognition.
fact1: Joaquin does not get noticed.
rule: If Joaquin displays his talent or builds a strong portfolio, then he will get noticed.
conclusion: Joaquin does not display his talent.
fact1: Joaquin does not display his talent.
fact2: Joaquin does not gain recognition.
rule: If Joaquin either shares his work or displays his talent (but not both), then he gains recognition.
conclusion: Joaquin does not share his work.
fact1: Joaquin feels inspired.
fact2: Joaquin experiments with new styles.
rule: If Joaquin feels inspired, then he either creates freely or experiments with new styles, but not both.
conclusion: Joaquin does not create freely.
fact1: Joaquin does not create freely.
fact2: Joaquin does not share his work.
rule: If Joaquin is happy, then he either creates freely or shares his work (or both).
conclusion: Joaquin is not happy.
fact1: Joaquin is not happy.
rule: If Joaquin spreads joy, then he is happy.
conclusion: Joaquin does not spread joy.

According to the context and the conclusions that have already been drawn, we can deduce that it is uncertain that If Joaquin loves art or spreads joy (or both), then he inspires others. The correct option is: C."
"Given the facts below, answer the question.

Facts:
Averi fears nothing. Averi leads by example. If Averi fears nothing, then she leads by example and respects her captain. Averi keeps a low profile. Averi either keeps a low profile or becomes legendary, but not both. Averi is a skilled swordsman. If Averi is a skilled swordsman, then she respects her captain and is a first mate. Averi does not command the crew. If Averi is the first mate, then she either commands the crew or charts new courses, but not both. If Averi searches for treasure or explores shipwrecks, then she will become legendary. Averi plunders rich vessels or explores shipwrecks. For all pirates, they either plunder rich vessels or survive harsh marine conditions, but not necessarily both. All pirates who can navigate treacherous waters can survive harsh marine conditions.

Question:
Based on the above information, is the following statement true, false, or uncertain? Averi can navigate treacherous waters.

Options:
[""A) True"", ""B) False"", ""C) Uncertain""]","Given the facts below, answer the question.

Facts:
Preston plunders rich vessels or explores shipwrecks. Averi fears nothing. Averi keeps a low profile. Princess leads by example. Averi does not command the crew. Princess does not command the crew. For all pirates, they either plunder rich vessels or survive harsh marine conditions, but not necessarily both. If Kenzo is a skilled swordsman, then she respects her captain and is a first mate. If Averi is the first mate, then she either commands the crew or charts new courses, but not both. If Averi fears nothing, then she leads by example and respects her captain. Averi plunders rich vessels or explores shipwrecks. If Averi is a skilled swordsman, then she respects her captain and is a first mate. Averi is a skilled swordsman. Averi leads by example. If Averi searches for treasure or explores shipwrecks, then she will become legendary. Averi either keeps a low profile or becomes legendary, but not both. If Preston searches for treasure or explores shipwrecks, then she will become legendary. Kenzo fears nothing. All pirates who can navigate treacherous waters can survive harsh marine conditions.

Question:
Based on the above information, is the following statement true, false, or uncertain? Averi can navigate treacherous waters.

Options:
[""A) True"", ""B) False"", ""C) Uncertain""]",B,1,"fact1: Averi fears nothing.
fact2: Averi leads by example.
rule: If Averi fears nothing, then she leads by example and respects her captain.
conclusion: Averi respects her captain.
fact1: Averi keeps a low profile.
rule: Averi either keeps a low profile or becomes legendary, but not both.
conclusion: Averi will not become legendary.
fact1: Averi is a skilled swordsman.
fact2: Averi respects her captain.
rule: If Averi is a skilled swordsman, then she respects her captain and is a first mate.
conclusion: Averi is the first mate.
fact1: Averi is the first mate.
fact2: Averi does not command the crew.
rule: If Averi is the first mate, then she either commands the crew or charts new courses, but not both.
conclusion: Averi charts new courses.
fact1: Averi will not become legendary.
rule: If Averi searches for treasure or explores shipwrecks, then she will become legendary.
conclusion: Averi does not explore shipwrecks.
fact1: Averi does not explore shipwrecks.
rule: Averi plunders rich vessels or explores shipwrecks.
conclusion: Averi plunders rich vessels.
fact1: Averi plunders rich vessels.
rule: For all pirates, they either plunder rich vessels or survive harsh marine conditions, but not necessarily both.
conclusion: Averi cannot survive harsh marine conditions.
fact1: Averi cannot survive harsh marine conditions.
rule: All pirates who can navigate treacherous waters can survive harsh marine conditions.
conclusion: Averi can navigate treacherous waters.

Therefore, it is false that Averi can navigate treacherous waters. The correct option is: B."
"Given the facts below, answer the question.

Facts:
Dorothy cannot resolve conflicts. Anyone who remains calm or listens actively can resolve conflicts. Dorothy cannot motivate people. If Dorothy either has patience or remains calm (but not both), then she can motivate people. Dorothy cannot inspire others. Anyone who is a good teacher or has patience can inspire others. If Dorothy hosts workshops, then she is a good teacher. Dorothy either hosts workshops or joins litchi festivals, but not both. Dorothy learns about litchi history. If Dorothy collects litchi seeds, then she either learns about litchi history or joins litchi festivals (but not both). Dorothy does not appreciate litchi culture. If Dorothy either loves eating litchi or collects litchi seeds (but not both), then she appreciates litchi culture. Dorothy grows litchi trees. If Dorothy grows litchi trees or loves eating litchi, then she shares litchi with others.

Question:
Based on the above information, is the following statement true, false, or uncertain? Dorothy shares litchi with others.

Options:
[""A) True"", ""B) False"", ""C) Uncertain""]","Given the facts below, answer the question.

Facts:
Alayna does not appreciate litchi culture. Dorothy cannot inspire others. If Dorothy either has patience or remains calm (but not both), then she can motivate people. Dorothy cannot resolve conflicts. If Alayna either has patience or remains calm (but not both), then she can motivate people. Dorothy cannot motivate people. If Rebecca either loves eating litchi or collects litchi seeds (but not both), then she appreciates litchi culture. If Dorothy grows litchi trees or loves eating litchi, then she shares litchi with others. Dorothy either hosts workshops or joins litchi festivals, but not both. If Dorothy hosts workshops, then she is a good teacher. Dorothy learns about litchi history. If Rebecca collects litchi seeds, then she either learns about litchi history or joins litchi festivals (but not both). If Dorothy collects litchi seeds, then she either learns about litchi history or joins litchi festivals (but not both). Rebecca cannot inspire others. If Dorothy either loves eating litchi or collects litchi seeds (but not both), then she appreciates litchi culture. Anyone who is a good teacher or has patience can inspire others. Anyone who remains calm or listens actively can resolve conflicts. Dorothy grows litchi trees. Dorothy does not appreciate litchi culture. Rebecca either hosts workshops or joins litchi festivals, but not both. Alayna grows litchi trees. Alayna cannot motivate people.

Question:
Based on the above information, is the following statement true, false, or uncertain? Dorothy shares litchi with others.

Options:
[""A) True"", ""B) False"", ""C) Uncertain""]",A,0,"fact1: Dorothy cannot resolve conflicts.
rule: Anyone who remains calm or listens actively can resolve conflicts.
conclusion: Dorothy does not remain calm.
fact1: Dorothy does not remain calm.
fact2: Dorothy cannot motivate people.
rule: If Dorothy either has patience or remains calm (but not both), then she can motivate people.
conclusion: Dorothy does not have patience.
fact1: Dorothy does not have patience.
fact2: Dorothy cannot inspire others.
rule: Anyone who is a good teacher or has patience can inspire others.
conclusion: Dorothy is not a good teacher.
fact1: Dorothy is not a good teacher.
rule: If Dorothy hosts workshops, then she is a good teacher.
conclusion: Dorothy does not host workshops.
fact1: Dorothy does not host workshops.
rule: Dorothy either hosts workshops or joins litchi festivals, but not both.
conclusion: Dorothy joins litchi festivals.
fact1: Dorothy learns about litchi history.
fact2: Dorothy joins litchi festivals.
rule: If Dorothy collects litchi seeds, then she either learns about litchi history or joins litchi festivals (but not both).
conclusion: Dorothy does not collect litchi seeds.
fact1: Dorothy does not collect litchi seeds.
fact2: Dorothy does not appreciate litchi culture.
rule: If Dorothy either loves eating litchi or collects litchi seeds (but not both), then she appreciates litchi culture.
conclusion: Dorothy does not love eating litchi.
fact1: Dorothy grows litchi trees.
fact2: Dorothy does not love eating litchi.
rule: If Dorothy grows litchi trees or loves eating litchi, then she shares litchi with others.
conclusion: Dorothy shares litchi with others.

Therefore, it is true that Dorothy shares litchi with others. The correct option is: A."
"Given the facts below, answer the question.

Facts:
Xyla builds relationships. Xyla values commitment. If Xyla builds relationships and values commitment, then she has a family. Xyla does not seek adventure. Xyla seeks adventure or pursues freedom. If Xyla has a family, then she either values security or pursues freedom, but not both. Xyla thrives in social settings. Xyla either thrives in social settings or enjoys privacy, but not both. Anyone who prefers stability values security. If Xyla is a landlover, then she either prefers stability or enjoys privacy (or both). Either Xyla is a sailor or a landlover, but not both.

Question:
Based on the above information, is the following statement true, false, or uncertain? Xyla is not a sailor.

Options:
[""A) True"", ""B) False"", ""C) Uncertain""]","Given the facts below, answer the question.

Facts:
Xyla thrives in social settings. If Kolson has a family, then she either values security or pursues freedom, but not both. Kolson does not seek adventure. Xyla either thrives in social settings or enjoys privacy, but not both. If Elodie builds relationships and values commitment, then she has a family. Elodie builds relationships. If Harley is a landlover, then she either prefers stability or enjoys privacy (or both). Xyla builds relationships. Elodie thrives in social settings. Anyone who prefers stability values security. If Xyla has a family, then she either values security or pursues freedom, but not both. Elodie either thrives in social settings or enjoys privacy, but not both. If Xyla builds relationships and values commitment, then she has a family. Harley seeks adventure or pursues freedom. Xyla seeks adventure or pursues freedom. If Xyla is a landlover, then she either prefers stability or enjoys privacy (or both). Xyla does not seek adventure. Either Xyla is a sailor or a landlover, but not both. Elodie values commitment. Xyla values commitment. Either Harley is a sailor or a landlover, but not both.

Question:
Based on the above information, is the following statement true, false, or uncertain? Xyla is not a sailor.

Options:
[""A) True"", ""B) False"", ""C) Uncertain""]",B,1,"fact1: Xyla builds relationships.
fact2: Xyla values commitment.
rule: If Xyla builds relationships and values commitment, then she has a family.
conclusion: Xyla has a family.
fact1: Xyla does not seek adventure.
rule: Xyla seeks adventure or pursues freedom.
conclusion: Xyla pursues freedom.
fact1: Xyla has a family.
fact2: Xyla pursues freedom.
rule: If Xyla has a family, then she either values security or pursues freedom, but not both.
conclusion: Xyla does not value security.
fact1: Xyla thrives in social settings.
rule: Xyla either thrives in social settings or enjoys privacy, but not both.
conclusion: Xyla does not enjoy privacy.
fact1: Xyla does not value security.
rule: Anyone who prefers stability values security.
conclusion: Xyla does not prefer stability.
fact1: Xyla does not prefer stability.
fact2: Xyla does not enjoy privacy.
rule: If Xyla is a landlover, then she either prefers stability or enjoys privacy (or both).
conclusion: Xyla is not a landlover.
fact1: Xyla is not a landlover.
rule: Either Xyla is a sailor or a landlover, but not both.
conclusion: Xyla is not a sailor.

Therefore, it is false that Xyla is not a sailor. The correct option is: B."
"Given the facts below, answer the question.

Facts:
Wilson thinks outside the box. Wilson does not drive positive change. Everyone who thinks outside the box either drives positive change or is a passionate innovator (or both). Wilson does not improve people's lives. If Wilson is a passionate innovator, then he either improves people's lives or is an influential scientist (or both). Wilson is a renowned expert. Wilson is focusing on practical applications. If Wilson is a renowned expert, then he is either focusing on practical applications or holds leadership positions, but not both. Wilson does not advance the field. Wilson either publishes widely cited papers or advances the field. For Wilson, he is either a dedicated researcher or holds leadership positions, but not both. If Wilson is a dedicated researcher, then he either makes a breakthrough discovery or publishes widely cited papers (but not both). If Wilson is an influential scientist, then he either makes a breakthrough discovery or contributes to sustainability (or both).

Question:
Based on the above information, is the following statement true, false, or uncertain? Wilson contributes to sustainability.

Options:
[""A) True"", ""B) False"", ""C) Uncertain""]","Given the facts below, answer the question.

Facts:
If Hugh is a renowned expert, then he is either focusing on practical applications or holds leadership positions, but not both. Wilson does not drive positive change. For Wilson, he is either a dedicated researcher or holds leadership positions, but not both. Wilson does not advance the field. If Hugh is a passionate innovator, then he either improves people's lives or is an influential scientist (or both). Everyone who thinks outside the box either drives positive change or is a passionate innovator (or both). Wilson either publishes widely cited papers or advances the field. If Wilson is a renowned expert, then he is either focusing on practical applications or holds leadership positions, but not both. If Wilson is a passionate innovator, then he either improves people's lives or is an influential scientist (or both). Wilson is focusing on practical applications. If Wilson is an influential scientist, then he either makes a breakthrough discovery or contributes to sustainability (or both). Wilson thinks outside the box. Wilson is a renowned expert. Wilson does not improve people's lives. If Wilson is a dedicated researcher, then he either makes a breakthrough discovery or publishes widely cited papers (but not both).

Question:
Based on the above information, is the following statement true, false, or uncertain? Wilson contributes to sustainability.

Options:
[""A) True"", ""B) False"", ""C) Uncertain""]",A,0,"fact1: Wilson thinks outside the box.
fact2: Wilson does not drive positive change.
rule: Everyone who thinks outside the box either drives positive change or is a passionate innovator (or both).
conclusion: Wilson is a passionate innovator.
fact1: Wilson is a passionate innovator.
fact2: Wilson does not improve people's lives.
rule: If Wilson is a passionate innovator, then he either improves people's lives or is an influential scientist (or both).
conclusion: Wilson is an influential scientist.
fact1: Wilson is a renowned expert.
fact2: Wilson is focusing on practical applications.
rule: If Wilson is a renowned expert, then he is either focusing on practical applications or holds leadership positions, but not both.
conclusion: Wilson does not hold leadership positions.
fact1: Wilson does not advance the field.
rule: Wilson either publishes widely cited papers or advances the field.
conclusion: Wilson publishes widely cited papers.
fact1: Wilson does not hold leadership positions.
rule: For Wilson, he is either a dedicated researcher or holds leadership positions, but not both.
conclusion: Wilson is a dedicated researcher.
fact1: Wilson is a dedicated researcher.
fact2: Wilson publishes widely cited papers.
rule: If Wilson is a dedicated researcher, then he either makes a breakthrough discovery or publishes widely cited papers (but not both).
conclusion: Wilson does not make a breakthrough discovery.
fact1: Wilson is an influential scientist.
fact2: Wilson does not make a breakthrough discovery.
rule: If Wilson is an influential scientist, then he either makes a breakthrough discovery or contributes to sustainability (or both).
conclusion: Wilson contributes to sustainability.

Therefore, it is true that Wilson contributes to sustainability. The correct option is: A."
"Given the facts below, answer the question.

Facts:
Dilan is highly intelligent. If Dilan is highly intelligent, then he can outmaneuver opponents and think creatively. Dilan handles pressure. Dilan does not gain recognition. If someone handles pressure and earns respect, then they can gain recognition. Dilan works collaboratively. If someone achieves their goals and works collaboratively, then they can earn respect. If Dilan analyzes data or makes informed decisions, then he can achieve his goals. Dilan solves problems. If Dilan solves problems, then he either makes informed decisions or thinks critically (but not both). Dilan achieves success. If Dilan achieves success, then he either anticipates moves or thinks critically (but not both). Anyone who outmaneuvers opponents is either able to anticipate moves or is a strategic thinker (or both).

Question:
Based on the above information, is the following statement true, false, or uncertain? Dilan is a skilled negotiator.

Options:
[""A) True"", ""B) False"", ""C) Uncertain""]","Given the facts below, answer the question.

Facts:
Dilan handles pressure. Dilan works collaboratively. Alvin achieves success. If someone handles pressure and earns respect, then they can gain recognition. If Dilan is highly intelligent, then he can outmaneuver opponents and think creatively. If Dilan solves problems, then he either makes informed decisions or thinks critically (but not both). If someone achieves their goals and works collaboratively, then they can earn respect. Anyone who outmaneuvers opponents is either able to anticipate moves or is a strategic thinker (or both). Eithan is highly intelligent. Eithan is a strategic thinker or a skilled negotiator (or both). Lilly handles pressure. Dilan achieves success. Dilan does not gain recognition. Dilan solves problems. If Lilly achieves success, then he either anticipates moves or thinks critically (but not both). Dilan is highly intelligent. If Dilan analyzes data or makes informed decisions, then he can achieve his goals. If Dilan achieves success, then he either anticipates moves or thinks critically (but not both).

Question:
Based on the above information, is the following statement true, false, or uncertain? Dilan is a skilled negotiator.

Options:
[""A) True"", ""B) False"", ""C) Uncertain""]",C,2,"fact1: Dilan is highly intelligent.
rule: If Dilan is highly intelligent, then he can outmaneuver opponents and think creatively.
conclusion: Dilan outmaneuvers opponents.
fact1: Dilan handles pressure.
fact2: Dilan does not gain recognition.
rule: If someone handles pressure and earns respect, then they can gain recognition.
conclusion: Dilan does not earn respect.
fact1: Dilan works collaboratively.
fact2: Dilan does not earn respect.
rule: If someone achieves their goals and works collaboratively, then they can earn respect.
conclusion: Dilan does not achieve his goals.
fact1: Dilan does not achieve his goals.
rule: If Dilan analyzes data or makes informed decisions, then he can achieve his goals.
conclusion: Dilan does not make informed decisions.
fact1: Dilan solves problems.
fact2: Dilan does not make informed decisions.
rule: If Dilan solves problems, then he either makes informed decisions or thinks critically (but not both).
conclusion: Dilan thinks critically.
fact1: Dilan achieves success.
fact2: Dilan thinks critically.
rule: If Dilan achieves success, then he either anticipates moves or thinks critically (but not both).
conclusion: Dilan does not anticipate moves.
fact1: Dilan outmaneuvers opponents.
fact2: Dilan does not anticipate moves.
rule: Anyone who outmaneuvers opponents is either able to anticipate moves or is a strategic thinker (or both).
conclusion: Dilan is a strategic thinker.

According to the context and the conclusions that have already been drawn, we can deduce that it is uncertain that Dilan is a skilled negotiator. The correct option is: C."
"Given the facts below, answer the question.

Facts:
Alivia values accuracy. Alivia does not achieve recognition. If Alivia pursues knowledge and values accuracy, then she achieves recognition. Alivia loves history. If Alivia loves history, then she deciphers ancient texts and collects artifacts. Alivia cherishes family traditions. Alivia either cherishes family traditions or honors her heritage, but not both. If Alivia either explores ancient ruins or deciphers ancient texts (but not both), then she pursues knowledge. Anyone who explores ancient ruins either values spiritual connections or honors their heritage (or both).

Question:
Based on the above information, is the following statement true, false, or uncertain? Alivia respects nature.

Options:
[""A) True"", ""B) False"", ""C) Uncertain""]","Given the facts below, answer the question.

Facts:
Alivia does not achieve recognition. If Pearl pursues knowledge and values accuracy, then she achieves recognition. If Alivia loves history, then she deciphers ancient texts and collects artifacts. Dawson does not achieve recognition. Alivia values accuracy. Alivia either cherishes family traditions or honors her heritage, but not both. If Alivia pursues knowledge and values accuracy, then she achieves recognition. Rayne values accuracy. Pearl loves history. If Alivia either explores ancient ruins or deciphers ancient texts (but not both), then she pursues knowledge. Anyone who explores ancient ruins either values spiritual connections or honors their heritage (or both). Alivia loves history. Alivia cherishes family traditions.

Question:
Based on the above information, is the following statement true, false, or uncertain? Alivia respects nature.

Options:
[""A) True"", ""B) False"", ""C) Uncertain""]",C,2,"fact1: Alivia values accuracy.
fact2: Alivia does not achieve recognition.
rule: If Alivia pursues knowledge and values accuracy, then she achieves recognition.
conclusion: Alivia does not pursue knowledge.
fact1: Alivia loves history.
rule: If Alivia loves history, then she deciphers ancient texts and collects artifacts.
conclusion: Alivia deciphers ancient texts.
fact1: Alivia cherishes family traditions.
rule: Alivia either cherishes family traditions or honors her heritage, but not both.
conclusion: Alivia does not honor her heritage.
fact1: Alivia deciphers ancient texts.
fact2: Alivia does not pursue knowledge.
rule: If Alivia either explores ancient ruins or deciphers ancient texts (but not both), then she pursues knowledge.
conclusion: Alivia explores ancient ruins.
fact1: Alivia explores ancient ruins.
fact2: Alivia does not honor her heritage.
rule: Anyone who explores ancient ruins either values spiritual connections or honors their heritage (or both).
conclusion: Alivia values spiritual connections.

According to the context and the conclusions that have already been drawn, we can deduce that it is uncertain that Alivia respects nature. The correct option is: C."
"Given the facts below, answer the question.

Facts:
Grrl does not find food. Grrl either finds food or prioritizes family. Grrl has strong instincts. If Grrl has strong instincts, then she respects the ecosystem and understands the balance of nature. Grrl either prioritizes family or defends her territory, but not both. Every bear that respects the ecosystem either roams freely or defends its territory. Every bear either protects the forest or roams freely, but not necessarily both. Grrl possesses sacred powers. If Grrl possesses sacred powers, then she either protects the forest or is a respected elder (or both). Grrl does not live in harmony with nature. For all bears, if a bear is a respected elder, then it either teaches young ones or lives in harmony with nature (or both).

Question:
Based on the above information, is the following statement true, false, or uncertain? Grrl teaches young ones.

Options:
[""A) True"", ""B) False"", ""C) Uncertain""]","Given the facts below, answer the question.

Facts:
If Grrl has strong instincts, then she respects the ecosystem and understands the balance of nature. Grrl either prioritizes family or defends her territory, but not both. Grrl does not live in harmony with nature. Grrl has strong instincts. Every bear that respects the ecosystem either roams freely or defends its territory. Grrl does not find food. Pooka does not find food. Grrl possesses sacred powers. For all bears, if a bear is a respected elder, then it either teaches young ones or lives in harmony with nature (or both). Every bear that cares for its cubs either marks its boundaries or defends its territory. If Apollo possesses sacred powers, then she either protects the forest or is a respected elder (or both). Pooka either prioritizes family or defends her territory, but not both. Grrl either finds food or prioritizes family. Apollo either finds food or prioritizes family. If Apollo has strong instincts, then she respects the ecosystem and understands the balance of nature. Pooka does not live in harmony with nature. Every bear either protects the forest or roams freely, but not necessarily both. If Grrl possesses sacred powers, then she either protects the forest or is a respected elder (or both). Pooka has strong instincts. Apollo possesses sacred powers.

Question:
Based on the above information, is the following statement true, false, or uncertain? Grrl teaches young ones.

Options:
[""A) True"", ""B) False"", ""C) Uncertain""]",A,0,"fact1: Grrl does not find food.
rule: Grrl either finds food or prioritizes family.
conclusion: Grrl prioritizes family.
fact1: Grrl has strong instincts.
rule: If Grrl has strong instincts, then she respects the ecosystem and understands the balance of nature.
conclusion: Grrl respects the ecosystem.
fact1: Grrl prioritizes family.
rule: Grrl either prioritizes family or defends her territory, but not both.
conclusion: Grrl does not defend her territory.
fact1: Grrl respects the ecosystem.
fact2: Grrl does not defend her territory.
rule: Every bear that respects the ecosystem either roams freely or defends its territory.
conclusion: Grrl roams freely.
fact1: Grrl roams freely.
rule: Every bear either protects the forest or roams freely, but not necessarily both.
conclusion: Grrl does not protect the forest.
fact1: Grrl possesses sacred powers.
fact2: Grrl does not protect the forest.
rule: If Grrl possesses sacred powers, then she either protects the forest or is a respected elder (or both).
conclusion: Grrl is a respected elder.
fact1: Grrl is a respected elder.
fact2: Grrl does not live in harmony with nature.
rule: For all bears, if a bear is a respected elder, then it either teaches young ones or lives in harmony with nature (or both).
conclusion: Grrl teaches young ones.

Therefore, it is true that Grrl teaches young ones. The correct option is: A."
"Given the facts below, answer the question.

Facts:
Walter does not appreciate natural beauty. Anyone who leads explorations or documents their journeys appreciates natural beauty. Walter has knowledge. Walter is not an authority. If someone has knowledge and gives public talks, then they are an authority. Walter does not enjoy hiking. Walter preserves wildlife or enjoys hiking. Walter is an expert. If Walter is an expert, then he either gives public talks or communicates his ideas, but not both. If Walter is dedicated to nature, then he leads explorations and preserves wildlife. Walter shares his experiences. If Walter shares his experiences, then he writes articles and inspires others.

Question:
Based on the above information, is the following statement true, false, or uncertain? Walter does not leave a lasting legacy.

Options:
[""A) True"", ""B) False"", ""C) Uncertain""]","Given the facts below, answer the question.

Facts:
If someone has knowledge and gives public talks, then they are an authority. Walter is not an authority. If Walter shares his experiences, then he writes articles and inspires others. Walter preserves wildlife or enjoys hiking. Walter has knowledge. Walter shares his experiences. Walter does not enjoy hiking. Walter is an expert. Anastasia has knowledge. If Walter is dedicated to nature, then he leads explorations and preserves wildlife. Walter does not appreciate natural beauty. Anyone who leads explorations or documents their journeys appreciates natural beauty. If Walter is an expert, then he either gives public talks or communicates his ideas, but not both.

Question:
Based on the above information, is the following statement true, false, or uncertain? Walter does not leave a lasting legacy.

Options:
[""A) True"", ""B) False"", ""C) Uncertain""]",C,2,"fact1: Walter does not appreciate natural beauty.
rule: Anyone who leads explorations or documents their journeys appreciates natural beauty.
conclusion: Walter does not lead explorations.
fact1: Walter has knowledge.
fact2: Walter is not an authority.
rule: If someone has knowledge and gives public talks, then they are an authority.
conclusion: Walter does not give public talks.
fact1: Walter does not enjoy hiking.
rule: Walter preserves wildlife or enjoys hiking.
conclusion: Walter preserves wildlife.
fact1: Walter is an expert.
fact2: Walter does not give public talks.
rule: If Walter is an expert, then he either gives public talks or communicates his ideas, but not both.
conclusion: Walter communicates his ideas.
fact1: Walter does not lead explorations.
fact2: Walter preserves wildlife.
rule: If Walter is dedicated to nature, then he leads explorations and preserves wildlife.
conclusion: Walter is not dedicated to nature.
fact1: Walter shares his experiences.
rule: If Walter shares his experiences, then he writes articles and inspires others.
conclusion: Walter inspires others.

According to the context and the conclusions that have already been drawn, we can deduce that it is uncertain that Walter does not leave a lasting legacy. The correct option is: C."
"Given the facts below, answer the question.

Facts:
Zayla does not lose credibility. Zayla does not suffer consequences. Anyone who breaks regulations either loses credibility or suffers consequences (or both). Zayla does not damage her reputation. Anyone who breaks regulations or faces legal action will damage their reputation. Zayla does not pollute water. If Zayla pollutes water or harms the ecosystem, then she will face legal action. If someone exploits natural resources, then they harm the ecosystem. Zayla is either environmentally conscious or exploits natural resources, but not both. Zayla is either environmentally conscious or environmentally negligent, but not both.

Question:
Based on the above information, is the following statement true, false, or uncertain? Zayla is not environmentally negligent.

Options:
[""A) True"", ""B) False"", ""C) Uncertain""]","Given the facts below, answer the question.

Facts:
If someone exploits natural resources, then they harm the ecosystem. Zayla is either environmentally conscious or exploits natural resources, but not both. Zayla does not pollute water. Anyone who breaks regulations or faces legal action will damage their reputation. Zayla does not suffer consequences. If Zayla pollutes water or harms the ecosystem, then she will face legal action. Anyone who breaks regulations either loses credibility or suffers consequences (or both). Zayla does not lose credibility. Zayla is either environmentally conscious or environmentally negligent, but not both. Omari is either environmentally conscious or environmentally negligent, but not both. Zayla does not damage her reputation. If Omari pollutes water or harms the ecosystem, then she will face legal action.

Question:
Based on the above information, is the following statement true, false, or uncertain? Zayla is not environmentally negligent.

Options:
[""A) True"", ""B) False"", ""C) Uncertain""]",A,0,"fact1: Zayla does not lose credibility.
fact2: Zayla does not suffer consequences.
rule: Anyone who breaks regulations either loses credibility or suffers consequences (or both).
conclusion: Zayla does not break regulations.
fact1: Zayla does not break regulations.
fact2: Zayla does not damage her reputation.
rule: Anyone who breaks regulations or faces legal action will damage their reputation.
conclusion: Zayla does not face legal action.
fact1: Zayla does not pollute water.
fact2: Zayla does not face legal action.
rule: If Zayla pollutes water or harms the ecosystem, then she will face legal action.
conclusion: Zayla does not harm the ecosystem.
fact1: Zayla does not harm the ecosystem.
rule: If someone exploits natural resources, then they harm the ecosystem.
conclusion: Zayla does not exploit natural resources.
fact1: Zayla does not exploit natural resources.
rule: Zayla is either environmentally conscious or exploits natural resources, but not both.
conclusion: Zayla is environmentally conscious.
fact1: Zayla is environmentally conscious.
rule: Zayla is either environmentally conscious or environmentally negligent, but not both.
conclusion: Zayla is not environmentally negligent.

Therefore, it is true that Zayla is not environmentally negligent. The correct option is: A."
"Given the facts below, answer the question.

Facts:
Oaklynn reads books. Oaklynn does not explore new ideas. If Oaklynn either reads books or explores new ideas (but not both), then she learns quickly. Oaklynn sets goals. Oaklynn does not achieve success. If Oaklynn either makes decisions or sets goals (but not both), then she achieves success. Oaklynn stays focused. If someone stays focused, then they can solve problems and learn quickly. Oaklynn has imagination. Oaklynn is not successful. If Oaklynn has imagination and brings joy to others, then she can be successful. If someone can solve problems, then they think logically and make decisions. Oaklynn either expresses emotions through her art or thinks logically, but not both at the same time. Anyone who is a talented artist either expresses emotions through their art or brings joy to others (or both).

Question:
Based on the above information, is the following statement true, false, or uncertain? Oaklynn creates beautiful works.

Options:
[""A) True"", ""B) False"", ""C) Uncertain""]","Given the facts below, answer the question.

Facts:
If Leonidas either makes decisions or sets goals (but not both), then she achieves success. Oaklynn does not explore new ideas. If Oaklynn either reads books or explores new ideas (but not both), then she learns quickly. Oaklynn stays focused. If Leonidas either reads books or explores new ideas (but not both), then she learns quickly. If Oaklynn either makes decisions or sets goals (but not both), then she achieves success. Oaklynn is not successful. Arthur is not successful. Oaklynn sets goals. Arthur does not explore new ideas. Anyone who is a talented artist either expresses emotions through their art or brings joy to others (or both). Arthur stays focused. Oaklynn does not achieve success. Oaklynn reads books. Leonidas does not inspire others. Arthur either expresses emotions through her art or thinks logically, but not both at the same time. Leonidas does not achieve success. If Oaklynn has imagination and brings joy to others, then she can be successful. Oaklynn either expresses emotions through her art or thinks logically, but not both at the same time. If someone stays focused, then they can solve problems and learn quickly. Oaklynn has imagination. If someone can solve problems, then they think logically and make decisions.

Question:
Based on the above information, is the following statement true, false, or uncertain? Oaklynn creates beautiful works.

Options:
[""A) True"", ""B) False"", ""C) Uncertain""]",C,2,"fact1: Oaklynn reads books.
fact2: Oaklynn does not explore new ideas.
rule: If Oaklynn either reads books or explores new ideas (but not both), then she learns quickly.
conclusion: Oaklynn learns quickly.
fact1: Oaklynn sets goals.
fact2: Oaklynn does not achieve success.
rule: If Oaklynn either makes decisions or sets goals (but not both), then she achieves success.
conclusion: Oaklynn makes decisions.
fact1: Oaklynn stays focused.
fact2: Oaklynn learns quickly.
rule: If someone stays focused, then they can solve problems and learn quickly.
conclusion: Oaklynn can solve problems.
fact1: Oaklynn has imagination.
fact2: Oaklynn is not successful.
rule: If Oaklynn has imagination and brings joy to others, then she can be successful.
conclusion: Oaklynn does not bring joy to others.
fact1: Oaklynn can solve problems.
fact2: Oaklynn makes decisions.
rule: If someone can solve problems, then they think logically and make decisions.
conclusion: Oaklynn thinks logically.
fact1: Oaklynn thinks logically.
rule: Oaklynn either expresses emotions through her art or thinks logically, but not both at the same time.
conclusion: Oaklynn does not express emotions through her art.
fact1: Oaklynn does not express emotions through her art.
fact2: Oaklynn does not bring joy to others.
rule: Anyone who is a talented artist either expresses emotions through their art or brings joy to others (or both).
conclusion: Oaklynn is not a talented artist.

According to the context and the conclusions that have already been drawn, we can deduce that it is uncertain that Oaklynn creates beautiful works. The correct option is: C."
"Given the facts below, answer the question.

Facts:
Imani visits museums. Imani does not collect artifacts. If Imani visits museums, then she either collects artifacts or reads books (or both). Imani does not follow family traditions. Imani either explores her roots or follows family traditions, but not both. Imani does not gain insight. If someone asks questions and reads books, then they will gain insight. Imani seeks knowledge. Imani does not learn from others. If someone has curiosity and seeks knowledge, then they will learn from others. Anyone who listens to stories or explores their roots can understand their family legacy. Imani honors traditions. If Imani understands her family legacy, then she either honors traditions or respects her ancestors (but not both). If Imani appreciates history, then she respects her ancestors. Imani either appreciates history or values cultural heritage (or both).

Question:
Based on the above information, is the following statement true, false, or uncertain? Imani values cultural heritage.

Options:
[""A) True"", ""B) False"", ""C) Uncertain""]","Given the facts below, answer the question.

Facts:
Anyone who examines family photos and discusses their family can understand their family legacy. If Nadia appreciates history, then she respects her ancestors. Nadia either explores her roots or follows family traditions, but not both. If Imani appreciates history, then she respects her ancestors. If Kamilah understands her family legacy, then she either honors traditions or respects her ancestors (but not both). Anyone who listens to stories or explores their roots can understand their family legacy. If Imani understands her family legacy, then she either honors traditions or respects her ancestors (but not both). Santiago either appreciates history or values cultural heritage (or both). Imani either explores her roots or follows family traditions, but not both. Kamilah does not collect artifacts. Imani honors traditions. Imani does not learn from others. Imani either appreciates history or values cultural heritage (or both). Nadia honors traditions. Imani visits museums. If Kamilah has curiosity or asks questions, then she will listen to stories. If someone asks questions and reads books, then they will gain insight. Santiago does not follow family traditions. Kamilah seeks knowledge. Nadia visits museums. If someone has curiosity and seeks knowledge, then they will learn from others. Imani seeks knowledge. Nadia does not learn from others. Santiago does not gain insight. Imani does not follow family traditions. If Imani visits museums, then she either collects artifacts or reads books (or both). Imani does not gain insight. If Nadia visits museums, then she either collects artifacts or reads books (or both). Imani does not collect artifacts.

Question:
Based on the above information, is the following statement true, false, or uncertain? Imani values cultural heritage.

Options:
[""A) True"", ""B) False"", ""C) Uncertain""]",A,0,"fact1: Imani visits museums.
fact2: Imani does not collect artifacts.
rule: If Imani visits museums, then she either collects artifacts or reads books (or both).
conclusion: Imani reads books.
fact1: Imani does not follow family traditions.
rule: Imani either explores her roots or follows family traditions, but not both.
conclusion: Imani explores her roots.
fact1: Imani reads books.
fact2: Imani does not gain insight.
rule: If someone asks questions and reads books, then they will gain insight.
conclusion: Imani does not ask questions.
fact1: Imani seeks knowledge.
fact2: Imani does not learn from others.
rule: If someone has curiosity and seeks knowledge, then they will learn from others.
conclusion: Imani does not have curiosity.
fact1: Imani explores her roots.
rule: Anyone who listens to stories or explores their roots can understand their family legacy.
conclusion: Imani understands her family legacy.
fact1: Imani understands her family legacy.
fact2: Imani honors traditions.
rule: If Imani understands her family legacy, then she either honors traditions or respects her ancestors (but not both).
conclusion: Imani does not respect her ancestors.
fact1: Imani does not respect her ancestors.
rule: If Imani appreciates history, then she respects her ancestors.
conclusion: Imani does not appreciate history.
fact1: Imani does not appreciate history.
rule: Imani either appreciates history or values cultural heritage (or both).
conclusion: Imani values cultural heritage.

Therefore, it is true that Imani values cultural heritage. The correct option is: A."
"Given the facts below, answer the question.

Facts:
Lucca does not raise awareness. If Lucca educates others or protects the environment, then he raises awareness. Lucca marks his boundaries. Lucca does not defend his den. If Lucca either marks his boundaries or defends his den (but not both), then he has a territory. Lucca is sedentary. If Lucca roams freely, then he either has a territory or is sedentary (but not both). Lucca either roams freely or lives in a group. Lucca either adapts well or lives in a group, but not both. Lucca learns quickly. If Lucca either has a good memory or learns quickly (but not both), then he adapts well. Lucca has a large size. If Lucca has a large size, then he is either intelligent or has a good memory (but not both). If Lucca is gentle, then he is intelligent and helps protect the environment.

Question:
Based on the above information, is the following statement true, false, or uncertain? Lucca is gentle.

Options:
[""A) True"", ""B) False"", ""C) Uncertain""]","Given the facts below, answer the question.

Facts:
Lucca either adapts well or lives in a group, but not both. If Jace either has a good memory or learns quickly (but not both), then he adapts well. Lucca either roams freely or lives in a group. If Lucca either marks his boundaries or defends his den (but not both), then he has a territory. Lucca marks his boundaries. If Lucca has a large size, then he is either intelligent or has a good memory (but not both). Jeffrey either roams freely or lives in a group. Lucca does not defend his den. Jace has a large size. Jeffrey either adapts well or lives in a group, but not both. If Lucca is gentle, then he is intelligent and helps protect the environment. If Lucca educates others or protects the environment, then he raises awareness. Lucca is sedentary. Lucca learns quickly. Lucca has a large size. If Lucca either has a good memory or learns quickly (but not both), then he adapts well. Lucca does not raise awareness. If Lucca roams freely, then he either has a territory or is sedentary (but not both).

Question:
Based on the above information, is the following statement true, false, or uncertain? Lucca is gentle.

Options:
[""A) True"", ""B) False"", ""C) Uncertain""]",B,1,"fact1: Lucca does not raise awareness.
rule: If Lucca educates others or protects the environment, then he raises awareness.
conclusion: Lucca does not help protect the environment.
fact1: Lucca marks his boundaries.
fact2: Lucca does not defend his den.
rule: If Lucca either marks his boundaries or defends his den (but not both), then he has a territory.
conclusion: Lucca has a territory.
fact1: Lucca has a territory.
fact2: Lucca is sedentary.
rule: If Lucca roams freely, then he either has a territory or is sedentary (but not both).
conclusion: Lucca does not roam freely.
fact1: Lucca does not roam freely.
rule: Lucca either roams freely or lives in a group.
conclusion: Lucca lives in a group.
fact1: Lucca lives in a group.
rule: Lucca either adapts well or lives in a group, but not both.
conclusion: Lucca does not adapt well.
fact1: Lucca learns quickly.
fact2: Lucca does not adapt well.
rule: If Lucca either has a good memory or learns quickly (but not both), then he adapts well.
conclusion: Lucca has a good memory.
fact1: Lucca has a large size.
fact2: Lucca has a good memory.
rule: If Lucca has a large size, then he is either intelligent or has a good memory (but not both).
conclusion: Lucca is not intelligent.
fact1: Lucca is not intelligent.
fact2: Lucca does not help protect the environment.
rule: If Lucca is gentle, then he is intelligent and helps protect the environment.
conclusion: Lucca is gentle.

Therefore, it is false that Lucca is gentle. The correct option is: B."
"Given the facts below, answer the question.

Facts:
Ismael does not follow his passion. Ismael either inspires others or follows his passion, but not both. Ismael is a role model. If Ismael is a role model, then he either leads by example or inspires others (but not both). Ismael helps others. Everyone who either helps others or builds a strong community is a leader by example. Ismael has expertise. If Ismael has expertise, then he makes a positive impact. Ismael achieves success. If Ismael overcomes adversity, then he either achieves success or builds a strong community (but not both). If Ismael has higher education, then he has overcome adversity and makes a positive impact. For every human, either they have higher education or they have no higher education, but not both.

Question:
Based on the above information, is the following statement true, false, or uncertain? Ismael has no higher education.

Options:
[""A) True"", ""B) False"", ""C) Uncertain""]","Given the facts below, answer the question.

Facts:
Nevaeh is a role model. Ismael is a role model. If Ismael is a role model, then he either leads by example or inspires others (but not both). If Ismael pursues his passion, then he either builds a strong community or creates innovative solutions (but not both). Ismael either inspires others or follows his passion, but not both. If Ismael has higher education, then he has overcome adversity and makes a positive impact. Ismael achieves success. Captain helps others. If Ismael overcomes adversity, then he either achieves success or builds a strong community (but not both). If Ismael has expertise, then he makes a positive impact. If Nevaeh overcomes adversity, then he either achieves success or builds a strong community (but not both). Nevaeh achieves success. If Captain is a role model, then he either leads by example or inspires others (but not both). Ismael has expertise. For every human, either they have higher education or they have no higher education, but not both. If Captain has higher education, then he has overcome adversity and makes a positive impact. Braelyn has expertise. Ismael does not follow his passion. Braelyn does not follow his passion. Ismael helps others. Captain either inspires others or follows his passion, but not both. If Nevaeh has expertise, then he makes a positive impact. Everyone who either helps others or builds a strong community is a leader by example.

Question:
Based on the above information, is the following statement true, false, or uncertain? Ismael has no higher education.

Options:
[""A) True"", ""B) False"", ""C) Uncertain""]",A,0,"fact1: Ismael does not follow his passion.
rule: Ismael either inspires others or follows his passion, but not both.
conclusion: Ismael inspires others.
fact1: Ismael is a role model.
fact2: Ismael inspires others.
rule: If Ismael is a role model, then he either leads by example or inspires others (but not both).
conclusion: Ismael does not lead by example.
fact1: Ismael helps others.
fact2: Ismael does not lead by example.
rule: Everyone who either helps others or builds a strong community is a leader by example.
conclusion: Ismael builds a strong community.
fact1: Ismael has expertise.
rule: If Ismael has expertise, then he makes a positive impact.
conclusion: Ismael makes a positive impact.
fact1: Ismael achieves success.
fact2: Ismael builds a strong community.
rule: If Ismael overcomes adversity, then he either achieves success or builds a strong community (but not both).
conclusion: Ismael has not overcome adversity.
fact1: Ismael has not overcome adversity.
fact2: Ismael makes a positive impact.
rule: If Ismael has higher education, then he has overcome adversity and makes a positive impact.
conclusion: Ismael has no higher education.
fact1: Ismael has no higher education.
rule: For every human, either they have higher education or they have no higher education, but not both.
conclusion: Ismael has no higher education.

Therefore, it is true that Ismael has no higher education. The correct option is: A."
"Given the facts below, answer the question.

Facts:
Zariah develops innovative projects. Zariah demonstrates professionalism. Anyone who develops innovative projects and demonstrates professionalism can earn recognition. Zariah cares for others. Zariah does not make people smile. If someone promotes happiness and cares for others, then they make people smile. Zariah does not enhance the beauty of the surroundings. Everyone who brings joy to others either enhances the beauty of their surroundings or promotes the happiness of those around them (or both). If Zariah creates public art, then she brings joy to others. Zariah does not improve the quality of life. Anyone who creates public art or designs green spaces can improve the quality of life.

Question:
Based on the above information, is the following statement true, false, or uncertain? Zariah does not foster community.

Options:
[""A) True"", ""B) False"", ""C) Uncertain""]","Given the facts below, answer the question.

Facts:
Hadley cares for others. Zariah does not enhance the beauty of the surroundings. If Zariah creates public art, then she brings joy to others. Zariah does not improve the quality of life. Zariah develops innovative projects. Hadley develops innovative projects. Anyone who creates public art or designs green spaces can improve the quality of life. Zariah cares for others. If Hadley designs green spaces, then she fosters community and earns recognition. If someone promotes happiness and cares for others, then they make people smile. If Zariah has creative talent, then she either builds eco-friendly structures or designs green spaces, but not both. Vihaan does not make people smile. Vihaan does not improve the quality of life. Zariah builds connections or promotes happiness. If Miller creates public art, then she brings joy to others. If Zariah expresses her creativity, then she will create public art. Everyone who brings joy to others either enhances the beauty of their surroundings or promotes the happiness of those around them (or both). Zariah demonstrates professionalism. Vihaan demonstrates professionalism. Hadley does not enhance the beauty of the surroundings. Anyone who develops innovative projects and demonstrates professionalism can earn recognition. Zariah does not make people smile.

Question:
Based on the above information, is the following statement true, false, or uncertain? Zariah does not foster community.

Options:
[""A) True"", ""B) False"", ""C) Uncertain""]",C,2,"fact1: Zariah develops innovative projects.
fact2: Zariah demonstrates professionalism.
rule: Anyone who develops innovative projects and demonstrates professionalism can earn recognition.
conclusion: Zariah earns recognition.
fact1: Zariah cares for others.
fact2: Zariah does not make people smile.
rule: If someone promotes happiness and cares for others, then they make people smile.
conclusion: Zariah does not promote the happiness of those around her.
fact1: Zariah does not enhance the beauty of the surroundings.
fact2: Zariah does not promote the happiness of those around her.
rule: Everyone who brings joy to others either enhances the beauty of their surroundings or promotes the happiness of those around them (or both).
conclusion: Zariah does not bring joy to others.
fact1: Zariah does not bring joy to others.
rule: If Zariah creates public art, then she brings joy to others.
conclusion: Zariah does not create public art.
fact1: Zariah does not create public art.
fact2: Zariah does not improve the quality of life.
rule: Anyone who creates public art or designs green spaces can improve the quality of life.
conclusion: Zariah does not design green spaces.

According to the context and the conclusions that have already been drawn, we can deduce that it is uncertain that Zariah does not foster community. The correct option is: C."
"Given the facts below, answer the question.

Facts:
Raphael prefers privacy. If Raphael prefers privacy, then he works behind the scenes. Raphael makes music. Raphael does not compose lyrics. If Raphael makes music, then he either composes lyrics or writes poetry (or both). Raphael makes films. Raphael does not express himself creatively. If someone either makes films or designs graphics (but not both), then they express themselves creatively. If Raphael creates visual art, then he either writes poetry or designs graphics (but not both). Raphael either works behind the scenes or performs live, but not both. Raphael remains anonymous. Raphael either remains anonymous or becomes influential, but not both. Raphael has passion. If someone inspires others and has passion, then they become influential. Anyone who produces music either performs live or inspires others (or both). For all humans, if someone is an urban artist, then they either create visual art or produce music (or both).

Question:
Based on the above information, is the following statement true, false, or uncertain? Raphael is not an urban artist.

Options:
[""A) True"", ""B) False"", ""C) Uncertain""]","Given the facts below, answer the question.

Facts:
Raphael either works behind the scenes or performs live, but not both. Raphael makes films. Raphael either remains anonymous or becomes influential, but not both. Anyone who produces music either performs live or inspires others (or both). Raphael does not compose lyrics. If Raphael creates visual art, then he either writes poetry or designs graphics (but not both). If Raphael makes music, then he either composes lyrics or writes poetry (or both). Raphael remains anonymous. Raphael makes music. Raphael does not express himself creatively. Danna remains anonymous. For all humans, if someone is an urban artist, then they either create visual art or produce music (or both). If Raphael prefers privacy, then he works behind the scenes. Raphael has passion. Raphael prefers privacy. If someone either makes films or designs graphics (but not both), then they express themselves creatively. If someone inspires others and has passion, then they become influential.

Question:
Based on the above information, is the following statement true, false, or uncertain? Raphael is not an urban artist.

Options:
[""A) True"", ""B) False"", ""C) Uncertain""]",A,0,"fact1: Raphael prefers privacy.
rule: If Raphael prefers privacy, then he works behind the scenes.
conclusion: Raphael works behind the scenes.
fact1: Raphael makes music.
fact2: Raphael does not compose lyrics.
rule: If Raphael makes music, then he either composes lyrics or writes poetry (or both).
conclusion: Raphael writes poetry.
fact1: Raphael makes films.
fact2: Raphael does not express himself creatively.
rule: If someone either makes films or designs graphics (but not both), then they express themselves creatively.
conclusion: Raphael designs graphics.
fact1: Raphael writes poetry.
fact2: Raphael designs graphics.
rule: If Raphael creates visual art, then he either writes poetry or designs graphics (but not both).
conclusion: Raphael does not create visual art.
fact1: Raphael works behind the scenes.
rule: Raphael either works behind the scenes or performs live, but not both.
conclusion: Raphael does not perform live.
fact1: Raphael remains anonymous.
rule: Raphael either remains anonymous or becomes influential, but not both.
conclusion: Raphael does not become influential.
fact1: Raphael has passion.
fact2: Raphael does not become influential.
rule: If someone inspires others and has passion, then they become influential.
conclusion: Raphael does not inspire others.
fact1: Raphael does not perform live.
fact2: Raphael does not inspire others.
rule: Anyone who produces music either performs live or inspires others (or both).
conclusion: Raphael does not produce music.
fact1: Raphael does not create visual art.
fact2: Raphael does not produce music.
rule: For all humans, if someone is an urban artist, then they either create visual art or produce music (or both).
conclusion: Raphael is not an urban artist.

Therefore, it is true that Raphael is not an urban artist. The correct option is: A."
"Given the facts below, answer the question.

Facts:
Zayne does not make informed decisions. If someone attains expertise, then they will make informed decisions. Zayne sets goals. Zayne stays motivated. If Zayne sets goals and stays motivated, then he achieves academic success. Zayne does not cultivate emotional intelligence. If Zayne achieves academic success, then he either masters complex issues or cultivates emotional intelligence, but not both. Zayne does not develop critical thinking. If Zayne masters complex issues, then he either gains wisdom or develops critical thinking (but not both). If Zayne seeks knowledge, then he will attain expertise. Zayne earns admiration. If Zayne becomes a respected ulema, then he either gains wisdom or earns admiration (but not both). If Zayne studies Islamic law or seeks knowledge, then he becomes a respected ulema.

Question:
Based on the above information, is the following statement true, false, or uncertain? Zayne does not study Islamic law.

Options:
[""A) True"", ""B) False"", ""C) Uncertain""]","Given the facts below, answer the question.

Facts:
If Zayne masters complex issues, then he either gains wisdom or develops critical thinking (but not both). If Zayne achieves academic success, then he either masters complex issues or cultivates emotional intelligence, but not both. Zayne does not cultivate emotional intelligence. If Zayne sets goals and stays motivated, then he achieves academic success. If Zayne seeks knowledge, then he will attain expertise. Zayne does not develop critical thinking. If someone attains expertise, then they will make informed decisions. If Zayne studies Islamic law or seeks knowledge, then he becomes a respected ulema. Zayne earns admiration. If Arleth studies Islamic law or seeks knowledge, then he becomes a respected ulema. Zayne stays motivated. Zayne does not make informed decisions. If Zayne becomes a respected ulema, then he either gains wisdom or earns admiration (but not both). Zayne sets goals. Cuddles sets goals.

Question:
Based on the above information, is the following statement true, false, or uncertain? Zayne does not study Islamic law.

Options:
[""A) True"", ""B) False"", ""C) Uncertain""]",A,0,"fact1: Zayne does not make informed decisions.
rule: If someone attains expertise, then they will make informed decisions.
conclusion: Zayne does not attain expertise.
fact1: Zayne sets goals.
fact2: Zayne stays motivated.
rule: If Zayne sets goals and stays motivated, then he achieves academic success.
conclusion: Zayne achieves academic success.
fact1: Zayne achieves academic success.
fact2: Zayne does not cultivate emotional intelligence.
rule: If Zayne achieves academic success, then he either masters complex issues or cultivates emotional intelligence, but not both.
conclusion: Zayne masters complex issues.
fact1: Zayne masters complex issues.
fact2: Zayne does not develop critical thinking.
rule: If Zayne masters complex issues, then he either gains wisdom or develops critical thinking (but not both).
conclusion: Zayne gains wisdom.
fact1: Zayne does not attain expertise.
rule: If Zayne seeks knowledge, then he will attain expertise.
conclusion: Zayne does not seek knowledge.
fact1: Zayne gains wisdom.
fact2: Zayne earns admiration.
rule: If Zayne becomes a respected ulema, then he either gains wisdom or earns admiration (but not both).
conclusion: Zayne does not become a respected ulema.
fact1: Zayne does not seek knowledge.
fact2: Zayne does not become a respected ulema.
rule: If Zayne studies Islamic law or seeks knowledge, then he becomes a respected ulema.
conclusion: Zayne does not study Islamic law.

Therefore, it is true that Zayne does not study Islamic law. The correct option is: A."
"Given the facts below, answer the question.

Facts:
Kevin does not gain confidence. Kevin does not become an inspiration to others. Anyone who receives awards either gains confidence or becomes an inspiration to others (or both). Kevin does not have influence. If someone is renowned, then they have influence. If someone either receives awards or earns respect, then they are renowned. If someone is a successful artist, then they earn respect. Kevin does not produce art. Kevin either creates unique work or produces art. Kevin does not develop his skills. Kevin either pursues his passion or develops his skills. Anyone who creates unique work and pursues their passion can gain recognition.

Question:
Based on the above information, is the following statement true, false, or uncertain? Kevin does not receive critical acclaim.

Options:
[""A) True"", ""B) False"", ""C) Uncertain""]","Given the facts below, answer the question.

Facts:
Kevin does not develop his skills. Anyone who creates unique work and pursues their passion can gain recognition. Anyone who receives awards either gains confidence or becomes an inspiration to others (or both). Dutton either pursues his passion or develops his skills. Romina does not develop his skills. Romina does not become an inspiration to others. Kevin either creates unique work or produces art. Kevin does not become an inspiration to others. If someone either receives awards or earns respect, then they are renowned. If someone is a successful artist, then they earn respect. Kevin does not gain confidence. Kevin does not have influence. Kevin either pursues his passion or develops his skills. Kevin does not produce art. If someone is renowned, then they have influence. Dutton either creates unique work or produces art.

Question:
Based on the above information, is the following statement true, false, or uncertain? Kevin does not receive critical acclaim.

Options:
[""A) True"", ""B) False"", ""C) Uncertain""]",C,2,"fact1: Kevin does not gain confidence.
fact2: Kevin does not become an inspiration to others.
rule: Anyone who receives awards either gains confidence or becomes an inspiration to others (or both).
conclusion: Kevin does not receive awards.
fact1: Kevin does not have influence.
rule: If someone is renowned, then they have influence.
conclusion: Kevin is not renowned.
fact1: Kevin does not receive awards.
fact2: Kevin is not renowned.
rule: If someone either receives awards or earns respect, then they are renowned.
conclusion: Kevin does not earn respect.
fact1: Kevin does not earn respect.
rule: If someone is a successful artist, then they earn respect.
conclusion: Kevin is not a successful artist.
fact1: Kevin does not produce art.
rule: Kevin either creates unique work or produces art.
conclusion: Kevin creates unique work.
fact1: Kevin does not develop his skills.
rule: Kevin either pursues his passion or develops his skills.
conclusion: Kevin pursues his passion.
fact1: Kevin creates unique work.
fact2: Kevin pursues his passion.
rule: Anyone who creates unique work and pursues their passion can gain recognition.
conclusion: Kevin gains recognition.

According to the context and the conclusions that have already been drawn, we can deduce that it is uncertain that Kevin does not receive critical acclaim. The correct option is: C."
"Given the facts below, answer the question.

Facts:
Lilliana is self-motivated. Lilliana seeks guidance. If Lilliana is self-motivated, then she either works individually or seeks guidance (but not both). Lilliana learns from failure. Lilliana either has expertise or learns from failure, but not both. Lilliana does not achieve success. Anyone who has expertise or collaborates with others can achieve success. Lilliana is not respected. If Lilliana finds solutions, then she is respected. If Lilliana makes connections, then she either works individually or collaborates with others (but not both). If Lilliana either thinks carefully or makes connections (but not both), then she finds solutions. Lilliana cannot solve mysteries. If Lilliana thinks carefully or is observant, then she can solve mysteries.

Question:
Based on the above information, is the following statement true, false, or uncertain? Lilliana is analytical, or observant, or logical.

Options:
[""A) True"", ""B) False"", ""C) Uncertain""]","Given the facts below, answer the question.

Facts:
If Lilliana thinks carefully or is observant, then she can solve mysteries. If Antonio makes connections, then she either works individually or collaborates with others (but not both). Lilliana seeks guidance. Lilliana cannot solve mysteries. If Kevin thinks carefully or is observant, then she can solve mysteries. Anyone who has expertise or collaborates with others can achieve success. Lilliana either has expertise or learns from failure, but not both. If Lilliana either thinks carefully or makes connections (but not both), then she finds solutions. Lilliana learns from failure. Kaydence seeks guidance. If Lilliana is self-motivated, then she either works individually or seeks guidance (but not both). If Lilliana finds solutions, then she is respected. Lilliana is self-motivated. If Lilliana makes connections, then she either works individually or collaborates with others (but not both). Lilliana does not achieve success. Kevin is not respected. Lilliana is not respected. Kaydence is self-motivated. Kaydence learns from failure. Antonio cannot solve mysteries. Antonio does not achieve success.

Question:
Based on the above information, is the following statement true, false, or uncertain? Lilliana is analytical, or observant, or logical.

Options:
[""A) True"", ""B) False"", ""C) Uncertain""]",C,2,"fact1: Lilliana is self-motivated.
fact2: Lilliana seeks guidance.
rule: If Lilliana is self-motivated, then she either works individually or seeks guidance (but not both).
conclusion: Lilliana does not work individually.
fact1: Lilliana learns from failure.
rule: Lilliana either has expertise or learns from failure, but not both.
conclusion: Lilliana does not have expertise.
fact1: Lilliana does not have expertise.
fact2: Lilliana does not achieve success.
rule: Anyone who has expertise or collaborates with others can achieve success.
conclusion: Lilliana does not collaborate with others.
fact1: Lilliana is not respected.
rule: If Lilliana finds solutions, then she is respected.
conclusion: Lilliana does not find solutions.
fact1: Lilliana does not work individually.
fact2: Lilliana does not collaborate with others.
rule: If Lilliana makes connections, then she either works individually or collaborates with others (but not both).
conclusion: Lilliana does not make connections.
fact1: Lilliana does not make connections.
fact2: Lilliana does not find solutions.
rule: If Lilliana either thinks carefully or makes connections (but not both), then she finds solutions.
conclusion: Lilliana does not think carefully.
fact1: Lilliana does not think carefully.
fact2: Lilliana cannot solve mysteries.
rule: If Lilliana thinks carefully or is observant, then she can solve mysteries.
conclusion: Lilliana is not observant.

According to the context and the conclusions that have already been drawn, we can deduce that it is uncertain that Lilliana is analytical, or observant, or logical. The correct option is: C."
"Given the facts below, answer the question.

Facts:
Kaysen collaborates with governments. Kaysen either raises global awareness or collaborates with governments, but not both. Kaysen protects biodiversity. Kaysen either protects biodiversity or supports ecological balance, but not both. Kaysen either educates local communities or raises global awareness, but not both. Kaysen either educates local communities or promotes sustainability, but not both. If Kaysen either advocates for conservation or promotes sustainability (but not both), then he supports ecological balance. Kaysen does not study marine ecosystems. If Kaysen studies marine ecosystems or sees environmental damage, then he advocates for conservation.

Question:
Based on the above information, is the following statement true, false, or uncertain? Kaysen sees environmental damage.

Options:
[""A) True"", ""B) False"", ""C) Uncertain""]","Given the facts below, answer the question.

Facts:
Kaysen either educates local communities or raises global awareness, but not both. Kaysen either protects biodiversity or supports ecological balance, but not both. Brynleigh either raises global awareness or collaborates with governments, but not both. Kashton collaborates with governments. If Monica studies marine ecosystems or sees environmental damage, then he advocates for conservation. If Kaysen either advocates for conservation or promotes sustainability (but not both), then he supports ecological balance. Kashton protects biodiversity. Kaysen collaborates with governments. Kaysen either raises global awareness or collaborates with governments, but not both. Kaysen protects biodiversity. If Kaysen studies marine ecosystems or sees environmental damage, then he advocates for conservation. If Monica either advocates for conservation or promotes sustainability (but not both), then he supports ecological balance. Kaysen does not study marine ecosystems. Kaysen either educates local communities or promotes sustainability, but not both.

Question:
Based on the above information, is the following statement true, false, or uncertain? Kaysen sees environmental damage.

Options:
[""A) True"", ""B) False"", ""C) Uncertain""]",B,1,"fact1: Kaysen collaborates with governments.
rule: Kaysen either raises global awareness or collaborates with governments, but not both.
conclusion: Kaysen does not raise global awareness.
fact1: Kaysen protects biodiversity.
rule: Kaysen either protects biodiversity or supports ecological balance, but not both.
conclusion: Kaysen does not support ecological balance.
fact1: Kaysen does not raise global awareness.
rule: Kaysen either educates local communities or raises global awareness, but not both.
conclusion: Kaysen educates local communities.
fact1: Kaysen educates local communities.
rule: Kaysen either educates local communities or promotes sustainability, but not both.
conclusion: Kaysen does not promote sustainability.
fact1: Kaysen does not promote sustainability.
fact2: Kaysen does not support ecological balance.
rule: If Kaysen either advocates for conservation or promotes sustainability (but not both), then he supports ecological balance.
conclusion: Kaysen does not advocate for conservation.
fact1: Kaysen does not study marine ecosystems.
fact2: Kaysen does not advocate for conservation.
rule: If Kaysen studies marine ecosystems or sees environmental damage, then he advocates for conservation.
conclusion: Kaysen sees environmental damage.

Therefore, it is false that Kaysen sees environmental damage. The correct option is: B."
"Given the facts below, answer the question.

Facts:
Trenton holds a leadership position. Trenton fosters community engagement. If Trenton holds a leadership position, then he either fosters community engagement or drives social change (but not both). Trenton did not achieve recognition. If Trenton collaborates with experts, then he will achieve recognition. Trenton either designs new technologies or collaborates with experts, but not both. If Trenton either creates innovative products or designs new technologies (but not both), then he drives social change. Trenton does not make an eco-friendly impact. If Trenton either creates innovative products or develops green solutions (but not both), then he makes an eco-friendly impact. Trenton does not analyze ecosystems. If Trenton either analyzes ecosystems or develops green solutions (but not both), then he contributes to sustainability.

Question:
Based on the above information, is the following statement true, false, or uncertain? Trenton does not work on farms.

Options:
[""A) True"", ""B) False"", ""C) Uncertain""]","Given the facts below, answer the question.

Facts:
If Boo either analyzes ecosystems or develops green solutions (but not both), then he contributes to sustainability. Ledger does not make an eco-friendly impact. Garrett does not analyze ecosystems. If Ledger either studies entomology or conducts biological research (but not both), then he contributes to sustainability. Trenton does not make an eco-friendly impact. Trenton fosters community engagement. If Trenton holds a leadership position, then he either fosters community engagement or drives social change (but not both). If Ledger studies entomology or works on farms, then he understands pest control. If Trenton collaborates with experts, then he will achieve recognition. Trenton either designs new technologies or collaborates with experts, but not both. Ledger either designs new technologies or collaborates with experts, but not both. Trenton holds a leadership position. If Trenton either creates innovative products or designs new technologies (but not both), then he drives social change. If Trenton either analyzes ecosystems or develops green solutions (but not both), then he contributes to sustainability. Trenton does not analyze ecosystems. Boo fosters community engagement. Trenton did not achieve recognition. If Trenton either creates innovative products or develops green solutions (but not both), then he makes an eco-friendly impact.

Question:
Based on the above information, is the following statement true, false, or uncertain? Trenton does not work on farms.

Options:
[""A) True"", ""B) False"", ""C) Uncertain""]",C,2,"fact1: Trenton holds a leadership position.
fact2: Trenton fosters community engagement.
rule: If Trenton holds a leadership position, then he either fosters community engagement or drives social change (but not both).
conclusion: Trenton does not drive social change.
fact1: Trenton did not achieve recognition.
rule: If Trenton collaborates with experts, then he will achieve recognition.
conclusion: Trenton does not collaborate with experts.
fact1: Trenton does not collaborate with experts.
rule: Trenton either designs new technologies or collaborates with experts, but not both.
conclusion: Trenton designs new technologies.
fact1: Trenton designs new technologies.
fact2: Trenton does not drive social change.
rule: If Trenton either creates innovative products or designs new technologies (but not both), then he drives social change.
conclusion: Trenton creates innovative products.
fact1: Trenton creates innovative products.
fact2: Trenton does not make an eco-friendly impact.
rule: If Trenton either creates innovative products or develops green solutions (but not both), then he makes an eco-friendly impact.
conclusion: Trenton develops green solutions.
fact1: Trenton does not analyze ecosystems.
fact2: Trenton develops green solutions.
rule: If Trenton either analyzes ecosystems or develops green solutions (but not both), then he contributes to sustainability.
conclusion: Trenton contributes to sustainability.

According to the context and the conclusions that have already been drawn, we can deduce that it is uncertain that Trenton does not work on farms. The correct option is: C."
"Given the facts below, answer the question.

Facts:
Mason does not respect his ancestors. If someone follows tradition, then they respect their ancestors. Mason seeks recognition. Mason either values quality or seeks recognition, but not both. For Mason, either he experiments with techniques or he follows tradition, but not both. Mason cares about his customers. If someone has a good reputation, then they value quality and care about their customers. Mason explores new materials. Anyone who experiments with techniques and explores new materials can work innovatively. If Mason creates comfortable products, then he has a good reputation. Mason is either a master craftsman or works innovatively, but not both. Mason is either a skilled hosier or a master craftsman, but not both. For all humans, if someone is a skilled hosier, then they either create comfortable products or pay attention to detail (or both).

Question:
Based on the above information, is the following statement true, false, or uncertain? Mason does not pay attention to detail.

Options:
[""A) True"", ""B) False"", ""C) Uncertain""]","Given the facts below, answer the question.

Facts:
Mason explores new materials. If someone follows tradition, then they respect their ancestors. Mason either values quality or seeks recognition, but not both. Mason is either a skilled hosier or a master craftsman, but not both. Mason seeks recognition. Mason is either a master craftsman or works innovatively, but not both. If Mason creates comfortable products, then he has a good reputation. If someone has a good reputation, then they value quality and care about their customers. Zavier either values quality or seeks recognition, but not both. Harmony seeks recognition. Mason does not respect his ancestors. For all humans, if someone is a skilled hosier, then they either create comfortable products or pay attention to detail (or both). Bowen explores new materials. For Mason, either he experiments with techniques or he follows tradition, but not both. Anyone who experiments with techniques and explores new materials can work innovatively. Mason cares about his customers.

Question:
Based on the above information, is the following statement true, false, or uncertain? Mason does not pay attention to detail.

Options:
[""A) True"", ""B) False"", ""C) Uncertain""]",B,1,"fact1: Mason does not respect his ancestors.
rule: If someone follows tradition, then they respect their ancestors.
conclusion: Mason does not follow tradition.
fact1: Mason seeks recognition.
rule: Mason either values quality or seeks recognition, but not both.
conclusion: Mason does not value quality.
fact1: Mason does not follow tradition.
rule: For Mason, either he experiments with techniques or he follows tradition, but not both.
conclusion: Mason experiments with techniques.
fact1: Mason does not value quality.
fact2: Mason cares about his customers.
rule: If someone has a good reputation, then they value quality and care about their customers.
conclusion: Mason does not have a good reputation.
fact1: Mason experiments with techniques.
fact2: Mason explores new materials.
rule: Anyone who experiments with techniques and explores new materials can work innovatively.
conclusion: Mason works innovatively.
fact1: Mason does not have a good reputation.
rule: If Mason creates comfortable products, then he has a good reputation.
conclusion: Mason does not create comfortable products.
fact1: Mason works innovatively.
rule: Mason is either a master craftsman or works innovatively, but not both.
conclusion: Mason is not a master craftsman.
fact1: Mason is not a master craftsman.
rule: Mason is either a skilled hosier or a master craftsman, but not both.
conclusion: Mason is a skilled hosier.
fact1: Mason is a skilled hosier.
fact2: Mason does not create comfortable products.
rule: For all humans, if someone is a skilled hosier, then they either create comfortable products or pay attention to detail (or both).
conclusion: Mason does not pay attention to detail.

Therefore, it is false that Mason does not pay attention to detail. The correct option is: B."
"Given the facts below, answer the question.

Facts:
Annalise does not have laboratory experience. Annalise either studies animals or has laboratory experience, but not both. If Annalise studies animals or works outdoors, then she can be a zoologist. Annalise preserves habitats. If Annalise is a zoologist, then she either preserves habitats or cares about the ecosystem, but not both. Annalise does not advocate for conservation. Everyone who either protects wildlife or advocates for conservation is someone who cares about the ecosystem. If Annalise is concerned about the environment, then she will protect wildlife. Annalise is either concerned about the environment or dedicated to research (or both).

Question:
Based on the above information, is the following statement true, false, or uncertain? Annalise is not dedicated to research.

Options:
[""A) True"", ""B) False"", ""C) Uncertain""]","Given the facts below, answer the question.

Facts:
Everyone who either protects wildlife or advocates for conservation is someone who cares about the ecosystem. Annalise preserves habitats. If Annalise is a zoologist, then she either preserves habitats or cares about the ecosystem, but not both. If Annalise studies animals or works outdoors, then she can be a zoologist. Annalise is either concerned about the environment or dedicated to research (or both). If Everly is concerned about the environment, then she will protect wildlife. Easton either studies animals or has laboratory experience, but not both. If Annalise is concerned about the environment, then she will protect wildlife. Annalise does not have laboratory experience. Annalise does not advocate for conservation. If Easton is a zoologist, then she either preserves habitats or cares about the ecosystem, but not both. Annalise either studies animals or has laboratory experience, but not both.

Question:
Based on the above information, is the following statement true, false, or uncertain? Annalise is not dedicated to research.

Options:
[""A) True"", ""B) False"", ""C) Uncertain""]",B,1,"fact1: Annalise does not have laboratory experience.
rule: Annalise either studies animals or has laboratory experience, but not both.
conclusion: Annalise studies animals.
fact1: Annalise studies animals.
rule: If Annalise studies animals or works outdoors, then she can be a zoologist.
conclusion: Annalise is a zoologist.
fact1: Annalise is a zoologist.
fact2: Annalise preserves habitats.
rule: If Annalise is a zoologist, then she either preserves habitats or cares about the ecosystem, but not both.
conclusion: Annalise does not care about the ecosystem.
fact1: Annalise does not advocate for conservation.
fact2: Annalise does not care about the ecosystem.
rule: Everyone who either protects wildlife or advocates for conservation is someone who cares about the ecosystem.
conclusion: Annalise does not protect wildlife.
fact1: Annalise does not protect wildlife.
rule: If Annalise is concerned about the environment, then she will protect wildlife.
conclusion: Annalise is not concerned about the environment.
fact1: Annalise is not concerned about the environment.
rule: Annalise is either concerned about the environment or dedicated to research (or both).
conclusion: Annalise is not dedicated to research.

Therefore, it is false that Annalise is not dedicated to research. The correct option is: B."
"Given the facts below, answer the question.

Facts:
Rhett does not listen empathetically. Rhett either listens empathetically or speaks authentically, but not both. Rhett knows his script. Anyone who knows their script will perform confidently. Rhett is passionate. If Rhett is passionate, then he either speaks authentically or has charisma, but not both. If Rhett either practices diligently or performs confidently (but not both), then he has charisma. Rhett does not have good pitch. If Rhett practices diligently or has good pitch, then he is talented. Rhett is not successful. If Rhett is either talented or persistent (but not both), then he is successful.

Question:
Based on the above information, is the following statement true, false, or uncertain? Rhett is not persistent.

Options:
[""A) True"", ""B) False"", ""C) Uncertain""]","Given the facts below, answer the question.

Facts:
If Rhett either practices diligently or performs confidently (but not both), then he has charisma. Rhett does not have good pitch. Isaias is passionate. Rhett either listens empathetically or speaks authentically, but not both. Rhett knows his script. Rhett is passionate. If Rhett is passionate, then he either speaks authentically or has charisma, but not both. Rhett does not listen empathetically. Anyone who knows their script will perform confidently. If Rhett practices diligently or has good pitch, then he is talented. If Avah is passionate, then he either speaks authentically or has charisma, but not both. Rhett is not successful. If Rhett is either talented or persistent (but not both), then he is successful.

Question:
Based on the above information, is the following statement true, false, or uncertain? Rhett is not persistent.

Options:
[""A) True"", ""B) False"", ""C) Uncertain""]",B,1,"fact1: Rhett does not listen empathetically.
rule: Rhett either listens empathetically or speaks authentically, but not both.
conclusion: Rhett speaks authentically.
fact1: Rhett knows his script.
rule: Anyone who knows their script will perform confidently.
conclusion: Rhett performs confidently.
fact1: Rhett is passionate.
fact2: Rhett speaks authentically.
rule: If Rhett is passionate, then he either speaks authentically or has charisma, but not both.
conclusion: Rhett does not have charisma.
fact1: Rhett performs confidently.
fact2: Rhett does not have charisma.
rule: If Rhett either practices diligently or performs confidently (but not both), then he has charisma.
conclusion: Rhett practices diligently.
fact1: Rhett practices diligently.
fact2: Rhett does not have good pitch.
rule: If Rhett practices diligently or has good pitch, then he is talented.
conclusion: Rhett is talented.
fact1: Rhett is talented.
fact2: Rhett is not successful.
rule: If Rhett is either talented or persistent (but not both), then he is successful.
conclusion: Rhett is not persistent.

Therefore, it is false that Rhett is not persistent. The correct option is: B."
"Given the facts below, answer the question.

Facts:
Vivian reforms her behavior. If Vivian reforms her behavior, then she will be paroled. Vivian does not become productive. If Vivian is paroled, then she either lives a virtuous life or becomes productive, but not both. Vivian either overcomes addiction or lives a virtuous life, but not both. Vivian does not fight her weakness. Everyone fights their weakness or seeks help. For anyone who seeks help and turns their life around, they can overcome addiction. Vivian either turns her life around or gets a second chance. Vivian learns from her experiences. Vivian either regrets past mistakes or learns from her experiences, but not both.

Question:
Based on the above information, is the following statement true, false, or uncertain? Vivian participates in rehabilitation.

Options:
[""A) True"", ""B) False"", ""C) Uncertain""]","Given the facts below, answer the question.

Facts:
Vivian either turns her life around or gets a second chance. Everyone fights their weakness or seeks help. Misael either overcomes addiction or lives a virtuous life, but not both. Khari learns from her experiences. If Vivian either avoids bad influences or builds a support network (but not both), then she can overcome addiction. For anyone who seeks help and turns their life around, they can overcome addiction. If Vivian serves time, then she is either paroled or gains freedom, but not both. If Vivian reforms her behavior, then she will be paroled. Vivian either overcomes addiction or lives a virtuous life, but not both. Anyone who finds support or makes amends can turn their life around. Vivian does not become productive. If Khari reforms her behavior, then she will be paroled. Misael does not fight her weakness. Vivian does not fight her weakness. If Misael is paroled, then she either lives a virtuous life or becomes productive, but not both. Alessandro either turns her life around or gets a second chance. Vivian reforms her behavior. Alessandro either regrets past mistakes or learns from her experiences, but not both. If Vivian is paroled, then she either lives a virtuous life or becomes productive, but not both. Everyone who takes responsibility for their actions either regrets past mistakes or makes amends. Misael does not become productive. If Vivian faces struggles, then she will seek help. Vivian either regrets past mistakes or learns from her experiences, but not both. Vivian learns from her experiences. Misael reforms her behavior.

Question:
Based on the above information, is the following statement true, false, or uncertain? Vivian participates in rehabilitation.

Options:
[""A) True"", ""B) False"", ""C) Uncertain""]",C,2,"fact1: Vivian reforms her behavior.
rule: If Vivian reforms her behavior, then she will be paroled.
conclusion: Vivian is paroled.
fact1: Vivian is paroled.
fact2: Vivian does not become productive.
rule: If Vivian is paroled, then she either lives a virtuous life or becomes productive, but not both.
conclusion: Vivian lives a virtuous life.
fact1: Vivian lives a virtuous life.
rule: Vivian either overcomes addiction or lives a virtuous life, but not both.
conclusion: Vivian does not overcome addiction.
fact1: Vivian does not fight her weakness.
rule: Everyone fights their weakness or seeks help.
conclusion: Vivian seeks help.
fact1: Vivian seeks help.
fact2: Vivian does not overcome addiction.
rule: For anyone who seeks help and turns their life around, they can overcome addiction.
conclusion: Vivian does not turn her life around.
fact1: Vivian does not turn her life around.
rule: Vivian either turns her life around or gets a second chance.
conclusion: Vivian gets a second chance.
fact1: Vivian learns from her experiences.
rule: Vivian either regrets past mistakes or learns from her experiences, but not both.
conclusion: Vivian does not regret her past mistakes.

According to the context and the conclusions that have already been drawn, we can deduce that it is uncertain that Vivian participates in rehabilitation. The correct option is: C."
"Given the facts below, answer the question.

Facts:
Alayna has a disability. If someone has a disability, then they will face challenges. Alayna cannot reach her potential. Anyone who learns quickly or makes progress can reach their potential. Alayna creates plans. If Alayna sets goals and creates plans, then she makes progress. Alayna stays focused. If someone works hard, then they set goals and stay focused. Alayna develops resilience. If Alayna faces challenges, then she develops resilience and overcomes adversity. Alayna does not pursue her passion. If Alayna overcomes adversity, then she either gains recognition or pursues her passion (or both). Alayna does not receive training. Alayna cannot play professionally. If Alayna receives training or has experience, then she can play professionally. If Alayna is talented, then she either has experience or works hard, but not both.

Question:
Based on the above information, is the following statement true, false, or uncertain? If Alayna is talented or determined, then she achieves success.

Options:
[""A) True"", ""B) False"", ""C) Uncertain""]","Given the facts below, answer the question.

Facts:
If someone works hard, then they set goals and stay focused. Vihaan cannot reach her potential. If Alayna faces challenges, then she develops resilience and overcomes adversity. If Magdalena overcomes adversity, then she either gains recognition or pursues her passion (or both). If Alayna is talented, then she either has experience or works hard, but not both. If Jaden is talented, then she either has experience or works hard, but not both. If Alayna overcomes adversity, then she either gains recognition or pursues her passion (or both). Alayna does not receive training. If Jaden sets goals and creates plans, then she makes progress. Alayna does not pursue her passion. Jaden develops resilience. If someone has a disability, then they will face challenges. Vihaan stays focused. Alayna creates plans. Anyone who learns quickly or makes progress can reach their potential. Alayna cannot play professionally. If Alayna receives training or has experience, then she can play professionally. If Alayna sets goals and creates plans, then she makes progress. Magdalena creates plans. Alayna cannot reach her potential. Alayna develops resilience. Alayna has a disability. Vihaan does not receive training. Alayna stays focused.

Question:
Based on the above information, is the following statement true, false, or uncertain? If Alayna is talented or determined, then she achieves success.

Options:
[""A) True"", ""B) False"", ""C) Uncertain""]",C,2,"fact1: Alayna has a disability.
rule: If someone has a disability, then they will face challenges.
conclusion: Alayna faces challenges.
fact1: Alayna cannot reach her potential.
rule: Anyone who learns quickly or makes progress can reach their potential.
conclusion: Alayna does not make progress.
fact1: Alayna creates plans.
fact2: Alayna does not make progress.
rule: If Alayna sets goals and creates plans, then she makes progress.
conclusion: Alayna does not set goals.
fact1: Alayna does not set goals.
fact2: Alayna stays focused.
rule: If someone works hard, then they set goals and stay focused.
conclusion: Alayna does not work hard.
fact1: Alayna faces challenges.
fact2: Alayna develops resilience.
rule: If Alayna faces challenges, then she develops resilience and overcomes adversity.
conclusion: Alayna overcomes adversity.
fact1: Alayna overcomes adversity.
fact2: Alayna does not pursue her passion.
rule: If Alayna overcomes adversity, then she either gains recognition or pursues her passion (or both).
conclusion: Alayna gains recognition.
fact1: Alayna does not receive training.
fact2: Alayna cannot play professionally.
rule: If Alayna receives training or has experience, then she can play professionally.
conclusion: Alayna does not have experience.
fact1: Alayna does not have experience.
fact2: Alayna does not work hard.
rule: If Alayna is talented, then she either has experience or works hard, but not both.
conclusion: Alayna is not talented.

According to the context and the conclusions that have already been drawn, we can deduce that it is uncertain that If Alayna is talented or determined, then she achieves success. The correct option is: C."
"Given the facts below, answer the question.

Facts:
Caleb speaks confidently. Caleb does not influence others. If Caleb either speaks confidently or listens actively (but not both), then he influences others. Caleb does not express emotions. Everyone expresses emotions or has strong opinions. Caleb thinks creatively. Caleb either thinks creatively or speaks fluently, but not both. If Caleb has strong opinions, then he either communicates effectively or listens actively, but not both. For all humans, if they either have good vocabulary or speak fluently, then they communicate effectively. Anyone who reads widely or enjoys storytelling has good vocabulary. Caleb either practices poetry regularly or enjoys storytelling, but not both. For all humans, if they practice poetry regularly, then they develop good language skills.

Question:
Based on the above information, is the following statement true, false, or uncertain? Caleb does not develop good language skills.

Options:
[""A) True"", ""B) False"", ""C) Uncertain""]","Given the facts below, answer the question.

Facts:
For all humans, if they practice poetry regularly, then they develop good language skills. Everyone expresses emotions or has strong opinions. Caleb thinks creatively. If Caleb has strong opinions, then he either communicates effectively or listens actively, but not both. Tootsie does not express emotions. If Jaxton has strong opinions, then he either communicates effectively or listens actively, but not both. If Caleb either speaks confidently or listens actively (but not both), then he influences others. For all humans, if they either have good vocabulary or speak fluently, then they communicate effectively. Kaylani thinks creatively. Tootsie does not influence others. Caleb does not express emotions. Tootsie either practices poetry regularly or enjoys storytelling, but not both. Kaylani speaks confidently. Anyone who speaks passionately or thinks critically has strong opinions. Anyone who reads widely or enjoys storytelling has good vocabulary. Caleb either thinks creatively or speaks fluently, but not both. Kaylani either thinks creatively or speaks fluently, but not both. If Jaxton either speaks confidently or listens actively (but not both), then he influences others. Caleb either practices poetry regularly or enjoys storytelling, but not both. Caleb does not influence others. Caleb speaks confidently.

Question:
Based on the above information, is the following statement true, false, or uncertain? Caleb does not develop good language skills.

Options:
[""A) True"", ""B) False"", ""C) Uncertain""]",B,1,"fact1: Caleb speaks confidently.
fact2: Caleb does not influence others.
rule: If Caleb either speaks confidently or listens actively (but not both), then he influences others.
conclusion: Caleb listens actively.
fact1: Caleb does not express emotions.
rule: Everyone expresses emotions or has strong opinions.
conclusion: Caleb has strong opinions.
fact1: Caleb thinks creatively.
rule: Caleb either thinks creatively or speaks fluently, but not both.
conclusion: Caleb does not speak fluently.
fact1: Caleb has strong opinions.
fact2: Caleb listens actively.
rule: If Caleb has strong opinions, then he either communicates effectively or listens actively, but not both.
conclusion: Caleb does not communicate effectively.
fact1: Caleb does not speak fluently.
fact2: Caleb does not communicate effectively.
rule: For all humans, if they either have good vocabulary or speak fluently, then they communicate effectively.
conclusion: Caleb does not have good vocabulary.
fact1: Caleb does not have good vocabulary.
rule: Anyone who reads widely or enjoys storytelling has good vocabulary.
conclusion: Caleb does not enjoy storytelling.
fact1: Caleb does not enjoy storytelling.
rule: Caleb either practices poetry regularly or enjoys storytelling, but not both.
conclusion: Caleb practices poetry regularly.
fact1: Caleb practices poetry regularly.
rule: For all humans, if they practice poetry regularly, then they develop good language skills.
conclusion: Caleb does not develop good language skills.

Therefore, it is false that Caleb does not develop good language skills. The correct option is: B."
"Given the facts below, answer the question.

Facts:
Soren attends festivals. Soren collects artifacts. If Soren attends festivals, then he either enjoys traditional food or collects artifacts (but not both). Soren does not respect opinions. If someone embraces change, then they respect opinions and build connections. Soren does not listen to world music. If Soren appreciates culture, then he either enjoys traditional food or listens to world music (but not both). Soren does not speak multiple languages. If Soren is either a cultural ambassador or speaks multiple languages (but not both), then he appreciates culture. Soren either has narrow views or embraces change. Soren either values diversity or has narrow views, but not both. If someone is open-minded, then they value diversity. If Soren has a mixed cultural background, then he is either a cultural ambassador or open-minded (or both).

Question:
Based on the above information, is the following statement true, false, or uncertain? Soren has a mixed cultural background.

Options:
[""A) True"", ""B) False"", ""C) Uncertain""]","Given the facts below, answer the question.

Facts:
Soren collects artifacts. Soren either values diversity or has narrow views, but not both. If Soren attends festivals, then he either enjoys traditional food or collects artifacts (but not both). If Soren is either a cultural ambassador or speaks multiple languages (but not both), then he appreciates culture. Soren does not listen to world music. If Kian attends festivals, then he either enjoys traditional food or collects artifacts (but not both). Kian either has narrow views or embraces change. Eugene either values diversity or has narrow views, but not both. Soren does not respect opinions. Eugene does not respect opinions. Soren either has narrow views or embraces change. If Soren appreciates culture, then he either enjoys traditional food or listens to world music (but not both). Soren attends festivals. Kian collects artifacts. If Soren has a mixed cultural background, then he is either a cultural ambassador or open-minded (or both). Soren does not speak multiple languages. Kian does not listen to world music. If Kian is either a cultural ambassador or speaks multiple languages (but not both), then he appreciates culture. If someone is open-minded, then they value diversity. If someone embraces change, then they respect opinions and build connections.

Question:
Based on the above information, is the following statement true, false, or uncertain? Soren has a mixed cultural background.

Options:
[""A) True"", ""B) False"", ""C) Uncertain""]",B,1,"fact1: Soren attends festivals.
fact2: Soren collects artifacts.
rule: If Soren attends festivals, then he either enjoys traditional food or collects artifacts (but not both).
conclusion: Soren does not enjoy traditional food.
fact1: Soren does not respect opinions.
rule: If someone embraces change, then they respect opinions and build connections.
conclusion: Soren does not embrace change.
fact1: Soren does not enjoy traditional food.
fact2: Soren does not listen to world music.
rule: If Soren appreciates culture, then he either enjoys traditional food or listens to world music (but not both).
conclusion: Soren does not appreciate culture.
fact1: Soren does not speak multiple languages.
fact2: Soren does not appreciate culture.
rule: If Soren is either a cultural ambassador or speaks multiple languages (but not both), then he appreciates culture.
conclusion: Soren is not a cultural ambassador.
fact1: Soren does not embrace change.
rule: Soren either has narrow views or embraces change.
conclusion: Soren has narrow views.
fact1: Soren has narrow views.
rule: Soren either values diversity or has narrow views, but not both.
conclusion: Soren does not value diversity.
fact1: Soren does not value diversity.
rule: If someone is open-minded, then they value diversity.
conclusion: Soren is not open-minded.
fact1: Soren is not a cultural ambassador.
fact2: Soren is not open-minded.
rule: If Soren has a mixed cultural background, then he is either a cultural ambassador or open-minded (or both).
conclusion: Soren has a mixed cultural background.

Therefore, it is false that Soren has a mixed cultural background. The correct option is: B."
"Given the facts below, answer the question.

Facts:
Bambi is agile. If Bambi is agile or has large eyes, then she has charisma. Bambi is sensitive. Bambi is nocturnal. If Bambi is sensitive and is nocturnal, then she has a ghostly appearance. Bambi does not inspire awe. If Bambi has a luminous coat or has otherworldly powers, then she inspires awe. If Bambi leaves trails and has a ghostly appearance, then she has otherworldly powers. Bambi does not find food. Bambi either roams freely or finds food. All deer that roam freely and are innocent leave trails. Every deer either has natural beauty or is innocent (or both).

Question:
Based on the above information, is the following statement true, false, or uncertain? Bambi has natural beauty.

Options:
[""A) True"", ""B) False"", ""C) Uncertain""]","Given the facts below, answer the question.

Facts:
Bambi does not inspire awe. Nayeli is nocturnal. If Bambi has a luminous coat or has otherworldly powers, then she inspires awe. Bambi either roams freely or finds food. If Bambi is agile or has large eyes, then she has charisma. Bambi is agile. Alessandro moves gracefully. Every deer either has natural beauty or is innocent (or both). If Bambi is sensitive and is nocturnal, then she has a ghostly appearance. Alessandro either roams freely or finds food. Bambi does not find food. Kaitlyn is not playful. If Alessandro is agile or has large eyes, then she has charisma. If Nayeli is playful, then she has either fluffy ears or large eyes, but not both. If Nayeli leaves trails and has a ghostly appearance, then she has otherworldly powers. All deer that roam freely and are innocent leave trails. If Alessandro moves gracefully or has a luminous coat, then she has charisma. Bambi is nocturnal. If Bambi leaves trails and has a ghostly appearance, then she has otherworldly powers. Bambi is sensitive. Nayeli is agile. If Kaitlyn has a luminous coat or has otherworldly powers, then she inspires awe. Alessandro does not inspire awe.

Question:
Based on the above information, is the following statement true, false, or uncertain? Bambi has natural beauty.

Options:
[""A) True"", ""B) False"", ""C) Uncertain""]",A,0,"fact1: Bambi is agile.
rule: If Bambi is agile or has large eyes, then she has charisma.
conclusion: Bambi has charisma.
fact1: Bambi is sensitive.
fact2: Bambi is nocturnal.
rule: If Bambi is sensitive and is nocturnal, then she has a ghostly appearance.
conclusion: Bambi has a ghostly appearance.
fact1: Bambi does not inspire awe.
rule: If Bambi has a luminous coat or has otherworldly powers, then she inspires awe.
conclusion: Bambi does not have otherworldly powers.
fact1: Bambi has a ghostly appearance.
fact2: Bambi does not have otherworldly powers.
rule: If Bambi leaves trails and has a ghostly appearance, then she has otherworldly powers.
conclusion: Bambi does not leave trails.
fact1: Bambi does not find food.
rule: Bambi either roams freely or finds food.
conclusion: Bambi roams freely.
fact1: Bambi roams freely.
fact2: Bambi does not leave trails.
rule: All deer that roam freely and are innocent leave trails.
conclusion: Bambi is not innocent.
fact1: Bambi is not innocent.
rule: Every deer either has natural beauty or is innocent (or both).
conclusion: Bambi has natural beauty.

Therefore, it is true that Bambi has natural beauty. The correct option is: A."
"Given the facts below, answer the question.

Facts:
Elora does not misinterpret facts. If someone loses context, then they will misinterpret facts. Elora does not face consequences. Anyone who damages history will face consequences. Elora does not remove context. Anyone who discards relics either removes context or damages history (or both). Elora admires history. If Elora admires history, then she values heritage and studies artifacts. Elora does not distort the truth. If Elora either neglects legacies or discards relics (but not both), then she will distort the truth. For all humans, if they either dismiss history or neglect legacies (but not both), then they lose context. Elora disregards tradition. If Elora disregards tradition or dismisses history, then she ignores culture. Elora either values heritage or respects culture, but not both. If Elora either respects culture or ignores culture (but not both), then she is a respected scholar.

Question:
Based on the above information, is the following statement true, false, or uncertain? Elora is a respected scholar.

Options:
[""A) True"", ""B) False"", ""C) Uncertain""]","Given the facts below, answer the question.

Facts:
Elora either values heritage or respects culture, but not both. For all humans, if they either dismiss history or neglect legacies (but not both), then they lose context. If Elora admires history, then she values heritage and studies artifacts. Elora does not distort the truth. Elora does not remove context. Anyone who damages history will face consequences. If Elora disregards tradition or dismisses history, then she ignores culture. Elora does not misinterpret facts. Elora admires history. If Marshall either respects culture or ignores culture (but not both), then she is a respected scholar. If Elora either neglects legacies or discards relics (but not both), then she will distort the truth. Jase does not remove context. If Elora either respects culture or ignores culture (but not both), then she is a respected scholar. Jase either values heritage or respects culture, but not both. Elora disregards tradition. If someone loses context, then they will misinterpret facts. Anyone who discards relics either removes context or damages history (or both). Elora does not face consequences. Marshall does not face consequences.

Question:
Based on the above information, is the following statement true, false, or uncertain? Elora is a respected scholar.

Options:
[""A) True"", ""B) False"", ""C) Uncertain""]",A,0,"fact1: Elora does not misinterpret facts.
rule: If someone loses context, then they will misinterpret facts.
conclusion: Elora does not lose context.
fact1: Elora does not face consequences.
rule: Anyone who damages history will face consequences.
conclusion: Elora does not damage history.
fact1: Elora does not remove context.
fact2: Elora does not damage history.
rule: Anyone who discards relics either removes context or damages history (or both).
conclusion: Elora does not discard relics.
fact1: Elora admires history.
rule: If Elora admires history, then she values heritage and studies artifacts.
conclusion: Elora values her heritage.
fact1: Elora does not discard relics.
fact2: Elora does not distort the truth.
rule: If Elora either neglects legacies or discards relics (but not both), then she will distort the truth.
conclusion: Elora does not neglect legacies.
fact1: Elora does not neglect legacies.
fact2: Elora does not lose context.
rule: For all humans, if they either dismiss history or neglect legacies (but not both), then they lose context.
conclusion: Elora does not dismiss history.
fact1: Elora disregards tradition.
fact2: Elora does not dismiss history.
rule: If Elora disregards tradition or dismisses history, then she ignores culture.
conclusion: Elora ignores culture.
fact1: Elora values her heritage.
rule: Elora either values heritage or respects culture, but not both.
conclusion: Elora does not respect culture.
fact1: Elora does not respect culture.
fact2: Elora ignores culture.
rule: If Elora either respects culture or ignores culture (but not both), then she is a respected scholar.
conclusion: Elora is a respected scholar.

Therefore, it is true that Elora is a respected scholar. The correct option is: A."
"Given the facts below, answer the question.

Facts:
Sadie has experience. All experienced clockmakers value precision and use quality parts. Sadie crafts timekeeping devices. Sadie does not understand pendulum motion. If Sadie crafts timekeeping devices, then she either understands pendulum motion or restores vintage timepieces (or both). Any clockmaker who uses quality parts or works with attention to detail can build reliable clocks. Sadie does not master clockwork mechanisms. If Sadie either designs elegant clocks or restores vintage timepieces (but not both), then she masters clockwork mechanisms.

Question:
Based on the above information, is the following statement true, false, or uncertain? Sadie is skilled.

Options:
[""A) True"", ""B) False"", ""C) Uncertain""]","Given the facts below, answer the question.

Facts:
If Sadie either designs elegant clocks or restores vintage timepieces (but not both), then she masters clockwork mechanisms. Sadie crafts timekeeping devices. If Toots crafts timekeeping devices, then she either understands pendulum motion or restores vintage timepieces (or both). Sadie has experience. If Sadie crafts timekeeping devices, then she either understands pendulum motion or restores vintage timepieces (or both). Sadie does not understand pendulum motion. Toots does not understand pendulum motion. All experienced clockmakers value precision and use quality parts. Sylas produces accurate timepieces. Any clockmaker who uses quality parts or works with attention to detail can build reliable clocks. Sadie does not master clockwork mechanisms. Sylas has experience.

Question:
Based on the above information, is the following statement true, false, or uncertain? Sadie is skilled.

Options:
[""A) True"", ""B) False"", ""C) Uncertain""]",C,2,"fact1: Sadie has experience.
rule: All experienced clockmakers value precision and use quality parts.
conclusion: Sadie uses quality parts.
fact1: Sadie crafts timekeeping devices.
fact2: Sadie does not understand pendulum motion.
rule: If Sadie crafts timekeeping devices, then she either understands pendulum motion or restores vintage timepieces (or both).
conclusion: Sadie restores vintage timepieces.
fact1: Sadie uses quality parts.
rule: Any clockmaker who uses quality parts or works with attention to detail can build reliable clocks.
conclusion: Sadie builds reliable clocks.
fact1: Sadie restores vintage timepieces.
fact2: Sadie does not master clockwork mechanisms.
rule: If Sadie either designs elegant clocks or restores vintage timepieces (but not both), then she masters clockwork mechanisms.
conclusion: Sadie designs elegant clocks.

According to the context and the conclusions that have already been drawn, we can deduce that it is uncertain that Sadie is skilled. The correct option is: C."
"Given the facts below, answer the question.

Facts:
Luke does not put others first. For Father Luke, he either seeks power or puts others first, but not both. Luke values material wealth. Anyone who values material wealth and seeks power will pursue worldly goals. Father Luke either dedicates his life to a higher purpose or pursues worldly goals, but not both. If Father Luke takes vows or serves the community, then he dedicates his life. If Father Luke wears a soutane, then he serves the community.

Question:
Based on the above information, is the following statement true, false, or uncertain? Luke represents faith.

Options:
[""A) True"", ""B) False"", ""C) Uncertain""]","Given the facts below, answer the question.

Facts:
Luke values material wealth. Peanut does not put others first. Father Destiny either dedicates his life to a higher purpose or pursues worldly goals, but not both. If Father Luke takes vows or serves the community, then he dedicates his life. If Father Peanut wears a soutane, then he serves the community. Destiny values material wealth. Luke does not put others first. Anyone who values material wealth and seeks power will pursue worldly goals. If Father Luke wears a soutane, then he serves the community. Father Luke either dedicates his life to a higher purpose or pursues worldly goals, but not both. For Father Luke, he either seeks power or puts others first, but not both.

Question:
Based on the above information, is the following statement true, false, or uncertain? Luke represents faith.

Options:
[""A) True"", ""B) False"", ""C) Uncertain""]",C,2,"fact1: Luke does not put others first.
rule: For Father Luke, he either seeks power or puts others first, but not both.
conclusion: Luke seeks power.
fact1: Luke values material wealth.
fact2: Luke seeks power.
rule: Anyone who values material wealth and seeks power will pursue worldly goals.
conclusion: Luke pursues worldly goals.
fact1: Luke pursues worldly goals.
rule: Father Luke either dedicates his life to a higher purpose or pursues worldly goals, but not both.
conclusion: Father Luke does not dedicate his life.
fact1: Father Luke does not dedicate his life.
rule: If Father Luke takes vows or serves the community, then he dedicates his life.
conclusion: Luke does not serve the community.
fact1: Luke does not serve the community.
rule: If Father Luke wears a soutane, then he serves the community.
conclusion: Father Luke does not wear a soutane.

According to the context and the conclusions that have already been drawn, we can deduce that it is uncertain that Luke represents faith. The correct option is: C."
"Given the facts below, answer the question.

Facts:
Bambi lives in herds. Bambi either lives in herds or roams wildly, but not both. Bambi does not find comfort. Bambi needs support or finds comfort. Bambi loses her innocence. If Bambi loses her innocence, then she will face hardship and search for belonging. If Bambi faces hardship, then she needs support and will experience grief. For Bambi, she either roams wildly or becomes reclusive, but not both.

Question:
Based on the above information, is the following statement true, false, or uncertain? Bambi does not seek new companionship.

Options:
[""A) True"", ""B) False"", ""C) Uncertain""]","Given the facts below, answer the question.

Facts:
If Sky loses a family member, then she will experience grief. Bambi loses her innocence. For Moses, she either roams wildly or becomes reclusive, but not both. Moses needs support or finds comfort. If Bambi faces hardship, then she needs support and will experience grief. If Bambi loses her innocence, then she will face hardship and search for belonging. If Bambi lacks guidance, then she will become reclusive. Bambi lives in herds. Sky either lives in herds or roams wildly, but not both. If Sky feels disconnected, then she either withdraws from others or seeks new companionship (or both). For Bambi, she either roams wildly or becomes reclusive, but not both. Kira does not find comfort. Bambi needs support or finds comfort. If Sky faces hardship, then she needs support and will experience grief. Sky lives in herds. If a deer suffers loss and misses loved ones, then it will experience grief. Sky does not feel disconnected. Bambi does not find comfort. If Moses loses a family member, then she either becomes reclusive or withdraws from others (or both). Sky loses her innocence. If Moses loses her innocence, then she will face hardship and search for belonging. Bambi either lives in herds or roams wildly, but not both.

Question:
Based on the above information, is the following statement true, false, or uncertain? Bambi does not seek new companionship.

Options:
[""A) True"", ""B) False"", ""C) Uncertain""]",C,2,"fact1: Bambi lives in herds.
rule: Bambi either lives in herds or roams wildly, but not both.
conclusion: Bambi does not roam wildly.
fact1: Bambi does not find comfort.
rule: Bambi needs support or finds comfort.
conclusion: Bambi needs support.
fact1: Bambi loses her innocence.
rule: If Bambi loses her innocence, then she will face hardship and search for belonging.
conclusion: Bambi faces hardship.
fact1: Bambi faces hardship.
fact2: Bambi needs support.
rule: If Bambi faces hardship, then she needs support and will experience grief.
conclusion: Bambi will experience grief.
fact1: Bambi does not roam wildly.
rule: For Bambi, she either roams wildly or becomes reclusive, but not both.
conclusion: Bambi becomes reclusive.

According to the context and the conclusions that have already been drawn, we can deduce that it is uncertain that Bambi does not seek new companionship. The correct option is: C."
"Given the facts below, answer the question.

Facts:
Dexter is an academic. Dexter is a creative thinker. If Dexter is an academic, then he either has an analytical mind or is a creative thinker, but not both. Dexter is a scientist. Every person who is either an engineer or a scientist has an analytical mind. Dexter is a problem solver. Dexter is a hands-on specialist. If Dexter is a problem solver, then he is either a hands-on specialist or a theoretical expert, but not both. If Dexter is an engineer, then he is either a practical expert or a theoretical expert, but not both. Dexter is either brilliant or has practical experience, but not necessarily both. Dexter is either attentive to details or brilliant (or both).

Question:
Based on the above information, is the following statement true, false, or uncertain? Dexter is not attentive to details.

Options:
[""A) True"", ""B) False"", ""C) Uncertain""]","Given the facts below, answer the question.

Facts:
Dexter is a hands-on specialist. Dexter is either attentive to details or brilliant (or both). Ishaan is either brilliant or has practical experience, but not necessarily both. Dexter is a scientist. If Dexter is an academic, then he either has an analytical mind or is a creative thinker, but not both. If Dexter is an engineer, then he is either a practical expert or a theoretical expert, but not both. Dexter is a creative thinker. Every person who is either an engineer or a scientist has an analytical mind. Dexter is an academic. Dexter is a problem solver. If Dexter is a problem solver, then he is either a hands-on specialist or a theoretical expert, but not both. Bode is either attentive to details or brilliant (or both). Dexter is either brilliant or has practical experience, but not necessarily both. If Ishaan is a problem solver, then he is either a hands-on specialist or a theoretical expert, but not both.

Question:
Based on the above information, is the following statement true, false, or uncertain? Dexter is not attentive to details.

Options:
[""A) True"", ""B) False"", ""C) Uncertain""]",B,1,"fact1: Dexter is an academic.
fact2: Dexter is a creative thinker.
rule: If Dexter is an academic, then he either has an analytical mind or is a creative thinker, but not both.
conclusion: Dexter does not have an analytical mind.
fact1: Dexter is a scientist.
fact2: Dexter does not have an analytical mind.
rule: Every person who is either an engineer or a scientist has an analytical mind.
conclusion: Dexter is an engineer.
fact1: Dexter is a problem solver.
fact2: Dexter is a hands-on specialist.
rule: If Dexter is a problem solver, then he is either a hands-on specialist or a theoretical expert, but not both.
conclusion: Dexter is not a theoretical expert.
fact1: Dexter is an engineer.
fact2: Dexter is not a theoretical expert.
rule: If Dexter is an engineer, then he is either a practical expert or a theoretical expert, but not both.
conclusion: Dexter has practical experience.
fact1: Dexter has practical experience.
rule: Dexter is either brilliant or has practical experience, but not necessarily both.
conclusion: Dexter is not brilliant.
fact1: Dexter is not brilliant.
rule: Dexter is either attentive to details or brilliant (or both).
conclusion: Dexter is not attentive to details.

Therefore, it is false that Dexter is not attentive to details. The correct option is: B."
"Given the facts below, answer the question.

Facts:
Giana does not have endurance. Giana has agility or endurance. Giana does not perform flawlessly. Giana either performs flawlessly or inspires others. Giana has a unique style. If Giana has a unique style, then she will either inspire others or be remembered (but not both). Giana either has flexibility or agility, but not both. Giana does not have stage presence. Giana either has charisma or has stage presence. If someone dazzles audiences, then they will be remembered. Everyone who has charisma is either extraordinary or dazzles audiences (or both). Giana has strength. If Giana either has flexibility or has strength (but not both), then she is physically gifted.

Question:
Based on the above information, is the following statement true, false, or uncertain? Giana is artistically talented.

Options:
[""A) True"", ""B) False"", ""C) Uncertain""]","Given the facts below, answer the question.

Facts:
Arabella does not have endurance. Giana does not have stage presence. Emmie has strength. If someone dazzles audiences, then they will be remembered. Giana has a unique style. Arabella does not perform flawlessly. Arabella either has flexibility or agility, but not both. Giana has agility or endurance. If Arabella has a unique style, then she will either inspire others or be remembered (but not both). Giana has strength. If Giana has a unique style, then she will either inspire others or be remembered (but not both). Giana either performs flawlessly or inspires others. Giana either has charisma or has stage presence. Giana does not perform flawlessly. Arabella does not have stage presence. Everyone who has charisma is either extraordinary or dazzles audiences (or both). If Arabella either has flexibility or has strength (but not both), then she is physically gifted. Giana either has flexibility or agility, but not both. Arabella has agility or endurance. Arabella either has charisma or has stage presence. Giana does not have endurance. If Giana either has flexibility or has strength (but not both), then she is physically gifted.

Question:
Based on the above information, is the following statement true, false, or uncertain? Giana is artistically talented.

Options:
[""A) True"", ""B) False"", ""C) Uncertain""]",C,2,"fact1: Giana does not have endurance.
rule: Giana has agility or endurance.
conclusion: Giana has agility.
fact1: Giana does not perform flawlessly.
rule: Giana either performs flawlessly or inspires others.
conclusion: Giana inspires others.
fact1: Giana has a unique style.
fact2: Giana inspires others.
rule: If Giana has a unique style, then she will either inspire others or be remembered (but not both).
conclusion: Giana will not be remembered.
fact1: Giana has agility.
rule: Giana either has flexibility or agility, but not both.
conclusion: Giana does not have flexibility.
fact1: Giana does not have stage presence.
rule: Giana either has charisma or has stage presence.
conclusion: Giana has charisma.
fact1: Giana will not be remembered.
rule: If someone dazzles audiences, then they will be remembered.
conclusion: Giana does not dazzle audiences.
fact1: Giana has charisma.
fact2: Giana does not dazzle audiences.
rule: Everyone who has charisma is either extraordinary or dazzles audiences (or both).
conclusion: Giana is extraordinary.
fact1: Giana does not have flexibility.
fact2: Giana has strength.
rule: If Giana either has flexibility or has strength (but not both), then she is physically gifted.
conclusion: Giana is physically gifted.

According to the context and the conclusions that have already been drawn, we can deduce that it is uncertain that Giana is artistically talented. The correct option is: C."
"Given the facts below, answer the question.

Facts:
Dr. Elina Vasquez does not have vision. If someone makes a positive impact, then they have vision and take action. Anyone who supports sustainable living or fights climate change makes a positive impact. For Dr. Elina Vasquez, she either supports sustainable living or is an environmentalist, but not both. Dr. Elina Vasquez does not educate others. If Dr. Elina Vasquez is an environmentalist, then she either raises awareness or educates others, but not both. Dr. Elina Vasquez does not win accolades. If Dr. Elina Vasquez protects endangered species and raises awareness about their importance, then she will win accolades. Everyone who conserves nature protects endangered species.

Question:
Based on the above information, is the following statement true, false, or uncertain? Dr. Elina Vasquez does not conserve nature.

Options:
[""A) True"", ""B) False"", ""C) Uncertain""]","Given the facts below, answer the question.

Facts:
If Dr. Elina Vasquez protects endangered species and raises awareness about their importance, then she will win accolades. For Dr. Marisol Vasquez, she either supports sustainable living or is an environmentalist, but not both. Dr. Marisol Vasquez does not have vision. Dr. Elina Vasquez does not win accolades. Everyone who conserves nature protects endangered species. Anyone who supports sustainable living or fights climate change makes a positive impact. Dr. Marisol Vasquez does not win accolades. Dr. Elina Vasquez does not have vision. If Dr. Elina Vasquez is an environmentalist, then she either raises awareness or educates others, but not both. If Dr. Gael Vasquez is an environmentalist, then she either raises awareness or educates others, but not both. Dr. Elina Vasquez does not educate others. If Dr. Marisol Vasquez protects endangered species and raises awareness about their importance, then she will win accolades. If someone makes a positive impact, then they have vision and take action. Dr. Gael Vasquez does not educate others. For Dr. Elina Vasquez, she either supports sustainable living or is an environmentalist, but not both.

Question:
Based on the above information, is the following statement true, false, or uncertain? Dr. Elina Vasquez does not conserve nature.

Options:
[""A) True"", ""B) False"", ""C) Uncertain""]",A,0,"fact1: Dr. Elina Vasquez does not have vision.
rule: If someone makes a positive impact, then they have vision and take action.
conclusion: Elina does not make a positive impact.
fact1: Elina does not make a positive impact.
rule: Anyone who supports sustainable living or fights climate change makes a positive impact.
conclusion: Elina does not support sustainable living.
fact1: Elina does not support sustainable living.
rule: For Dr. Elina Vasquez, she either supports sustainable living or is an environmentalist, but not both.
conclusion: Dr. Elina Vasquez is an environmentalist.
fact1: Dr. Elina Vasquez is an environmentalist.
fact2: Dr. Elina Vasquez does not educate others.
rule: If Dr. Elina Vasquez is an environmentalist, then she either raises awareness or educates others, but not both.
conclusion: Elina raises awareness about their importance.
fact1: Elina raises awareness about their importance.
fact2: Dr. Elina Vasquez does not win accolades.
rule: If Dr. Elina Vasquez protects endangered species and raises awareness about their importance, then she will win accolades.
conclusion: Dr. Elina Vasquez does not protect endangered species.
fact1: Dr. Elina Vasquez does not protect endangered species.
rule: Everyone who conserves nature protects endangered species.
conclusion: Dr. Elina Vasquez does not conserve nature.

Therefore, it is true that Dr. Elina Vasquez does not conserve nature. The correct option is: A."
"Given the facts below, answer the question.

Facts:
Aurelia does not publish findings. Aurelia makes breakthroughs or publishes findings. Aurelia does not improve lives. Every neurochemist improves lives. Aurelia craves recognition. If Aurelia craves recognition, then she will pursue her own self-interest. Aurelia either pursues her own self-interest or puts others first, but not both.

Question:
Based on the above information, is the following statement true, false, or uncertain? Aurelia is a researcher, or dedicated to family, or a neurochemist.

Options:
[""A) True"", ""B) False"", ""C) Uncertain""]","Given the facts below, answer the question.

Facts:
Aliya craves recognition. Aurelia does not publish findings. Aliya does not publish findings. Snookums makes breakthroughs or publishes findings. Snookums either pursues her own self-interest or puts others first, but not both. Aurelia does not improve lives. Karina does not prioritize her loved ones. Karina does not have expertise. If someone identifies problems and thinks creatively, then they can develop solutions. Karina does not improve lives. Aurelia either pursues her own self-interest or puts others first, but not both. Karina solves complex problems. Aurelia makes breakthroughs or publishes findings. Anyone who advances their field or helps others can earn recognition. Aurelia craves recognition. If Aurelia craves recognition, then she will pursue her own self-interest. If Snookums craves recognition, then she will pursue her own self-interest. Karina does not face challenges. Every neurochemist improves lives. Karina values discovery.

Question:
Based on the above information, is the following statement true, false, or uncertain? Aurelia is a researcher, or dedicated to family, or a neurochemist.

Options:
[""A) True"", ""B) False"", ""C) Uncertain""]",C,2,"fact1: Aurelia does not publish findings.
rule: Aurelia makes breakthroughs or publishes findings.
conclusion: Aurelia makes breakthroughs.
fact1: Aurelia does not improve lives.
rule: Every neurochemist improves lives.
conclusion: Aurelia is not a neurochemist.
fact1: Aurelia craves recognition.
rule: If Aurelia craves recognition, then she will pursue her own self-interest.
conclusion: Aurelia pursues her own self-interest.
fact1: Aurelia pursues her own self-interest.
rule: Aurelia either pursues her own self-interest or puts others first, but not both.
conclusion: Aurelia does not put others first.

According to the context and the conclusions that have already been drawn, we can deduce that it is uncertain that Aurelia is a researcher, or dedicated to family, or a neurochemist. The correct option is: C."
"Given the facts below, answer the question.

Facts:
Muppet has sharp claws. Muppet cannot hunt successfully. For all cats, if they are active and have sharp claws, then they can hunt successfully. Muppet does not have shelter. Every cat either lives as a stray or has shelter. Muppet does not get tired easily. If Muppet enjoys play, then she is either active or gets tired easily, but not both. Muppet does not seek human interaction. If Muppet either craves attention or enjoys play (but not both), then she seeks human interaction. Muppet either values affection or craves attention. Every stray cat roams outdoors. Every cat that roams outdoors enjoys freedom. If Muppet enjoys freedom, then she has a unique personality and values affection.

Question:
Based on the above information, is the following statement true, false, or uncertain? Muppet does not love traditional textiles.

Options:
[""A) True"", ""B) False"", ""C) Uncertain""]","Given the facts below, answer the question.

Facts:
Muppet cannot hunt successfully. Adonis cannot hunt successfully. Every stray cat roams outdoors. Muppet does not get tired easily. Every cat that roams outdoors enjoys freedom. If Muppet enjoys play, then she is either active or gets tired easily, but not both. If Muppet either craves attention or enjoys play (but not both), then she seeks human interaction. For all cats, if they are active and have sharp claws, then they can hunt successfully. Muppet does not seek human interaction. Muppet either values affection or craves attention. Muppet has sharp claws. Every cat either lives as a stray or has shelter. If Muppet enjoys freedom, then she has a unique personality and values affection. Muppet does not have shelter.

Question:
Based on the above information, is the following statement true, false, or uncertain? Muppet does not love traditional textiles.

Options:
[""A) True"", ""B) False"", ""C) Uncertain""]",C,2,"fact1: Muppet has sharp claws.
fact2: Muppet cannot hunt successfully.
rule: For all cats, if they are active and have sharp claws, then they can hunt successfully.
conclusion: Muppet is not active.
fact1: Muppet does not have shelter.
rule: Every cat either lives as a stray or has shelter.
conclusion: Muppet lives as a stray.
fact1: Muppet does not get tired easily.
fact2: Muppet is not active.
rule: If Muppet enjoys play, then she is either active or gets tired easily, but not both.
conclusion: Muppet does not enjoy play.
fact1: Muppet does not enjoy play.
fact2: Muppet does not seek human interaction.
rule: If Muppet either craves attention or enjoys play (but not both), then she seeks human interaction.
conclusion: Muppet does not crave attention.
fact1: Muppet does not crave attention.
rule: Muppet either values affection or craves attention.
conclusion: Muppet values affection.
fact1: Muppet lives as a stray.
rule: Every stray cat roams outdoors.
conclusion: Muppet roams outdoors.
fact1: Muppet roams outdoors.
rule: Every cat that roams outdoors enjoys freedom.
conclusion: Muppet enjoys freedom.
fact1: Muppet enjoys freedom.
fact2: Muppet values affection.
rule: If Muppet enjoys freedom, then she has a unique personality and values affection.
conclusion: Muppet has a unique personality.

According to the context and the conclusions that have already been drawn, we can deduce that it is uncertain that Muppet does not love traditional textiles. The correct option is: C."
"Given the facts below, answer the question.

Facts:
Hope has a sophisticated design. Hope is low-cost. If Hope has sophisticated design, then she either requires frequent maintenance or is low-cost, but not both. Hope either has a reinforced frame or requires frequent maintenance, but not both. Hope maintains stable flight. For Hope, either she handles turbulence or she maintains stable flight, but not both. All aircraft with a reinforced frame can resist stress. If Hope either handles turbulence or resists stress (but not both), then she can withstand extreme G-forces. Hope has powerful engines. If Hope has powerful engines, then she achieves high altitudes and shatters speed records. Hope does not fly at supersonic speed. If Hope either flies at supersonic speed or withstands extreme G-forces (but not both), then she can break the sound barrier. If Hope can break the sound barrier, then she can either shatter speed records or aid research, but not both.

Question:
Based on the above information, is the following statement true, false, or uncertain? Hope can aid research.

Options:
[""A) True"", ""B) False"", ""C) Uncertain""]","Given the facts below, answer the question.

Facts:
Hope maintains stable flight. Florence is low-cost. Florence does not fly at supersonic speed. If Florence either handles turbulence or resists stress (but not both), then she can withstand extreme G-forces. Hope has powerful engines. Hope is low-cost. Hope either has a reinforced frame or requires frequent maintenance, but not both. Brennan has powerful engines. All aircraft with a reinforced frame can resist stress. Florence can perform acrobatics. If Hope is aerodynamic, then she shatters speed records and pushes boundaries. If Florence either achieves high altitudes or maneuvers precisely (but not both), then she can perform acrobatics. Hope has a sophisticated design. If Hope can break the sound barrier, then she can either shatter speed records or aid research, but not both. If Hope either flies at supersonic speed or withstands extreme G-forces (but not both), then she can break the sound barrier. If Hope has powerful engines, then she achieves high altitudes and shatters speed records. If Hope either handles turbulence or resists stress (but not both), then she can withstand extreme G-forces. If Florence either flies at supersonic speed or withstands extreme G-forces (but not both), then she can break the sound barrier. Dexter maintains stable flight. If Dexter has sophisticated design, then she either requires frequent maintenance or is low-cost, but not both. For Hope, either she handles turbulence or she maintains stable flight, but not both. If Brennan has powerful engines, then she achieves high altitudes and shatters speed records. If Hope has sophisticated design, then she either requires frequent maintenance or is low-cost, but not both. Hope does not fly at supersonic speed. Florence does not maneuver precisely. Brennan has a sophisticated design. Brennan either has a reinforced frame or requires frequent maintenance, but not both. If Dexter can break the sound barrier, then she can either shatter speed records or aid research, but not both. For Florence, either she handles turbulence or she maintains stable flight, but not both.

Question:
Based on the above information, is the following statement true, false, or uncertain? Hope can aid research.

Options:
[""A) True"", ""B) False"", ""C) Uncertain""]",B,1,"fact1: Hope has a sophisticated design.
fact2: Hope is low-cost.
rule: If Hope has sophisticated design, then she either requires frequent maintenance or is low-cost, but not both.
conclusion: Hope does not require frequent maintenance.
fact1: Hope does not require frequent maintenance.
rule: Hope either has a reinforced frame or requires frequent maintenance, but not both.
conclusion: Hope has a reinforced frame.
fact1: Hope maintains stable flight.
rule: For Hope, either she handles turbulence or she maintains stable flight, but not both.
conclusion: Hope does not handle turbulence.
fact1: Hope has a reinforced frame.
rule: All aircraft with a reinforced frame can resist stress.
conclusion: Hope resists stress.
fact1: Hope does not handle turbulence.
fact2: Hope resists stress.
rule: If Hope either handles turbulence or resists stress (but not both), then she can withstand extreme G-forces.
conclusion: Hope withstands extreme G-forces.
fact1: Hope has powerful engines.
rule: If Hope has powerful engines, then she achieves high altitudes and shatters speed records.
conclusion: Hope shatters speed records.
fact1: Hope does not fly at supersonic speed.
fact2: Hope withstands extreme G-forces.
rule: If Hope either flies at supersonic speed or withstands extreme G-forces (but not both), then she can break the sound barrier.
conclusion: Hope can break the sound barrier.
fact1: Hope can break the sound barrier.
fact2: Hope shatters speed records.
rule: If Hope can break the sound barrier, then she can either shatter speed records or aid research, but not both.
conclusion: Hope can aid research.

Therefore, it is false that Hope can aid research. The correct option is: B."
"Given the facts below, answer the question.

Facts:
Lina designs symbols. Lina does not develop algorithms. If Lina either designs symbols or develops algorithms (but not both), then she is innovative. Lina thinks logically. If Lina is innovative, then she is either creative or thinks logically, but not both. Lina writes poetry. For all humans, if they either create artistic text or write poetry, then they are creative. Lina does not work efficiently. For Lina, either she works efficiently or she has attention to detail, but not both. If Lina creates artistic text, then she is either a skilled scribe or has attention to detail, but not both.

Question:
Based on the above information, is the following statement true, false, or uncertain? Lina does not produce exquisite work.

Options:
[""A) True"", ""B) False"", ""C) Uncertain""]","Given the facts below, answer the question.

Facts:
For Lina, either she works efficiently or she has attention to detail, but not both. Zayla does not develop algorithms. Rose does not work efficiently. Lina designs symbols. If Lina is innovative, then she is either creative or thinks logically, but not both. Linda thinks logically. If Lina creates artistic text, then she is either a skilled scribe or has attention to detail, but not both. Lina writes poetry. For all humans, if they either create artistic text or write poetry, then they are creative. Lina thinks logically. Linda designs symbols. Lina does not develop algorithms. Lina does not work efficiently. If Rose creates artistic text, then she is either a skilled scribe or has attention to detail, but not both. Rose writes poetry. For Zayla, either she works efficiently or she has attention to detail, but not both. If Zayla either designs symbols or develops algorithms (but not both), then she is innovative. If Lina either designs symbols or develops algorithms (but not both), then she is innovative.

Question:
Based on the above information, is the following statement true, false, or uncertain? Lina does not produce exquisite work.

Options:
[""A) True"", ""B) False"", ""C) Uncertain""]",C,2,"fact1: Lina designs symbols.
fact2: Lina does not develop algorithms.
rule: If Lina either designs symbols or develops algorithms (but not both), then she is innovative.
conclusion: Lina is innovative.
fact1: Lina is innovative.
fact2: Lina thinks logically.
rule: If Lina is innovative, then she is either creative or thinks logically, but not both.
conclusion: Lina is not creative.
fact1: Lina writes poetry.
fact2: Lina is not creative.
rule: For all humans, if they either create artistic text or write poetry, then they are creative.
conclusion: Lina creates artistic text.
fact1: Lina does not work efficiently.
rule: For Lina, either she works efficiently or she has attention to detail, but not both.
conclusion: Lina has attention to detail.
fact1: Lina creates artistic text.
fact2: Lina has attention to detail.
rule: If Lina creates artistic text, then she is either a skilled scribe or has attention to detail, but not both.
conclusion: Lina is not a skilled scribe.

According to the context and the conclusions that have already been drawn, we can deduce that it is uncertain that Lina does not produce exquisite work. The correct option is: C."
"Given the facts below, answer the question.

Facts:
Calvin attends conferences. If Calvin attends conferences, then he publishes academic papers and collaborates with peers. Calvin does not have expertise. If Calvin analyzes data or conducts research, then he has expertise. If Calvin publishes academic papers, then he has a PhD. Calvin does not hold an academic degree. Everyone who either teaches biology or conducts research is likely to hold an academic degree. If Calvin has a PhD, then he either studies neuroscience or teaches biology, but not both. Calvin understands brain function. If Calvin studies neuroscience and understands brain function, then he can make medical breakthroughs.

Question:
Based on the above information, is the following statement true, false, or uncertain? Calvin does not make medical breakthroughs.

Options:
[""A) True"", ""B) False"", ""C) Uncertain""]","Given the facts below, answer the question.

Facts:
If Adley studies neuroscience and understands brain function, then he can make medical breakthroughs. If Calvin publishes academic papers, then he has a PhD. Calvin does not have expertise. If Georgia publishes academic papers, then he has a PhD. If Handsome has a PhD, then he either studies neuroscience or teaches biology, but not both. Adley understands brain function. Adley does not have expertise. Everyone who either teaches biology or conducts research is likely to hold an academic degree. If Calvin has a PhD, then he either studies neuroscience or teaches biology, but not both. Calvin attends conferences. If Calvin attends conferences, then he publishes academic papers and collaborates with peers. If Georgia attends conferences, then he publishes academic papers and collaborates with peers. If Calvin studies neuroscience and understands brain function, then he can make medical breakthroughs. If Calvin analyzes data or conducts research, then he has expertise. Calvin does not hold an academic degree. Calvin understands brain function.

Question:
Based on the above information, is the following statement true, false, or uncertain? Calvin does not make medical breakthroughs.

Options:
[""A) True"", ""B) False"", ""C) Uncertain""]",B,1,"fact1: Calvin attends conferences.
rule: If Calvin attends conferences, then he publishes academic papers and collaborates with peers.
conclusion: Calvin publishes academic papers.
fact1: Calvin does not have expertise.
rule: If Calvin analyzes data or conducts research, then he has expertise.
conclusion: Calvin does not conduct research.
fact1: Calvin publishes academic papers.
rule: If Calvin publishes academic papers, then he has a PhD.
conclusion: Calvin has a PhD.
fact1: Calvin does not conduct research.
fact2: Calvin does not hold an academic degree.
rule: Everyone who either teaches biology or conducts research is likely to hold an academic degree.
conclusion: Calvin does not teach biology.
fact1: Calvin has a PhD.
fact2: Calvin does not teach biology.
rule: If Calvin has a PhD, then he either studies neuroscience or teaches biology, but not both.
conclusion: Calvin studies neuroscience.
fact1: Calvin studies neuroscience.
fact2: Calvin understands brain function.
rule: If Calvin studies neuroscience and understands brain function, then he can make medical breakthroughs.
conclusion: Calvin does not make medical breakthroughs.

Therefore, it is false that Calvin does not make medical breakthroughs. The correct option is: B."
"Given the facts below, answer the question.

Facts:
Heaven does not express her emotions. Heaven does not convey messages. If Heaven creates art, then she either expresses her emotions or conveys messages, but not both. Heaven does not find inner strength. If someone overcomes adversity, then they will find inner strength. Heaven has passion. Heaven does not make films. If Heaven has passion, then she either makes films or writes stories, but not both. Heaven either inspires others or creates art.

Question:
Based on the above information, is the following statement true, false, or uncertain? Heaven grows as a person.

Options:
[""A) True"", ""B) False"", ""C) Uncertain""]","Given the facts below, answer the question.

Facts:
If Heaven creates art, then she either expresses her emotions or conveys messages, but not both. If Heaven has passion, then she either makes films or writes stories, but not both. Heaven does not express her emotions. Heaven has passion. Heaven either inspires others or creates art. Heaven does not find inner strength. Heaven does not convey messages. Heaven does not make films. If someone overcomes adversity, then they will find inner strength. Logan does not make films.

Question:
Based on the above information, is the following statement true, false, or uncertain? Heaven grows as a person.

Options:
[""A) True"", ""B) False"", ""C) Uncertain""]",C,2,"fact1: Heaven does not express her emotions.
fact2: Heaven does not convey messages.
rule: If Heaven creates art, then she either expresses her emotions or conveys messages, but not both.
conclusion: Heaven does not create art.
fact1: Heaven does not find inner strength.
rule: If someone overcomes adversity, then they will find inner strength.
conclusion: Heaven does not overcome adversity.
fact1: Heaven has passion.
fact2: Heaven does not make films.
rule: If Heaven has passion, then she either makes films or writes stories, but not both.
conclusion: Heaven writes stories.
fact1: Heaven does not create art.
rule: Heaven either inspires others or creates art.
conclusion: Heaven can inspire others.

According to the context and the conclusions that have already been drawn, we can deduce that it is uncertain that Heaven grows as a person. The correct option is: C."
"Given the facts below, answer the question.

Facts:
Kaiden stays calm. Anyone who stays calm will handle pressure. Kaiden does not perform well. If someone thrives in chaos and handles pressure, then they perform well. Kaiden either values structure or thrives in chaos, but not both. Kaiden either enjoys spontaneity or values structure, but not both. Kaiden either enjoys spontaneity or appreciates routine, but not both. Kaiden does not find comfort in familiarity. For all humans, if someone appreciates routine, then they either find comfort in familiarity or derive joy from mundane tasks (or both).

Question:
Based on the above information, is the following statement true, false, or uncertain? Kaiden derives joy from mundane tasks.

Options:
[""A) True"", ""B) False"", ""C) Uncertain""]","Given the facts below, answer the question.

Facts:
Remi does not find comfort in familiarity. Kaiden either values structure or thrives in chaos, but not both. Anyone who stays calm will handle pressure. Kaiden does not perform well. Kaiden does not find comfort in familiarity. For all humans, if someone appreciates routine, then they either find comfort in familiarity or derive joy from mundane tasks (or both). If someone thrives in chaos and handles pressure, then they perform well. Kaiden either enjoys spontaneity or appreciates routine, but not both. Kaiden either enjoys spontaneity or values structure, but not both. Kaiden stays calm. Snookums does not perform well.

Question:
Based on the above information, is the following statement true, false, or uncertain? Kaiden derives joy from mundane tasks.

Options:
[""A) True"", ""B) False"", ""C) Uncertain""]",A,0,"fact1: Kaiden stays calm.
rule: Anyone who stays calm will handle pressure.
conclusion: Kaiden handles pressure.
fact1: Kaiden handles pressure.
fact2: Kaiden does not perform well.
rule: If someone thrives in chaos and handles pressure, then they perform well.
conclusion: Kaiden does not thrive in chaos.
fact1: Kaiden does not thrive in chaos.
rule: Kaiden either values structure or thrives in chaos, but not both.
conclusion: Kaiden values structure.
fact1: Kaiden values structure.
rule: Kaiden either enjoys spontaneity or values structure, but not both.
conclusion: Kaiden does not enjoy spontaneity.
fact1: Kaiden does not enjoy spontaneity.
rule: Kaiden either enjoys spontaneity or appreciates routine, but not both.
conclusion: Kaiden appreciates routine.
fact1: Kaiden appreciates routine.
fact2: Kaiden does not find comfort in familiarity.
rule: For all humans, if someone appreciates routine, then they either find comfort in familiarity or derive joy from mundane tasks (or both).
conclusion: Kaiden derives joy from mundane tasks.

Therefore, it is true that Kaiden derives joy from mundane tasks. The correct option is: A."
"Given the facts below, answer the question.

Facts:
Ainsley does not publish research findings. Ainsley either publishes research findings or analyzes data, but not both. Ainsley does not contribute to science. If someone either analyzes data or catalogs species (but not both), then they contribute to science. Ainsley does not collect samples. If Ainsley either collects samples or catalogs species (but not both), then she searches for biodiversity. If Ainsley searches for biodiversity, then she will explore new locations. Ainsley does not make notable discoveries. If Ainsley studies rare plants or has extensive knowledge (or both), then she makes notable discoveries.

Question:
Based on the above information, is the following statement true, false, or uncertain? Ainsley does not have extensive knowledge.

Options:
[""A) True"", ""B) False"", ""C) Uncertain""]","Given the facts below, answer the question.

Facts:
Rio does not collect samples. Ainsley does not publish research findings. If Rio either collects samples or catalogs species (but not both), then she searches for biodiversity. If someone either analyzes data or catalogs species (but not both), then they contribute to science. If Rio studies rare plants or has extensive knowledge (or both), then she makes notable discoveries. Ainsley does not make notable discoveries. Ainsley does not contribute to science. Ainsley does not collect samples. Ainsley either publishes research findings or analyzes data, but not both. If Ainsley studies rare plants or has extensive knowledge (or both), then she makes notable discoveries. If Ainsley searches for biodiversity, then she will explore new locations. Rio does not make notable discoveries. Muncie develops new theories. If Ainsley either collects samples or catalogs species (but not both), then she searches for biodiversity. Emily either publishes research findings or analyzes data, but not both.

Question:
Based on the above information, is the following statement true, false, or uncertain? Ainsley does not have extensive knowledge.

Options:
[""A) True"", ""B) False"", ""C) Uncertain""]",A,0,"fact1: Ainsley does not publish research findings.
rule: Ainsley either publishes research findings or analyzes data, but not both.
conclusion: Ainsley analyzes data.
fact1: Ainsley analyzes data.
fact2: Ainsley does not contribute to science.
rule: If someone either analyzes data or catalogs species (but not both), then they contribute to science.
conclusion: Ainsley catalogs species.
fact1: Ainsley does not collect samples.
fact2: Ainsley catalogs species.
rule: If Ainsley either collects samples or catalogs species (but not both), then she searches for biodiversity.
conclusion: Ainsley searches for biodiversity.
fact1: Ainsley searches for biodiversity.
rule: If Ainsley searches for biodiversity, then she will explore new locations.
conclusion: Ainsley explores new locations.
fact1: Ainsley does not make notable discoveries.
rule: If Ainsley studies rare plants or has extensive knowledge (or both), then she makes notable discoveries.
conclusion: Ainsley does not have extensive knowledge.

Therefore, it is true that Ainsley does not have extensive knowledge. The correct option is: A."
"Given the facts below, answer the question.

Facts:
Matthew is not reliable. If Matthew can crack cases, then he is reliable. Matthew does not react quickly. Matthew does not achieve success. If Matthew takes action or reacts quickly, then he will achieve success. Matthew gathers information. If Matthew gathers information and makes sound decisions, then he will take action. Matthew trusts his gut feelings. For Matthew, either following intuition or trusting gut feelings (but not both) leads to making sound decisions. For anyone, either following intuition or analyzing evidence, but not necessarily both, are used to make decisions. Matthew solves mysteries. If Matthew either solves mysteries or is a good detective (but not both), then he cracks cases. Matthew either trusts his first impressions or analyzes evidence, but not necessarily both. Matthew either trusts his first impressions or pays attention to details, but these traits are not necessarily intertwined.

Question:
Based on the above information, is the following statement true, false, or uncertain? If Matthew is a good detective, then he either has keen instincts or pays attention to details (or both).

Options:
[""A) True"", ""B) False"", ""C) Uncertain""]","Given the facts below, answer the question.

Facts:
Knox is not reliable. Lucca gathers information. For anyone, either following intuition or analyzing evidence, but not necessarily both, are used to make decisions. Matthew either trusts his first impressions or analyzes evidence, but not necessarily both. Lucca thinks critically. If Savanna takes action or reacts quickly, then he will achieve success. For Matthew, either following intuition or trusting gut feelings (but not both) leads to making sound decisions. If Knox can crack cases, then he is reliable. Matthew does not react quickly. Matthew is not reliable. Savanna does not achieve success. If Matthew has experience, then he will follow his intuition. If Matthew takes action or reacts quickly, then he will achieve success. Savanna does not react quickly. Knox either trusts his first impressions or analyzes evidence, but not necessarily both. If Matthew can crack cases, then he is reliable. Matthew gathers information. If Savanna gathers information and makes sound decisions, then he will take action. If Matthew either solves mysteries or is a good detective (but not both), then he cracks cases. Savanna either trusts his first impressions or pays attention to details, but these traits are not necessarily intertwined. If Matthew gathers information and makes sound decisions, then he will take action. Matthew solves mysteries. If Matthew is curious, then he analyzes evidence. Knox trusts his gut feelings. Matthew either trusts his first impressions or pays attention to details, but these traits are not necessarily intertwined. Savanna solves mysteries. Matthew trusts his gut feelings. Lucca has keen instincts or thinks critically (or both). Matthew does not achieve success. For Savanna, either following intuition or trusting gut feelings (but not both) leads to making sound decisions. If Knox either solves mysteries or is a good detective (but not both), then he cracks cases.

Question:
Based on the above information, is the following statement true, false, or uncertain? If Matthew is a good detective, then he either has keen instincts or pays attention to details (or both).

Options:
[""A) True"", ""B) False"", ""C) Uncertain""]",C,2,"fact1: Matthew is not reliable.
rule: If Matthew can crack cases, then he is reliable.
conclusion: Matthew does not crack cases.
fact1: Matthew does not react quickly.
fact2: Matthew does not achieve success.
rule: If Matthew takes action or reacts quickly, then he will achieve success.
conclusion: Matthew does not take action.
fact1: Matthew gathers information.
fact2: Matthew does not take action.
rule: If Matthew gathers information and makes sound decisions, then he will take action.
conclusion: Matthew does not make sound decisions.
fact1: Matthew trusts his gut feelings.
fact2: Matthew does not make sound decisions.
rule: For Matthew, either following intuition or trusting gut feelings (but not both) leads to making sound decisions.
conclusion: Matthew follows his intuition.
fact1: Matthew follows his intuition.
rule: For anyone, either following intuition or analyzing evidence, but not necessarily both, are used to make decisions.
conclusion: Matthew does not analyze evidence.
fact1: Matthew solves mysteries.
fact2: Matthew does not crack cases.
rule: If Matthew either solves mysteries or is a good detective (but not both), then he cracks cases.
conclusion: Matthew is a good detective.
fact1: Matthew does not analyze evidence.
rule: Matthew either trusts his first impressions or analyzes evidence, but not necessarily both.
conclusion: Matthew trusts his first impressions.
fact1: Matthew trusts his first impressions.
rule: Matthew either trusts his first impressions or pays attention to details, but these traits are not necessarily intertwined.
conclusion: Matthew does not pay attention to details.

According to the context and the conclusions that have already been drawn, we can deduce that it is uncertain that If Matthew is a good detective, then he either has keen instincts or pays attention to details (or both). The correct option is: C."
"Given the facts below, answer the question.

Facts:
Heisenberg lives in extreme climates. Heisenberg does not grow a defensive shell. If Heisenberg lives in extreme climates, then he either grows a defensive shell or develops thick skin. Heisenberg does not adjust his size. Heisenberg either adjusts his size or changes his pattern. Heisenberg does not have a low profile. Heisenberg has a smooth surface. If Heisenberg either has a low profile or has a smooth surface (but not both), then he is flat. If Heisenberg is flat, then he can either modify his texture or change his pattern, but not both. All animals that develop thick skin can survive harsh conditions. Heisenberg cannot camouflage himself. If Heisenberg either modifies his texture or alters his shape (but not both), then he can camouflage himself. Heisenberg cannot change his color. If Heisenberg can mimic his surroundings, then he can either change his color or alter his shape (but not both).

Question:
Based on the above information, is the following statement true, false, or uncertain? Heisenberg can regenerate lost parts and adapt to his environment.

Options:
[""A) True"", ""B) False"", ""C) Uncertain""]","Given the facts below, answer the question.

Facts:
All animals that develop thick skin can survive harsh conditions. Heisenberg does not have a low profile. Heisenberg does not adjust his size. If Heisenberg is flat, then he can either modify his texture or change his pattern, but not both. If Heisenberg either modifies his texture or alters his shape (but not both), then he can camouflage himself. If Waylen lives in extreme climates, then he either grows a defensive shell or develops thick skin. Heisenberg does not grow a defensive shell. Heisenberg cannot camouflage himself. If Isaiah is flat, then he can either modify his texture or change his pattern, but not both. If Heisenberg can mimic his surroundings, then he can either change his color or alter his shape (but not both). If Heisenberg either has a low profile or has a smooth surface (but not both), then he is flat. Heisenberg cannot change his color. Heisenberg either adjusts his size or changes his pattern. Heisenberg lives in extreme climates. If Heisenberg lives in extreme climates, then he either grows a defensive shell or develops thick skin. If Hero can mimic his surroundings, then he can either change his color or alter his shape (but not both). Heisenberg has a smooth surface.

Question:
Based on the above information, is the following statement true, false, or uncertain? Heisenberg can regenerate lost parts and adapt to his environment.

Options:
[""A) True"", ""B) False"", ""C) Uncertain""]",C,2,"fact1: Heisenberg lives in extreme climates.
fact2: Heisenberg does not grow a defensive shell.
rule: If Heisenberg lives in extreme climates, then he either grows a defensive shell or develops thick skin.
conclusion: Heisenberg develops thick skin.
fact1: Heisenberg does not adjust his size.
rule: Heisenberg either adjusts his size or changes his pattern.
conclusion: Heisenberg changes his pattern.
fact1: Heisenberg does not have a low profile.
fact2: Heisenberg has a smooth surface.
rule: If Heisenberg either has a low profile or has a smooth surface (but not both), then he is flat.
conclusion: Heisenberg is flat.
fact1: Heisenberg is flat.
fact2: Heisenberg changes his pattern.
rule: If Heisenberg is flat, then he can either modify his texture or change his pattern, but not both.
conclusion: Heisenberg does not modify his texture.
fact1: Heisenberg develops thick skin.
rule: All animals that develop thick skin can survive harsh conditions.
conclusion: Heisenberg can survive harsh conditions.
fact1: Heisenberg does not modify his texture.
fact2: Heisenberg cannot camouflage himself.
rule: If Heisenberg either modifies his texture or alters his shape (but not both), then he can camouflage himself.
conclusion: Heisenberg cannot alter his shape.
fact1: Heisenberg cannot change his color.
fact2: Heisenberg cannot alter his shape.
rule: If Heisenberg can mimic his surroundings, then he can either change his color or alter his shape (but not both).
conclusion: Heisenberg does not mimic his surroundings.

According to the context and the conclusions that have already been drawn, we can deduce that it is uncertain that Heisenberg can regenerate lost parts and adapt to his environment. The correct option is: C."
"Given the facts below, answer the question.

Facts:
Avalynn achieves success. Avalynn inspires others. If Avalynn achieves success, then she either earns respect or inspires others, but not both. Avalynn does not participate in competitions. If someone either participates in competitions or gains recognition, then they earn respect. If someone wins tournaments, then they gain recognition. Avalynn does not read her opponents. If Avalynn either reads her opponents or plays defensively (but not both), then she wins tournaments. Avalynn is emotional. Everyone stays calm or is emotional. Avalynn either plays defensively or is passive (or both). Avalynn is emotional. If someone is emotional, they may not always be strategic, and vice versa. If Avalynn is either aggressive or passive (but not both), then she is strategic.

Question:
Based on the above information, is the following statement true, false, or uncertain? Avalynn is aggressive.

Options:
[""A) True"", ""B) False"", ""C) Uncertain""]","Given the facts below, answer the question.

Facts:
Eden achieves success. Everyone stays calm or is emotional. If Sutton achieves success, then she either earns respect or inspires others, but not both. Eden either plays defensively or is passive (or both). If someone wins tournaments, then they gain recognition. Avalynn either plays defensively or is passive (or both). If someone is emotional, they may not always be strategic, and vice versa. Avalynn inspires others. Sutton does not read her opponents. Eden is emotional. If Avalynn is either aggressive or passive (but not both), then she is strategic. Avalynn achieves success. Avalynn does not read her opponents. If someone either participates in competitions or gains recognition, then they earn respect. If Kenneth is either aggressive or passive (but not both), then she is strategic. If Avalynn either reads her opponents or plays defensively (but not both), then she wins tournaments. If Avalynn achieves success, then she either earns respect or inspires others, but not both. Avalynn does not participate in competitions. If Eden either reads her opponents or plays defensively (but not both), then she wins tournaments. Avalynn is emotional. Eden inspires others. Sutton does not participate in competitions. Avalynn is emotional.

Question:
Based on the above information, is the following statement true, false, or uncertain? Avalynn is aggressive.

Options:
[""A) True"", ""B) False"", ""C) Uncertain""]",A,0,"fact1: Avalynn achieves success.
fact2: Avalynn inspires others.
rule: If Avalynn achieves success, then she either earns respect or inspires others, but not both.
conclusion: Avalynn does not earn respect.
fact1: Avalynn does not participate in competitions.
fact2: Avalynn does not earn respect.
rule: If someone either participates in competitions or gains recognition, then they earn respect.
conclusion: Avalynn does not gain recognition.
fact1: Avalynn does not gain recognition.
rule: If someone wins tournaments, then they gain recognition.
conclusion: Avalynn does not win tournaments.
fact1: Avalynn does not read her opponents.
fact2: Avalynn does not win tournaments.
rule: If Avalynn either reads her opponents or plays defensively (but not both), then she wins tournaments.
conclusion: Avalynn does not play defensively.
fact1: Avalynn is emotional.
rule: Everyone stays calm or is emotional.
conclusion: Avalynn is emotional.
fact1: Avalynn does not play defensively.
rule: Avalynn either plays defensively or is passive (or both).
conclusion: Avalynn is passive.
fact1: Avalynn is emotional.
rule: If someone is emotional, they may not always be strategic, and vice versa.
conclusion: Avalynn is not strategic.
fact1: Avalynn is passive.
fact2: Avalynn is not strategic.
rule: If Avalynn is either aggressive or passive (but not both), then she is strategic.
conclusion: Avalynn is aggressive.

Therefore, it is true that Avalynn is aggressive. The correct option is: A."
"Given the facts below, answer the question.

Facts:
Dear is a motherly rabbit. Dear does not foster community. If Dear is a motherly rabbit, then she either nurtures young or fosters community, but not both. Dear shares food. Dear gives comfort. If Dear shares food, then she either gives comfort or cares for others, but not both. If Dear nurtures young, then she has a kind heart or cares for others. Dear is playful. Dear is not outgoing. If Dear is playful, then she is either social and has friends or is outgoing, but not both. Dear lives in a burrow. If Dear lives in a burrow, then she enjoys snacks. Dear either protects others or enjoys snacks, but not necessarily both. Dear is either generous or protects others, but not necessarily both. Any rabbit with a kind heart or who is generous is lovable. For all rabbits, if a rabbit is lovable, then it has friends and brings joy to others.

Question:
Based on the above information, is the following statement true, false, or uncertain? Dear does not bring joy to others.

Options:
[""A) True"", ""B) False"", ""C) Uncertain""]","Given the facts below, answer the question.

Facts:
Dear either protects others or enjoys snacks, but not necessarily both. Any rabbit with a kind heart or who is generous is lovable. Dear is either generous or protects others, but not necessarily both. Lux is not outgoing. Dear is a motherly rabbit. Dear is playful. Dear lives in a burrow. If Ensley shares food, then she either gives comfort or cares for others, but not both. Lux gives comfort. If Dear nurtures young, then she has a kind heart or cares for others. Dear is not outgoing. Dear gives comfort. If Dear is a motherly rabbit, then she either nurtures young or fosters community, but not both. If Dear lives in a burrow, then she enjoys snacks. Dear does not foster community. Lux is a motherly rabbit. Dear shares food. For all rabbits, if a rabbit is lovable, then it has friends and brings joy to others. If Dear shares food, then she either gives comfort or cares for others, but not both. If Dear is playful, then she is either social and has friends or is outgoing, but not both.

Question:
Based on the above information, is the following statement true, false, or uncertain? Dear does not bring joy to others.

Options:
[""A) True"", ""B) False"", ""C) Uncertain""]",B,1,"fact1: Dear is a motherly rabbit.
fact2: Dear does not foster community.
rule: If Dear is a motherly rabbit, then she either nurtures young or fosters community, but not both.
conclusion: Dear nurtures young.
fact1: Dear shares food.
fact2: Dear gives comfort.
rule: If Dear shares food, then she either gives comfort or cares for others, but not both.
conclusion: Dear does not care for others.
fact1: Dear nurtures young.
fact2: Dear does not care for others.
rule: If Dear nurtures young, then she has a kind heart or cares for others.
conclusion: Dear has a kind heart.
fact1: Dear is playful.
fact2: Dear is not outgoing.
rule: If Dear is playful, then she is either social and has friends or is outgoing, but not both.
conclusion: Dear has friends.
fact1: Dear lives in a burrow.
rule: If Dear lives in a burrow, then she enjoys snacks.
conclusion: Dear enjoys snacks.
fact1: Dear enjoys snacks.
rule: Dear either protects others or enjoys snacks, but not necessarily both.
conclusion: Dear does not protect others.
fact1: Dear does not protect others.
rule: Dear is either generous or protects others, but not necessarily both.
conclusion: Dear is generous.
fact1: Dear has a kind heart.
fact2: Dear is generous.
rule: Any rabbit with a kind heart or who is generous is lovable.
conclusion: Dear is lovable.
fact1: Dear is lovable.
fact2: Dear has friends.
rule: For all rabbits, if a rabbit is lovable, then it has friends and brings joy to others.
conclusion: Dear does not bring joy to others.

Therefore, it is false that Dear does not bring joy to others. The correct option is: B."
"Given the facts below, answer the question.

Facts:
Everything is well cared for. Everything gets regular socialization. If Everything is well cared for, then she either roams free or gets regular socialization (but not both). Everything has an active owner. Any horse that has strong muscles or has an active owner gets regular exercise. Everything either grazes open fields or gets regular exercise, but not both. Everything does not stay calm. If Everything either lives outdoors or grazes open fields (but not both), then she stays calm. Everything does not have good training. Everything cannot build trust. Any horse that has good training or moves with reverence can build trust. Everything lives near redwoods. If Everything lives near redwoods, then she is either raised in nature or moves with reverence. If Everything is raised in nature, then she develops a gentle nature and commands respect.

Question:
Based on the above information, is the following statement true, false, or uncertain? Everything commands respect.

Options:
[""A) True"", ""B) False"", ""C) Uncertain""]","Given the facts below, answer the question.

Facts:
Everything has an active owner. Everything does not stay calm. If Everything lives near redwoods, then she is either raised in nature or moves with reverence. Everything is well cared for. Everything either grazes open fields or gets regular exercise, but not both. If Jakai either roams free or lives outdoors (but not both), then she develops a gentle nature. Jakai either grazes open fields or gets regular exercise, but not both. If Julie either has strong muscles or eats nutritious food (but not both), then she remains healthy. If Everything is raised in nature, then she develops a gentle nature and commands respect. Jakai does not stay calm. Everything gets regular socialization. If Julie lives near redwoods, then she is either raised in nature or moves with reverence. Everything cannot build trust. Any horse that has good training or moves with reverence can build trust. Everything lives near redwoods. Everything does not have good training. If Everything either lives outdoors or grazes open fields (but not both), then she stays calm. Any horse that has strong muscles or has an active owner gets regular exercise. If Everything is well cared for, then she either roams free or gets regular socialization (but not both).

Question:
Based on the above information, is the following statement true, false, or uncertain? Everything commands respect.

Options:
[""A) True"", ""B) False"", ""C) Uncertain""]",A,0,"fact1: Everything is well cared for.
fact2: Everything gets regular socialization.
rule: If Everything is well cared for, then she either roams free or gets regular socialization (but not both).
conclusion: Everything does not roam free.
fact1: Everything has an active owner.
rule: Any horse that has strong muscles or has an active owner gets regular exercise.
conclusion: Everything gets regular exercise.
fact1: Everything gets regular exercise.
rule: Everything either grazes open fields or gets regular exercise, but not both.
conclusion: Everything does not graze open fields.
fact1: Everything does not graze open fields.
fact2: Everything does not stay calm.
rule: If Everything either lives outdoors or grazes open fields (but not both), then she stays calm.
conclusion: Everything does not live outdoors.
fact1: Everything does not have good training.
fact2: Everything cannot build trust.
rule: Any horse that has good training or moves with reverence can build trust.
conclusion: Everything does not move with reverence.
fact1: Everything lives near redwoods.
fact2: Everything does not move with reverence.
rule: If Everything lives near redwoods, then she is either raised in nature or moves with reverence.
conclusion: Everything is raised in nature.
fact1: Everything is raised in nature.
rule: If Everything is raised in nature, then she develops a gentle nature and commands respect.
conclusion: Everything commands respect.

Therefore, it is true that Everything commands respect. The correct option is: A."
"Given the facts below, answer the question.

Facts:
Carlos does not respect his elders. Carlos does not value his culture. Anyone who follows tradition or respects their elders will value their culture. Carlos pays attention to details. If Carlos pays attention to details, then he either acts on instinct or follows tradition (or both). Carlos either makes good decisions or acts on instinct, but not both. If Carlos plans ahead or thinks before acting, then he makes good decisions. Everyone thinks before acting or is impulsive. Carlos is either meticulous or impulsive, but not both. Carlos is either meticulous or careless, but not both.

Question:
Based on the above information, is the following statement true, false, or uncertain? Carlos is careless.

Options:
[""A) True"", ""B) False"", ""C) Uncertain""]","Given the facts below, answer the question.

Facts:
Amirah does not value his culture. Amirah is either meticulous or careless, but not both. Muffy does not respect his elders. If Carlos pays attention to details, then he either acts on instinct or follows tradition (or both). If Carlos plans ahead or thinks before acting, then he makes good decisions. Carlos is either meticulous or impulsive, but not both. Carlos does not value his culture. Anyone who follows tradition or respects their elders will value their culture. Carlos pays attention to details. If Marcel plans ahead or thinks before acting, then he makes good decisions. Everyone thinks before acting or is impulsive. Carlos either makes good decisions or acts on instinct, but not both. Muffy is either meticulous or impulsive, but not both. Carlos does not respect his elders. Carlos is either meticulous or careless, but not both.

Question:
Based on the above information, is the following statement true, false, or uncertain? Carlos is careless.

Options:
[""A) True"", ""B) False"", ""C) Uncertain""]",A,0,"fact1: Carlos does not respect his elders.
fact2: Carlos does not value his culture.
rule: Anyone who follows tradition or respects their elders will value their culture.
conclusion: Carlos does not follow tradition.
fact1: Carlos pays attention to details.
fact2: Carlos does not follow tradition.
rule: If Carlos pays attention to details, then he either acts on instinct or follows tradition (or both).
conclusion: Carlos acts on instinct.
fact1: Carlos acts on instinct.
rule: Carlos either makes good decisions or acts on instinct, but not both.
conclusion: Carlos does not make good decisions.
fact1: Carlos does not make good decisions.
rule: If Carlos plans ahead or thinks before acting, then he makes good decisions.
conclusion: Carlos is impulsive.
fact1: Carlos is impulsive.
rule: Everyone thinks before acting or is impulsive.
conclusion: Carlos is impulsive.
fact1: Carlos is impulsive.
rule: Carlos is either meticulous or impulsive, but not both.
conclusion: Carlos is not meticulous.
fact1: Carlos is not meticulous.
rule: Carlos is either meticulous or careless, but not both.
conclusion: Carlos is careless.

Therefore, it is true that Carlos is careless. The correct option is: A."
"Given the facts below, answer the question.

Facts:
Lydia does not read daily. Lydia does not have clarity. If Lydia either reads daily or practices meditation (but not both), then she has clarity. Lydia does not have a unique perspective. Lydia does not gain recognition. If Lydia has a unique perspective or produces a masterpiece, then she will gain recognition. Lydia does not feel calm. If Lydia either practices meditation or spends time outdoors (but not both), then she feels calm. Lydia values silence. If Lydia values silence, then she appreciates nature and is contemplative. If Lydia is creative, then she will produce a masterpiece.

Question:
Based on the above information, is the following statement true, false, or uncertain? Lydia does not live alone.

Options:
[""A) True"", ""B) False"", ""C) Uncertain""]","Given the facts below, answer the question.

Facts:
Everyone who either writes poetry or composes music (but not both) is creative. If Lydia either reads daily or practices meditation (but not both), then she has clarity. Kanan does not feel calm. Promise values silence. Lydia does not have clarity. If Lydia either practices meditation or spends time outdoors (but not both), then she feels calm. If Kanan is creative, then she will produce a masterpiece. If Promise values silence, then she appreciates nature and is contemplative. If Lydia seeks inner balance, then she practices meditation. Lydia values silence. If Kanan lives alone, then she is either creative or contemplative, but not both. Sweetheart does not have a unique perspective. If Lydia is creative, then she will produce a masterpiece. If Lydia values silence, then she appreciates nature and is contemplative. Promise does not have clarity. Lydia does not have a unique perspective. If Kanan either reads daily or practices meditation (but not both), then she has clarity. Lydia does not gain recognition. If Lydia has a unique perspective or produces a masterpiece, then she will gain recognition. Lydia does not feel calm. If Kanan either practices meditation or spends time outdoors (but not both), then she feels calm. Promise does not gain recognition. Sweetheart does not read daily. If Promise has a unique perspective or produces a masterpiece, then she will gain recognition. Lydia does not read daily.

Question:
Based on the above information, is the following statement true, false, or uncertain? Lydia does not live alone.

Options:
[""A) True"", ""B) False"", ""C) Uncertain""]",C,2,"fact1: Lydia does not read daily.
fact2: Lydia does not have clarity.
rule: If Lydia either reads daily or practices meditation (but not both), then she has clarity.
conclusion: Lydia does not practice meditation.
fact1: Lydia does not have a unique perspective.
fact2: Lydia does not gain recognition.
rule: If Lydia has a unique perspective or produces a masterpiece, then she will gain recognition.
conclusion: Lydia does not produce a masterpiece.
fact1: Lydia does not practice meditation.
fact2: Lydia does not feel calm.
rule: If Lydia either practices meditation or spends time outdoors (but not both), then she feels calm.
conclusion: Lydia does not spend time outdoors.
fact1: Lydia values silence.
rule: If Lydia values silence, then she appreciates nature and is contemplative.
conclusion: Lydia is contemplative.
fact1: Lydia does not produce a masterpiece.
rule: If Lydia is creative, then she will produce a masterpiece.
conclusion: Lydia is not creative.

According to the context and the conclusions that have already been drawn, we can deduce that it is uncertain that Lydia does not live alone. The correct option is: C."
"Given the facts below, answer the question.

Facts:
Gloria does not pursue self-improvement. Gloria either faces hardship or pursues self-improvement, but not at the same time. Gloria stays hopeful. If Gloria faces hardship, then she either has faith or stays hopeful (but not both). Gloria seeks direction. Gloria does not have inner strength. If Gloria either feels guided or seeks direction (but not both), then she has inner strength. Gloria does not find comfort. Anyone who recites prayers finds comfort or has faith (or both). Gloria experiences loss. Gloria does not seek solace. Anyone who experiences loss either seeks solace or is distraught (or both). Gloria is either distraught or serene, but not both. For all humans, if they either recite prayers or are calm (but not both), then they feel serene. Gloria does not practice meditation. Anyone who finds peace or practices meditation is calm.

Question:
Based on the above information, is the following statement true, false, or uncertain? Gloria is not deeply devoted.

Options:
[""A) True"", ""B) False"", ""C) Uncertain""]","Given the facts below, answer the question.

Facts:
Gloria does not have inner strength. Gloria stays hopeful. Gigi either faces hardship or pursues self-improvement, but not at the same time. For all humans, if they either recite prayers or are calm (but not both), then they feel serene. Avalynn does not have inner strength. If Gloria faces hardship, then she either has faith or stays hopeful (but not both). Gloria seeks direction. Gloria experiences loss. If Gloria either feels guided or seeks direction (but not both), then she has inner strength. Gloria either faces hardship or pursues self-improvement, but not at the same time. Anyone who recites prayers finds comfort or has faith (or both). Gloria does not pursue self-improvement. Anyone who experiences loss either seeks solace or is distraught (or both). Gloria does not practice meditation. Gloria does not seek solace. Avalynn stays hopeful. Gloria is either distraught or serene, but not both. Avalynn does not pursue self-improvement. Anyone who finds peace or practices meditation is calm. Gloria does not find comfort.

Question:
Based on the above information, is the following statement true, false, or uncertain? Gloria is not deeply devoted.

Options:
[""A) True"", ""B) False"", ""C) Uncertain""]",C,2,"fact1: Gloria does not pursue self-improvement.
rule: Gloria either faces hardship or pursues self-improvement, but not at the same time.
conclusion: Gloria faces hardship.
fact1: Gloria faces hardship.
fact2: Gloria stays hopeful.
rule: If Gloria faces hardship, then she either has faith or stays hopeful (but not both).
conclusion: Gloria does not have faith.
fact1: Gloria seeks direction.
fact2: Gloria does not have inner strength.
rule: If Gloria either feels guided or seeks direction (but not both), then she has inner strength.
conclusion: Gloria feels guided.
fact1: Gloria does not find comfort.
fact2: Gloria does not have faith.
rule: Anyone who recites prayers finds comfort or has faith (or both).
conclusion: Gloria does not recite prayers.
fact1: Gloria experiences loss.
fact2: Gloria does not seek solace.
rule: Anyone who experiences loss either seeks solace or is distraught (or both).
conclusion: Gloria is distraught.
fact1: Gloria is distraught.
rule: Gloria is either distraught or serene, but not both.
conclusion: Gloria does not feel serene.
fact1: Gloria does not recite prayers.
fact2: Gloria does not feel serene.
rule: For all humans, if they either recite prayers or are calm (but not both), then they feel serene.
conclusion: Gloria is not calm.
fact1: Gloria does not practice meditation.
fact2: Gloria is not calm.
rule: Anyone who finds peace or practices meditation is calm.
conclusion: Gloria does not find peace.

According to the context and the conclusions that have already been drawn, we can deduce that it is uncertain that Gloria is not deeply devoted. The correct option is: C."
"Given the facts below, answer the question.

Facts:
Cataleya is motivated. Cataleya has clear objectives. For anyone who is motivated and has clear objectives, they can work diligently. Cataleya does not achieve success. If someone sets goals and works diligently, then they can achieve success. Cataleya has a disability. If someone has a disability, then they require support. For Cataleya's sister, either she requires support or she can live independently, but not both. If Cataleya's sister can express herself or build confidence, then she can live independently. If someone improves their communication skills, then they can express themselves more effectively. If Cataleya's sister receives therapy, then she improves her communication skills.

Question:
Based on the above information, is the following statement true, false, or uncertain? Cataleya's sister does not receive therapy.

Options:
[""A) True"", ""B) False"", ""C) Uncertain""]","Given the facts below, answer the question.

Facts:
Maliyah has a disability. Leslie does not achieve success. Maliyah has clear objectives. Danna does not have passion. Anyone who faces challenges or has a vision can set goals. If someone has a disability, then they require support. For Cataleya's sister, either she requires support or she can live independently, but not both. Cataleya does not achieve success. Cataleya is motivated. If Cataleya's sister receives therapy, then she improves her communication skills. If someone sets goals and works diligently, then they can achieve success. Cataleya has clear objectives. For Danna's sister, either she requires support or she can live independently, but not both. If Leslie's sister can express herself or build confidence, then she can live independently. Leslie is motivated. For anyone who is motivated and has clear objectives, they can work diligently. If Cataleya's sister can express herself or build confidence, then she can live independently. If Maliyah's sister receives therapy, then she improves her communication skills. If Cataleya's sister faces challenges, then she either requires support or receives guidance. If someone improves their communication skills, then they can express themselves more effectively. Cataleya has a disability.

Question:
Based on the above information, is the following statement true, false, or uncertain? Cataleya's sister does not receive therapy.

Options:
[""A) True"", ""B) False"", ""C) Uncertain""]",A,0,"fact1: Cataleya is motivated.
fact2: Cataleya has clear objectives.
rule: For anyone who is motivated and has clear objectives, they can work diligently.
conclusion: Cataleya works diligently.
fact1: Cataleya works diligently.
fact2: Cataleya does not achieve success.
rule: If someone sets goals and works diligently, then they can achieve success.
conclusion: Cataleya does not set goals.
fact1: Cataleya has a disability.
rule: If someone has a disability, then they require support.
conclusion: Cataleya requires support.
fact1: Cataleya requires support.
rule: For Cataleya's sister, either she requires support or she can live independently, but not both.
conclusion: Cataleya cannot live independently.
fact1: Cataleya cannot live independently.
rule: If Cataleya's sister can express herself or build confidence, then she can live independently.
conclusion: Cataleya cannot express herself more effectively.
fact1: Cataleya cannot express herself more effectively.
rule: If someone improves their communication skills, then they can express themselves more effectively.
conclusion: Cataleya's sister does not improve her communication skills.
fact1: Cataleya's sister does not improve her communication skills.
rule: If Cataleya's sister receives therapy, then she improves her communication skills.
conclusion: Cataleya's sister does not receive therapy.

Therefore, it is true that Cataleya's sister does not receive therapy. The correct option is: A."
"Given the facts below, answer the question.

Facts:
Samir does not speak sincerely. Samir does not inspire others. For all people, if they either communicate deeply or speak sincerely, then they inspire others. Samir sings from the heart. If someone either sings from the heart or expresses emotion, then they are able to communicate deeply. Samir does not appreciate nature. Samir does not find inner peace. Anyone who seeks silence or appreciates nature can find inner peace. If Samir expresses emotion, then he writes poetry. Either Samir enjoys meditation or he seeks silence, but not necessarily both. Samir does not value introspection. For all humans, if they either enjoy meditation or value reflection, then they value introspection. Samir does not cultivate creativity. If Samir keeps a journal, then he values reflection and cultivates creativity. If Samir either writes poetry or keeps a journal (but not both), then he will become a good writer.

Question:
Based on the above information, is the following statement true, false, or uncertain? Samir does not practice writing.

Options:
[""A) True"", ""B) False"", ""C) Uncertain""]","Given the facts below, answer the question.

Facts:
Noe does not cultivate creativity. Samir does not appreciate nature. Samir does not cultivate creativity. Samir sings from the heart. Kameron sings from the heart. Samir does not value introspection. For all humans, if they either enjoy meditation or value reflection, then they value introspection. If Noa keeps a journal, then he values reflection and cultivates creativity. If someone either sings from the heart or expresses emotion, then they are able to communicate deeply. If Samir keeps a journal, then he values reflection and cultivates creativity. If Noe expresses emotion, then he writes poetry. For all people, if they either communicate deeply or speak sincerely, then they inspire others. Anyone who seeks silence or appreciates nature can find inner peace. If Samir expresses emotion, then he writes poetry. Samir does not speak sincerely. Everyone who has passion either connects with others or communicates deeply (or both). Noa does not read great literature. Samir does not find inner peace. Kameron does not speak sincerely. Noe does not find inner peace. If Samir either writes poetry or keeps a journal (but not both), then he will become a good writer. If Noe either writes poetry or keeps a journal (but not both), then he will become a good writer. If Noe reads great literature and practices writing, then he will become a good writer. Samir does not inspire others. Either Noe enjoys meditation or he seeks silence, but not necessarily both. Noa does not value introspection. Either Samir enjoys meditation or he seeks silence, but not necessarily both. If someone pursues philosophy, then they value reflection. Kameron does not appreciate nature. Kameron does not inspire others.

Question:
Based on the above information, is the following statement true, false, or uncertain? Samir does not practice writing.

Options:
[""A) True"", ""B) False"", ""C) Uncertain""]",C,2,"fact1: Samir does not speak sincerely.
fact2: Samir does not inspire others.
rule: For all people, if they either communicate deeply or speak sincerely, then they inspire others.
conclusion: Samir is not able to communicate deeply.
fact1: Samir sings from the heart.
fact2: Samir is not able to communicate deeply.
rule: If someone either sings from the heart or expresses emotion, then they are able to communicate deeply.
conclusion: Samir expresses emotion.
fact1: Samir does not appreciate nature.
fact2: Samir does not find inner peace.
rule: Anyone who seeks silence or appreciates nature can find inner peace.
conclusion: Samir does not seek silence.
fact1: Samir expresses emotion.
rule: If Samir expresses emotion, then he writes poetry.
conclusion: Samir writes poetry.
fact1: Samir does not seek silence.
rule: Either Samir enjoys meditation or he seeks silence, but not necessarily both.
conclusion: Samir enjoys meditation.
fact1: Samir enjoys meditation.
fact2: Samir does not value introspection.
rule: For all humans, if they either enjoy meditation or value reflection, then they value introspection.
conclusion: Samir values reflection.
fact1: Samir values reflection.
fact2: Samir does not cultivate creativity.
rule: If Samir keeps a journal, then he values reflection and cultivates creativity.
conclusion: Samir does not keep a journal.
fact1: Samir writes poetry.
fact2: Samir does not keep a journal.
rule: If Samir either writes poetry or keeps a journal (but not both), then he will become a good writer.
conclusion: Samir will become a good writer.

According to the context and the conclusions that have already been drawn, we can deduce that it is uncertain that Samir does not practice writing. The correct option is: C."
"Given the facts below, answer the question.

Facts:
Spencer is outdoorsy. Spencer reduces waste. If Spencer is outdoorsy, then he either protects the environment or reduces waste, but not both. Spencer recognizes interconnections. Anyone who understands ecosystems and recognizes interconnections can protect the environment. Spencer pursues an academic career. For Spencer, either he seeks thrills or he pursues an academic career, but not both. Spencer either seeks thrills or appreciates beauty, but not both. Spencer values conservation. If Spencer appreciates beauty, then he loves wildlife and values conservation. Anyone who loves wildlife or understands ecosystems respects nature.

Question:
Based on the above information, is the following statement true, false, or uncertain? Spencer fears ocean dangers.

Options:
[""A) True"", ""B) False"", ""C) Uncertain""]","Given the facts below, answer the question.

Facts:
Daphne recognizes interconnections. If Arlette appreciates beauty, then he loves wildlife and values conservation. Spencer recognizes interconnections. Anyone who loves wildlife or understands ecosystems respects nature. Spencer cares about animals or loves wildlife. Slick is outdoorsy. If someone travels extensively, then they capture moments and appreciate beauty. Spencer is outdoorsy. Arlette pursues an academic career. Spencer reduces waste. Spencer pursues an academic career. Spencer values conservation. For Daphne, either he seeks thrills or he pursues an academic career, but not both. Spencer either seeks thrills or appreciates beauty, but not both. Anyone who studies marine life understands ecosystems. Arlette either seeks thrills or appreciates beauty, but not both. For Spencer, either he seeks thrills or he pursues an academic career, but not both. Slick values conservation. If Arlette is outdoorsy, then he either protects the environment or reduces waste, but not both. If Spencer appreciates beauty, then he loves wildlife and values conservation. If Spencer is outdoorsy, then he either protects the environment or reduces waste, but not both. Arlette reduces waste. Anyone who understands ecosystems and recognizes interconnections can protect the environment.

Question:
Based on the above information, is the following statement true, false, or uncertain? Spencer fears ocean dangers.

Options:
[""A) True"", ""B) False"", ""C) Uncertain""]",C,2,"fact1: Spencer is outdoorsy.
fact2: Spencer reduces waste.
rule: If Spencer is outdoorsy, then he either protects the environment or reduces waste, but not both.
conclusion: Spencer does not protect the environment.
fact1: Spencer recognizes interconnections.
fact2: Spencer does not protect the environment.
rule: Anyone who understands ecosystems and recognizes interconnections can protect the environment.
conclusion: Spencer does not understand ecosystems.
fact1: Spencer pursues an academic career.
rule: For Spencer, either he seeks thrills or he pursues an academic career, but not both.
conclusion: Spencer does not seek thrills.
fact1: Spencer does not seek thrills.
rule: Spencer either seeks thrills or appreciates beauty, but not both.
conclusion: Spencer appreciates beauty.
fact1: Spencer appreciates beauty.
fact2: Spencer values conservation.
rule: If Spencer appreciates beauty, then he loves wildlife and values conservation.
conclusion: Spencer loves wildlife.
fact1: Spencer loves wildlife.
fact2: Spencer does not understand ecosystems.
rule: Anyone who loves wildlife or understands ecosystems respects nature.
conclusion: Spencer respects nature.

According to the context and the conclusions that have already been drawn, we can deduce that it is uncertain that Spencer fears ocean dangers. The correct option is: C."
"Given the facts below, answer the question.

Facts:
Mavis evaluates evidence. Mavis formulates theories. If Mavis evaluates evidence, then she either draws conclusions or formulates theories (but not both). Mavis does not publish her findings. Mavis does not advance knowledge. If Mavis gathers information, then she either publishes her findings or advances knowledge (or both). Mavis gathers information or collects data. If Mavis collects data, then she either draws conclusions or tests hypotheses (but not both). Mavis analyzes data. If Mavis conducts experiments, then she either analyzes data or tests hypotheses (but not both). Mavis either relies on empiricism or conducts experiments (or both).

Question:
Based on the above information, is the following statement true, false, or uncertain? Mavis relies on empiricism.

Options:
[""A) True"", ""B) False"", ""C) Uncertain""]","Given the facts below, answer the question.

Facts:
Mavis does not publish her findings. Mavis does not advance knowledge. If Mavis evaluates evidence, then she either draws conclusions or formulates theories (but not both). If Mavis either studies phenomena or examines results (but not both), then she draws conclusions. Anyone who asks questions or reads literature gathers information. Veronica evaluates evidence. Kyro gathers information or collects data. If Mavis collects data, then she either draws conclusions or tests hypotheses (but not both). Mavis gathers information or collects data. Mavis either relies on empiricism or conducts experiments (or both). Veronica analyzes data. Mavis formulates theories. If Kyro gathers information, then she either publishes her findings or advances knowledge (or both). Mavis evaluates evidence. If Mavis conducts experiments, then she either analyzes data or tests hypotheses (but not both). Veronica either relies on empiricism or conducts experiments (or both). Aspen formulates theories. Mavis analyzes data. If Kyro evaluates evidence, then she either draws conclusions or formulates theories (but not both). If Mavis is a researcher, then she either uses statistical models or conducts experiments (or both). If Mavis gathers information, then she either publishes her findings or advances knowledge (or both). Aspen does not advance knowledge. Aspen does not publish her findings. If Kyro collects data, then she either draws conclusions or tests hypotheses (but not both). If Aspen conducts experiments, then she either analyzes data or tests hypotheses (but not both).

Question:
Based on the above information, is the following statement true, false, or uncertain? Mavis relies on empiricism.

Options:
[""A) True"", ""B) False"", ""C) Uncertain""]",A,0,"fact1: Mavis evaluates evidence.
fact2: Mavis formulates theories.
rule: If Mavis evaluates evidence, then she either draws conclusions or formulates theories (but not both).
conclusion: Mavis does not draw conclusions.
fact1: Mavis does not publish her findings.
fact2: Mavis does not advance knowledge.
rule: If Mavis gathers information, then she either publishes her findings or advances knowledge (or both).
conclusion: Mavis does not gather information.
fact1: Mavis does not gather information.
rule: Mavis gathers information or collects data.
conclusion: Mavis collects data.
fact1: Mavis collects data.
fact2: Mavis does not draw conclusions.
rule: If Mavis collects data, then she either draws conclusions or tests hypotheses (but not both).
conclusion: Mavis tests hypotheses.
fact1: Mavis analyzes data.
fact2: Mavis tests hypotheses.
rule: If Mavis conducts experiments, then she either analyzes data or tests hypotheses (but not both).
conclusion: Mavis does not conduct experiments.
fact1: Mavis does not conduct experiments.
rule: Mavis either relies on empiricism or conducts experiments (or both).
conclusion: Mavis relies on empiricism.

Therefore, it is true that Mavis relies on empiricism. The correct option is: A."
"Given the facts below, answer the question.

Facts:
Kylen does not value biodiversity. Kylen does not have environmental knowledge. If Kylen studies ecosystems, then he either values biodiversity or has environmental knowledge (but not both). Kylen advocates sustainability. If Kylen either studies ecosystems or advocates sustainability (but not both), then he is dedicated to marine conservation. Kylen develops solutions. Kylen does not protect the environment. If Kylen develops solutions, then he either receives recognition or protects the environment (or both). Kylen is practical. Kylen is either practical or has innovative ideas, but not both.

Question:
Based on the above information, is the following statement true, false, or uncertain? If Kylen is dedicated to marine conservation, then he makes a positive impact on the ocean's health.

Options:
[""A) True"", ""B) False"", ""C) Uncertain""]","Given the facts below, answer the question.

Facts:
If Anthony has innovative ideas, then he works tirelessly and collaborates with others. If Anthony develops solutions, then he either receives recognition or protects the environment (or both). If Kylen develops solutions, then he either receives recognition or protects the environment (or both). If Kylen studies ecosystems, then he either values biodiversity or has environmental knowledge (but not both). Kylen develops solutions. Kylen is either practical or has innovative ideas, but not both. Kylen does not protect the environment. Kylen does not have environmental knowledge. Anthony does not value biodiversity. If Kylen either studies ecosystems or advocates sustainability (but not both), then he is dedicated to marine conservation. Isabel develops solutions. Kylen is practical. Kylen does not value biodiversity. Anthony does not protect the environment. Kylen advocates sustainability. Isabel is either practical or has innovative ideas, but not both. If Isabel studies ecosystems, then he either values biodiversity or has environmental knowledge (but not both). If Anthony either studies ecosystems or advocates sustainability (but not both), then he is dedicated to marine conservation. Anthony does not collaborate with others. Anthony is practical.

Question:
Based on the above information, is the following statement true, false, or uncertain? If Kylen is dedicated to marine conservation, then he makes a positive impact on the ocean's health.

Options:
[""A) True"", ""B) False"", ""C) Uncertain""]",C,2,"fact1: Kylen does not value biodiversity.
fact2: Kylen does not have environmental knowledge.
rule: If Kylen studies ecosystems, then he either values biodiversity or has environmental knowledge (but not both).
conclusion: Kylen does not study ecosystems.
fact1: Kylen does not study ecosystems.
fact2: Kylen advocates sustainability.
rule: If Kylen either studies ecosystems or advocates sustainability (but not both), then he is dedicated to marine conservation.
conclusion: Kylen is dedicated to marine conservation.
fact1: Kylen develops solutions.
fact2: Kylen does not protect the environment.
rule: If Kylen develops solutions, then he either receives recognition or protects the environment (or both).
conclusion: Kylen receives recognition.
fact1: Kylen is practical.
rule: Kylen is either practical or has innovative ideas, but not both.
conclusion: Kylen does not have innovative ideas.

According to the context and the conclusions that have already been drawn, we can deduce that it is uncertain that If Kylen is dedicated to marine conservation, then he makes a positive impact on the ocean's health. The correct option is: C."
"Given the facts below, answer the question.

Facts:
Anne does not collaborate with others. Anne does not achieve recognition. Anyone who collaborates with others or produces innovative work can achieve recognition. Anne measures carefully. Anne does not work accurately. If someone either measures carefully or values precision, then they work accurately. Anne generates new ideas. If someone either generates new ideas or thinks creatively, then they produce innovative work. Anne is either methodical or thinks creatively, but not both.

Question:
Based on the above information, is the following statement true, false, or uncertain? Anne is logical or analytical (or both).

Options:
[""A) True"", ""B) False"", ""C) Uncertain""]","Given the facts below, answer the question.

Facts:
Keaton does not work accurately. If someone either measures carefully or values precision, then they work accurately. Anne does not achieve recognition. Anne generates new ideas. Anne measures carefully. Lambkin understands patterns. Keaton does not enjoy problem solving. Anne does not collaborate with others. Anne does not work accurately. If someone either generates new ideas or thinks creatively, then they produce innovative work. Anyone who collaborates with others or produces innovative work can achieve recognition. Anne is either methodical or thinks creatively, but not both.

Question:
Based on the above information, is the following statement true, false, or uncertain? Anne is logical or analytical (or both).

Options:
[""A) True"", ""B) False"", ""C) Uncertain""]",C,2,"fact1: Anne does not collaborate with others.
fact2: Anne does not achieve recognition.
rule: Anyone who collaborates with others or produces innovative work can achieve recognition.
conclusion: Anne does not produce innovative work.
fact1: Anne measures carefully.
fact2: Anne does not work accurately.
rule: If someone either measures carefully or values precision, then they work accurately.
conclusion: Anne values precision.
fact1: Anne generates new ideas.
fact2: Anne does not produce innovative work.
rule: If someone either generates new ideas or thinks creatively, then they produce innovative work.
conclusion: Anne thinks creatively.
fact1: Anne thinks creatively.
rule: Anne is either methodical or thinks creatively, but not both.
conclusion: Anne is not methodical.

According to the context and the conclusions that have already been drawn, we can deduce that it is uncertain that Anne is logical or analytical (or both). The correct option is: C."
"Given the facts below, answer the question.

Facts:
Ashlyn makes new discoveries. Ashlyn publishes research. Anyone who makes new discoveries and publishes research can gain public recognition. Ashlyn takes leadership roles. Ashlyn has strategic thinking. If Ashlyn takes leadership roles, then she either has strategic thinking or builds strong networks, but not both. Ashlyn does not have charisma. If Ashlyn drives change, then she either has charisma or builds strong networks, but not both. Ashlyn does not speak publicly. If Ashlyn either speaks publicly or is passionate about causes (but not both), then she drives change. Ashlyn either receives awards or gains public recognition, but not both. Ashlyn is not respected professionally. If Ashlyn is either recognized by her peers or receives awards (but not both), then she is respected professionally. Ashlyn does not work hard. Ashlyn does not achieve success. For all humans, if someone either has expertise or works hard, then they achieve success. Anyone who is influential is either passionate about causes or recognized by their peers (or both). Ashlyn either has expertise or is dedicated, but not both.

Question:
Based on the above information, is the following statement true, false, or uncertain? If Ashlyn is either dedicated or innovative (but not both), then she is influential.

Options:
[""A) True"", ""B) False"", ""C) Uncertain""]","Given the facts below, answer the question.

Facts:
If Ashlyn drives change, then she either has charisma or builds strong networks, but not both. If Ashlyn takes leadership roles, then she either has strategic thinking or builds strong networks, but not both. If Ashlyn either speaks publicly or is passionate about causes (but not both), then she drives change. For all humans, if someone either has expertise or works hard, then they achieve success. Ashlyn is not respected professionally. Landyn does not work hard. Ashlyn does not achieve success. Landyn has strategic thinking. Ashlyn does not have charisma. Ashlyn publishes research. If Ashlyn is either recognized by her peers or receives awards (but not both), then she is respected professionally. Anyone who is influential is either passionate about causes or recognized by their peers (or both). Ashlyn does not speak publicly. Ashlyn either receives awards or gains public recognition, but not both. Ashlyn takes leadership roles. Ashlyn either has expertise or is dedicated, but not both. Elias either has expertise or is dedicated, but not both. Huxley either receives awards or gains public recognition, but not both. Ashlyn makes new discoveries. Anyone who makes new discoveries and publishes research can gain public recognition. Ashlyn does not work hard. Ashlyn has strategic thinking.

Question:
Based on the above information, is the following statement true, false, or uncertain? If Ashlyn is either dedicated or innovative (but not both), then she is influential.

Options:
[""A) True"", ""B) False"", ""C) Uncertain""]",C,2,"fact1: Ashlyn makes new discoveries.
fact2: Ashlyn publishes research.
rule: Anyone who makes new discoveries and publishes research can gain public recognition.
conclusion: Ashlyn gains public recognition.
fact1: Ashlyn takes leadership roles.
fact2: Ashlyn has strategic thinking.
rule: If Ashlyn takes leadership roles, then she either has strategic thinking or builds strong networks, but not both.
conclusion: Ashlyn does not build strong networks.
fact1: Ashlyn does not have charisma.
fact2: Ashlyn does not build strong networks.
rule: If Ashlyn drives change, then she either has charisma or builds strong networks, but not both.
conclusion: Ashlyn does not drive change.
fact1: Ashlyn does not speak publicly.
fact2: Ashlyn does not drive change.
rule: If Ashlyn either speaks publicly or is passionate about causes (but not both), then she drives change.
conclusion: Ashlyn is not passionate about causes.
fact1: Ashlyn gains public recognition.
rule: Ashlyn either receives awards or gains public recognition, but not both.
conclusion: Ashlyn does not receive awards.
fact1: Ashlyn does not receive awards.
fact2: Ashlyn is not respected professionally.
rule: If Ashlyn is either recognized by her peers or receives awards (but not both), then she is respected professionally.
conclusion: Ashlyn is not recognized by her peers.
fact1: Ashlyn does not work hard.
fact2: Ashlyn does not achieve success.
rule: For all humans, if someone either has expertise or works hard, then they achieve success.
conclusion: Ashlyn does not have expertise.
fact1: Ashlyn is not passionate about causes.
fact2: Ashlyn is not recognized by her peers.
rule: Anyone who is influential is either passionate about causes or recognized by their peers (or both).
conclusion: Ashlyn is not influential.
fact1: Ashlyn does not have expertise.
rule: Ashlyn either has expertise or is dedicated, but not both.
conclusion: Ashlyn is dedicated.

According to the context and the conclusions that have already been drawn, we can deduce that it is uncertain that If Ashlyn is either dedicated or innovative (but not both), then she is influential. The correct option is: C."
"Given the facts below, answer the question.

Facts:
Luv abides by the laws. Luv either becomes legendary or abides by the laws, but not both. Luv gets caught. Luv earns respect. If Luv is skilled, then they can either get caught or earn respect, but not both. Luv has a high IQ. Luv seeks truth. If Luv has a high IQ, then they either seek truth or fight against injustice, but not both. If Luv exposes secrets, then Luv fights against injustice. Luv writes secure code. For Luv, they either write secure code or bypass firewalls, but not both. If Luv either cracks secure systems or bypasses firewalls (but not both), then they become legendary.

Question:
Based on the above information, is the following statement true, false, or uncertain? Luv remains anonymous.

Options:
[""A) True"", ""B) False"", ""C) Uncertain""]","Given the facts below, answer the question.

Facts:
Nathalia writes secure code. Luv has a high IQ. Luv abides by the laws. Luv gets caught. Mylah abides by the laws. If Nathalia either cracks secure systems or bypasses firewalls (but not both), then they become legendary. Luv seeks truth. Luv writes secure code. Nathalia has a high IQ. If Luv has a high IQ, then they either seek truth or fight against injustice, but not both. Mylah gets caught. If Mylah is skilled, then they can either get caught or earn respect, but not both. If Luv either cracks secure systems or bypasses firewalls (but not both), then they become legendary. If Mylah either exposes secrets or cracks secure systems (but not both), then they gain recognition. If Luv is skilled, then they can either get caught or earn respect, but not both. If Luv exposes secrets, then Luv fights against injustice. For Luv, they either write secure code or bypass firewalls, but not both. Luv either becomes legendary or abides by the laws, but not both. Nathalia seeks truth. Luv earns respect. If Nathalia exposes secrets, then Nathalia fights against injustice.

Question:
Based on the above information, is the following statement true, false, or uncertain? Luv remains anonymous.

Options:
[""A) True"", ""B) False"", ""C) Uncertain""]",C,2,"fact1: Luv abides by the laws.
rule: Luv either becomes legendary or abides by the laws, but not both.
conclusion: Luv does not become legendary.
fact1: Luv gets caught.
fact2: Luv earns respect.
rule: If Luv is skilled, then they can either get caught or earn respect, but not both.
conclusion: Luv is not skilled.
fact1: Luv has a high IQ.
fact2: Luv seeks truth.
rule: If Luv has a high IQ, then they either seek truth or fight against injustice, but not both.
conclusion: Luv does not fight against injustice.
fact1: Luv does not fight against injustice.
rule: If Luv exposes secrets, then Luv fights against injustice.
conclusion: Luv does not expose secrets.
fact1: Luv writes secure code.
rule: For Luv, they either write secure code or bypass firewalls, but not both.
conclusion: Luv does not bypass firewalls.
fact1: Luv does not bypass firewalls.
fact2: Luv does not become legendary.
rule: If Luv either cracks secure systems or bypasses firewalls (but not both), then they become legendary.
conclusion: Luv does not crack secure systems.

According to the context and the conclusions that have already been drawn, we can deduce that it is uncertain that Luv remains anonymous. The correct option is: C."
"Given the facts below, answer the question.

Facts:
Bailee generates new ideas. Bailee does not have an innovative mind. If Bailee either thinks creatively or generates new ideas (but not both), then she has an innovative mind. Bailee does not read scientifically. Bailee is not seeking innovation. Everyone who either reads scientifically or advances knowledge is seeking innovation. Bailee either thinks creatively or has a unique perspective, but not both. Bailee pursues research. For all humans, if they either pursue research or have a strong passion, then they advance knowledge. If Bailee has a strong passion, then she either makes groundbreaking discoveries or has a unique perspective (but not both).

Question:
Based on the above information, is the following statement true, false, or uncertain? Bailee does not study astrophysics.

Options:
[""A) True"", ""B) False"", ""C) Uncertain""]","Given the facts below, answer the question.

Facts:
Bailee either thinks creatively or has a unique perspective, but not both. If Bailee has a strong passion, then she either makes groundbreaking discoveries or has a unique perspective (but not both). Bailee pursues research. Everyone who either reads scientifically or advances knowledge is seeking innovation. For all humans, if they either pursue research or have a strong passion, then they advance knowledge. Bailee does not read scientifically. Bailee generates new ideas. Hendrix pursues research. If Bailee either thinks creatively or generates new ideas (but not both), then she has an innovative mind. Bailee does not have an innovative mind. If Aspen either studies astrophysics or has natural curiosity (but not both), then she makes groundbreaking discoveries. Bailee is not seeking innovation.

Question:
Based on the above information, is the following statement true, false, or uncertain? Bailee does not study astrophysics.

Options:
[""A) True"", ""B) False"", ""C) Uncertain""]",C,2,"fact1: Bailee generates new ideas.
fact2: Bailee does not have an innovative mind.
rule: If Bailee either thinks creatively or generates new ideas (but not both), then she has an innovative mind.
conclusion: Bailee thinks creatively.
fact1: Bailee does not read scientifically.
fact2: Bailee is not seeking innovation.
rule: Everyone who either reads scientifically or advances knowledge is seeking innovation.
conclusion: Bailee does not advance knowledge.
fact1: Bailee thinks creatively.
rule: Bailee either thinks creatively or has a unique perspective, but not both.
conclusion: Bailee does not have a unique perspective.
fact1: Bailee pursues research.
fact2: Bailee does not advance knowledge.
rule: For all humans, if they either pursue research or have a strong passion, then they advance knowledge.
conclusion: Bailee has a strong passion.
fact1: Bailee has a strong passion.
fact2: Bailee does not have a unique perspective.
rule: If Bailee has a strong passion, then she either makes groundbreaking discoveries or has a unique perspective (but not both).
conclusion: Bailee makes groundbreaking discoveries.

According to the context and the conclusions that have already been drawn, we can deduce that it is uncertain that Bailee does not study astrophysics. The correct option is: C."
"Given the facts below, answer the question.

Facts:
Novalee does not appreciate nature. Novalee loves geology or appreciates nature. If someone loves geology, then they analyze data and understand rock formations. Novalee does not explore caves. If Novalee studies minerals, then she explores caves and understands rock formations. Novalee does not collect samples. Novalee collects samples or makes new discoveries.

Question:
Based on the above information, is the following statement true, false, or uncertain? Novalee unlocks new applications.

Options:
[""A) True"", ""B) False"", ""C) Uncertain""]","Given the facts below, answer the question.

Facts:
Zaid loves geology or appreciates nature. If Novalee studies minerals, then she explores caves and understands rock formations. Novalee does not collect samples. Novalee collects samples or makes new discoveries. Novalee does not explore caves. Novalee does not appreciate nature. If someone loves geology, then they analyze data and understand rock formations. Novalee loves geology or appreciates nature.

Question:
Based on the above information, is the following statement true, false, or uncertain? Novalee unlocks new applications.

Options:
[""A) True"", ""B) False"", ""C) Uncertain""]",C,2,"fact1: Novalee does not appreciate nature.
rule: Novalee loves geology or appreciates nature.
conclusion: Novalee loves geology.
fact1: Novalee loves geology.
rule: If someone loves geology, then they analyze data and understand rock formations.
conclusion: Novalee understands rock formations.
fact1: Novalee does not explore caves.
fact2: Novalee understands rock formations.
rule: If Novalee studies minerals, then she explores caves and understands rock formations.
conclusion: Novalee does not study minerals.
fact1: Novalee does not collect samples.
rule: Novalee collects samples or makes new discoveries.
conclusion: Novalee makes new discoveries.

According to the context and the conclusions that have already been drawn, we can deduce that it is uncertain that Novalee unlocks new applications. The correct option is: C."
"Given the facts below, answer the question.

Facts:
Sweetstuff has a curious nature. Sweetstuff does not investigate her surroundings. Every horse with a curious nature either explores boundaries or investigates its surroundings (or both). Sweetstuff has a roaming instinct. Sweetstuff does not enjoy open spaces. All horses that either value independence or have a roaming instinct are ones that enjoy open spaces. Sweetstuff runs wildly. Any horse that runs wildly and values independence loves freedom. Sweetstuff does not venture alone. If Sweetstuff either explores boundaries or ventures alone (but not both), then she roams openly. All horses that love freedom and roam openly are wild. For every horse, either the horse is domesticated or the horse is wild, but not both.

Question:
Based on the above information, is the following statement true, false, or uncertain? Sweetstuff is a domesticated horse.

Options:
[""A) True"", ""B) False"", ""C) Uncertain""]","Given the facts below, answer the question.

Facts:
All horses that either value independence or have a roaming instinct are ones that enjoy open spaces. Any horse that runs wildly and values independence loves freedom. Trace does not investigate her surroundings. For every horse, either the horse is domesticated or the horse is wild, but not both. Omari runs wildly. All horses that love freedom and roam openly are wild. Sweetstuff does not venture alone. Trace does not enjoy open spaces. Omari has a roaming instinct. Every horse with a curious nature either explores boundaries or investigates its surroundings (or both). Sweetstuff runs wildly. Sweetstuff has a roaming instinct. If Sweetstuff either explores boundaries or ventures alone (but not both), then she roams openly. Sweetstuff does not enjoy open spaces. Victoria does not venture alone. Sweetstuff has a curious nature. Omari has a curious nature. Sweetstuff does not investigate her surroundings.

Question:
Based on the above information, is the following statement true, false, or uncertain? Sweetstuff is a domesticated horse.

Options:
[""A) True"", ""B) False"", ""C) Uncertain""]",B,1,"fact1: Sweetstuff has a curious nature.
fact2: Sweetstuff does not investigate her surroundings.
rule: Every horse with a curious nature either explores boundaries or investigates its surroundings (or both).
conclusion: Sweetstuff explores boundaries.
fact1: Sweetstuff has a roaming instinct.
fact2: Sweetstuff does not enjoy open spaces.
rule: All horses that either value independence or have a roaming instinct are ones that enjoy open spaces.
conclusion: Sweetstuff values independence.
fact1: Sweetstuff runs wildly.
fact2: Sweetstuff values independence.
rule: Any horse that runs wildly and values independence loves freedom.
conclusion: Sweetstuff loves freedom.
fact1: Sweetstuff explores boundaries.
fact2: Sweetstuff does not venture alone.
rule: If Sweetstuff either explores boundaries or ventures alone (but not both), then she roams openly.
conclusion: Sweetstuff roams openly.
fact1: Sweetstuff loves freedom.
fact2: Sweetstuff roams openly.
rule: All horses that love freedom and roam openly are wild.
conclusion: Sweetstuff is a wild horse.
fact1: Sweetstuff is a wild horse.
rule: For every horse, either the horse is domesticated or the horse is wild, but not both.
conclusion: Sweetstuff is a domesticated horse.

Therefore, it is false that Sweetstuff is a domesticated horse. The correct option is: B."
"Given the facts below, answer the question.

Facts:
Israel pursues his passion. Israel finds success. If Israel pursues his passion, then he will either gain recognition or find success (but not both). If Israel performs publicly, then he will gain recognition. Israel does not study music theory. If Israel either studies music theory or learns traditional instruments (but not both), then he performs publicly. Israel has musical talent. If Israel learns traditional instruments or has musical talent, then he can play the mbira. Israel does not write lyrics. If Israel either plays the mbira or writes lyrics (but not both), then he composes original songs. Israel either composes original songs or produces fusion music, but not both. Israel does not respect heritage. If Israel creates traditional music, then he loves history and respects heritage. If Israel appreciates culture, then he can either create traditional music or produce fusion music, but not both.

Question:
Based on the above information, is the following statement true, false, or uncertain? Israel appreciates culture.

Options:
[""A) True"", ""B) False"", ""C) Uncertain""]","Given the facts below, answer the question.

Facts:
If Jasper performs publicly, then he will gain recognition. If Israel learns traditional instruments or has musical talent, then he can play the mbira. Abraham has musical talent. Israel either composes original songs or produces fusion music, but not both. Israel finds success. Israel has musical talent. Israel does not study music theory. If Jasper appreciates culture, then he can either create traditional music or produce fusion music, but not both. Israel pursues his passion. If Israel appreciates culture, then he can either create traditional music or produce fusion music, but not both. If Israel either studies music theory or learns traditional instruments (but not both), then he performs publicly. If Israel either plays the mbira or writes lyrics (but not both), then he composes original songs. Abraham finds success. If Israel creates traditional music, then he loves history and respects heritage. Israel does not write lyrics. Abraham does not study music theory. Israel does not respect heritage. If Jasper either plays the mbira or writes lyrics (but not both), then he composes original songs. If Israel performs publicly, then he will gain recognition. If Bronson creates traditional music, then he loves history and respects heritage. If Israel pursues his passion, then he will either gain recognition or find success (but not both). Jasper either composes original songs or produces fusion music, but not both. If Bronson learns traditional instruments or has musical talent, then he can play the mbira. Abraham pursues his passion.

Question:
Based on the above information, is the following statement true, false, or uncertain? Israel appreciates culture.

Options:
[""A) True"", ""B) False"", ""C) Uncertain""]",B,1,"fact1: Israel pursues his passion.
fact2: Israel finds success.
rule: If Israel pursues his passion, then he will either gain recognition or find success (but not both).
conclusion: Israel does not gain recognition.
fact1: Israel does not gain recognition.
rule: If Israel performs publicly, then he will gain recognition.
conclusion: Israel does not perform publicly.
fact1: Israel does not study music theory.
fact2: Israel does not perform publicly.
rule: If Israel either studies music theory or learns traditional instruments (but not both), then he performs publicly.
conclusion: Israel does not learn traditional instruments.
fact1: Israel does not learn traditional instruments.
fact2: Israel has musical talent.
rule: If Israel learns traditional instruments or has musical talent, then he can play the mbira.
conclusion: Israel plays the mbira.
fact1: Israel plays the mbira.
fact2: Israel does not write lyrics.
rule: If Israel either plays the mbira or writes lyrics (but not both), then he composes original songs.
conclusion: Israel composes original songs.
fact1: Israel composes original songs.
rule: Israel either composes original songs or produces fusion music, but not both.
conclusion: Israel does not produce fusion music.
fact1: Israel does not respect heritage.
rule: If Israel creates traditional music, then he loves history and respects heritage.
conclusion: Israel does not create traditional music.
fact1: Israel does not create traditional music.
fact2: Israel does not produce fusion music.
rule: If Israel appreciates culture, then he can either create traditional music or produce fusion music, but not both.
conclusion: Israel appreciates culture.

Therefore, it is false that Israel appreciates culture. The correct option is: B."
"Given the facts below, answer the question.

Facts:
Avianna gains recognition. Avianna earns respect. If Avianna achieves success, then she will either gain recognition or earn respect (but not both). Avianna does not embrace uncertainty. Avianna takes calculated risks. If Avianna either embraces uncertainty or takes calculated risks (but not both), then she faces challenges. Avianna builds confidence. If Avianna faces challenges, then she builds confidence and is motivated. Avianna has curiosity. Avianna explores her interests. If Avianna has curiosity, then she either pursues her passion or explores her interests, but not both. Everyone who is motivated either pursues their passion or sets goals (or both). If Avianna sets goals and is ambitious, then she will achieve success. Avianna is intelligent or ambitious.

Question:
Based on the above information, is the following statement true, false, or uncertain? Avianna is not intelligent.

Options:
[""A) True"", ""B) False"", ""C) Uncertain""]","Given the facts below, answer the question.

Facts:
Everyone who is motivated either pursues their passion or sets goals (or both). Avianna does not embrace uncertainty. Avianna explores her interests. If Avianna faces challenges, then she builds confidence and is motivated. Avianna takes calculated risks. If Avianna either embraces uncertainty or takes calculated risks (but not both), then she faces challenges. If Vicente achieves success, then she will either gain recognition or earn respect (but not both). If Avianna sets goals and is ambitious, then she will achieve success. Avianna is intelligent or ambitious. Alexander earns respect. Avianna has curiosity. If Vicente has curiosity, then she either pursues her passion or explores her interests, but not both. If Vicente either embraces uncertainty or takes calculated risks (but not both), then she faces challenges. Avianna earns respect. Avianna builds confidence. If Avianna achieves success, then she will either gain recognition or earn respect (but not both). Avianna gains recognition. If Avianna has curiosity, then she either pursues her passion or explores her interests, but not both.

Question:
Based on the above information, is the following statement true, false, or uncertain? Avianna is not intelligent.

Options:
[""A) True"", ""B) False"", ""C) Uncertain""]",B,1,"fact1: Avianna gains recognition.
fact2: Avianna earns respect.
rule: If Avianna achieves success, then she will either gain recognition or earn respect (but not both).
conclusion: Avianna does not achieve success.
fact1: Avianna does not embrace uncertainty.
fact2: Avianna takes calculated risks.
rule: If Avianna either embraces uncertainty or takes calculated risks (but not both), then she faces challenges.
conclusion: Avianna faces challenges.
fact1: Avianna faces challenges.
fact2: Avianna builds confidence.
rule: If Avianna faces challenges, then she builds confidence and is motivated.
conclusion: Avianna is motivated.
fact1: Avianna has curiosity.
fact2: Avianna explores her interests.
rule: If Avianna has curiosity, then she either pursues her passion or explores her interests, but not both.
conclusion: Avianna does not pursue her passion.
fact1: Avianna is motivated.
fact2: Avianna does not pursue her passion.
rule: Everyone who is motivated either pursues their passion or sets goals (or both).
conclusion: Avianna sets goals.
fact1: Avianna sets goals.
fact2: Avianna does not achieve success.
rule: If Avianna sets goals and is ambitious, then she will achieve success.
conclusion: Avianna is not ambitious.
fact1: Avianna is not ambitious.
rule: Avianna is intelligent or ambitious.
conclusion: Avianna is not intelligent.

Therefore, it is false that Avianna is not intelligent. The correct option is: B."
"Given the facts below, answer the question.

Facts:
Camille has wanderlust. If Camille has wanderlust, then she travels frequently. Camille does not immerse herself in local life. Camille is unable to develop cultural empathy. Everyone who either immerses themselves in local life or gains a deeper understanding is able to develop cultural empathy. Camille does not study local history. Anyone who learns about heritage or studies local history will gain a deeper understanding. If Camille travels frequently, then she either collects textiles or learns about heritage (or both). Camille does not create unique pieces. If Camille collects textiles, then she either respects culture or creates unique pieces (or both).

Question:
Based on the above information, is the following statement true, false, or uncertain? Camille does not appreciate art.

Options:
[""A) True"", ""B) False"", ""C) Uncertain""]","Given the facts below, answer the question.

Facts:
Camille is unable to develop cultural empathy. Camille does not create unique pieces. Camille does not study local history. Camille does not immerse herself in local life. Camille has wanderlust. If Camille has wanderlust, then she travels frequently. Jream does not create unique pieces. If Jream collects textiles, then she either respects culture or creates unique pieces (or both). Sam does not immerse herself in local life. If Jream has wanderlust, then she travels frequently. If Camille collects textiles, then she either respects culture or creates unique pieces (or both). Everyone who either immerses themselves in local life or gains a deeper understanding is able to develop cultural empathy. Anyone who learns about heritage or studies local history will gain a deeper understanding. If Camille travels frequently, then she either collects textiles or learns about heritage (or both).

Question:
Based on the above information, is the following statement true, false, or uncertain? Camille does not appreciate art.

Options:
[""A) True"", ""B) False"", ""C) Uncertain""]",C,2,"fact1: Camille has wanderlust.
rule: If Camille has wanderlust, then she travels frequently.
conclusion: Camille travels frequently.
fact1: Camille does not immerse herself in local life.
fact2: Camille is unable to develop cultural empathy.
rule: Everyone who either immerses themselves in local life or gains a deeper understanding is able to develop cultural empathy.
conclusion: Camille does not gain a deeper understanding.
fact1: Camille does not study local history.
fact2: Camille does not gain a deeper understanding.
rule: Anyone who learns about heritage or studies local history will gain a deeper understanding.
conclusion: Camille does not learn about heritage.
fact1: Camille travels frequently.
fact2: Camille does not learn about heritage.
rule: If Camille travels frequently, then she either collects textiles or learns about heritage (or both).
conclusion: Camille collects textiles.
fact1: Camille collects textiles.
fact2: Camille does not create unique pieces.
rule: If Camille collects textiles, then she either respects culture or creates unique pieces (or both).
conclusion: Camille respects culture.

According to the context and the conclusions that have already been drawn, we can deduce that it is uncertain that Camille does not appreciate art. The correct option is: C."
"Given the facts below, answer the question.

Facts:
Zakai has a clear vision. Zakai does not make strategic plans. If Zakai has a clear vision, then he either sets priorities or makes strategic plans, but not both. If Zakai sets priorities, then he has ambition and overcomes obstacles. Zakai has big dreams. Zakai does not work hard. If Zakai has big dreams, then he either works hard or stays disciplined, but not both. Zakai stays humble. Zakai either achieves success or stays humble, but not both. If Zakai has ambition, then he either trains regularly or stays disciplined, but not both. Zakai does not face strong competition. Zakai either sets high goals or faces strong competition, but not both. If someone sets high goals and has natural talent, then they can achieve success.

Question:
Based on the above information, is the following statement true, false, or uncertain? Zakai does not become a world-class athlete.

Options:
[""A) True"", ""B) False"", ""C) Uncertain""]","Given the facts below, answer the question.

Facts:
Valentino does not work hard. Alessandra either sets high goals or faces strong competition, but not both. If Zakai has ambition, then he either trains regularly or stays disciplined, but not both. Zakai either achieves success or stays humble, but not both. If Alessandra has big dreams, then he either works hard or stays disciplined, but not both. Zakai does not make strategic plans. Zakai has a clear vision. Alessandra either achieves success or stays humble, but not both. If Zakai has a clear vision, then he either sets priorities or makes strategic plans, but not both. If someone sets high goals and has natural talent, then they can achieve success. Zakai does not face strong competition. If Zakai sets priorities, then he has ambition and overcomes obstacles. Valentino stays humble. Zakai does not work hard. Alessandra does not face strong competition. If Zakai has big dreams, then he either works hard or stays disciplined, but not both. If Alessandra sets priorities, then he has ambition and overcomes obstacles. Zakai has big dreams. Alessandra does not make strategic plans. If Alessandra has a clear vision, then he either sets priorities or makes strategic plans, but not both. Rosalina has a clear vision. If Rosalina has ambition, then he either trains regularly or stays disciplined, but not both. Zakai stays humble. Zakai either sets high goals or faces strong competition, but not both.

Question:
Based on the above information, is the following statement true, false, or uncertain? Zakai does not become a world-class athlete.

Options:
[""A) True"", ""B) False"", ""C) Uncertain""]",C,2,"fact1: Zakai has a clear vision.
fact2: Zakai does not make strategic plans.
rule: If Zakai has a clear vision, then he either sets priorities or makes strategic plans, but not both.
conclusion: Zakai sets priorities.
fact1: Zakai sets priorities.
rule: If Zakai sets priorities, then he has ambition and overcomes obstacles.
conclusion: Zakai has ambition.
fact1: Zakai has big dreams.
fact2: Zakai does not work hard.
rule: If Zakai has big dreams, then he either works hard or stays disciplined, but not both.
conclusion: Zakai stays disciplined.
fact1: Zakai stays humble.
rule: Zakai either achieves success or stays humble, but not both.
conclusion: Zakai does not achieve success.
fact1: Zakai has ambition.
fact2: Zakai stays disciplined.
rule: If Zakai has ambition, then he either trains regularly or stays disciplined, but not both.
conclusion: Zakai does not train regularly.
fact1: Zakai does not face strong competition.
rule: Zakai either sets high goals or faces strong competition, but not both.
conclusion: Zakai sets high goals.
fact1: Zakai sets high goals.
fact2: Zakai does not achieve success.
rule: If someone sets high goals and has natural talent, then they can achieve success.
conclusion: Zakai does not have natural talent.

According to the context and the conclusions that have already been drawn, we can deduce that it is uncertain that Zakai does not become a world-class athlete. The correct option is: C."
"Given the facts below, answer the question.

Facts:
Stephanie has faced difficulties. If someone has faced difficulties, then they develop strategies and learn from mistakes. Stephanie overcomes challenges. If someone overcomes challenges, then they pursue personal goals and learn from mistakes. Stephanie either values teamwork or pursues personal goals, but not both. Stephanie handles pressure. If Stephanie handles pressure, then she prioritizes safety and makes wise decisions.

Question:
Based on the above information, is the following statement true, false, or uncertain? If Stephanie has leadership skills, then she inspires trust in others.

Options:
[""A) True"", ""B) False"", ""C) Uncertain""]","Given the facts below, answer the question.

Facts:
If someone overcomes challenges, then they pursue personal goals and learn from mistakes. If Jimmy handles pressure, then she prioritizes safety and makes wise decisions. Julissa does not stay alert. Stephanie overcomes challenges. Stephanie either values teamwork or pursues personal goals, but not both. Sarah does not act with integrity. If Jimmy has leadership skills, then she either makes wise decisions or values teamwork, but not both. Jimmy has faced difficulties. Stephanie has faced difficulties. Stephanie handles pressure. Julissa either values teamwork or pursues personal goals, but not both. Jimmy overcomes challenges. Sarah handles pressure. If Stephanie handles pressure, then she prioritizes safety and makes wise decisions. If someone has faced difficulties, then they develop strategies and learn from mistakes.

Question:
Based on the above information, is the following statement true, false, or uncertain? If Stephanie has leadership skills, then she inspires trust in others.

Options:
[""A) True"", ""B) False"", ""C) Uncertain""]",C,2,"fact1: Stephanie has faced difficulties.
rule: If someone has faced difficulties, then they develop strategies and learn from mistakes.
conclusion: Stephanie learns from mistakes.
fact1: Stephanie overcomes challenges.
fact2: Stephanie learns from mistakes.
rule: If someone overcomes challenges, then they pursue personal goals and learn from mistakes.
conclusion: Stephanie pursues personal goals.
fact1: Stephanie pursues personal goals.
rule: Stephanie either values teamwork or pursues personal goals, but not both.
conclusion: Stephanie does not value teamwork.
fact1: Stephanie handles pressure.
rule: If Stephanie handles pressure, then she prioritizes safety and makes wise decisions.
conclusion: Stephanie makes wise decisions.

According to the context and the conclusions that have already been drawn, we can deduce that it is uncertain that If Stephanie has leadership skills, then she inspires trust in others. The correct option is: C."
"Given the facts below, answer the question.

Facts:
Thiago does not pursue his passion. Thiago is either dedicated to his craft or pursues his passion. Thiago does not inspire others. Anyone who displays their work publicly or is well known can inspire others. Thiago does not express a unique style. Everyone who is dedicated to their craft either expresses a unique style or creates authentic work. Thiago stays true to his vision. If Thiago creates authentic work, then he stays true to his vision and remains underground. If Thiago exhibits in galleries, then he is well known. Thiago either remains an underground artist or gains international recognition, but not both. For all humans, if someone is a famous artist, then they either gain international recognition or exhibit in galleries (or both).

Question:
Based on the above information, is the following statement true, false, or uncertain? Thiago is a famous artist.

Options:
[""A) True"", ""B) False"", ""C) Uncertain""]","Given the facts below, answer the question.

Facts:
Anyone who displays their work publicly or is well known can inspire others. If Elijah exhibits in galleries, then he is well known. Everyone who is dedicated to their craft either expresses a unique style or creates authentic work. Thiago either remains an underground artist or gains international recognition, but not both. Elijah does not inspire others. Gregory does not express a unique style. If Elijah creates authentic work, then he stays true to his vision and remains underground. If Thiago creates authentic work, then he stays true to his vision and remains underground. If Thiago exhibits in galleries, then he is well known. Thiago does not inspire others. For all humans, if someone is a famous artist, then they either gain international recognition or exhibit in galleries (or both). Gregory stays true to his vision. Thiago does not pursue his passion. Thiago stays true to his vision. Thiago is either dedicated to his craft or pursues his passion. Thiago does not express a unique style.

Question:
Based on the above information, is the following statement true, false, or uncertain? Thiago is a famous artist.

Options:
[""A) True"", ""B) False"", ""C) Uncertain""]",B,1,"fact1: Thiago does not pursue his passion.
rule: Thiago is either dedicated to his craft or pursues his passion.
conclusion: Thiago is dedicated to his craft.
fact1: Thiago does not inspire others.
rule: Anyone who displays their work publicly or is well known can inspire others.
conclusion: Thiago is not well known.
fact1: Thiago is dedicated to his craft.
fact2: Thiago does not express a unique style.
rule: Everyone who is dedicated to their craft either expresses a unique style or creates authentic work.
conclusion: Thiago creates authentic work.
fact1: Thiago creates authentic work.
fact2: Thiago stays true to his vision.
rule: If Thiago creates authentic work, then he stays true to his vision and remains underground.
conclusion: Thiago remains an underground artist.
fact1: Thiago is not well known.
rule: If Thiago exhibits in galleries, then he is well known.
conclusion: Thiago does not exhibit in galleries.
fact1: Thiago remains an underground artist.
rule: Thiago either remains an underground artist or gains international recognition, but not both.
conclusion: Thiago does not gain international recognition.
fact1: Thiago does not gain international recognition.
fact2: Thiago does not exhibit in galleries.
rule: For all humans, if someone is a famous artist, then they either gain international recognition or exhibit in galleries (or both).
conclusion: Thiago is a famous artist.

Therefore, it is false that Thiago is a famous artist. The correct option is: B."
"Given the facts below, answer the question.

Facts:
Flame does not have scales. Flame does not fly quickly. If Flame either has wings or has scales (but not both), then he flies quickly. Flame is a dominant dragon. Flame is intelligent. If Flame is a dominant dragon, then he is either intelligent or powerful (or both). If Flame conserves energy, then he has wings and sharp claws. Flame either regulates his fire or conserves his energy, but not both. Flame does not act cautiously. If Flame either controls his breath or regulates his fire, then he acts cautiously.

Question:
Based on the above information, is the following statement true, false, or uncertain? Flame is either powerful or responsible (or both).

Options:
[""A) True"", ""B) False"", ""C) Uncertain""]","Given the facts below, answer the question.

Facts:
Israel is either responsible or controls his breath. Flame either regulates his fire or conserves his energy, but not both. If Flame either has strength or possesses magic (but not both), then he is powerful. Flame either sleeps often or conserves energy. If Maci either has wings or has scales (but not both), then he flies quickly. If Flame feels respect or thinks ahead, then he can regulate fire. Flame is a dominant dragon. Israel either regulates his fire or conserves his energy, but not both. Israel does not fly quickly. Maci is intelligent. If Maci conserves energy, then he has wings and sharp claws. If Flame either has wings or has scales (but not both), then he flies quickly. Flame does not fly quickly. Flame does not act cautiously. Flame does not have scales. If Halo is a dominant dragon, then he is either intelligent or powerful (or both). If Flame has fiery breath, then he is either able to control his breath or remain composed, but not both. If Flame conserves energy, then he has wings and sharp claws. If Maci either controls his breath or regulates his fire, then he acts cautiously. If Flame either controls his breath or regulates his fire, then he acts cautiously. If Flame is a dominant dragon, then he is either intelligent or powerful (or both). Halo does not act cautiously. Halo is a dominant dragon. Flame is intelligent. Israel does not have scales.

Question:
Based on the above information, is the following statement true, false, or uncertain? Flame is either powerful or responsible (or both).

Options:
[""A) True"", ""B) False"", ""C) Uncertain""]",C,2,"fact1: Flame does not have scales.
fact2: Flame does not fly quickly.
rule: If Flame either has wings or has scales (but not both), then he flies quickly.
conclusion: Flame does not have wings.
fact1: Flame is a dominant dragon.
fact2: Flame is intelligent.
rule: If Flame is a dominant dragon, then he is either intelligent or powerful (or both).
conclusion: Flame is not powerful.
fact1: Flame does not have wings.
rule: If Flame conserves energy, then he has wings and sharp claws.
conclusion: Flame does not conserve his energy.
fact1: Flame does not conserve his energy.
rule: Flame either regulates his fire or conserves his energy, but not both.
conclusion: Flame regulates his fire.
fact1: Flame regulates his fire.
fact2: Flame does not act cautiously.
rule: If Flame either controls his breath or regulates his fire, then he acts cautiously.
conclusion: Flame controls his breath.

According to the context and the conclusions that have already been drawn, we can deduce that it is uncertain that Flame is either powerful or responsible (or both). The correct option is: C."
"Given the facts below, answer the question.

Facts:
Caden fosters community. Caden does not drive innovation. If Caden either embraces globalization or fosters community (but not both), then he drives innovation. Caden does not pursue wealth. Caden does not lead by principle. If Caden either pursues wealth or prioritizes profit (but not both), then he leads by principle. Caden either prioritizes profit or supports fair trade, but not both.

Question:
Based on the above information, is the following statement true, false, or uncertain? Caden values sustainability.

Options:
[""A) True"", ""B) False"", ""C) Uncertain""]","Given the facts below, answer the question.

Facts:
Armani fosters community. Zane does not celebrate his heritage. Caden does not drive innovation. Armani does not lead by principle. If Caden either pursues wealth or prioritizes profit (but not both), then he leads by principle. Caden does not pursue wealth. If Zane either pursues wealth or prioritizes profit (but not both), then he leads by principle. Caden fosters community. If Zane appreciates culture and values sustainability, then he supports fair trade. If Caden either embraces globalization or fosters community (but not both), then he drives innovation. Caden either prioritizes profit or supports fair trade, but not both. Zane promotes diversity. Zane either prioritizes profit or supports fair trade, but not both. If Armani either embraces globalization or fosters community (but not both), then he drives innovation. Caden does not lead by principle.

Question:
Based on the above information, is the following statement true, false, or uncertain? Caden values sustainability.

Options:
[""A) True"", ""B) False"", ""C) Uncertain""]",C,2,"fact1: Caden fosters community.
fact2: Caden does not drive innovation.
rule: If Caden either embraces globalization or fosters community (but not both), then he drives innovation.
conclusion: Caden embraces globalization.
fact1: Caden does not pursue wealth.
fact2: Caden does not lead by principle.
rule: If Caden either pursues wealth or prioritizes profit (but not both), then he leads by principle.
conclusion: Caden does not prioritize profit.
fact1: Caden does not prioritize profit.
rule: Caden either prioritizes profit or supports fair trade, but not both.
conclusion: Caden supports fair trade.

According to the context and the conclusions that have already been drawn, we can deduce that it is uncertain that Caden values sustainability. The correct option is: C."
"Given the facts below, answer the question.

Facts:
Addilynn values leisure time. Addilynn either values leisure time or leads an active lifestyle, but not both. Addilynn does not strive for perfection. Addilynn either accepts failure or strives for perfection, but not both. If someone can accept failure, then they will build resilience. Everyone who builds resilience will face life challenges. Addilynn either faces life challenges or lives harmoniously, but not both. Addilynn does not meditate regularly. If Addilynn either meditates regularly or creates peaceful art (but not both), then she lives harmoniously. Addilynn either practices yoga or leads an active lifestyle, but not both. If Addilynn practices yoga and appreciates calmness, then she creates peaceful art.

Question:
Based on the above information, is the following statement true, false, or uncertain? Addilynn appreciates calmness.

Options:
[""A) True"", ""B) False"", ""C) Uncertain""]","Given the facts below, answer the question.

Facts:
Everyone who builds resilience will face life challenges. Addilynn does not meditate regularly. Addilynn values leisure time. Addilynn either practices yoga or leads an active lifestyle, but not both. If Addilynn either meditates regularly or creates peaceful art (but not both), then she lives harmoniously. Addilynn either faces life challenges or lives harmoniously, but not both. Addilynn either values leisure time or leads an active lifestyle, but not both. If someone can accept failure, then they will build resilience. Addilynn does not strive for perfection. Keily values leisure time. If Addilynn practices yoga and appreciates calmness, then she creates peaceful art. Addilynn either accepts failure or strives for perfection, but not both.

Question:
Based on the above information, is the following statement true, false, or uncertain? Addilynn appreciates calmness.

Options:
[""A) True"", ""B) False"", ""C) Uncertain""]",B,1,"fact1: Addilynn values leisure time.
rule: Addilynn either values leisure time or leads an active lifestyle, but not both.
conclusion: Addilynn does not lead an active lifestyle.
fact1: Addilynn does not strive for perfection.
rule: Addilynn either accepts failure or strives for perfection, but not both.
conclusion: Addilynn can accept failure.
fact1: Addilynn can accept failure.
rule: If someone can accept failure, then they will build resilience.
conclusion: Addilynn builds resilience.
fact1: Addilynn builds resilience.
rule: Everyone who builds resilience will face life challenges.
conclusion: Addilynn faces life challenges.
fact1: Addilynn faces life challenges.
rule: Addilynn either faces life challenges or lives harmoniously, but not both.
conclusion: Addilynn does not live harmoniously.
fact1: Addilynn does not meditate regularly.
fact2: Addilynn does not live harmoniously.
rule: If Addilynn either meditates regularly or creates peaceful art (but not both), then she lives harmoniously.
conclusion: Addilynn does not create peaceful art.
fact1: Addilynn does not lead an active lifestyle.
rule: Addilynn either practices yoga or leads an active lifestyle, but not both.
conclusion: Addilynn practices yoga.
fact1: Addilynn practices yoga.
fact2: Addilynn does not create peaceful art.
rule: If Addilynn practices yoga and appreciates calmness, then she creates peaceful art.
conclusion: Addilynn appreciates calmness.

Therefore, it is false that Addilynn appreciates calmness. The correct option is: B."
"Given the facts below, answer the question.

Facts:
Camila is innovative. Camila brings joy to others. If someone is innovative, then they either create something new or bring joy to others. Camila tries new things. Camila does not find happiness. If someone either pursues their passion or tries new things, then they find happiness. Camila does not earn respect. Everyone who inspires others either creates something new or earns respect. If someone pursues their passion, then they show enthusiasm and build confidence. Camila sets a good example. Anyone who sets a good example or shows enthusiasm can motivate people. Camila does not become an expert in her field. If Camila develops unique recipes, then she becomes an expert in her field. Anyone who gains recognition or shares knowledge will inspire others. If Camila is passionate about baking, then she develops unique recipes and gains recognition.

Question:
Based on the above information, is the following statement true, false, or uncertain? Camila is passionate about baking.

Options:
[""A) True"", ""B) False"", ""C) Uncertain""]","Given the facts below, answer the question.

Facts:
Luella sets a good example. Luella does not become an expert in her field. If Camila develops unique recipes, then she becomes an expert in her field. Anyone who sets a good example or shows enthusiasm can motivate people. Camila tries new things. Camila does not earn respect. Luella does not earn respect. Anyone who gains recognition or shares knowledge will inspire others. If someone pursues their passion, then they show enthusiasm and build confidence. Everyone who inspires others either creates something new or earns respect. If Camila is passionate about baking, then she develops unique recipes and gains recognition. If someone is innovative, then they either create something new or bring joy to others. Camila does not become an expert in her field. Camila sets a good example. Zendaya does not find happiness. Camila brings joy to others. If someone either pursues their passion or tries new things, then they find happiness. Luella tries new things. Camila is innovative. Camila does not find happiness. If Zendaya is passionate about baking, then she develops unique recipes and gains recognition. Zendaya brings joy to others.

Question:
Based on the above information, is the following statement true, false, or uncertain? Camila is passionate about baking.

Options:
[""A) True"", ""B) False"", ""C) Uncertain""]",B,1,"fact1: Camila is innovative.
fact2: Camila brings joy to others.
rule: If someone is innovative, then they either create something new or bring joy to others.
conclusion: Camila does not create something new.
fact1: Camila tries new things.
fact2: Camila does not find happiness.
rule: If someone either pursues their passion or tries new things, then they find happiness.
conclusion: Camila pursues her passion.
fact1: Camila does not create something new.
fact2: Camila does not earn respect.
rule: Everyone who inspires others either creates something new or earns respect.
conclusion: Camila does not inspire others.
fact1: Camila pursues her passion.
rule: If someone pursues their passion, then they show enthusiasm and build confidence.
conclusion: Camila shows enthusiasm.
fact1: Camila sets a good example.
fact2: Camila shows enthusiasm.
rule: Anyone who sets a good example or shows enthusiasm can motivate people.
conclusion: Camila motivates people.
fact1: Camila does not become an expert in her field.
rule: If Camila develops unique recipes, then she becomes an expert in her field.
conclusion: Camila does not develop unique recipes.
fact1: Camila does not inspire others.
rule: Anyone who gains recognition or shares knowledge will inspire others.
conclusion: Camila does not gain recognition.
fact1: Camila does not develop unique recipes.
fact2: Camila does not gain recognition.
rule: If Camila is passionate about baking, then she develops unique recipes and gains recognition.
conclusion: Camila is passionate about baking.

Therefore, it is false that Camila is passionate about baking. The correct option is: B."
"Given the facts below, answer the question.

Facts:
Samson has expertise. Samson does not receive awards. If someone has expertise and advances their field, then they can receive awards. Samson does not publish research. Anyone who mentors others or publishes research can advance their field. Samson does not inspire his colleagues. If Samson either mentors others or shares knowledge (but not both), then he inspires his colleagues. Samson is passionate. If Samson is passionate, then he solves problems and is innovative. Everyone who is innovative either shares knowledge or is open-minded (or both). Samson is either open-minded or uncooperative, but not both. Samson is either collaborative or uncooperative, but not both.

Question:
Based on the above information, is the following statement true, false, or uncertain? Samson is not collaborative.

Options:
[""A) True"", ""B) False"", ""C) Uncertain""]","Given the facts below, answer the question.

Facts:
Samson is either collaborative or uncooperative, but not both. If Samson either mentors others or shares knowledge (but not both), then he inspires his colleagues. Samson does not inspire his colleagues. If Stone either mentors others or shares knowledge (but not both), then he inspires his colleagues. Samson does not publish research. Kaylee has expertise. Samson does not receive awards. If someone has expertise and advances their field, then they can receive awards. Anyone who mentors others or publishes research can advance their field. Rayan does not inspire his colleagues. Rayan is either collaborative or uncooperative, but not both. Samson has expertise. Samson leads projects or mentors others. If Stone is passionate, then he solves problems and is innovative. Samson is either open-minded or uncooperative, but not both. Everyone who is innovative either shares knowledge or is open-minded (or both). Rayan does not publish research. Rayan does not receive awards. Samson is passionate. Kaylee is passionate. If Samson has a breakthrough, then he either shares knowledge or is generous (but not both). If Samson is passionate, then he solves problems and is innovative. Kaylee is either open-minded or uncooperative, but not both. If someone listens to others, then they are open-minded.

Question:
Based on the above information, is the following statement true, false, or uncertain? Samson is not collaborative.

Options:
[""A) True"", ""B) False"", ""C) Uncertain""]",B,1,"fact1: Samson has expertise.
fact2: Samson does not receive awards.
rule: If someone has expertise and advances their field, then they can receive awards.
conclusion: Samson does not advance his field.
fact1: Samson does not publish research.
fact2: Samson does not advance his field.
rule: Anyone who mentors others or publishes research can advance their field.
conclusion: Samson does not mentor others.
fact1: Samson does not mentor others.
fact2: Samson does not inspire his colleagues.
rule: If Samson either mentors others or shares knowledge (but not both), then he inspires his colleagues.
conclusion: Samson does not share knowledge.
fact1: Samson is passionate.
rule: If Samson is passionate, then he solves problems and is innovative.
conclusion: Samson is innovative.
fact1: Samson is innovative.
fact2: Samson does not share knowledge.
rule: Everyone who is innovative either shares knowledge or is open-minded (or both).
conclusion: Samson is open-minded.
fact1: Samson is open-minded.
rule: Samson is either open-minded or uncooperative, but not both.
conclusion: Samson is not uncooperative.
fact1: Samson is not uncooperative.
rule: Samson is either collaborative or uncooperative, but not both.
conclusion: Samson is not collaborative.

Therefore, it is false that Samson is not collaborative. The correct option is: B."
"Given the facts below, answer the question.

Facts:
Edwin embraces his individuality. Edwin either pursues his dreams or embraces his individuality, but not both. Edwin pursues his dreams or works hard. Edwin values humility. Edwin either values humility or achieves success, but not both. Edwin achieves success or builds confidence. Edwin sets goals. Anyone who sets goals and works hard can overcome adversity. Edwin has creative talent. Edwin does not make a positive impact. If someone inspires others and has creative talent, then they make a positive impact. If Edwin overcomes adversity, then he either develops resilience or builds confidence (but not both). If Edwin faces physical challenges, then he develops resilience. If Edwin faces physical challenges or has a passion for art (or both), then he inspires others.

Question:
Based on the above information, is the following statement true, false, or uncertain? Edwin does not have a passion for art.

Options:
[""A) True"", ""B) False"", ""C) Uncertain""]","Given the facts below, answer the question.

Facts:
Elliana pursues his dreams or works hard. If someone inspires others and has creative talent, then they make a positive impact. Elliana sets goals. Elliana achieves success or builds confidence. For anyone who receives support and focuses on their strengths, they can build confidence. Elliana has creative talent. Edwin embraces his individuality. Jane values humility. Arlet does not make a positive impact. Edwin sets goals. Edwin values humility. Anyone who sets goals and works hard can overcome adversity. Edwin does not make a positive impact. Jane either values humility or achieves success, but not both. If Arlet overcomes adversity, then he either develops resilience or builds confidence (but not both). Edwin achieves success or builds confidence. If Edwin faces physical challenges, then he develops resilience. Edwin has creative talent. For anyone who meets obstacles and stays positive, they can overcome adversity. Elliana embraces his individuality. Edwin either pursues his dreams or embraces his individuality, but not both. If Edwin overcomes adversity, then he either develops resilience or builds confidence (but not both). Edwin learns quickly or pursues his dreams. Edwin pursues his dreams or works hard. If Elliana faces physical challenges, then he develops resilience. If Edwin faces physical challenges or has a passion for art (or both), then he inspires others. If Arlet faces physical challenges or has a passion for art (or both), then he inspires others. Jane either pursues his dreams or embraces his individuality, but not both. Edwin either values humility or achieves success, but not both. If Edwin follows his heart, then he inspires others.

Question:
Based on the above information, is the following statement true, false, or uncertain? Edwin does not have a passion for art.

Options:
[""A) True"", ""B) False"", ""C) Uncertain""]",A,0,"fact1: Edwin embraces his individuality.
rule: Edwin either pursues his dreams or embraces his individuality, but not both.
conclusion: Edwin does not pursue his dreams.
fact1: Edwin does not pursue his dreams.
rule: Edwin pursues his dreams or works hard.
conclusion: Edwin works hard.
fact1: Edwin values humility.
rule: Edwin either values humility or achieves success, but not both.
conclusion: Edwin does not achieve success.
fact1: Edwin does not achieve success.
rule: Edwin achieves success or builds confidence.
conclusion: Edwin builds confidence.
fact1: Edwin sets goals.
fact2: Edwin works hard.
rule: Anyone who sets goals and works hard can overcome adversity.
conclusion: Edwin overcomes adversity.
fact1: Edwin has creative talent.
fact2: Edwin does not make a positive impact.
rule: If someone inspires others and has creative talent, then they make a positive impact.
conclusion: Edwin does not inspire others.
fact1: Edwin overcomes adversity.
fact2: Edwin builds confidence.
rule: If Edwin overcomes adversity, then he either develops resilience or builds confidence (but not both).
conclusion: Edwin does not develop resilience.
fact1: Edwin does not develop resilience.
rule: If Edwin faces physical challenges, then he develops resilience.
conclusion: Edwin does not face physical challenges.
fact1: Edwin does not face physical challenges.
fact2: Edwin does not inspire others.
rule: If Edwin faces physical challenges or has a passion for art (or both), then he inspires others.
conclusion: Edwin does not have a passion for art.

Therefore, it is true that Edwin does not have a passion for art. The correct option is: A."
"Given the facts below, answer the question.

Facts:
Mikaela does not judge food competitions. Mikaela is not a culinary expert. Everyone who either hosts cooking classes or judges food competitions (but not both) is a culinary expert. Mikaela either wins cook-offs or hosts cooking classes, but not both. Mikaela does not experiment with flavors. Mikaela either experiments with flavors or follows traditional recipes, but not both. Mikaela gets rave reviews. If Mikaela wins cook-offs or gets rave reviews, then she can run a popular restaurant. Mikaela is a skilled cook. If Mikaela is a skilled cook, then she is either a successful chef or runs a popular restaurant, but not both. Mikaela either has a unique cooking style or follows traditional recipes, but not both. If Mikaela either has a secret ingredient or a unique cooking style (but not both), then she is a successful chef.

Question:
Based on the above information, is the following statement true, false, or uncertain? Mikaela has a secret ingredient.

Options:
[""A) True"", ""B) False"", ""C) Uncertain""]","Given the facts below, answer the question.

Facts:
Mikaela is a skilled cook. If Mikaela either has a secret ingredient or a unique cooking style (but not both), then she is a successful chef. Pearl is a skilled cook. Pearl either has a unique cooking style or follows traditional recipes, but not both. If Mikaela wins cook-offs or gets rave reviews, then she can run a popular restaurant. Mikaela either experiments with flavors or follows traditional recipes, but not both. Mikaela gets rave reviews. Mikaela does not experiment with flavors. Mikaela is not a culinary expert. Everyone who either hosts cooking classes or judges food competitions (but not both) is a culinary expert. If Pearl is a skilled cook, then she is either a successful chef or runs a popular restaurant, but not both. Mikaela either has a unique cooking style or follows traditional recipes, but not both. Mikaela does not judge food competitions. Mikaela either wins cook-offs or hosts cooking classes, but not both. Albert is not a culinary expert. If Mikaela is a skilled cook, then she is either a successful chef or runs a popular restaurant, but not both.

Question:
Based on the above information, is the following statement true, false, or uncertain? Mikaela has a secret ingredient.

Options:
[""A) True"", ""B) False"", ""C) Uncertain""]",B,1,"fact1: Mikaela does not judge food competitions.
fact2: Mikaela is not a culinary expert.
rule: Everyone who either hosts cooking classes or judges food competitions (but not both) is a culinary expert.
conclusion: Mikaela does not host cooking classes.
fact1: Mikaela does not host cooking classes.
rule: Mikaela either wins cook-offs or hosts cooking classes, but not both.
conclusion: Mikaela wins cook-offs.
fact1: Mikaela does not experiment with flavors.
rule: Mikaela either experiments with flavors or follows traditional recipes, but not both.
conclusion: Mikaela follows traditional recipes.
fact1: Mikaela wins cook-offs.
fact2: Mikaela gets rave reviews.
rule: If Mikaela wins cook-offs or gets rave reviews, then she can run a popular restaurant.
conclusion: Mikaela runs a popular restaurant.
fact1: Mikaela is a skilled cook.
fact2: Mikaela runs a popular restaurant.
rule: If Mikaela is a skilled cook, then she is either a successful chef or runs a popular restaurant, but not both.
conclusion: Mikaela is not a successful chef.
fact1: Mikaela follows traditional recipes.
rule: Mikaela either has a unique cooking style or follows traditional recipes, but not both.
conclusion: Mikaela does not have a unique cooking style.
fact1: Mikaela does not have a unique cooking style.
fact2: Mikaela is not a successful chef.
rule: If Mikaela either has a secret ingredient or a unique cooking style (but not both), then she is a successful chef.
conclusion: Mikaela has a secret ingredient.

Therefore, it is false that Mikaela has a secret ingredient. The correct option is: B."
"Given the facts below, answer the question.

Facts:
Kellen is outgoing. Kellen either values his privacy or is outgoing, but not both. Kellen either values his privacy or enjoys meeting strangers, but not both. Kellen does not appreciate routine. Kellen either loves exploring or appreciates routine, but not both. Anyone who loves exploring and enjoys meeting strangers has a strong desire to travel. Kellen is either settled down or has a strong desire to travel, but not both. Kellen is either adventurous or has settled down, but not both. Kellen is either adventurous or a homebody, but not both.

Question:
Based on the above information, is the following statement true, false, or uncertain? Kellen is a homebody.

Options:
[""A) True"", ""B) False"", ""C) Uncertain""]","Given the facts below, answer the question.

Facts:
Kellen either values his privacy or enjoys meeting strangers, but not both. Kellen is either adventurous or has settled down, but not both. Kellen does not appreciate routine. Kellen either loves exploring or appreciates routine, but not both. Kellen is either adventurous or a homebody, but not both. Kellen is outgoing. Kellen either values his privacy or is outgoing, but not both. Anyone who loves exploring and enjoys meeting strangers has a strong desire to travel. Anderson does not appreciate routine. Kellen is either settled down or has a strong desire to travel, but not both.

Question:
Based on the above information, is the following statement true, false, or uncertain? Kellen is a homebody.

Options:
[""A) True"", ""B) False"", ""C) Uncertain""]",B,1,"fact1: Kellen is outgoing.
rule: Kellen either values his privacy or is outgoing, but not both.
conclusion: Kellen does not value his privacy.
fact1: Kellen does not value his privacy.
rule: Kellen either values his privacy or enjoys meeting strangers, but not both.
conclusion: Kellen enjoys meeting strangers.
fact1: Kellen does not appreciate routine.
rule: Kellen either loves exploring or appreciates routine, but not both.
conclusion: Kellen loves exploring.
fact1: Kellen loves exploring.
fact2: Kellen enjoys meeting strangers.
rule: Anyone who loves exploring and enjoys meeting strangers has a strong desire to travel.
conclusion: Kellen has a strong desire to travel.
fact1: Kellen has a strong desire to travel.
rule: Kellen is either settled down or has a strong desire to travel, but not both.
conclusion: Kellen has not settled down.
fact1: Kellen has not settled down.
rule: Kellen is either adventurous or has settled down, but not both.
conclusion: Kellen is adventurous.
fact1: Kellen is adventurous.
rule: Kellen is either adventurous or a homebody, but not both.
conclusion: Kellen is a homebody.

Therefore, it is false that Kellen is a homebody. The correct option is: B."
"Given the facts below, answer the question.

Facts:
Hottie does not feel lively. Hottie does not stay active. For all horses, if they either have good energy or feel lively, then they will stay active. Hottie stays healthy. For any horse, if it stays healthy and finds nourishment, then it will have good energy. Any horse that locates food or follows paths can find nourishment. Hottie does not listen carefully. Hottie either listens carefully or sniffs the air. If a horse sniffs the air and tracks flavors, then it can locate food. Hottie detects scents. Every horse that either detects scents or tracks flavors (but not both) has a good sense of smell. Hottie explores fields. Any horse that has a good sense of smell and explores fields can find the best plants.

Question:
Based on the above information, is the following statement true, false, or uncertain? Hottie loves to graze.

Options:
[""A) True"", ""B) False"", ""C) Uncertain""]","Given the facts below, answer the question.

Facts:
Hottie either listens carefully or sniffs the air. If Ben loves to graze, then she finds the best plants. Elowyn detects scents. Any horse that has a good sense of smell and explores fields can find the best plants. For all horses, if they either have good energy or feel lively, then they will stay active. Elowyn explores fields. Elowyn stays healthy. If a horse sniffs the air and tracks flavors, then it can locate food. Dummy either listens carefully or sniffs the air. Hottie does not feel lively. Ben does not feel lively. Hottie does not listen carefully. Every horse that either detects scents or tracks flavors (but not both) has a good sense of smell. Elowyn does not stay active. For any horse, if it stays healthy and finds nourishment, then it will have good energy. Hottie explores fields. Any horse that locates food or follows paths can find nourishment. Hottie detects scents. Hottie stays healthy. Elowyn does not listen carefully. Hottie does not stay active.

Question:
Based on the above information, is the following statement true, false, or uncertain? Hottie loves to graze.

Options:
[""A) True"", ""B) False"", ""C) Uncertain""]",C,2,"fact1: Hottie does not feel lively.
fact2: Hottie does not stay active.
rule: For all horses, if they either have good energy or feel lively, then they will stay active.
conclusion: Hottie does not have good energy.
fact1: Hottie stays healthy.
fact2: Hottie does not have good energy.
rule: For any horse, if it stays healthy and finds nourishment, then it will have good energy.
conclusion: Hottie does not find nourishment.
fact1: Hottie does not find nourishment.
rule: Any horse that locates food or follows paths can find nourishment.
conclusion: Hottie cannot locate food.
fact1: Hottie does not listen carefully.
rule: Hottie either listens carefully or sniffs the air.
conclusion: Hottie sniffs the air.
fact1: Hottie sniffs the air.
fact2: Hottie cannot locate food.
rule: If a horse sniffs the air and tracks flavors, then it can locate food.
conclusion: Hottie does not track flavors.
fact1: Hottie detects scents.
fact2: Hottie does not track flavors.
rule: Every horse that either detects scents or tracks flavors (but not both) has a good sense of smell.
conclusion: Hottie has a good sense of smell.
fact1: Hottie has a good sense of smell.
fact2: Hottie explores fields.
rule: Any horse that has a good sense of smell and explores fields can find the best plants.
conclusion: Hottie finds the best plants.

According to the context and the conclusions that have already been drawn, we can deduce that it is uncertain that Hottie loves to graze. The correct option is: C."
"Given the facts below, answer the question.

Facts:
Arianna does not value privacy. Arianna values privacy or seeks attention. Arianna does not gain recognition. If Arianna takes a stand or faces criticism, then she will gain recognition. Arianna is extroverted. If Arianna is extroverted, then she either avoids publicity or seeks attention, but not both. Either Arianna is a talented artist or she avoids publicity, but not both. Arianna speaks freely. If Arianna either speaks freely or plays it safe, then she will face criticism. Arianna follows conventions. Arianna either creates bold work or follows conventions, but not both. Arianna either plays it safe or takes risks, but not both. Arianna is outspoken. Arianna has strong opinions. If Arianna is outspoken, then she either has strong opinions or generates controversy, but not both.

Question:
Based on the above information, is the following statement true, false, or uncertain? If Arianna is a talented artist, then she either receives accolades or generates controversy (or both).

Options:
[""A) True"", ""B) False"", ""C) Uncertain""]","Given the facts below, answer the question.

Facts:
Arianna speaks freely. Arianna follows conventions. If Jada is extroverted, then she either avoids publicity or seeks attention, but not both. Arianna is outspoken. Arianna does not gain recognition. Either Arianna is a talented artist or she avoids publicity, but not both. Arianna either creates bold work or follows conventions, but not both. Allyson speaks freely. Arianna has strong opinions. Jada is outspoken. Arianna values privacy or seeks attention. Either Allyson is a talented artist or she avoids publicity, but not both. If Arianna either speaks freely or plays it safe, then she will face criticism. Allyson either creates bold work or follows conventions, but not both. Arianna is extroverted. If Jada takes a stand or faces criticism, then she will gain recognition. Allyson follows conventions. If Arianna takes a stand or faces criticism, then she will gain recognition. If Arianna is outspoken, then she either has strong opinions or generates controversy, but not both. If Jada creates bold work and takes risks, then she will receive accolades. If Allyson either speaks freely or plays it safe, then she will face criticism. Allyson either plays it safe or takes risks, but not both. Ari does not value privacy. Jada is extroverted. Allyson values privacy or seeks attention. Arianna either plays it safe or takes risks, but not both. If Arianna is extroverted, then she either avoids publicity or seeks attention, but not both. Arianna does not value privacy. If Ari is outspoken, then she either has strong opinions or generates controversy, but not both.

Question:
Based on the above information, is the following statement true, false, or uncertain? If Arianna is a talented artist, then she either receives accolades or generates controversy (or both).

Options:
[""A) True"", ""B) False"", ""C) Uncertain""]",C,2,"fact1: Arianna does not value privacy.
rule: Arianna values privacy or seeks attention.
conclusion: Arianna seeks attention.
fact1: Arianna does not gain recognition.
rule: If Arianna takes a stand or faces criticism, then she will gain recognition.
conclusion: Arianna does not face criticism.
fact1: Arianna is extroverted.
fact2: Arianna seeks attention.
rule: If Arianna is extroverted, then she either avoids publicity or seeks attention, but not both.
conclusion: Arianna does not avoid publicity.
fact1: Arianna does not avoid publicity.
rule: Either Arianna is a talented artist or she avoids publicity, but not both.
conclusion: Arianna is a talented artist.
fact1: Arianna speaks freely.
fact2: Arianna does not face criticism.
rule: If Arianna either speaks freely or plays it safe, then she will face criticism.
conclusion: Arianna plays it safe.
fact1: Arianna follows conventions.
rule: Arianna either creates bold work or follows conventions, but not both.
conclusion: Arianna does not create bold work.
fact1: Arianna plays it safe.
rule: Arianna either plays it safe or takes risks, but not both.
conclusion: Arianna does not take risks.
fact1: Arianna is outspoken.
fact2: Arianna has strong opinions.
rule: If Arianna is outspoken, then she either has strong opinions or generates controversy, but not both.
conclusion: Arianna does not generate controversy.

According to the context and the conclusions that have already been drawn, we can deduce that it is uncertain that If Arianna is a talented artist, then she either receives accolades or generates controversy (or both). The correct option is: C."
"Given the facts below, answer the question.

Facts:
Santos manages stress. Santos reads fiction. If Santos manages stress, then he either meditates daily or reads fiction, but not both. Santos either meditates daily or practices yoga, but not both. Santos has good health. Santos enjoys outdoor activities. If Santos has good health, then he either pursues an active lifestyle or enjoys outdoor activities (but not both). Santos either practices yoga or engages in sports, but not necessarily both. If Santos is able-bodied, then he either engages in sports or pursues an active lifestyle (or both). For every human, they are either able-bodied or physically disabled, but not both.

Question:
Based on the above information, is the following statement true, false, or uncertain? Santos is physically disabled.

Options:
[""A) True"", ""B) False"", ""C) Uncertain""]","Given the facts below, answer the question.

Facts:
For every human, they are either able-bodied or physically disabled, but not both. Sasha either practices yoga or engages in sports, but not necessarily both. Sasha has good health. Sasha either meditates daily or practices yoga, but not both. If Santos has free time, then he either engages in sports or listens to music (but not both). Sasha manages stress. If Madden manages stress, then he either meditates daily or reads fiction, but not both. Sasha enjoys outdoor activities. Santos has good health. If Sasha has good health, then he either pursues an active lifestyle or enjoys outdoor activities (but not both). If Santos manages stress, then he either meditates daily or reads fiction, but not both. Santos manages stress. If Santos has good health, then he either pursues an active lifestyle or enjoys outdoor activities (but not both). Sasha reads fiction. Santos either meditates daily or practices yoga, but not both. If Santos is able-bodied, then he either engages in sports or pursues an active lifestyle (or both). Santos enjoys outdoor activities. Santos either practices yoga or engages in sports, but not necessarily both. Santos reads fiction. If Sasha is able-bodied, then he either engages in sports or pursues an active lifestyle (or both).

Question:
Based on the above information, is the following statement true, false, or uncertain? Santos is physically disabled.

Options:
[""A) True"", ""B) False"", ""C) Uncertain""]",A,0,"fact1: Santos manages stress.
fact2: Santos reads fiction.
rule: If Santos manages stress, then he either meditates daily or reads fiction, but not both.
conclusion: Santos does not meditate daily.
fact1: Santos does not meditate daily.
rule: Santos either meditates daily or practices yoga, but not both.
conclusion: Santos practices yoga.
fact1: Santos has good health.
fact2: Santos enjoys outdoor activities.
rule: If Santos has good health, then he either pursues an active lifestyle or enjoys outdoor activities (but not both).
conclusion: Santos does not pursue an active lifestyle.
fact1: Santos practices yoga.
rule: Santos either practices yoga or engages in sports, but not necessarily both.
conclusion: Santos does not engage in sports.
fact1: Santos does not engage in sports.
fact2: Santos does not pursue an active lifestyle.
rule: If Santos is able-bodied, then he either engages in sports or pursues an active lifestyle (or both).
conclusion: Santos is not able-bodied.
fact1: Santos is not able-bodied.
rule: For every human, they are either able-bodied or physically disabled, but not both.
conclusion: Santos is physically disabled.

Therefore, it is true that Santos is physically disabled. The correct option is: A."
"Given the facts below, answer the question.

Facts:
Aleah does not command attention. Aleah does not have confidence. If someone either earns respect or commands attention, then they have confidence. Aleah listens to feedback. Aleah does not improve her craft. If someone sets high standards and listens to feedback, then they improve their craft. If Aleah either sets high standards or works hard (but not both), then she earns respect. Aleah does not value her roots. Aleah values her roots or stays humble. Aleah does not gain recognition. If Aleah works hard or achieves her goals, then she will gain recognition. Aleah is either successful or stays humble, but not both. If Aleah is dedicated, then she will achieve her goals. If Aleah is either dedicated or talented (but not both), then she is successful.

Question:
Based on the above information, is the following statement true, false, or uncertain? Aleah is talented.

Options:
[""A) True"", ""B) False"", ""C) Uncertain""]","Given the facts below, answer the question.

Facts:
Aleah values her roots or stays humble. Aleah does not improve her craft. If someone sets high standards and listens to feedback, then they improve their craft. If Aleah works hard or achieves her goals, then she will gain recognition. Aleah listens to feedback. If Preston is dedicated, then she will achieve her goals. If Aleah is either dedicated or talented (but not both), then she is successful. If someone either earns respect or commands attention, then they have confidence. Aleah is either successful or stays humble, but not both. Aleah does not gain recognition. Aleah does not command attention. If Aleah is dedicated, then she will achieve her goals. Preston values her roots or stays humble. Preston does not improve her craft. Aleah does not value her roots. If Aleah either sets high standards or works hard (but not both), then she earns respect. Aleah does not have confidence.

Question:
Based on the above information, is the following statement true, false, or uncertain? Aleah is talented.

Options:
[""A) True"", ""B) False"", ""C) Uncertain""]",B,1,"fact1: Aleah does not command attention.
fact2: Aleah does not have confidence.
rule: If someone either earns respect or commands attention, then they have confidence.
conclusion: Aleah does not earn respect.
fact1: Aleah listens to feedback.
fact2: Aleah does not improve her craft.
rule: If someone sets high standards and listens to feedback, then they improve their craft.
conclusion: Aleah does not set high standards.
fact1: Aleah does not set high standards.
fact2: Aleah does not earn respect.
rule: If Aleah either sets high standards or works hard (but not both), then she earns respect.
conclusion: Aleah does not work hard.
fact1: Aleah does not value her roots.
rule: Aleah values her roots or stays humble.
conclusion: Aleah stays humble.
fact1: Aleah does not work hard.
fact2: Aleah does not gain recognition.
rule: If Aleah works hard or achieves her goals, then she will gain recognition.
conclusion: Aleah does not achieve her goals.
fact1: Aleah stays humble.
rule: Aleah is either successful or stays humble, but not both.
conclusion: Aleah is not successful.
fact1: Aleah does not achieve her goals.
rule: If Aleah is dedicated, then she will achieve her goals.
conclusion: Aleah is not dedicated.
fact1: Aleah is not dedicated.
fact2: Aleah is not successful.
rule: If Aleah is either dedicated or talented (but not both), then she is successful.
conclusion: Aleah is talented.

Therefore, it is false that Aleah is talented. The correct option is: B."
"Given the facts below, answer the question.

Facts:
Claire prioritizes sustainability. Claire either enhances elegance or prioritizes sustainability, but not both. Claire does not balance functionality. Everyone who uses innovative textures either balances functionality or enhances elegance (or both). Claire values practicality. Claire is either sophisticated or values practicality, but not both. If Claire understands color theory, then she is sophisticated. Anyone who creates visual masterpieces understands color theory or uses innovative textures (or both). If Claire pays attention to details or has good taste, then she can create visual masterpieces. Claire does not decorate spaces. If Claire is either a designer or decorates spaces (but not both), then she has good taste.

Question:
Based on the above information, is the following statement true, false, or uncertain? Claire is artistic, or creative, or a designer.

Options:
[""A) True"", ""B) False"", ""C) Uncertain""]","Given the facts below, answer the question.

Facts:
Everyone who uses innovative textures either balances functionality or enhances elegance (or both). Callen does not decorate spaces. If Inaya either thinks outside the box or is creative (but not both), then she produces original work. Claire values practicality. Claire either enhances elegance or prioritizes sustainability, but not both. Inaya is either sophisticated or values practicality, but not both. If Claire pays attention to details or has good taste, then she can create visual masterpieces. Claire does not balance functionality. Inaya values aesthetics. Claire prioritizes sustainability. If Nicholas understands color theory, then she is sophisticated. Inaya produces original work. Inaya either enhances elegance or prioritizes sustainability, but not both. Anyone who creates visual masterpieces understands color theory or uses innovative textures (or both). If Inaya pays attention to details or has good taste, then she can create visual masterpieces. If Claire understands color theory, then she is sophisticated. Inaya prioritizes sustainability. If Callen is either a designer or decorates spaces (but not both), then she has good taste. If Claire is either a designer or decorates spaces (but not both), then she has good taste. Nicholas values practicality. Claire is either sophisticated or values practicality, but not both. Inaya is not artistic. Claire does not decorate spaces.

Question:
Based on the above information, is the following statement true, false, or uncertain? Claire is artistic, or creative, or a designer.

Options:
[""A) True"", ""B) False"", ""C) Uncertain""]",C,2,"fact1: Claire prioritizes sustainability.
rule: Claire either enhances elegance or prioritizes sustainability, but not both.
conclusion: Claire does not enhance elegance.
fact1: Claire does not balance functionality.
fact2: Claire does not enhance elegance.
rule: Everyone who uses innovative textures either balances functionality or enhances elegance (or both).
conclusion: Claire does not use innovative textures.
fact1: Claire values practicality.
rule: Claire is either sophisticated or values practicality, but not both.
conclusion: Claire is not sophisticated.
fact1: Claire is not sophisticated.
rule: If Claire understands color theory, then she is sophisticated.
conclusion: Claire does not understand color theory.
fact1: Claire does not understand color theory.
fact2: Claire does not use innovative textures.
rule: Anyone who creates visual masterpieces understands color theory or uses innovative textures (or both).
conclusion: Claire cannot create visual masterpieces.
fact1: Claire cannot create visual masterpieces.
rule: If Claire pays attention to details or has good taste, then she can create visual masterpieces.
conclusion: Claire does not have good taste.
fact1: Claire does not decorate spaces.
fact2: Claire does not have good taste.
rule: If Claire is either a designer or decorates spaces (but not both), then she has good taste.
conclusion: Claire is not a designer.

According to the context and the conclusions that have already been drawn, we can deduce that it is uncertain that Claire is artistic, or creative, or a designer. The correct option is: C."
"Given the facts below, answer the question.

Facts:
Doll does not achieve success. Anyone who has skills or gets opportunities can achieve success. Doll has skills or lacks experience. Anyone who lacks experience or faces criticism can feel insecure. Doll follows trends. For Doll, either she follows trends or she is authentic, but not both. Doll is not passionate. All empowering individuals are passionate and authentic. If Doll is either confident or insecure (but not both), then she is empowering.

Question:
Based on the above information, is the following statement true, false, or uncertain? Doll is not confident.

Options:
[""A) True"", ""B) False"", ""C) Uncertain""]","Given the facts below, answer the question.

Facts:
Anyone who lacks experience or faces criticism can feel insecure. For Cecelia, either she follows trends or she is authentic, but not both. All empowering individuals are passionate and authentic. Doll does not achieve success. Doll has skills or lacks experience. Anyone who has skills or gets opportunities can achieve success. If Doll is either confident or insecure (but not both), then she is empowering. Doll follows trends. For Doll, either she follows trends or she is authentic, but not both. Doll is not passionate. If Catherine is either confident or insecure (but not both), then she is empowering.

Question:
Based on the above information, is the following statement true, false, or uncertain? Doll is not confident.

Options:
[""A) True"", ""B) False"", ""C) Uncertain""]",B,1,"fact1: Doll does not achieve success.
rule: Anyone who has skills or gets opportunities can achieve success.
conclusion: Doll lacks skills.
fact1: Doll lacks skills.
rule: Doll has skills or lacks experience.
conclusion: Doll lacks experience.
fact1: Doll lacks experience.
rule: Anyone who lacks experience or faces criticism can feel insecure.
conclusion: Doll is insecure.
fact1: Doll follows trends.
rule: For Doll, either she follows trends or she is authentic, but not both.
conclusion: Doll is not authentic.
fact1: Doll is not passionate.
fact2: Doll is not authentic.
rule: All empowering individuals are passionate and authentic.
conclusion: Doll is not empowering.
fact1: Doll is insecure.
fact2: Doll is not empowering.
rule: If Doll is either confident or insecure (but not both), then she is empowering.
conclusion: Doll is not confident.

Therefore, it is false that Doll is not confident. The correct option is: B."
"Given the facts below, answer the question.

Facts:
Mama does not have good posture. Mama does not eat nutritious food. If Mama stays balanced, then she has good posture and eats nutritious food. Mama is grateful. Mama meditates regularly. If Mama is grateful, then she either meditates regularly or practices mindfulness, but not both. Anyone who practices mindfulness or values leisure time can stay balanced. For Mama, having an active lifestyle and valuing leisure time are mutually exclusive. Mama prioritizes self-care. If Mama has an active lifestyle, then she prioritizes self-care and takes frequent breaks. Mama either takes frequent breaks or can walk long distances, but not both. If Mama wears comfortable shoes, then she can walk long distances.

Question:
Based on the above information, is the following statement true, false, or uncertain? Mama does not wear comfortable shoes.

Options:
[""A) True"", ""B) False"", ""C) Uncertain""]","Given the facts below, answer the question.

Facts:
Paul either takes frequent breaks or can walk long distances, but not both. Mama is grateful. Mama prioritizes self-care. If Mama wears comfortable shoes, then she can walk long distances. Mama does not eat nutritious food. Mama does not have good posture. If Paul has an active lifestyle, then she prioritizes self-care and takes frequent breaks. Mama meditates regularly. If Mama is grateful, then she either meditates regularly or practices mindfulness, but not both. Nelson is grateful. For Mama, having an active lifestyle and valuing leisure time are mutually exclusive. If Mama has an active lifestyle, then she prioritizes self-care and takes frequent breaks. If Mama stays balanced, then she has good posture and eats nutritious food. Anyone who practices mindfulness or values leisure time can stay balanced. Mama either takes frequent breaks or can walk long distances, but not both.

Question:
Based on the above information, is the following statement true, false, or uncertain? Mama does not wear comfortable shoes.

Options:
[""A) True"", ""B) False"", ""C) Uncertain""]",A,0,"fact1: Mama does not have good posture.
fact2: Mama does not eat nutritious food.
rule: If Mama stays balanced, then she has good posture and eats nutritious food.
conclusion: Mama does not stay balanced.
fact1: Mama is grateful.
fact2: Mama meditates regularly.
rule: If Mama is grateful, then she either meditates regularly or practices mindfulness, but not both.
conclusion: Mama does not practice mindfulness.
fact1: Mama does not practice mindfulness.
fact2: Mama does not stay balanced.
rule: Anyone who practices mindfulness or values leisure time can stay balanced.
conclusion: Mama does not value leisure time.
fact1: Mama does not value leisure time.
rule: For Mama, having an active lifestyle and valuing leisure time are mutually exclusive.
conclusion: Mama has an active lifestyle.
fact1: Mama has an active lifestyle.
fact2: Mama prioritizes self-care.
rule: If Mama has an active lifestyle, then she prioritizes self-care and takes frequent breaks.
conclusion: Mama takes frequent breaks.
fact1: Mama takes frequent breaks.
rule: Mama either takes frequent breaks or can walk long distances, but not both.
conclusion: Mama cannot walk long distances.
fact1: Mama cannot walk long distances.
rule: If Mama wears comfortable shoes, then she can walk long distances.
conclusion: Mama does not wear comfortable shoes.

Therefore, it is true that Mama does not wear comfortable shoes. The correct option is: A."
"Given the facts below, answer the question.

Facts:
Aaliyah asks insightful questions. Aaliyah does not make new connections. For anyone who has strong curiosity and asks insightful questions, they can make new connections. Aaliyah dedicates her life to science or has strong curiosity. Aaliyah teaches at a university. Aaliyah either attends conferences or teaches at a university, but not both. Aaliyah publishes research. If Aaliyah either attends conferences or publishes research (but not both), then she collaborates with experts. If Aaliyah dedicates her life to science, then she will make significant discoveries. Aaliyah reads scientific papers. Aaliyah conducts experiments. If Aaliyah reads scientific papers and conducts experiments, then she is passionate about science. If Aaliyah is passionate about science, then she will pursue groundbreaking research and collaborate with experts. If Aaliyah pursues groundbreaking research, then she will make significant discoveries and improve human lives.

Question:
Based on the above information, is the following statement true, false, or uncertain? Aaliyah improves human lives.

Options:
[""A) True"", ""B) False"", ""C) Uncertain""]","Given the facts below, answer the question.

Facts:
For anyone who has strong curiosity and asks insightful questions, they can make new connections. If Aaliyah pursues groundbreaking research, then she will make significant discoveries and improve human lives. If Aaliyah dedicates her life to science, then she will make significant discoveries. If Aaliyah is passionate about science, then she will pursue groundbreaking research and collaborate with experts. Emmitt either attends conferences or teaches at a university, but not both. Iyla reads scientific papers. Joaquin does not make new connections. If Aaliyah reads scientific papers and conducts experiments, then she is passionate about science. Aaliyah asks insightful questions. Aaliyah publishes research. Aaliyah reads scientific papers. Emmitt teaches at a university. Joaquin dedicates her life to science or has strong curiosity. Aaliyah teaches at a university. Aaliyah conducts experiments. If Aaliyah either attends conferences or publishes research (but not both), then she collaborates with experts. Aaliyah dedicates her life to science or has strong curiosity. Joaquin publishes research. If Emmitt dedicates her life to science, then she will make significant discoveries. Aaliyah does not make new connections. Aaliyah either attends conferences or teaches at a university, but not both.

Question:
Based on the above information, is the following statement true, false, or uncertain? Aaliyah improves human lives.

Options:
[""A) True"", ""B) False"", ""C) Uncertain""]",A,0,"fact1: Aaliyah asks insightful questions.
fact2: Aaliyah does not make new connections.
rule: For anyone who has strong curiosity and asks insightful questions, they can make new connections.
conclusion: Aaliyah does not have strong curiosity.
fact1: Aaliyah does not have strong curiosity.
rule: Aaliyah dedicates her life to science or has strong curiosity.
conclusion: Aaliyah dedicates her life to science.
fact1: Aaliyah teaches at a university.
rule: Aaliyah either attends conferences or teaches at a university, but not both.
conclusion: Aaliyah does not attend conferences.
fact1: Aaliyah does not attend conferences.
fact2: Aaliyah publishes research.
rule: If Aaliyah either attends conferences or publishes research (but not both), then she collaborates with experts.
conclusion: Aaliyah collaborates with experts.
fact1: Aaliyah dedicates her life to science.
rule: If Aaliyah dedicates her life to science, then she will make significant discoveries.
conclusion: Aaliyah makes significant discoveries.
fact1: Aaliyah reads scientific papers.
fact2: Aaliyah conducts experiments.
rule: If Aaliyah reads scientific papers and conducts experiments, then she is passionate about science.
conclusion: Aaliyah is passionate about science.
fact1: Aaliyah is passionate about science.
fact2: Aaliyah collaborates with experts.
rule: If Aaliyah is passionate about science, then she will pursue groundbreaking research and collaborate with experts.
conclusion: Aaliyah pursues groundbreaking research.
fact1: Aaliyah pursues groundbreaking research.
fact2: Aaliyah makes significant discoveries.
rule: If Aaliyah pursues groundbreaking research, then she will make significant discoveries and improve human lives.
conclusion: Aaliyah improves human lives.

Therefore, it is true that Aaliyah improves human lives. The correct option is: A."
"Given the facts below, answer the question.

Facts:
Arlette does not help others. Arlette does not deserve appreciation. For all humans, if they either help others or earn respect, then they deserve appreciation. Anyone who works hard or serves the community will earn respect. Arlette is not humble. If Arlette prefers privacy, then she is humble and keeps a low profile. Arlette does not avoid the spotlight. If Arlette either seeks public recognition or avoids the spotlight (but not both), then she prefers privacy. For Arlette, managing resources efficiently and seeking public recognition are mutually exclusive.

Question:
Based on the above information, is the following statement true, false, or uncertain? Arlette values simplicity and either manages resources efficiently or serves the community (or both).

Options:
[""A) True"", ""B) False"", ""C) Uncertain""]","Given the facts below, answer the question.

Facts:
For Arlette, managing resources efficiently and seeking public recognition are mutually exclusive. Maryam does not avoid the spotlight. Everyone who excels at their job either gains internal satisfaction or seeks public recognition (or both). For Alden, managing resources efficiently and seeking public recognition are mutually exclusive. If Castiel either seeks public recognition or avoids the spotlight (but not both), then she prefers privacy. Arlette is not humble. Castiel does not deserve appreciation. Arlette does not deserve appreciation. If Castiel sets goals and works hard, then she will achieve success. Anyone who works hard or serves the community will earn respect. Castiel does not help others. Arlette does not help others. If Arlette either seeks public recognition or avoids the spotlight (but not both), then she prefers privacy. Arlette does not avoid the spotlight. For all humans, if they either help others or earn respect, then they deserve appreciation. If Castiel prefers privacy, then she is humble and keeps a low profile. Castiel does not set goals. Castiel is not humble. If Arlette takes pride in her job, then she will serve the community. If Arlette prefers privacy, then she is humble and keeps a low profile.

Question:
Based on the above information, is the following statement true, false, or uncertain? Arlette values simplicity and either manages resources efficiently or serves the community (or both).

Options:
[""A) True"", ""B) False"", ""C) Uncertain""]",C,2,"fact1: Arlette does not help others.
fact2: Arlette does not deserve appreciation.
rule: For all humans, if they either help others or earn respect, then they deserve appreciation.
conclusion: Arlette does not earn respect.
fact1: Arlette does not earn respect.
rule: Anyone who works hard or serves the community will earn respect.
conclusion: Arlette does not serve the community.
fact1: Arlette is not humble.
rule: If Arlette prefers privacy, then she is humble and keeps a low profile.
conclusion: Arlette does not prefer privacy.
fact1: Arlette does not avoid the spotlight.
fact2: Arlette does not prefer privacy.
rule: If Arlette either seeks public recognition or avoids the spotlight (but not both), then she prefers privacy.
conclusion: Arlette does not seek public recognition.
fact1: Arlette does not seek public recognition.
rule: For Arlette, managing resources efficiently and seeking public recognition are mutually exclusive.
conclusion: Arlette manages resources efficiently.

According to the context and the conclusions that have already been drawn, we can deduce that it is uncertain that Arlette values simplicity and either manages resources efficiently or serves the community (or both). The correct option is: C."
"Given the facts below, answer the question.

Facts:
Hank manages his time. Hank sets goals. If someone manages their time and sets goals, then they can work independently. Hank either teaches others or works independently, but not both. If Hank values tradition or has expertise, then he will teach others. Hank is not dedicated to his work. Hank does not produce masterpieces. If Hank is passionate about woodcraft or dedicated to his work, then he will produce masterpieces. Hank values tradition or is an exceptional craftsman.

Question:
Based on the above information, is the following statement true, false, or uncertain? Hank respects nature.

Options:
[""A) True"", ""B) False"", ""C) Uncertain""]","Given the facts below, answer the question.

Facts:
Hank manages his time. Hank does not produce masterpieces. Sienna does not produce masterpieces. If Hank values tradition or has expertise, then he will teach others. Everyone collaborates with others or works independently. If Rebekah is either passionate about woodcraft or respects nature (but not both), then he is an exceptional craftsman. Hank is not dedicated to his work. Sienna sets goals. Chipmunk values tradition or is an exceptional craftsman. Sienna is not dedicated to his work. Chipmunk either teaches others or works independently, but not both. If someone manages their time and sets goals, then they can work independently. Hank either teaches others or works independently, but not both. If Chipmunk is passionate about woodcraft or dedicated to his work, then he will produce masterpieces. Hank values tradition or is an exceptional craftsman. If Hank either innovates designs or pays attention to details (but not both), then he is an exceptional craftsman. Rebekah manages his time. Hank sets goals. If Sienna values tradition or has expertise, then he will teach others. If Hank is passionate about woodcraft or dedicated to his work, then he will produce masterpieces.

Question:
Based on the above information, is the following statement true, false, or uncertain? Hank respects nature.

Options:
[""A) True"", ""B) False"", ""C) Uncertain""]",C,2,"fact1: Hank manages his time.
fact2: Hank sets goals.
rule: If someone manages their time and sets goals, then they can work independently.
conclusion: Hank works independently.
fact1: Hank works independently.
rule: Hank either teaches others or works independently, but not both.
conclusion: Hank does not teach others.
fact1: Hank does not teach others.
rule: If Hank values tradition or has expertise, then he will teach others.
conclusion: Hank is not a person who values tradition.
fact1: Hank is not dedicated to his work.
fact2: Hank does not produce masterpieces.
rule: If Hank is passionate about woodcraft or dedicated to his work, then he will produce masterpieces.
conclusion: Hank is not passionate about woodcraft.
fact1: Hank is not a person who values tradition.
rule: Hank values tradition or is an exceptional craftsman.
conclusion: Hank is an exceptional craftsman.

According to the context and the conclusions that have already been drawn, we can deduce that it is uncertain that Hank respects nature. The correct option is: C."
"Given the facts below, answer the question.

Facts:
Ayla does not enjoy life. Ayla enjoys life or thinks positively. Ayla has a quirky sense of humor. Ayla either has a quirky sense of humor or makes people smile, but not necessarily both. Ayla loves to help others. Ayla is full of laughter. If Ayla has a sunshine attitude, then she either loves to help others or is full of laughter, but not both. If Ayla is either optimistic or thinks positively (but not both), then she has a sunshine attitude. Ayla is empathetic. If Ayla has positive energy, then she is either empathetic or optimistic (but not both). Ayla either makes people smile or spreads joy to others. If someone is a source of inspiration, then they have positive energy. For all humans, if a person has a vibrant personality, then they are a source of inspiration and spread joy to others.

Question:
Based on the above information, is the following statement true, false, or uncertain? Ayla has a vibrant personality.

Options:
[""A) True"", ""B) False"", ""C) Uncertain""]","Given the facts below, answer the question.

Facts:
Clayton is full of laughter. Clayton does not enjoy life. Ayla is empathetic. If Clayton has positive energy, then she is either empathetic or optimistic (but not both). Ayla either makes people smile or spreads joy to others. If someone is a source of inspiration, then they have positive energy. Ayla has a quirky sense of humor. Clayton has a quirky sense of humor. If Ayla has a sunshine attitude, then she either loves to help others or is full of laughter, but not both. If Ayla is either optimistic or thinks positively (but not both), then she has a sunshine attitude. Ayla either has a quirky sense of humor or makes people smile, but not necessarily both. Ayla does not enjoy life. For all humans, if a person has a vibrant personality, then they are a source of inspiration and spread joy to others. If Ayla has positive energy, then she is either empathetic or optimistic (but not both). If Marcus has a sunshine attitude, then she either loves to help others or is full of laughter, but not both. Ayla loves to help others. Clayton either makes people smile or spreads joy to others. Maryam loves to help others. If Marcus is either optimistic or thinks positively (but not both), then she has a sunshine attitude. Ayla is full of laughter. Ayla enjoys life or thinks positively.

Question:
Based on the above information, is the following statement true, false, or uncertain? Ayla has a vibrant personality.

Options:
[""A) True"", ""B) False"", ""C) Uncertain""]",B,1,"fact1: Ayla does not enjoy life.
rule: Ayla enjoys life or thinks positively.
conclusion: Ayla thinks positively.
fact1: Ayla has a quirky sense of humor.
rule: Ayla either has a quirky sense of humor or makes people smile, but not necessarily both.
conclusion: Ayla does not make people smile.
fact1: Ayla loves to help others.
fact2: Ayla is full of laughter.
rule: If Ayla has a sunshine attitude, then she either loves to help others or is full of laughter, but not both.
conclusion: Ayla does not have a sunshine attitude.
fact1: Ayla thinks positively.
fact2: Ayla does not have a sunshine attitude.
rule: If Ayla is either optimistic or thinks positively (but not both), then she has a sunshine attitude.
conclusion: Ayla is optimistic.
fact1: Ayla is empathetic.
fact2: Ayla is optimistic.
rule: If Ayla has positive energy, then she is either empathetic or optimistic (but not both).
conclusion: Ayla does not have positive energy.
fact1: Ayla does not make people smile.
rule: Ayla either makes people smile or spreads joy to others.
conclusion: Ayla spreads joy to others.
fact1: Ayla does not have positive energy.
rule: If someone is a source of inspiration, then they have positive energy.
conclusion: Ayla is not a source of inspiration.
fact1: Ayla is not a source of inspiration.
fact2: Ayla spreads joy to others.
rule: For all humans, if a person has a vibrant personality, then they are a source of inspiration and spread joy to others.
conclusion: Ayla has a vibrant personality.

Therefore, it is false that Ayla has a vibrant personality. The correct option is: B."
"Given the facts below, answer the question.

Facts:
Eduardo takes risks. Eduardo faces challenges. For anyone who takes risks and faces challenges, they can demonstrate courage. Eduardo does not gain recognition. If Eduardo demonstrates courage, then he either gains recognition or achieves success (or both). Eduardo earns trust. If Eduardo achieves success, then he is either admired or trusted (but not both). Eduardo has charisma. If someone has charisma and leads by example, then they can gain admiration. Eduardo does not inspire others. Anyone who leads by example or becomes legendary can inspire others. Eduardo does not build a reputation. Eduardo either gains popularity or builds a reputation. If Eduardo earns respect and gains popularity, then he becomes legendary. Everyone who fights bravely earns respect.

Question:
Based on the above information, is the following statement true, false, or uncertain? Eduardo fights bravely.

Options:
[""A) True"", ""B) False"", ""C) Uncertain""]","Given the facts below, answer the question.

Facts:
Eduardo does not inspire others. Eduardo does not build a reputation. Eduardo either gains popularity or builds a reputation. For anyone who takes risks and faces challenges, they can demonstrate courage. Eduardo earns trust. Anyone who leads by example or becomes legendary can inspire others. Valeria does not inspire others. If Eduardo demonstrates courage, then he either gains recognition or achieves success (or both). Eduardo does not gain recognition. Everyone who fights bravely earns respect. Eduardo faces challenges. If someone has charisma and leads by example, then they can gain admiration. Eduardo has charisma. If Allie achieves success, then he is either admired or trusted (but not both). If Eduardo earns respect and gains popularity, then he becomes legendary. Nathan does not build a reputation. If Eduardo achieves success, then he is either admired or trusted (but not both). Allie earns trust. Eduardo takes risks.

Question:
Based on the above information, is the following statement true, false, or uncertain? Eduardo fights bravely.

Options:
[""A) True"", ""B) False"", ""C) Uncertain""]",B,1,"fact1: Eduardo takes risks.
fact2: Eduardo faces challenges.
rule: For anyone who takes risks and faces challenges, they can demonstrate courage.
conclusion: Eduardo demonstrates courage.
fact1: Eduardo demonstrates courage.
fact2: Eduardo does not gain recognition.
rule: If Eduardo demonstrates courage, then he either gains recognition or achieves success (or both).
conclusion: Eduardo achieves success.
fact1: Eduardo achieves success.
fact2: Eduardo earns trust.
rule: If Eduardo achieves success, then he is either admired or trusted (but not both).
conclusion: Eduardo does not gain admiration.
fact1: Eduardo has charisma.
fact2: Eduardo does not gain admiration.
rule: If someone has charisma and leads by example, then they can gain admiration.
conclusion: Eduardo does not lead by example.
fact1: Eduardo does not lead by example.
fact2: Eduardo does not inspire others.
rule: Anyone who leads by example or becomes legendary can inspire others.
conclusion: Eduardo does not become legendary.
fact1: Eduardo does not build a reputation.
rule: Eduardo either gains popularity or builds a reputation.
conclusion: Eduardo gains popularity.
fact1: Eduardo gains popularity.
fact2: Eduardo does not become legendary.
rule: If Eduardo earns respect and gains popularity, then he becomes legendary.
conclusion: Eduardo does not earn respect.
fact1: Eduardo does not earn respect.
rule: Everyone who fights bravely earns respect.
conclusion: Eduardo fights bravely.

Therefore, it is false that Eduardo fights bravely. The correct option is: B."
"Given the facts below, answer the question.

Facts:
Julissa does not value feedback. If someone remains humble, then they appreciate support and value feedback. Julissa tracks progress. Anyone who sets goals or tracks progress will train regularly. If Julissa trains regularly, then she will have confidence. Julissa seeks challenges. For anyone who has confidence and seeks challenges, they can take risks. Julissa either achieves fame or remains humble, but not both. If Julissa takes risks, then she can either achieve fame or inspire others, but not both.

Question:
Based on the above information, is the following statement true, false, or uncertain? Julissa does not inspire others.

Options:
[""A) True"", ""B) False"", ""C) Uncertain""]","Given the facts below, answer the question.

Facts:
If Julissa takes risks, then she can either achieve fame or inspire others, but not both. Kaia tracks progress. If Julissa trains regularly, then she will have confidence. Julissa seeks challenges. Gloria seeks challenges. For anyone who has confidence and seeks challenges, they can take risks. Julissa does not value feedback. Kaia does not value feedback. Anyone who sets goals or tracks progress will train regularly. Julissa either achieves fame or remains humble, but not both. Julissa tracks progress. If Wesley takes risks, then she can either achieve fame or inspire others, but not both. If Gloria trains regularly, then she will have confidence. Gloria either achieves fame or remains humble, but not both. If someone remains humble, then they appreciate support and value feedback.

Question:
Based on the above information, is the following statement true, false, or uncertain? Julissa does not inspire others.

Options:
[""A) True"", ""B) False"", ""C) Uncertain""]",A,0,"fact1: Julissa does not value feedback.
rule: If someone remains humble, then they appreciate support and value feedback.
conclusion: Julissa does not remain humble.
fact1: Julissa tracks progress.
rule: Anyone who sets goals or tracks progress will train regularly.
conclusion: Julissa trains regularly.
fact1: Julissa trains regularly.
rule: If Julissa trains regularly, then she will have confidence.
conclusion: Julissa has confidence.
fact1: Julissa has confidence.
fact2: Julissa seeks challenges.
rule: For anyone who has confidence and seeks challenges, they can take risks.
conclusion: Julissa takes risks.
fact1: Julissa does not remain humble.
rule: Julissa either achieves fame or remains humble, but not both.
conclusion: Julissa achieves fame.
fact1: Julissa takes risks.
fact2: Julissa achieves fame.
rule: If Julissa takes risks, then she can either achieve fame or inspire others, but not both.
conclusion: Julissa does not inspire others.

Therefore, it is true that Julissa does not inspire others. The correct option is: A."
"Given the facts below, answer the question.

Facts:
Donald does not take responsibility for his actions. If someone has personal agency, then they take responsibility for their actions. Donald does not avoid conflicts. Donald does not live intentionally. If someone either makes wise decisions or avoids conflicts, then they live intentionally. Donald follows his conscience. If Donald either follows his conscience or values personal choices (but not both), then he has personal agency. Donald listens to others. If someone trusts their intuition and listens to others, then they can make wise decisions. Anyone who values personal choices or trusts their intuition believes in free will. Either Donald believes in predestination or he believes in free will, but not both.

Question:
Based on the above information, is the following statement true, false, or uncertain? Donald does not believe in predestination.

Options:
[""A) True"", ""B) False"", ""C) Uncertain""]","Given the facts below, answer the question.

Facts:
Donald listens to others. Either Colter believes in predestination or he believes in free will, but not both. If someone trusts their intuition and listens to others, then they can make wise decisions. If someone has personal agency, then they take responsibility for their actions. Donald does not live intentionally. Donald does not take responsibility for his actions. Anyone who values individuality or respects autonomy believes in free will. If Colter either follows his conscience or values personal choices (but not both), then he has personal agency. Luciana does not avoid conflicts. Anyone who values personal choices or trusts their intuition believes in free will. Donald follows his conscience. Colter listens to others. Colter does not live intentionally. Luciana follows his conscience. If someone either makes wise decisions or avoids conflicts, then they live intentionally. If Donald either follows his conscience or values personal choices (but not both), then he has personal agency. Either Donald believes in predestination or he believes in free will, but not both. If someone takes initiative, then they have personal agency. Colter does not take responsibility for his actions. Donald does not avoid conflicts.

Question:
Based on the above information, is the following statement true, false, or uncertain? Donald does not believe in predestination.

Options:
[""A) True"", ""B) False"", ""C) Uncertain""]",A,0,"fact1: Donald does not take responsibility for his actions.
rule: If someone has personal agency, then they take responsibility for their actions.
conclusion: Donald does not have personal agency.
fact1: Donald does not avoid conflicts.
fact2: Donald does not live intentionally.
rule: If someone either makes wise decisions or avoids conflicts, then they live intentionally.
conclusion: Donald does not make wise decisions.
fact1: Donald follows his conscience.
fact2: Donald does not have personal agency.
rule: If Donald either follows his conscience or values personal choices (but not both), then he has personal agency.
conclusion: Donald values personal choices.
fact1: Donald listens to others.
fact2: Donald does not make wise decisions.
rule: If someone trusts their intuition and listens to others, then they can make wise decisions.
conclusion: Donald does not trust his intuition.
fact1: Donald values personal choices.
fact2: Donald does not trust his intuition.
rule: Anyone who values personal choices or trusts their intuition believes in free will.
conclusion: Donald believes in free will.
fact1: Donald believes in free will.
rule: Either Donald believes in predestination or he believes in free will, but not both.
conclusion: Donald does not believe in predestination.

Therefore, it is true that Donald does not believe in predestination. The correct option is: A."
"Given the facts below, answer the question.

Facts:
Zen does not serve the public. Zen does not uphold justice. If Zen earns respect, then he either serves the public or upholds justice (or both). Zen works hard. Zen builds a reputation. If someone works hard, then they build a reputation and gain experience. If someone makes informed decisions and has experience, then they earn respect. Zen has authority. Zen acts with empathy. If Zen has authority, then he is either fair or acts with empathy, but not both. Zen trusts his instinct. If Zen either trusts his instinct or follows procedure (but not both), then he makes informed decisions. For Zen, considering context and following procedure are mutually exclusive approaches to decision-making. Zen does not listen carefully. Zen does not make wise decisions. Anyone who listens carefully or is impartial can make wise decisions.

Question:
Based on the above information, is the following statement true, false, or uncertain? Zen is fair, or impartial, or judicious.

Options:
[""A) True"", ""B) False"", ""C) Uncertain""]","Given the facts below, answer the question.

Facts:
Zen does not make wise decisions. Zen has authority. If someone works hard, then they build a reputation and gain experience. Zen builds a reputation. Zen acts with empathy. If Zen either trusts his instinct or follows procedure (but not both), then he makes informed decisions. If Diamond either trusts his instinct or follows procedure (but not both), then he makes informed decisions. If Zen earns respect, then he either serves the public or upholds justice (or both). If Diamond has authority, then he is either fair or acts with empathy, but not both. Diamond works hard. Zen does not listen carefully. For Jaxxon, considering context and following procedure are mutually exclusive approaches to decision-making. Zen does not serve the public. Anyone who listens carefully or is impartial can make wise decisions. Jaxxon has authority. If someone makes informed decisions and has experience, then they earn respect. Zen works hard. Diamond does not listen carefully. Allan does not serve the public. Zen trusts his instinct. If Zen has authority, then he is either fair or acts with empathy, but not both. Zen does not uphold justice. For Zen, considering context and following procedure are mutually exclusive approaches to decision-making. Jaxxon does not uphold justice.

Question:
Based on the above information, is the following statement true, false, or uncertain? Zen is fair, or impartial, or judicious.

Options:
[""A) True"", ""B) False"", ""C) Uncertain""]",C,2,"fact1: Zen does not serve the public.
fact2: Zen does not uphold justice.
rule: If Zen earns respect, then he either serves the public or upholds justice (or both).
conclusion: Zen does not earn respect.
fact1: Zen works hard.
fact2: Zen builds a reputation.
rule: If someone works hard, then they build a reputation and gain experience.
conclusion: Zen has experience.
fact1: Zen has experience.
fact2: Zen does not earn respect.
rule: If someone makes informed decisions and has experience, then they earn respect.
conclusion: Zen does not make informed decisions.
fact1: Zen has authority.
fact2: Zen acts with empathy.
rule: If Zen has authority, then he is either fair or acts with empathy, but not both.
conclusion: Zen is not fair.
fact1: Zen trusts his instinct.
fact2: Zen does not make informed decisions.
rule: If Zen either trusts his instinct or follows procedure (but not both), then he makes informed decisions.
conclusion: Zen follows procedure.
fact1: Zen follows procedure.
rule: For Zen, considering context and following procedure are mutually exclusive approaches to decision-making.
conclusion: Zen does not consider context.
fact1: Zen does not listen carefully.
fact2: Zen does not make wise decisions.
rule: Anyone who listens carefully or is impartial can make wise decisions.
conclusion: Zen is not impartial.

According to the context and the conclusions that have already been drawn, we can deduce that it is uncertain that Zen is fair, or impartial, or judicious. The correct option is: C."
"Given the facts below, answer the question.

Facts:
Alexander sets high goals. Alexander does not track progress. If Alexander either sets high goals or tracks progress (but not both), then he dedicates to a project. Alexander does not ignore warnings. Alexander does not take risks. If Alexander either ignores warnings or faces unforeseen consequences (but not both), then he takes risks. Alexander does not strive for perfection. Alexander puts in long hours or strives for perfection. Alexander does not harm others. Alexander is not lacking in self-control. If Alexander either damages his health or harms others, then he is lacking in self-control. Anyone who dedicates to a project and puts in long hours will work excessively. If someone works excessively and neglects themselves, then they will damage their health. Alexander does not make groundbreaking discoveries. If Alexander pursues knowledge, then he either makes groundbreaking discoveries or faces unforeseen consequences (but not both). Alexander either pursues knowledge or obsesses over research.

Question:
Based on the above information, is the following statement true, false, or uncertain? If Alexander obsesses over research, then he loses track of reality.

Options:
[""A) True"", ""B) False"", ""C) Uncertain""]","Given the facts below, answer the question.

Facts:
If Alexander either damages his health or harms others, then he is lacking in self-control. Alexander does not take risks. Evan does not track progress. Alexander sets high goals. Alexander puts in long hours or strives for perfection. Alexander does not harm others. Alexander does not make groundbreaking discoveries. Patrick does not make groundbreaking discoveries. Evan puts in long hours or strives for perfection. Alexander does not track progress. Alexander is not lacking in self-control. Anyone who dedicates to a project and puts in long hours will work excessively. Alexander either pursues knowledge or obsesses over research. If Alexander either ignores warnings or faces unforeseen consequences (but not both), then he takes risks. If Alexander either sets high goals or tracks progress (but not both), then he dedicates to a project. If Alexander pursues knowledge, then he either makes groundbreaking discoveries or faces unforeseen consequences (but not both). If Patrick neglects himself, then he will lose track of reality. Alexander does not strive for perfection. If someone works excessively and neglects themselves, then they will damage their health. Alexander does not ignore warnings.

Question:
Based on the above information, is the following statement true, false, or uncertain? If Alexander obsesses over research, then he loses track of reality.

Options:
[""A) True"", ""B) False"", ""C) Uncertain""]",C,2,"fact1: Alexander sets high goals.
fact2: Alexander does not track progress.
rule: If Alexander either sets high goals or tracks progress (but not both), then he dedicates to a project.
conclusion: Alexander dedicates to a project.
fact1: Alexander does not ignore warnings.
fact2: Alexander does not take risks.
rule: If Alexander either ignores warnings or faces unforeseen consequences (but not both), then he takes risks.
conclusion: Alexander does not face unforeseen consequences.
fact1: Alexander does not strive for perfection.
rule: Alexander puts in long hours or strives for perfection.
conclusion: Alexander puts in long hours.
fact1: Alexander does not harm others.
fact2: Alexander is not lacking in self-control.
rule: If Alexander either damages his health or harms others, then he is lacking in self-control.
conclusion: Alexander does not damage his health.
fact1: Alexander dedicates to a project.
fact2: Alexander puts in long hours.
rule: Anyone who dedicates to a project and puts in long hours will work excessively.
conclusion: Alexander works excessively.
fact1: Alexander works excessively.
fact2: Alexander does not damage his health.
rule: If someone works excessively and neglects themselves, then they will damage their health.
conclusion: Alexander does not neglect himself.
fact1: Alexander does not make groundbreaking discoveries.
fact2: Alexander does not face unforeseen consequences.
rule: If Alexander pursues knowledge, then he either makes groundbreaking discoveries or faces unforeseen consequences (but not both).
conclusion: Alexander does not pursue knowledge.
fact1: Alexander does not pursue knowledge.
rule: Alexander either pursues knowledge or obsesses over research.
conclusion: Alexander obsesses over research.

According to the context and the conclusions that have already been drawn, we can deduce that it is uncertain that If Alexander obsesses over research, then he loses track of reality. The correct option is: C."
"Given the facts below, answer the question.

Facts:
Lorenzo does not trust his instincts. Lorenzo either trusts his instincts or seeks feedback, but not both. Lorenzo watches cooking videos. Lorenzo either watches cooking videos or reads cookbooks, but not both. Lorenzo asks questions. Anyone who asks questions and seeks feedback is willing to learn. If Lorenzo is willing to learn, then he is a novice cook and follows recipes. Lorenzo is either a skilled cook or a novice cook, but not both.

Question:
Based on the above information, is the following statement true, false, or uncertain? Lorenzo is not a skilled cook.

Options:
[""A) True"", ""B) False"", ""C) Uncertain""]","Given the facts below, answer the question.

Facts:
Anyone who asks questions and seeks feedback is willing to learn. If Mathew is willing to learn, then he is a novice cook and follows recipes. If Mathew enjoys baking and reads cookbooks, then he will follow recipes. Mathew is either a skilled cook or a novice cook, but not both. Lorenzo either watches cooking videos or reads cookbooks, but not both. Lorenzo either trusts his instincts or seeks feedback, but not both. Lorenzo does not trust his instincts. Lorenzo asks questions. Lorenzo is either a skilled cook or a novice cook, but not both. If Lorenzo is willing to learn, then he is a novice cook and follows recipes. Mathew either watches cooking videos or reads cookbooks, but not both. Lorenzo watches cooking videos.

Question:
Based on the above information, is the following statement true, false, or uncertain? Lorenzo is not a skilled cook.

Options:
[""A) True"", ""B) False"", ""C) Uncertain""]",A,0,"fact1: Lorenzo does not trust his instincts.
rule: Lorenzo either trusts his instincts or seeks feedback, but not both.
conclusion: Lorenzo seeks feedback.
fact1: Lorenzo watches cooking videos.
rule: Lorenzo either watches cooking videos or reads cookbooks, but not both.
conclusion: Lorenzo does not read cookbooks.
fact1: Lorenzo asks questions.
fact2: Lorenzo seeks feedback.
rule: Anyone who asks questions and seeks feedback is willing to learn.
conclusion: Lorenzo is willing to learn.
fact1: Lorenzo is willing to learn.
rule: If Lorenzo is willing to learn, then he is a novice cook and follows recipes.
conclusion: Lorenzo is a novice cook.
fact1: Lorenzo is a novice cook.
rule: Lorenzo is either a skilled cook or a novice cook, but not both.
conclusion: Lorenzo is not a skilled cook.

Therefore, it is true that Lorenzo is not a skilled cook. The correct option is: A."
"Given the facts below, answer the question.

Facts:
Dearie has a gentle nature. Dearie cannot form strong bonds. If a horse has a gentle nature and is loyal, then it can form strong bonds. Dearie does not face challenges. Dearie does not stay focused. If Dearie either faces challenges or keeps her composure (but not both), then she stays focused. Dearie handles pressure. All horses that handle pressure either remain calm or keep their composure (or both). Dearie is not affectionate. If Dearie is either loyal or makes great companions (but not both), then she is affectionate. Dearie does not listen to commands. All horses that perform tricks listen to commands and remain calm. Dearie is not disciplined. If Dearie either excels in competition or performs tricks (but not both), then she is disciplined. If Dearie is well-trained, then she can either excel in competition or make great companions, but not both.

Question:
Based on the above information, is the following statement true, false, or uncertain? Dearie is not well-trained.

Options:
[""A) True"", ""B) False"", ""C) Uncertain""]","Given the facts below, answer the question.

Facts:
Iris has a gentle nature. Walter is not affectionate. If Dearie either faces challenges or keeps her composure (but not both), then she stays focused. If Walter is either loyal or makes great companions (but not both), then she is affectionate. If Terry is well-trained, then she can either excel in competition or make great companions, but not both. Dearie cannot form strong bonds. If Dearie either excels in competition or performs tricks (but not both), then she is disciplined. Iris does not face challenges. Dearie does not stay focused. Dearie is not affectionate. Dearie is not disciplined. All horses that perform tricks listen to commands and remain calm. Dearie has a gentle nature. Dearie handles pressure. Iris does not listen to commands. If Dearie is either loyal or makes great companions (but not both), then she is affectionate. Dearie does not face challenges. If Dearie is well-trained, then she can either excel in competition or make great companions, but not both. If a horse has a gentle nature and is loyal, then it can form strong bonds. All horses that handle pressure either remain calm or keep their composure (or both). Dearie does not listen to commands.

Question:
Based on the above information, is the following statement true, false, or uncertain? Dearie is not well-trained.

Options:
[""A) True"", ""B) False"", ""C) Uncertain""]",A,0,"fact1: Dearie has a gentle nature.
fact2: Dearie cannot form strong bonds.
rule: If a horse has a gentle nature and is loyal, then it can form strong bonds.
conclusion: Dearie is not loyal.
fact1: Dearie does not face challenges.
fact2: Dearie does not stay focused.
rule: If Dearie either faces challenges or keeps her composure (but not both), then she stays focused.
conclusion: Dearie does not keep her composure.
fact1: Dearie handles pressure.
fact2: Dearie does not keep her composure.
rule: All horses that handle pressure either remain calm or keep their composure (or both).
conclusion: Dearie remains calm.
fact1: Dearie is not loyal.
fact2: Dearie is not affectionate.
rule: If Dearie is either loyal or makes great companions (but not both), then she is affectionate.
conclusion: Dearie does not make great companions.
fact1: Dearie does not listen to commands.
fact2: Dearie remains calm.
rule: All horses that perform tricks listen to commands and remain calm.
conclusion: Dearie does not perform tricks.
fact1: Dearie does not perform tricks.
fact2: Dearie is not disciplined.
rule: If Dearie either excels in competition or performs tricks (but not both), then she is disciplined.
conclusion: Dearie does not excel in competition.
fact1: Dearie does not excel in competition.
fact2: Dearie does not make great companions.
rule: If Dearie is well-trained, then she can either excel in competition or make great companions, but not both.
conclusion: Dearie is not well-trained.

Therefore, it is true that Dearie is not well-trained. The correct option is: A."
"Given the facts below, answer the question.

Facts:
Elaine does not draw inspirations. Anyone who appreciates landscapes or loves trees will draw inspirations. Elaine seeks inspiration. Elaine does not find solace in solitude. If Elaine seeks inspiration, then she either enjoys an urban lifestyle or finds solace in solitude. Elaine either prefers rural life or enjoys an urban lifestyle, but not both. Elaine either prefers rural life or appreciates cityscape, but not both. Elaine either appreciates cityscape or lives in nature, but not both.

Question:
Based on the above information, is the following statement true, false, or uncertain? Elaine creates nature-inspired art.

Options:
[""A) True"", ""B) False"", ""C) Uncertain""]","Given the facts below, answer the question.

Facts:
If Cruz either lives in nature or loves trees, then she creates nature-inspired art. Elaine either prefers rural life or enjoys an urban lifestyle, but not both. Elaine does not find solace in solitude. Cruz either prefers rural life or appreciates cityscape, but not both. Josue does not find solace in solitude. If Elaine seeks inspiration, then she either enjoys an urban lifestyle or finds solace in solitude. Elaine seeks inspiration. Elaine either prefers rural life or appreciates cityscape, but not both. If Corbin seeks inspiration, then she either enjoys an urban lifestyle or finds solace in solitude. Elaine either appreciates cityscape or lives in nature, but not both. Elaine does not draw inspirations. Anyone who appreciates landscapes or loves trees will draw inspirations.

Question:
Based on the above information, is the following statement true, false, or uncertain? Elaine creates nature-inspired art.

Options:
[""A) True"", ""B) False"", ""C) Uncertain""]",C,2,"fact1: Elaine does not draw inspirations.
rule: Anyone who appreciates landscapes or loves trees will draw inspirations.
conclusion: Elaine does not love trees.
fact1: Elaine seeks inspiration.
fact2: Elaine does not find solace in solitude.
rule: If Elaine seeks inspiration, then she either enjoys an urban lifestyle or finds solace in solitude.
conclusion: Elaine enjoys an urban lifestyle.
fact1: Elaine enjoys an urban lifestyle.
rule: Elaine either prefers rural life or enjoys an urban lifestyle, but not both.
conclusion: Elaine does not prefer rural life.
fact1: Elaine does not prefer rural life.
rule: Elaine either prefers rural life or appreciates cityscape, but not both.
conclusion: Elaine appreciates cityscape.
fact1: Elaine appreciates cityscape.
rule: Elaine either appreciates cityscape or lives in nature, but not both.
conclusion: Elaine does not live in nature.

According to the context and the conclusions that have already been drawn, we can deduce that it is uncertain that Elaine creates nature-inspired art. The correct option is: C."
"Given the facts below, answer the question.

Facts:
Snoogypuss lives in a temple. Snoogypuss does not possess deep wisdom. If Snoogypuss lives in a temple and grants mystical guidance, then she possesses deep wisdom. Snoogypuss does not possess mystical power. Snoogypuss either possesses mystical power or holds the balance of yin and yang, but not necessarily both. If Snoogypuss holds the balance of yin and yang, then she either understands the universe or grants mystical guidance (or both). If Snoogypuss understands the universe, then she has cosmic insight. Snoogypuss understands cosmic vibrations. Snoogypuss sees into the future. If Snoogypuss understands cosmic vibrations, then she either reads astrology or sees into the future, but not both. If Snoogypuss has cosmic insight, then she either reads astrology or interprets the I Ching, but not both. Snoogypuss cannot guide destiny. If Snoogypuss possesses the secrets of the trigram and interprets the I Ching, then she can guide destiny.

Question:
Based on the above information, is the following statement true, false, or uncertain? Snoogypuss possesses the secrets of the trigram.

Options:
[""A) True"", ""B) False"", ""C) Uncertain""]","Given the facts below, answer the question.

Facts:
Snoogypuss understands cosmic vibrations. If Yamileth possesses the secrets of the trigram and interprets the I Ching, then she can guide destiny. If Snoogypuss lives in a temple and grants mystical guidance, then she possesses deep wisdom. If Garrett lives in a temple and grants mystical guidance, then she possesses deep wisdom. Snoogypuss lives in a temple. Yamileth understands cosmic vibrations. Snoogypuss does not possess deep wisdom. If Yamileth understands the universe, then she has cosmic insight. Garrett sees into the future. Snoogypuss does not possess mystical power. Garrett cannot guide destiny. Snoogypuss sees into the future. Snoogypuss cannot guide destiny. Snoogypuss either possesses mystical power or holds the balance of yin and yang, but not necessarily both. If Yamileth understands cosmic vibrations, then she either reads astrology or sees into the future, but not both. If Snoogypuss understands the universe, then she has cosmic insight. Adorable does not possess mystical power. If Snoogypuss holds the balance of yin and yang, then she either understands the universe or grants mystical guidance (or both). If Snoogypuss has cosmic insight, then she either reads astrology or interprets the I Ching, but not both. If Adorable holds the balance of yin and yang, then she either understands the universe or grants mystical guidance (or both). If Snoogypuss understands cosmic vibrations, then she either reads astrology or sees into the future, but not both. Garrett lives in a temple. If Snoogypuss possesses the secrets of the trigram and interprets the I Ching, then she can guide destiny.

Question:
Based on the above information, is the following statement true, false, or uncertain? Snoogypuss possesses the secrets of the trigram.

Options:
[""A) True"", ""B) False"", ""C) Uncertain""]",B,1,"fact1: Snoogypuss lives in a temple.
fact2: Snoogypuss does not possess deep wisdom.
rule: If Snoogypuss lives in a temple and grants mystical guidance, then she possesses deep wisdom.
conclusion: Snoogypuss does not grant mystical guidance.
fact1: Snoogypuss does not possess mystical power.
rule: Snoogypuss either possesses mystical power or holds the balance of yin and yang, but not necessarily both.
conclusion: Snoogypuss holds the balance of yin and yang.
fact1: Snoogypuss holds the balance of yin and yang.
fact2: Snoogypuss does not grant mystical guidance.
rule: If Snoogypuss holds the balance of yin and yang, then she either understands the universe or grants mystical guidance (or both).
conclusion: Snoogypuss understands the universe.
fact1: Snoogypuss understands the universe.
rule: If Snoogypuss understands the universe, then she has cosmic insight.
conclusion: Snoogypuss has cosmic insight.
fact1: Snoogypuss understands cosmic vibrations.
fact2: Snoogypuss sees into the future.
rule: If Snoogypuss understands cosmic vibrations, then she either reads astrology or sees into the future, but not both.
conclusion: Snoogypuss does not read astrology.
fact1: Snoogypuss has cosmic insight.
fact2: Snoogypuss does not read astrology.
rule: If Snoogypuss has cosmic insight, then she either reads astrology or interprets the I Ching, but not both.
conclusion: Snoogypuss interprets the I Ching.
fact1: Snoogypuss interprets the I Ching.
fact2: Snoogypuss cannot guide destiny.
rule: If Snoogypuss possesses the secrets of the trigram and interprets the I Ching, then she can guide destiny.
conclusion: Snoogypuss possesses the secrets of the trigram.

Therefore, it is false that Snoogypuss possesses the secrets of the trigram. The correct option is: B."
"Given the facts below, answer the question.

Facts:
Melissa educates medical students. Melissa either enhances patient care or educates medical students, but not both. Melissa does not become an expert in her field. Anyone who publishes groundbreaking papers or earns international recognition will become an expert in their field. If someone develops new techniques, then they enhance patient care. If Melissa is a pioneering researcher, then she improves medical treatments and earns international recognition.

Question:
Based on the above information, is the following statement true, false, or uncertain? Melissa is not a pioneering researcher.

Options:
[""A) True"", ""B) False"", ""C) Uncertain""]","Given the facts below, answer the question.

Facts:
Melissa educates medical students. Dream does not become an expert in her field. If Dream is a pioneering researcher, then she improves medical treatments and earns international recognition. Corbin gains widespread acclaim. Anyone who publishes groundbreaking papers or earns international recognition will become an expert in their field. If someone develops new techniques, then they enhance patient care. If Melissa is a pioneering researcher, then she improves medical treatments and earns international recognition. Melissa either enhances patient care or educates medical students, but not both. Melissa does not become an expert in her field. Dream educates medical students.

Question:
Based on the above information, is the following statement true, false, or uncertain? Melissa is not a pioneering researcher.

Options:
[""A) True"", ""B) False"", ""C) Uncertain""]",A,0,"fact1: Melissa educates medical students.
rule: Melissa either enhances patient care or educates medical students, but not both.
conclusion: Melissa does not enhance patient care.
fact1: Melissa does not become an expert in her field.
rule: Anyone who publishes groundbreaking papers or earns international recognition will become an expert in their field.
conclusion: Melissa does not earn international recognition.
fact1: Melissa does not enhance patient care.
rule: If someone develops new techniques, then they enhance patient care.
conclusion: Melissa does not develop new techniques.
fact1: Melissa does not earn international recognition.
rule: If Melissa is a pioneering researcher, then she improves medical treatments and earns international recognition.
conclusion: Melissa is not a pioneering researcher.

Therefore, it is true that Melissa is not a pioneering researcher. The correct option is: A."
"Given the facts below, answer the question.

Facts:
Snuggems does not chase strings. Snuggems does not entertain George. Any cat that plays with hammers or chases strings can entertain its owner. Snuggems does not pursue toys. Snuggems does not investigate new spaces. Every cat that explores boxes either pursues toys or investigates new spaces (or both). Snuggems sniffs wood. If Snuggems either explores boxes or sniffs wood (but not both), then she is curious. If Snuggems is curious, then she either recognizes tools or plays with hammers, but not both. Snuggems does not love workshops. If Snuggems either recognizes tools or loves workshops (but not both), then she is a unique companion.

Question:
Based on the above information, is the following statement true, false, or uncertain? Snuggems fears loud noises.

Options:
[""A) True"", ""B) False"", ""C) Uncertain""]","Given the facts below, answer the question.

Facts:
Any cat that plays with hammers or chases strings can entertain its owner. If Oaklynn is curious, then she either recognizes tools or plays with hammers, but not both. Emily does not entertain George. Snuggems does not love workshops. If Snuggems is curious, then she either recognizes tools or plays with hammers, but not both. Every cat that explores boxes either pursues toys or investigates new spaces (or both). If Mohamed either explores boxes or sniffs wood (but not both), then she is curious. Snuggems sniffs wood. Snuggems does not chase strings. Snuggems does not pursue toys. If Oaklynn either enjoys loud noises or fears loud noises (but not both), then she is a unique companion. If Snuggems either explores boxes or sniffs wood (but not both), then she is curious. If Mohamed either recognizes tools or loves workshops (but not both), then she is a unique companion. Snuggems does not entertain George. If Snuggems either recognizes tools or loves workshops (but not both), then she is a unique companion. Snuggems does not investigate new spaces.

Question:
Based on the above information, is the following statement true, false, or uncertain? Snuggems fears loud noises.

Options:
[""A) True"", ""B) False"", ""C) Uncertain""]",C,2,"fact1: Snuggems does not chase strings.
fact2: Snuggems does not entertain George.
rule: Any cat that plays with hammers or chases strings can entertain its owner.
conclusion: Snuggems does not play with hammers.
fact1: Snuggems does not pursue toys.
fact2: Snuggems does not investigate new spaces.
rule: Every cat that explores boxes either pursues toys or investigates new spaces (or both).
conclusion: Snuggems does not explore boxes.
fact1: Snuggems does not explore boxes.
fact2: Snuggems sniffs wood.
rule: If Snuggems either explores boxes or sniffs wood (but not both), then she is curious.
conclusion: Snuggems is curious.
fact1: Snuggems is curious.
fact2: Snuggems does not play with hammers.
rule: If Snuggems is curious, then she either recognizes tools or plays with hammers, but not both.
conclusion: Snuggems recognizes tools.
fact1: Snuggems recognizes tools.
fact2: Snuggems does not love workshops.
rule: If Snuggems either recognizes tools or loves workshops (but not both), then she is a unique companion.
conclusion: Snuggems is a unique companion.

According to the context and the conclusions that have already been drawn, we can deduce that it is uncertain that Snuggems fears loud noises. The correct option is: C."
"Given the facts below, answer the question.

Facts:
Avyaan does not help animals. Avyaan cares for others. If Avyaan either helps animals or cares for others (but not both), then he values compassion. Avyaan seeks guidance. Avyaan does not avoid complex tasks. If someone lacks experience and seeks guidance, then they will avoid complex tasks. Avyaan does not have allergies. If Avyaan avoids pets, then he either lacks experience with them or has allergies (or both). Avyaan does not become a responsible individual. If Avyaan develops an affinity for wildlife, then he values compassion and becomes a responsible individual. Avyaan has close encounters with wildlife. If Avyaan has close encounters with wildlife, then he either develops an affinity for them or is intimidated by wildlife (or both). If Avyaan either avoids pets or is intimidated by wildlife (but not both), then he fears animals. Everyone who fears animals is not an animal lover. For every human, they are either an animal lover or not an animal lover, but not both.

Question:
Based on the above information, is the following statement true, false, or uncertain? Avyaan is an animal lover.

Options:
[""A) True"", ""B) False"", ""C) Uncertain""]","Given the facts below, answer the question.

Facts:
Kaison does not help animals. If Avyaan has close encounters with wildlife, then he either develops an affinity for them or is intimidated by wildlife (or both). For every human, they are either an animal lover or not an animal lover, but not both. Avyaan does not help animals. Kaison seeks guidance. Kaison does not avoid complex tasks. Avyaan does not have allergies. Avyaan does not become a responsible individual. If someone lacks experience and seeks guidance, then they will avoid complex tasks. Avyaan seeks guidance. If Avyaan avoids pets, then he either lacks experience with them or has allergies (or both). If Avyaan develops an affinity for wildlife, then he values compassion and becomes a responsible individual. Avyaan does not avoid complex tasks. If Avyaan either avoids pets or is intimidated by wildlife (but not both), then he fears animals. Stevie does not have allergies. If Avyaan either helps animals or cares for others (but not both), then he values compassion. Avyaan cares for others. If Stevie develops an affinity for wildlife, then he values compassion and becomes a responsible individual. Avyaan has close encounters with wildlife. Everyone who fears animals is not an animal lover.

Question:
Based on the above information, is the following statement true, false, or uncertain? Avyaan is an animal lover.

Options:
[""A) True"", ""B) False"", ""C) Uncertain""]",B,1,"fact1: Avyaan does not help animals.
fact2: Avyaan cares for others.
rule: If Avyaan either helps animals or cares for others (but not both), then he values compassion.
conclusion: Avyaan values compassion.
fact1: Avyaan seeks guidance.
fact2: Avyaan does not avoid complex tasks.
rule: If someone lacks experience and seeks guidance, then they will avoid complex tasks.
conclusion: Avyaan does not lack experience with pets.
fact1: Avyaan does not lack experience with pets.
fact2: Avyaan does not have allergies.
rule: If Avyaan avoids pets, then he either lacks experience with them or has allergies (or both).
conclusion: Avyaan does not avoid pets.
fact1: Avyaan values compassion.
fact2: Avyaan does not become a responsible individual.
rule: If Avyaan develops an affinity for wildlife, then he values compassion and becomes a responsible individual.
conclusion: Avyaan does not develop an affinity for wildlife.
fact1: Avyaan has close encounters with wildlife.
fact2: Avyaan does not develop an affinity for wildlife.
rule: If Avyaan has close encounters with wildlife, then he either develops an affinity for them or is intimidated by wildlife (or both).
conclusion: Avyaan is intimidated by wildlife.
fact1: Avyaan does not avoid pets.
fact2: Avyaan is intimidated by wildlife.
rule: If Avyaan either avoids pets or is intimidated by wildlife (but not both), then he fears animals.
conclusion: Avyaan fears animals.
fact1: Avyaan fears animals.
rule: Everyone who fears animals is not an animal lover.
conclusion: Avyaan is not an animal lover.
fact1: Avyaan is not an animal lover.
rule: For every human, they are either an animal lover or not an animal lover, but not both.
conclusion: Avyaan is an animal lover.

Therefore, it is false that Avyaan is an animal lover. The correct option is: B."
"Given the facts below, answer the question.

Facts:
Pearl participates in conferences. Pearl does not engage in public debates. If Pearl participates in conferences, then she either engages in public debates or collaborates with peers, but not both. Receiving awards does not boost Pearl's confidence. If someone receives awards, then it will boost their confidence. Pearl remains humble. Pearl either remains humble or becomes influential, but not both. If Pearl either receives awards or gains recognition (but not both), then she becomes influential. If someone publishes research papers and collaborates with peers, then they gain recognition. Pearl does not contribute to advancing scientific knowledge. Anyone who publishes research papers or inspires future generations contributes to advancing scientific knowledge.

Question:
Based on the above information, is the following statement true, false, or uncertain? Pearl is a renowned geologist.

Options:
[""A) True"", ""B) False"", ""C) Uncertain""]","Given the facts below, answer the question.

Facts:
If someone receives awards, then it will boost their confidence. Pearl remains humble. Pearl either remains humble or becomes influential, but not both. If Pearl either receives awards or gains recognition (but not both), then she becomes influential. Anyone who publishes research papers or inspires future generations contributes to advancing scientific knowledge. If Pearl participates in conferences, then she either engages in public debates or collaborates with peers, but not both. Receiving awards does not boost Pearl's confidence. Pearl does not engage in public debates. Pearl participates in conferences. Receiving awards does not boost Louise's confidence. If someone publishes research papers and collaborates with peers, then they gain recognition. Pearl does not contribute to advancing scientific knowledge. Jane makes groundbreaking discoveries.

Question:
Based on the above information, is the following statement true, false, or uncertain? Pearl is a renowned geologist.

Options:
[""A) True"", ""B) False"", ""C) Uncertain""]",C,2,"fact1: Pearl participates in conferences.
fact2: Pearl does not engage in public debates.
rule: If Pearl participates in conferences, then she either engages in public debates or collaborates with peers, but not both.
conclusion: Pearl collaborates with her peers.
fact1: Receiving awards does not boost Pearl's confidence.
rule: If someone receives awards, then it will boost their confidence.
conclusion: Pearl does not receive awards.
fact1: Pearl remains humble.
rule: Pearl either remains humble or becomes influential, but not both.
conclusion: Pearl does not become influential.
fact1: Pearl does not receive awards.
fact2: Pearl does not become influential.
rule: If Pearl either receives awards or gains recognition (but not both), then she becomes influential.
conclusion: Pearl does not gain recognition.
fact1: Pearl collaborates with her peers.
fact2: Pearl does not gain recognition.
rule: If someone publishes research papers and collaborates with peers, then they gain recognition.
conclusion: Pearl does not publish research papers.
fact1: Pearl does not publish research papers.
fact2: Pearl does not contribute to advancing scientific knowledge.
rule: Anyone who publishes research papers or inspires future generations contributes to advancing scientific knowledge.
conclusion: Pearl does not inspire future generations.

According to the context and the conclusions that have already been drawn, we can deduce that it is uncertain that Pearl is a renowned geologist. The correct option is: C."
"Given the facts below, answer the question.

Facts:
Capri is well-trained. All well-trained horses respond quickly and have a strong physique. Capri does not prance elegantly. Capri does not exude elegance. If Capri is either well-groomed or prances elegantly (but not both), then he exudes elegance. Capri does not represent royalty. If Capri participates in parades or is well-groomed, then he represents royalty. Capri does not command attention. For all horses, if they possess a noble spirit and have a strong physique, then they command attention. Capri has a regal bearing. Every horse that has a regal bearing either possesses a noble spirit or carries dignitaries (or both). Capri does not have a dignified carriage. For all horses, if they have a royal bloodline or received ceremonial training, then they have a dignified carriage.

Question:
Based on the above information, is the following statement true, false, or uncertain? Capri received ceremonial training.

Options:
[""A) True"", ""B) False"", ""C) Uncertain""]","Given the facts below, answer the question.

Facts:
Capri does not prance elegantly. For all horses, if they possess a noble spirit and have a strong physique, then they command attention. Capri has a regal bearing. Capri does not exude elegance. Every horse that has a regal bearing either possesses a noble spirit or carries dignitaries (or both). If Cakes participates in parades or is well-groomed, then he represents royalty. Capri does not command attention. All well-trained horses respond quickly and have a strong physique. If Joanna is either well-groomed or prances elegantly (but not both), then he exudes elegance. Capri does not represent royalty. Capri does not have a dignified carriage. For all horses, if they have a royal bloodline or received ceremonial training, then they have a dignified carriage. Capri is well-trained. If Capri participates in parades or is well-groomed, then he represents royalty. If Capri is either well-groomed or prances elegantly (but not both), then he exudes elegance. Paola does not have a dignified carriage. Joanna does not exude elegance.

Question:
Based on the above information, is the following statement true, false, or uncertain? Capri received ceremonial training.

Options:
[""A) True"", ""B) False"", ""C) Uncertain""]",B,1,"fact1: Capri is well-trained.
rule: All well-trained horses respond quickly and have a strong physique.
conclusion: Capri has a strong physique.
fact1: Capri does not prance elegantly.
fact2: Capri does not exude elegance.
rule: If Capri is either well-groomed or prances elegantly (but not both), then he exudes elegance.
conclusion: Capri is not well-groomed.
fact1: Capri is not well-groomed.
fact2: Capri does not represent royalty.
rule: If Capri participates in parades or is well-groomed, then he represents royalty.
conclusion: Capri does not participate in parades.
fact1: Capri has a strong physique.
fact2: Capri does not command attention.
rule: For all horses, if they possess a noble spirit and have a strong physique, then they command attention.
conclusion: Capri does not possess a noble spirit.
fact1: Capri has a regal bearing.
fact2: Capri does not possess a noble spirit.
rule: Every horse that has a regal bearing either possesses a noble spirit or carries dignitaries (or both).
conclusion: Capri carries dignitaries.
fact1: Capri does not have a dignified carriage.
rule: For all horses, if they have a royal bloodline or received ceremonial training, then they have a dignified carriage.
conclusion: Capri received ceremonial training.

Therefore, it is false that Capri received ceremonial training. The correct option is: B."
"Given the facts below, answer the question.

Facts:
Rylan values stability. Rylan either values stability or follows his ambitions, but these two are not necessarily compatible. Rylan follows his ambitions or pursues his dreams. Rylan does not develop his skills. Everyone who pursues their dreams either develops their skills or works hard (or both). Rylan does not win recognition. Anyone who tells compelling stories or documents real life can win recognition. Rylan does not achieve success. If Rylan captures life's moments and works hard, then he will achieve success. If Rylan is passionate, then he is able to capture life's moments or tell compelling stories. Rylan is passionate or creative.

Question:
Based on the above information, is the following statement true, false, or uncertain? Rylan is not adventurous.

Options:
[""A) True"", ""B) False"", ""C) Uncertain""]","Given the facts below, answer the question.

Facts:
Yahya does not achieve success. Rylan does not achieve success. Kairi does not win recognition. Knockout follows his ambitions or pursues his dreams. Rylan either values stability or follows his ambitions, but these two are not necessarily compatible. If Kairi captures life's moments and works hard, then he will achieve success. Knockout frames shots or documents real life. Anyone who tells compelling stories or documents real life can win recognition. Rylan follows his ambitions or pursues his dreams. If Rylan is passionate, then he is able to capture life's moments or tell compelling stories. If Knockout is passionate, then he is able to capture life's moments or tell compelling stories. Rylan values stability. Kairi frames shots. Yahya values stability. Everyone who pursues their dreams either develops their skills or works hard (or both). Rylan does not win recognition. Rylan is passionate or creative. Yahya does not develop his skills. If Rylan captures life's moments and works hard, then he will achieve success. Rylan does not develop his skills.

Question:
Based on the above information, is the following statement true, false, or uncertain? Rylan is not adventurous.

Options:
[""A) True"", ""B) False"", ""C) Uncertain""]",C,2,"fact1: Rylan values stability.
rule: Rylan either values stability or follows his ambitions, but these two are not necessarily compatible.
conclusion: Rylan does not follow his ambitions.
fact1: Rylan does not follow his ambitions.
rule: Rylan follows his ambitions or pursues his dreams.
conclusion: Rylan pursues his dreams.
fact1: Rylan pursues his dreams.
fact2: Rylan does not develop his skills.
rule: Everyone who pursues their dreams either develops their skills or works hard (or both).
conclusion: Rylan works hard.
fact1: Rylan does not win recognition.
rule: Anyone who tells compelling stories or documents real life can win recognition.
conclusion: Rylan does not tell compelling stories.
fact1: Rylan works hard.
fact2: Rylan does not achieve success.
rule: If Rylan captures life's moments and works hard, then he will achieve success.
conclusion: Rylan is unable to capture life's moments.
fact1: Rylan is unable to capture life's moments.
fact2: Rylan does not tell compelling stories.
rule: If Rylan is passionate, then he is able to capture life's moments or tell compelling stories.
conclusion: Rylan is not passionate.
fact1: Rylan is not passionate.
rule: Rylan is passionate or creative.
conclusion: Rylan is creative.

According to the context and the conclusions that have already been drawn, we can deduce that it is uncertain that Rylan is not adventurous. The correct option is: C."
