text,adv_text,label,label_id,reference
"Given the facts below, answer the question.

Facts:
Braelynn does not hold influence. Braelynn holds influence or earns power. Braelynn can keep secrets. If Braelynn can keep secrets, then she can either gain the trust of the queen or earn a position of power, but not both.

Question:
Based on the above information, is the following statement true, false, or uncertain? Braelynn gains the trust of the queen.

Options:
[""A) True"", ""B) False"", ""C) Uncertain""]","Given the facts below, answer the question.

Facts:
Braelynn holds influence or earns power. Ayleen does not hold influence. Braelynn does not hold influence. Braelynn can keep secrets. If Braelynn can keep secrets, then she can either gain the trust of the queen or earn a position of power, but not both. If Ayleen can keep secrets, then she can either gain the trust of the queen or earn a position of power, but not both.

Question:
Based on the above information, is the following statement true, false, or uncertain? Braelynn gains the trust of the queen.

Options:
[""A) True"", ""B) False"", ""C) Uncertain""]",B,1,"fact1: Braelynn does not hold influence.
rule: Braelynn holds influence or earns power.
conclusion: Braelynn earns a position of power.
fact1: Braelynn can keep secrets.
fact2: Braelynn earns a position of power.
rule: If Braelynn can keep secrets, then she can either gain the trust of the queen or earn a position of power, but not both.
conclusion: Braelynn gains the trust of the queen.

Therefore, it is false that Braelynn gains the trust of the queen. The correct option is: B."
"Given the facts below, answer the question.

Facts:
Lucas is not an expert marksman. Lucas is either an expert marksman or a skilled rider, but not both.

Question:
Based on the above information, is the following statement true, false, or uncertain? Lucas is not a respected outlaw.

Options:
[""A) True"", ""B) False"", ""C) Uncertain""]","Given the facts below, answer the question.

Facts:
If Nixon is either a skilled rider or a loyal partner (but not both), then he is a respected outlaw. Dax is a loyal partner. Lucas is either an expert marksman or a skilled rider, but not both. Nixon is not an expert marksman. Lucas is not an expert marksman.

Question:
Based on the above information, is the following statement true, false, or uncertain? Lucas is not a respected outlaw.

Options:
[""A) True"", ""B) False"", ""C) Uncertain""]",C,2,"fact1: Lucas is not an expert marksman.
rule: Lucas is either an expert marksman or a skilled rider, but not both.
conclusion: Lucas is a skilled rider.

According to the context and the conclusions that have already been drawn, we can deduce that it is uncertain that Lucas is not a respected outlaw. The correct option is: C."
"Given the facts below, answer the question.

Facts:
Mckenzie is experienced. If Mckenzie is experienced, then she will remain calm under pressure. For all humans, if they remain calm under pressure, then they make good decisions.

Question:
Based on the above information, is the following statement true, false, or uncertain? Mckenzie makes good decisions.

Options:
[""A) True"", ""B) False"", ""C) Uncertain""]","Given the facts below, answer the question.

Facts:
If Zara is experienced, then she will remain calm under pressure. For all humans, if they remain calm under pressure, then they make good decisions. Mckenzie is experienced. If Mckenzie is experienced, then she will remain calm under pressure.

Question:
Based on the above information, is the following statement true, false, or uncertain? Mckenzie makes good decisions.

Options:
[""A) True"", ""B) False"", ""C) Uncertain""]",A,0,"fact1: Mckenzie is experienced.
rule: If Mckenzie is experienced, then she will remain calm under pressure.
conclusion: Mckenzie remains calm under pressure.
fact1: Mckenzie remains calm under pressure.
rule: For all humans, if they remain calm under pressure, then they make good decisions.
conclusion: Mckenzie makes good decisions.

Therefore, it is true that Mckenzie makes good decisions. The correct option is: A."
"Given the facts below, answer the question.

Facts:
Alessia does not express herself. Alessia expresses herself or creates meaningful art. Alessia's art does not inspire change. For all humans, if someone creates meaningful art, then it either brings joy to others or inspires change (or both).

Question:
Based on the above information, is the following statement true, false, or uncertain? Alessia's art does not bring joy to others.

Options:
[""A) True"", ""B) False"", ""C) Uncertain""]","Given the facts below, answer the question.

Facts:
Zoya expresses herself or creates meaningful art. For all humans, if someone creates meaningful art, then it either brings joy to others or inspires change (or both). Alessia does not express herself. Sunshine's art does not inspire change. Alessia's art does not inspire change. Alessia expresses herself or creates meaningful art. Zoya does not express herself.

Question:
Based on the above information, is the following statement true, false, or uncertain? Alessia's art does not bring joy to others.

Options:
[""A) True"", ""B) False"", ""C) Uncertain""]",B,1,"fact1: Alessia does not express herself.
rule: Alessia expresses herself or creates meaningful art.
conclusion: Alessia creates meaningful art.
fact1: Alessia creates meaningful art.
fact2: Alessia's art does not inspire change.
rule: For all humans, if someone creates meaningful art, then it either brings joy to others or inspires change (or both).
conclusion: Alessia's art does not bring joy to others.

Therefore, it is false that Alessia's art does not bring joy to others. The correct option is: B."
"Given the facts below, answer the question.

Facts:
Arya protects marine life. Arya does not advocate for sustainability. Everyone who protects marine life is either environmentally conscious or advocates for sustainability (or both). Either Arya is environmentally conscious or she is environmentally ignorant, but not both.

Question:
Based on the above information, is the following statement true, false, or uncertain? Arya is not environmentally ignorant.

Options:
[""A) True"", ""B) False"", ""C) Uncertain""]","Given the facts below, answer the question.

Facts:
Either Arya is environmentally conscious or she is environmentally ignorant, but not both. Arya does not advocate for sustainability. Everyone who protects marine life is either environmentally conscious or advocates for sustainability (or both). Arya protects marine life. Andre does not advocate for sustainability. Either Heisenberg is environmentally conscious or she is environmentally ignorant, but not both.

Question:
Based on the above information, is the following statement true, false, or uncertain? Arya is not environmentally ignorant.

Options:
[""A) True"", ""B) False"", ""C) Uncertain""]",A,0,"fact1: Arya protects marine life.
fact2: Arya does not advocate for sustainability.
rule: Everyone who protects marine life is either environmentally conscious or advocates for sustainability (or both).
conclusion: Arya is environmentally conscious.
fact1: Arya is environmentally conscious.
rule: Either Arya is environmentally conscious or she is environmentally ignorant, but not both.
conclusion: Arya is not environmentally ignorant.

Therefore, it is true that Arya is not environmentally ignorant. The correct option is: A."
"Given the facts below, answer the question.

Facts:
Eduardo is emotionally strong. Eduardo is either emotionally strong or emotionally weak, but not both.

Question:
Based on the above information, is the following statement true, false, or uncertain? Eduardo is not emotionally weak.

Options:
[""A) True"", ""B) False"", ""C) Uncertain""]","Given the facts below, answer the question.

Facts:
Eduardo is emotionally strong. Emiliano is either emotionally strong or emotionally weak, but not both. Eduardo is either emotionally strong or emotionally weak, but not both. Karter is emotionally strong.

Question:
Based on the above information, is the following statement true, false, or uncertain? Eduardo is not emotionally weak.

Options:
[""A) True"", ""B) False"", ""C) Uncertain""]",A,0,"fact1: Eduardo is emotionally strong.
rule: Eduardo is either emotionally strong or emotionally weak, but not both.
conclusion: Eduardo is not emotionally weak.

Therefore, it is true that Eduardo is not emotionally weak. The correct option is: A."
"Given the facts below, answer the question.

Facts:
Tommy has a local focus. Tommy either has a local focus or speaks multiple languages, but not both.

Question:
Based on the above information, is the following statement true, false, or uncertain? Tommy cannot communicate cross-culturally.

Options:
[""A) True"", ""B) False"", ""C) Uncertain""]","Given the facts below, answer the question.

Facts:
Lover has a local focus. Tommy has a local focus. Tommy either has a local focus or speaks multiple languages, but not both. Jimmy either has a local focus or speaks multiple languages, but not both.

Question:
Based on the above information, is the following statement true, false, or uncertain? Tommy cannot communicate cross-culturally.

Options:
[""A) True"", ""B) False"", ""C) Uncertain""]",C,2,"fact1: Tommy has a local focus.
rule: Tommy either has a local focus or speaks multiple languages, but not both.
conclusion: Tommy does not speak multiple languages.

According to the context and the conclusions that have already been drawn, we can deduce that it is uncertain that Tommy cannot communicate cross-culturally. The correct option is: C."
"Given the facts below, answer the question.

Facts:
Baylor is not injured. Either Baylor is injured or he is fully recovered, but not both.

Question:
Based on the above information, is the following statement true, false, or uncertain? Baylor is not fully recovered.

Options:
[""A) True"", ""B) False"", ""C) Uncertain""]","Given the facts below, answer the question.

Facts:
Elaina is not injured. Baylor is not injured. Either Baylor is injured or he is fully recovered, but not both. Either Sarah is injured or he is fully recovered, but not both.

Question:
Based on the above information, is the following statement true, false, or uncertain? Baylor is not fully recovered.

Options:
[""A) True"", ""B) False"", ""C) Uncertain""]",B,1,"fact1: Baylor is not injured.
rule: Either Baylor is injured or he is fully recovered, but not both.
conclusion: Baylor is not fully recovered.

Therefore, it is false that Baylor is not fully recovered. The correct option is: B."
"Given the facts below, answer the question.

Facts:
Kaizen is spontaneous. Kaizen is either spontaneous or meticulous, but not both. Kaizen is meticulous or passionate about storytelling (or both).

Question:
Based on the above information, is the following statement true, false, or uncertain? Kaizen is passionate about storytelling.

Options:
[""A) True"", ""B) False"", ""C) Uncertain""]","Given the facts below, answer the question.

Facts:
Kaizen is meticulous or passionate about storytelling (or both). Kaizen is spontaneous. Colby is spontaneous. Kaizen is either spontaneous or meticulous, but not both.

Question:
Based on the above information, is the following statement true, false, or uncertain? Kaizen is passionate about storytelling.

Options:
[""A) True"", ""B) False"", ""C) Uncertain""]",A,0,"fact1: Kaizen is spontaneous.
rule: Kaizen is either spontaneous or meticulous, but not both.
conclusion: Kaizen is not meticulous.
fact1: Kaizen is not meticulous.
rule: Kaizen is meticulous or passionate about storytelling (or both).
conclusion: Kaizen is passionate about storytelling.

Therefore, it is true that Kaizen is passionate about storytelling. The correct option is: A."
"Given the facts below, answer the question.

Facts:
Marco is not diligent. Marco is diligent or meticulous. Marco builds a reputation. If Marco is meticulous, then he can either uncover hidden values or build a reputation, but not both.

Question:
Based on the above information, is the following statement true, false, or uncertain? Marco uncovers hidden values.

Options:
[""A) True"", ""B) False"", ""C) Uncertain""]","Given the facts below, answer the question.

Facts:
Marco is not diligent. Jenesis builds a reputation. Jenesis is not diligent. Marco is diligent or meticulous. Jenesis is diligent or meticulous. If Marco is meticulous, then he can either uncover hidden values or build a reputation, but not both. Marco builds a reputation. If Jenesis is meticulous, then he can either uncover hidden values or build a reputation, but not both.

Question:
Based on the above information, is the following statement true, false, or uncertain? Marco uncovers hidden values.

Options:
[""A) True"", ""B) False"", ""C) Uncertain""]",B,1,"fact1: Marco is not diligent.
rule: Marco is diligent or meticulous.
conclusion: Marco is meticulous.
fact1: Marco is meticulous.
fact2: Marco builds a reputation.
rule: If Marco is meticulous, then he can either uncover hidden values or build a reputation, but not both.
conclusion: Marco uncovers hidden values.

Therefore, it is false that Marco uncovers hidden values. The correct option is: B."
"Given the facts below, answer the question.

Facts:
Zyon listens actively. Zyon builds trust. If someone listens actively and builds trust, then they have exceptional diplomacy skills. Everyone who has exceptional diplomacy skills can resolve conflicts effectively.

Question:
Based on the above information, is the following statement true, false, or uncertain? Zyon cannot resolve conflicts effectively.

Options:
[""A) True"", ""B) False"", ""C) Uncertain""]","Given the facts below, answer the question.

Facts:
Zyon builds trust. Bristol builds trust. Elina listens actively. Everyone who has exceptional diplomacy skills can resolve conflicts effectively. Zyon listens actively. If someone listens actively and builds trust, then they have exceptional diplomacy skills.

Question:
Based on the above information, is the following statement true, false, or uncertain? Zyon cannot resolve conflicts effectively.

Options:
[""A) True"", ""B) False"", ""C) Uncertain""]",B,1,"fact1: Zyon listens actively.
fact2: Zyon builds trust.
rule: If someone listens actively and builds trust, then they have exceptional diplomacy skills.
conclusion: Zyon has exceptional diplomacy skills.
fact1: Zyon has exceptional diplomacy skills.
rule: Everyone who has exceptional diplomacy skills can resolve conflicts effectively.
conclusion: Zyon cannot resolve conflicts effectively.

Therefore, it is false that Zyon cannot resolve conflicts effectively. The correct option is: B."
"Given the facts below, answer the question.

Facts:
Juliet is air purifying. Either Juliet is air purifying or air polluting, but not both.

Question:
Based on the above information, is the following statement true, false, or uncertain? Juliet is not air polluting.

Options:
[""A) True"", ""B) False"", ""C) Uncertain""]","Given the facts below, answer the question.

Facts:
Juliet is air purifying. Either Juliet is air purifying or air polluting, but not both. Jaylah is air purifying.

Question:
Based on the above information, is the following statement true, false, or uncertain? Juliet is not air polluting.

Options:
[""A) True"", ""B) False"", ""C) Uncertain""]",A,0,"fact1: Juliet is air purifying.
rule: Either Juliet is air purifying or air polluting, but not both.
conclusion: Juliet is not air polluting.

Therefore, it is true that Juliet is not air polluting. The correct option is: A."
"Given the facts below, answer the question.

Facts:
Alaina appreciates the details. Alaina is either someone who appreciates the details or someone who overlooks the details, but not both.

Question:
Based on the above information, is the following statement true, false, or uncertain? Alaina overlooks the details.

Options:
[""A) True"", ""B) False"", ""C) Uncertain""]","Given the facts below, answer the question.

Facts:
Alia appreciates the details. Kitty is either someone who appreciates the details or someone who overlooks the details, but not both. Alaina is either someone who appreciates the details or someone who overlooks the details, but not both. Alaina appreciates the details.

Question:
Based on the above information, is the following statement true, false, or uncertain? Alaina overlooks the details.

Options:
[""A) True"", ""B) False"", ""C) Uncertain""]",B,1,"fact1: Alaina appreciates the details.
rule: Alaina is either someone who appreciates the details or someone who overlooks the details, but not both.
conclusion: Alaina overlooks the details.

Therefore, it is false that Alaina overlooks the details. The correct option is: B."
"Given the facts below, answer the question.

Facts:
Estella lives a reclusive life. Estella invokes public curiosity. If Estella lives a reclusive life, then she is shrouded in mystery and invokes public curiosity.

Question:
Based on the above information, is the following statement true, false, or uncertain? Estella is shrouded in mystery.

Options:
[""A) True"", ""B) False"", ""C) Uncertain""]","Given the facts below, answer the question.

Facts:
Leah lives a reclusive life. If Estella lives a reclusive life, then she is shrouded in mystery and invokes public curiosity. Estella invokes public curiosity. Rosalie invokes public curiosity. If Leah lives a reclusive life, then she is shrouded in mystery and invokes public curiosity. Estella lives a reclusive life.

Question:
Based on the above information, is the following statement true, false, or uncertain? Estella is shrouded in mystery.

Options:
[""A) True"", ""B) False"", ""C) Uncertain""]",A,0,"fact1: Estella lives a reclusive life.
fact2: Estella invokes public curiosity.
rule: If Estella lives a reclusive life, then she is shrouded in mystery and invokes public curiosity.
conclusion: Estella is shrouded in mystery.

Therefore, it is true that Estella is shrouded in mystery. The correct option is: A."
"Given the facts below, answer the question.

Facts:
Yareli has an advanced degree. Yareli is not highly influential. If Yareli has an advanced degree, then she is either highly influential or a leading expert, but not both. Yareli contributes to society. If Yareli is a leading expert, then she makes groundbreaking discoveries and contributes to society.

Question:
Based on the above information, is the following statement true, false, or uncertain? Yareli makes groundbreaking discoveries.

Options:
[""A) True"", ""B) False"", ""C) Uncertain""]","Given the facts below, answer the question.

Facts:
Yareli is not highly influential. If Delilah is a leading expert, then she makes groundbreaking discoveries and contributes to society. Yareli contributes to society. Delilah is not highly influential. If Maddox has an advanced degree, then she is either highly influential or a leading expert, but not both. If Yareli is a leading expert, then she makes groundbreaking discoveries and contributes to society. Maddox has an advanced degree. Teresa contributes to society. If Yareli has an advanced degree, then she is either highly influential or a leading expert, but not both. Yareli has an advanced degree.

Question:
Based on the above information, is the following statement true, false, or uncertain? Yareli makes groundbreaking discoveries.

Options:
[""A) True"", ""B) False"", ""C) Uncertain""]",A,0,"fact1: Yareli has an advanced degree.
fact2: Yareli is not highly influential.
rule: If Yareli has an advanced degree, then she is either highly influential or a leading expert, but not both.
conclusion: Yareli is a leading expert.
fact1: Yareli is a leading expert.
fact2: Yareli contributes to society.
rule: If Yareli is a leading expert, then she makes groundbreaking discoveries and contributes to society.
conclusion: Yareli makes groundbreaking discoveries.

Therefore, it is true that Yareli makes groundbreaking discoveries. The correct option is: A."
"Given the facts below, answer the question.

Facts:
Cielo is dedicated to research. Cielo becomes an authority in her field. If Cielo is dedicated to research, then she can either make groundbreaking discoveries or become an authority in her field, but not both.

Question:
Based on the above information, is the following statement true, false, or uncertain? Cielo makes groundbreaking discoveries.

Options:
[""A) True"", ""B) False"", ""C) Uncertain""]","Given the facts below, answer the question.

Facts:
Cielo becomes an authority in her field. Evie becomes an authority in her field. If Evie is dedicated to research, then she can either make groundbreaking discoveries or become an authority in her field, but not both. Evie is dedicated to research. Cielo is dedicated to research. If Cielo is dedicated to research, then she can either make groundbreaking discoveries or become an authority in her field, but not both.

Question:
Based on the above information, is the following statement true, false, or uncertain? Cielo makes groundbreaking discoveries.

Options:
[""A) True"", ""B) False"", ""C) Uncertain""]",B,1,"fact1: Cielo is dedicated to research.
fact2: Cielo becomes an authority in her field.
rule: If Cielo is dedicated to research, then she can either make groundbreaking discoveries or become an authority in her field, but not both.
conclusion: Cielo makes groundbreaking discoveries.

Therefore, it is false that Cielo makes groundbreaking discoveries. The correct option is: B."
"Given the facts below, answer the question.

Facts:
Adelina is spontaneous. Adelina is cautioned. If Adelina is spontaneous, then she is either impulsive or cautioned, but not both.

Question:
Based on the above information, is the following statement true, false, or uncertain? If Adelina lacks foresight, then she faces unexpected consequences.

Options:
[""A) True"", ""B) False"", ""C) Uncertain""]","Given the facts below, answer the question.

Facts:
Adelina is spontaneous. If Finnley is spontaneous, then she is either impulsive or cautioned, but not both. If Adelina is spontaneous, then she is either impulsive or cautioned, but not both. Sadie is spontaneous. Adelina is cautioned.

Question:
Based on the above information, is the following statement true, false, or uncertain? If Adelina lacks foresight, then she faces unexpected consequences.

Options:
[""A) True"", ""B) False"", ""C) Uncertain""]",C,2,"fact1: Adelina is spontaneous.
fact2: Adelina is cautioned.
rule: If Adelina is spontaneous, then she is either impulsive or cautioned, but not both.
conclusion: Adelina does not act impulsively.

According to the context and the conclusions that have already been drawn, we can deduce that it is uncertain that If Adelina lacks foresight, then she faces unexpected consequences. The correct option is: C."
"Given the facts below, answer the question.

Facts:
Gracie receives an unexpected windfall. Gracie does not secure a better job. Anyone who receives an unexpected windfall is either financially stable or secures a better job (or both). Gracie is either financially stable or financially struggling, but not both.

Question:
Based on the above information, is the following statement true, false, or uncertain? Gracie is not financially struggling.

Options:
[""A) True"", ""B) False"", ""C) Uncertain""]","Given the facts below, answer the question.

Facts:
Gracie receives an unexpected windfall. Analia is either financially stable or financially struggling, but not both. Duckling does not secure a better job. Gracie does not secure a better job. Anyone who receives an unexpected windfall is either financially stable or secures a better job (or both). Hendrix receives an unexpected windfall. Gracie is either financially stable or financially struggling, but not both.

Question:
Based on the above information, is the following statement true, false, or uncertain? Gracie is not financially struggling.

Options:
[""A) True"", ""B) False"", ""C) Uncertain""]",A,0,"fact1: Gracie receives an unexpected windfall.
fact2: Gracie does not secure a better job.
rule: Anyone who receives an unexpected windfall is either financially stable or secures a better job (or both).
conclusion: Gracie is financially stable.
fact1: Gracie is financially stable.
rule: Gracie is either financially stable or financially struggling, but not both.
conclusion: Gracie is not financially struggling.

Therefore, it is true that Gracie is not financially struggling. The correct option is: A."
"Given the facts below, answer the question.

Facts:
Wynter does not support equality. Wynter promotes women's rights. If Wynter either supports equality or promotes women's rights (but not both), then she is a feminist. Either Wynter is a feminist or she is an anti-feminist, but not both.

Question:
Based on the above information, is the following statement true, false, or uncertain? Wynter is not an anti-feminist.

Options:
[""A) True"", ""B) False"", ""C) Uncertain""]","Given the facts below, answer the question.

Facts:
Wynter does not support equality. Wynter promotes women's rights. Dane promotes women's rights. If Wynter either supports equality or promotes women's rights (but not both), then she is a feminist. Either Wynter is a feminist or she is an anti-feminist, but not both.

Question:
Based on the above information, is the following statement true, false, or uncertain? Wynter is not an anti-feminist.

Options:
[""A) True"", ""B) False"", ""C) Uncertain""]",A,0,"fact1: Wynter does not support equality.
fact2: Wynter promotes women's rights.
rule: If Wynter either supports equality or promotes women's rights (but not both), then she is a feminist.
conclusion: Wynter is a feminist.
fact1: Wynter is a feminist.
rule: Either Wynter is a feminist or she is an anti-feminist, but not both.
conclusion: Wynter is not an anti-feminist.

Therefore, it is true that Wynter is not an anti-feminist. The correct option is: A."
"Given the facts below, answer the question.

Facts:
Khari seeks help. Khari needs guidance. All individuals who seek help either have complex desires or need guidance. Everyone has complex desires or deserves respect (or both).

Question:
Based on the above information, is the following statement true, false, or uncertain? Dr. Khari's patients deserve respect.

Options:
[""A) True"", ""B) False"", ""C) Uncertain""]","Given the facts below, answer the question.

Facts:
All individuals who seek help either have complex desires or need guidance. Oakleigh seeks help. Khari seeks help. Oakleigh needs guidance. Everyone has complex desires or deserves respect (or both). Khari needs guidance. If Dr. Khari's patients struggle with their identity, then they either require compassion or have complex desires (but not both).

Question:
Based on the above information, is the following statement true, false, or uncertain? Dr. Khari's patients deserve respect.

Options:
[""A) True"", ""B) False"", ""C) Uncertain""]",A,0,"fact1: Khari seeks help.
fact2: Khari needs guidance.
rule: All individuals who seek help either have complex desires or need guidance.
conclusion: Dr. Khari's patients do not have complex desires.
fact1: Dr. Khari's patients do not have complex desires.
rule: Everyone has complex desires or deserves respect (or both).
conclusion: Dr. Khari's patients deserve respect.

Therefore, it is true that Dr. Khari's patients deserve respect. The correct option is: A."
"Given the facts below, answer the question.

Facts:
Haley navigates challenging waters. Haley does not command her crew's confidence. If Haley navigates challenging waters, then she is either a daring explorer or commands her crew's confidence (or both). Haley is an experienced sailor. If Haley is an experienced sailor, then she is either a respected leader or a daring explorer, but not both.

Question:
Based on the above information, is the following statement true, false, or uncertain? Haley is a respected leader.

Options:
[""A) True"", ""B) False"", ""C) Uncertain""]","Given the facts below, answer the question.

Facts:
If Haley is an experienced sailor, then she is either a respected leader or a daring explorer, but not both. If Haley navigates challenging waters, then she is either a daring explorer or commands her crew's confidence (or both). Lorenzo is an experienced sailor. Haley is an experienced sailor. If Lorenzo is an experienced sailor, then she is either a respected leader or a daring explorer, but not both. Haley navigates challenging waters. Haley does not command her crew's confidence. Lorenzo does not command her crew's confidence.

Question:
Based on the above information, is the following statement true, false, or uncertain? Haley is a respected leader.

Options:
[""A) True"", ""B) False"", ""C) Uncertain""]",B,1,"fact1: Haley navigates challenging waters.
fact2: Haley does not command her crew's confidence.
rule: If Haley navigates challenging waters, then she is either a daring explorer or commands her crew's confidence (or both).
conclusion: Haley is a daring explorer.
fact1: Haley is an experienced sailor.
fact2: Haley is a daring explorer.
rule: If Haley is an experienced sailor, then she is either a respected leader or a daring explorer, but not both.
conclusion: Haley is a respected leader.

Therefore, it is false that Haley is a respected leader. The correct option is: B."
"Given the facts below, answer the question.

Facts:
Smiley is gentle. Either Smiley is gentle or Smiley is aggressive, but not both.

Question:
Based on the above information, is the following statement true, false, or uncertain? Smiley is aggressive.

Options:
[""A) True"", ""B) False"", ""C) Uncertain""]","Given the facts below, answer the question.

Facts:
Either Smiley is gentle or Smiley is aggressive, but not both. Everlee is gentle. Smiley is gentle.

Question:
Based on the above information, is the following statement true, false, or uncertain? Smiley is aggressive.

Options:
[""A) True"", ""B) False"", ""C) Uncertain""]",B,1,"fact1: Smiley is gentle.
rule: Either Smiley is gentle or Smiley is aggressive, but not both.
conclusion: Smiley is aggressive.

Therefore, it is false that Smiley is aggressive. The correct option is: B."
"Given the facts below, answer the question.

Facts:
Ronan understands ecology. A person either has a green thumb or understands ecology, but it's not necessarily both. Ronan either has a green thumb or appreciates nature (or both).

Question:
Based on the above information, is the following statement true, false, or uncertain? Ronan appreciates nature.

Options:
[""A) True"", ""B) False"", ""C) Uncertain""]","Given the facts below, answer the question.

Facts:
A person either has a green thumb or understands ecology, but it's not necessarily both. Ronan understands ecology. Alanna understands ecology. Ronan either has a green thumb or appreciates nature (or both).

Question:
Based on the above information, is the following statement true, false, or uncertain? Ronan appreciates nature.

Options:
[""A) True"", ""B) False"", ""C) Uncertain""]",A,0,"fact1: Ronan understands ecology.
rule: A person either has a green thumb or understands ecology, but it's not necessarily both.
conclusion: Ronan does not have a green thumb.
fact1: Ronan does not have a green thumb.
rule: Ronan either has a green thumb or appreciates nature (or both).
conclusion: Ronan appreciates nature.

Therefore, it is true that Ronan appreciates nature. The correct option is: A."
"Given the facts below, answer the question.

Facts:
Duncan is an architect. Duncan is not practical-minded. If Duncan is an architect, then he is either visionary or practical-minded, but not both. Duncan is either a visionary or a conventional thinker, but not both.

Question:
Based on the above information, is the following statement true, false, or uncertain? Duncan is not a conventional thinker.

Options:
[""A) True"", ""B) False"", ""C) Uncertain""]","Given the facts below, answer the question.

Facts:
Corbin is either a visionary or a conventional thinker, but not both. Corbin is an architect. Duncan is an architect. Duncan is either a visionary or a conventional thinker, but not both. If Alejandro is an architect, then he is either visionary or practical-minded, but not both. If Duncan is an architect, then he is either visionary or practical-minded, but not both. Alejandro is not practical-minded. Duncan is not practical-minded. Everyone who is an innovative designer is either a visionary or a forward thinker (or both).

Question:
Based on the above information, is the following statement true, false, or uncertain? Duncan is not a conventional thinker.

Options:
[""A) True"", ""B) False"", ""C) Uncertain""]",A,0,"fact1: Duncan is an architect.
fact2: Duncan is not practical-minded.
rule: If Duncan is an architect, then he is either visionary or practical-minded, but not both.
conclusion: Duncan is a visionary.
fact1: Duncan is a visionary.
rule: Duncan is either a visionary or a conventional thinker, but not both.
conclusion: Duncan is not a conventional thinker.

Therefore, it is true that Duncan is not a conventional thinker. The correct option is: A."
"Given the facts below, answer the question.

Facts:
Saylor has a strategic mind. Saylor either has a strategic mind or shows bravery, but not both. Saylor either shows bravery or demonstrates loyalty (or both).

Question:
Based on the above information, is the following statement true, false, or uncertain? Saylor demonstrates loyalty.

Options:
[""A) True"", ""B) False"", ""C) Uncertain""]","Given the facts below, answer the question.

Facts:
Saylor either has a strategic mind or shows bravery, but not both. Saylor has a strategic mind. Saylor either shows bravery or demonstrates loyalty (or both). Maci has a strategic mind. Kaizen either has a strategic mind or shows bravery, but not both.

Question:
Based on the above information, is the following statement true, false, or uncertain? Saylor demonstrates loyalty.

Options:
[""A) True"", ""B) False"", ""C) Uncertain""]",A,0,"fact1: Saylor has a strategic mind.
rule: Saylor either has a strategic mind or shows bravery, but not both.
conclusion: Saylor does not show bravery.
fact1: Saylor does not show bravery.
rule: Saylor either shows bravery or demonstrates loyalty (or both).
conclusion: Saylor demonstrates loyalty.

Therefore, it is true that Saylor demonstrates loyalty. The correct option is: A."
"Given the facts below, answer the question.

Facts:
Dahlia is spiritual. Either Dahlia is spiritual or she is materialistic, but not both.

Question:
Based on the above information, is the following statement true, false, or uncertain? Dahlia is materialistic.

Options:
[""A) True"", ""B) False"", ""C) Uncertain""]","Given the facts below, answer the question.

Facts:
Either Erick is spiritual or she is materialistic, but not both. Zechariah is spiritual. Either Dahlia is spiritual or she is materialistic, but not both. Dahlia is spiritual.

Question:
Based on the above information, is the following statement true, false, or uncertain? Dahlia is materialistic.

Options:
[""A) True"", ""B) False"", ""C) Uncertain""]",B,1,"fact1: Dahlia is spiritual.
rule: Either Dahlia is spiritual or she is materialistic, but not both.
conclusion: Dahlia is materialistic.

Therefore, it is false that Dahlia is materialistic. The correct option is: B."
"Given the facts below, answer the question.

Facts:
Averi is open to new experiences. Averi discovers her hidden talents. If Averi is open to new experiences, then she can either make lifelong friends or discover hidden talents, but not both.

Question:
Based on the above information, is the following statement true, false, or uncertain? Averi does not make lifelong friends.

Options:
[""A) True"", ""B) False"", ""C) Uncertain""]","Given the facts below, answer the question.

Facts:
If Zechariah is open to new experiences, then she can either make lifelong friends or discover hidden talents, but not both. Averi discovers her hidden talents. Averi is open to new experiences. If Averi is open to new experiences, then she can either make lifelong friends or discover hidden talents, but not both.

Question:
Based on the above information, is the following statement true, false, or uncertain? Averi does not make lifelong friends.

Options:
[""A) True"", ""B) False"", ""C) Uncertain""]",A,0,"fact1: Averi is open to new experiences.
fact2: Averi discovers her hidden talents.
rule: If Averi is open to new experiences, then she can either make lifelong friends or discover hidden talents, but not both.
conclusion: Averi does not make lifelong friends.

Therefore, it is true that Averi does not make lifelong friends. The correct option is: A."
"Given the facts below, answer the question.

Facts:
Isabella is intellectually curious. Isabella pursues engineering. If Isabella is intellectually curious, then she is either skilled in math or pursues engineering, but not both.

Question:
Based on the above information, is the following statement true, false, or uncertain? Isabella has the potential to make groundbreaking discoveries.

Options:
[""A) True"", ""B) False"", ""C) Uncertain""]","Given the facts below, answer the question.

Facts:
If Guillermo excels in math, then she has the potential to make groundbreaking discoveries. If Isabella is intellectually curious, then she is either skilled in math or pursues engineering, but not both. Isabella pursues engineering. Isabella is intellectually curious.

Question:
Based on the above information, is the following statement true, false, or uncertain? Isabella has the potential to make groundbreaking discoveries.

Options:
[""A) True"", ""B) False"", ""C) Uncertain""]",C,2,"fact1: Isabella is intellectually curious.
fact2: Isabella pursues engineering.
rule: If Isabella is intellectually curious, then she is either skilled in math or pursues engineering, but not both.
conclusion: Isabella does not excel in math.

According to the context and the conclusions that have already been drawn, we can deduce that it is uncertain that Isabella has the potential to make groundbreaking discoveries. The correct option is: C."
"Given the facts below, answer the question.

Facts:
Emmett is not outgoing. Emmett is either outgoing or introverted, but not both.

Question:
Based on the above information, is the following statement true, false, or uncertain? Emmett is introverted.

Options:
[""A) True"", ""B) False"", ""C) Uncertain""]","Given the facts below, answer the question.

Facts:
Emmett is either outgoing or introverted, but not both. Frederick is not outgoing. Emmett is not outgoing. Frederick is either outgoing or introverted, but not both.

Question:
Based on the above information, is the following statement true, false, or uncertain? Emmett is introverted.

Options:
[""A) True"", ""B) False"", ""C) Uncertain""]",A,0,"fact1: Emmett is not outgoing.
rule: Emmett is either outgoing or introverted, but not both.
conclusion: Emmett is introverted.

Therefore, it is true that Emmett is introverted. The correct option is: A."
"Given the facts below, answer the question.

Facts:
Baylor is awkward. Baylor gains recognition. If Baylor is awkward, then he can either gain recognition or make meaningful connections, but not both.

Question:
Based on the above information, is the following statement true, false, or uncertain? Baylor does not make meaningful connections.

Options:
[""A) True"", ""B) False"", ""C) Uncertain""]","Given the facts below, answer the question.

Facts:
If Baylor is awkward, then he can either gain recognition or make meaningful connections, but not both. Evelyn is awkward. Baylor is awkward. Baylor gains recognition.

Question:
Based on the above information, is the following statement true, false, or uncertain? Baylor does not make meaningful connections.

Options:
[""A) True"", ""B) False"", ""C) Uncertain""]",A,0,"fact1: Baylor is awkward.
fact2: Baylor gains recognition.
rule: If Baylor is awkward, then he can either gain recognition or make meaningful connections, but not both.
conclusion: Baylor does not make meaningful connections.

Therefore, it is true that Baylor does not make meaningful connections. The correct option is: A."
"Given the facts below, answer the question.

Facts:
Dr. Simone does not study flora. Dr. Simone either studies flora or specializes in cycads. Either Dr. Simone specializes in cycads or she does not specialize in cycads, but not both.

Question:
Based on the above information, is the following statement true, false, or uncertain? Dr. Simone specializes in cycads.

Options:
[""A) True"", ""B) False"", ""C) Uncertain""]","Given the facts below, answer the question.

Facts:
Dr. Trenton does not study flora. Dr. Simone either studies flora or specializes in cycads. Either Dr. Simone specializes in cycads or she does not specialize in cycads, but not both. Dr. Simone does not study flora.

Question:
Based on the above information, is the following statement true, false, or uncertain? Dr. Simone specializes in cycads.

Options:
[""A) True"", ""B) False"", ""C) Uncertain""]",A,0,"fact1: Dr. Simone does not study flora.
rule: Dr. Simone either studies flora or specializes in cycads.
conclusion: Dr. Simone specializes in cycads.
fact1: Dr. Simone specializes in cycads.
rule: Either Dr. Simone specializes in cycads or she does not specialize in cycads, but not both.
conclusion: Dr. Simone specializes in cycads.

Therefore, it is true that Dr. Simone specializes in cycads. The correct option is: A."
"Given the facts below, answer the question.

Facts:
Maddison follows conventional methods. Maddison either follows conventional methods or is an innovative doctor, but not both.

Question:
Based on the above information, is the following statement true, false, or uncertain? Maddison improves lives.

Options:
[""A) True"", ""B) False"", ""C) Uncertain""]","Given the facts below, answer the question.

Facts:
Maddison follows conventional methods. Maddison either follows conventional methods or is an innovative doctor, but not both. Josie follows conventional methods. Cody either follows conventional methods or is an innovative doctor, but not both.

Question:
Based on the above information, is the following statement true, false, or uncertain? Maddison improves lives.

Options:
[""A) True"", ""B) False"", ""C) Uncertain""]",C,2,"fact1: Maddison follows conventional methods.
rule: Maddison either follows conventional methods or is an innovative doctor, but not both.
conclusion: Maddison is not an innovative doctor.

According to the context and the conclusions that have already been drawn, we can deduce that it is uncertain that Maddison improves lives. The correct option is: C."
"Given the facts below, answer the question.

Facts:
Smiley is open-minded. If Smiley is open-minded, then he will attract new opportunities.

Question:
Based on the above information, is the following statement true, false, or uncertain? Smiley is optimistic and either falls for scams or attracts new opportunities (or both).

Options:
[""A) True"", ""B) False"", ""C) Uncertain""]","Given the facts below, answer the question.

Facts:
If Smiley is open-minded, then he will attract new opportunities. Smiley is open-minded. Finn is open-minded. If Julia is open-minded, then he will attract new opportunities. Finn sees the best in others.

Question:
Based on the above information, is the following statement true, false, or uncertain? Smiley is optimistic and either falls for scams or attracts new opportunities (or both).

Options:
[""A) True"", ""B) False"", ""C) Uncertain""]",C,2,"fact1: Smiley is open-minded.
rule: If Smiley is open-minded, then he will attract new opportunities.
conclusion: Smiley attracts new opportunities.

According to the context and the conclusions that have already been drawn, we can deduce that it is uncertain that Smiley is optimistic and either falls for scams or attracts new opportunities (or both). The correct option is: C."
"Given the facts below, answer the question.

Facts:
Aleah does not know horticulture. Aleah either knows horticulture or is a plant expert. Aleah is either a plant expert or a plant novice, but not both.

Question:
Based on the above information, is the following statement true, false, or uncertain? Aleah is a plant novice.

Options:
[""A) True"", ""B) False"", ""C) Uncertain""]","Given the facts below, answer the question.

Facts:
Aleah does not know horticulture. Aleah either knows horticulture or is a plant expert. Adelina does not know horticulture. Adelina is either a plant expert or a plant novice, but not both. Aleah is either a plant expert or a plant novice, but not both.

Question:
Based on the above information, is the following statement true, false, or uncertain? Aleah is a plant novice.

Options:
[""A) True"", ""B) False"", ""C) Uncertain""]",B,1,"fact1: Aleah does not know horticulture.
rule: Aleah either knows horticulture or is a plant expert.
conclusion: Aleah is a plant expert.
fact1: Aleah is a plant expert.
rule: Aleah is either a plant expert or a plant novice, but not both.
conclusion: Aleah is a plant novice.

Therefore, it is false that Aleah is a plant novice. The correct option is: B."
"Given the facts below, answer the question.

Facts:
Azrael guides spirits. Azrael escorts the departed. If Azrael guides spirits and escorts the departed, then he is a collector of souls. Azrael is either a collector of souls or a guardian of the living, but not both.

Question:
Based on the above information, is the following statement true, false, or uncertain? Azrael is a guardian of the living.

Options:
[""A) True"", ""B) False"", ""C) Uncertain""]","Given the facts below, answer the question.

Facts:
If Erik guides spirits and escorts the departed, then he is a collector of souls. Azrael guides spirits. Azrael escorts the departed. Erik escorts the departed. If Azrael guides spirits and escorts the departed, then he is a collector of souls. Erik guides spirits. Erik is either a collector of souls or a guardian of the living, but not both. Azrael is either a collector of souls or a guardian of the living, but not both.

Question:
Based on the above information, is the following statement true, false, or uncertain? Azrael is a guardian of the living.

Options:
[""A) True"", ""B) False"", ""C) Uncertain""]",B,1,"fact1: Azrael guides spirits.
fact2: Azrael escorts the departed.
rule: If Azrael guides spirits and escorts the departed, then he is a collector of souls.
conclusion: Azrael is a collector of souls.
fact1: Azrael is a collector of souls.
rule: Azrael is either a collector of souls or a guardian of the living, but not both.
conclusion: Azrael is a guardian of the living.

Therefore, it is false that Azrael is a guardian of the living. The correct option is: B."
"Given the facts below, answer the question.

Facts:
Casanova roams freely. Casanova either roams freely or lives in shadows, but not both.

Question:
Based on the above information, is the following statement true, false, or uncertain? Casanova does not go unnoticed.

Options:
[""A) True"", ""B) False"", ""C) Uncertain""]","Given the facts below, answer the question.

Facts:
Casanova either roams freely or lives in shadows, but not both. Taytum is not a master of stealth. Casanova roams freely.

Question:
Based on the above information, is the following statement true, false, or uncertain? Casanova does not go unnoticed.

Options:
[""A) True"", ""B) False"", ""C) Uncertain""]",C,2,"fact1: Casanova roams freely.
rule: Casanova either roams freely or lives in shadows, but not both.
conclusion: Casanova does not live in shadows.

According to the context and the conclusions that have already been drawn, we can deduce that it is uncertain that Casanova does not go unnoticed. The correct option is: C."
"Given the facts below, answer the question.

Facts:
Sloan rides horses well. Sloan either rides horses well or is an experienced stagecoach driver, but not both.

Question:
Based on the above information, is the following statement true, false, or uncertain? Sloan is reliable in emergency situations.

Options:
[""A) True"", ""B) False"", ""C) Uncertain""]","Given the facts below, answer the question.

Facts:
Mami either rides horses well or is an experienced stagecoach driver, but not both. Sloan either rides horses well or is an experienced stagecoach driver, but not both. James is not familiar with the frontier. Sloan rides horses well. James rides horses well. If Mami is an experienced stagecoach driver or familiar with the frontier, then he is reliable in emergency situations.

Question:
Based on the above information, is the following statement true, false, or uncertain? Sloan is reliable in emergency situations.

Options:
[""A) True"", ""B) False"", ""C) Uncertain""]",C,2,"fact1: Sloan rides horses well.
rule: Sloan either rides horses well or is an experienced stagecoach driver, but not both.
conclusion: Sloan is not an experienced stagecoach driver.

According to the context and the conclusions that have already been drawn, we can deduce that it is uncertain that Sloan is reliable in emergency situations. The correct option is: C."
"Given the facts below, answer the question.

Facts:
Daniel serves his community. Daniel either serves his community or is a devoted priest, but not both.

Question:
Based on the above information, is the following statement true, false, or uncertain? Daniel teaches doctrine.

Options:
[""A) True"", ""B) False"", ""C) Uncertain""]","Given the facts below, answer the question.

Facts:
Daniel serves his community. Amir either serves his community or is a devoted priest, but not both. Cole serves his community. Santiago spreads faith. Daniel either serves his community or is a devoted priest, but not both.

Question:
Based on the above information, is the following statement true, false, or uncertain? Daniel teaches doctrine.

Options:
[""A) True"", ""B) False"", ""C) Uncertain""]",C,2,"fact1: Daniel serves his community.
rule: Daniel either serves his community or is a devoted priest, but not both.
conclusion: Daniel is not a devoted priest.

According to the context and the conclusions that have already been drawn, we can deduce that it is uncertain that Daniel teaches doctrine. The correct option is: C."
"Given the facts below, answer the question.

Facts:
Gemma is skilled. Gemma earns respect. If Gemma is skilled, then she can either gain recognition or earn respect, but not both.

Question:
Based on the above information, is the following statement true, false, or uncertain? Gemma gains recognition.

Options:
[""A) True"", ""B) False"", ""C) Uncertain""]","Given the facts below, answer the question.

Facts:
Janiyah is skilled. Janiyah earns respect. Gemma is skilled. If Gemma is skilled, then she can either gain recognition or earn respect, but not both. Gemma earns respect. If Brody is skilled, then she can either gain recognition or earn respect, but not both.

Question:
Based on the above information, is the following statement true, false, or uncertain? Gemma gains recognition.

Options:
[""A) True"", ""B) False"", ""C) Uncertain""]",B,1,"fact1: Gemma is skilled.
fact2: Gemma earns respect.
rule: If Gemma is skilled, then she can either gain recognition or earn respect, but not both.
conclusion: Gemma gains recognition.

Therefore, it is false that Gemma gains recognition. The correct option is: B."
"Given the facts below, answer the question.

Facts:
Kingston does not remain humble. Kingston is either famous or remains humble, but not both. Kingston is talented. If Kingston is talented, then he is either famous or influential, but not both.

Question:
Based on the above information, is the following statement true, false, or uncertain? Kingston is influential.

Options:
[""A) True"", ""B) False"", ""C) Uncertain""]","Given the facts below, answer the question.

Facts:
If Cody is talented, then he is either famous or influential, but not both. Mama is either famous or remains humble, but not both. Kingston does not remain humble. If Kingston is talented, then he is either famous or influential, but not both. Kingston is either famous or remains humble, but not both. Cody is talented. Cody does not remain humble. Kingston is talented.

Question:
Based on the above information, is the following statement true, false, or uncertain? Kingston is influential.

Options:
[""A) True"", ""B) False"", ""C) Uncertain""]",B,1,"fact1: Kingston does not remain humble.
rule: Kingston is either famous or remains humble, but not both.
conclusion: Kingston is famous.
fact1: Kingston is talented.
fact2: Kingston is famous.
rule: If Kingston is talented, then he is either famous or influential, but not both.
conclusion: Kingston is influential.

Therefore, it is false that Kingston is influential. The correct option is: B."
"Given the facts below, answer the question.

Facts:
Viviana is a leader. Either Viviana is a leader or a follower, but not both.

Question:
Based on the above information, is the following statement true, false, or uncertain? Viviana is a follower.

Options:
[""A) True"", ""B) False"", ""C) Uncertain""]","Given the facts below, answer the question.

Facts:
Maximilian is a leader. Either Viviana is a leader or a follower, but not both. Either Maximilian is a leader or a follower, but not both. Viviana is a leader.

Question:
Based on the above information, is the following statement true, false, or uncertain? Viviana is a follower.

Options:
[""A) True"", ""B) False"", ""C) Uncertain""]",B,1,"fact1: Viviana is a leader.
rule: Either Viviana is a leader or a follower, but not both.
conclusion: Viviana is a follower.

Therefore, it is false that Viviana is a follower. The correct option is: B."
"Given the facts below, answer the question.

Facts:
Jordan is at peace. Jordan is either at peace or fulfilled, but not both. Jordan is successful. If Jordan is either successful or fulfilled (but not both), then he is content.

Question:
Based on the above information, is the following statement true, false, or uncertain? Jordan is not content.

Options:
[""A) True"", ""B) False"", ""C) Uncertain""]","Given the facts below, answer the question.

Facts:
Jordan is successful. If Jordan is either successful or fulfilled (but not both), then he is content. Sonny is either at peace or fulfilled, but not both. If Goldie is either successful or fulfilled (but not both), then he is content. Jordan is either at peace or fulfilled, but not both. Jordan is at peace. Goldie is successful.

Question:
Based on the above information, is the following statement true, false, or uncertain? Jordan is not content.

Options:
[""A) True"", ""B) False"", ""C) Uncertain""]",B,1,"fact1: Jordan is at peace.
rule: Jordan is either at peace or fulfilled, but not both.
conclusion: Jordan is not fulfilled.
fact1: Jordan is successful.
fact2: Jordan is not fulfilled.
rule: If Jordan is either successful or fulfilled (but not both), then he is content.
conclusion: Jordan is not content.

Therefore, it is false that Jordan is not content. The correct option is: B."
"Given the facts below, answer the question.

Facts:
Xavier appreciates tradition. Xavier either appreciates tradition or rejects tradition, but not both.

Question:
Based on the above information, is the following statement true, false, or uncertain? Xavier does not reject tradition.

Options:
[""A) True"", ""B) False"", ""C) Uncertain""]","Given the facts below, answer the question.

Facts:
Xavier either appreciates tradition or rejects tradition, but not both. Erin appreciates tradition. Xavier appreciates tradition.

Question:
Based on the above information, is the following statement true, false, or uncertain? Xavier does not reject tradition.

Options:
[""A) True"", ""B) False"", ""C) Uncertain""]",A,0,"fact1: Xavier appreciates tradition.
rule: Xavier either appreciates tradition or rejects tradition, but not both.
conclusion: Xavier does not reject tradition.

Therefore, it is true that Xavier does not reject tradition. The correct option is: A."
"Given the facts below, answer the question.

Facts:
Julia does not work with classic patterns. Julia either works with classic patterns or creates innovative designs, but not both. Julia is skilled at needlework. If Julia is skilled at needlework, then she can either preserve traditional techniques or create innovative designs, but not both.

Question:
Based on the above information, is the following statement true, false, or uncertain? Julia does not preserve traditional techniques.

Options:
[""A) True"", ""B) False"", ""C) Uncertain""]","Given the facts below, answer the question.

Facts:
Ignacio either works with classic patterns or creates innovative designs, but not both. Julia either works with classic patterns or creates innovative designs, but not both. Annalise does not work with classic patterns. If Julia is skilled at needlework, then she can either preserve traditional techniques or create innovative designs, but not both. If Ignacio is skilled at needlework, then she can either preserve traditional techniques or create innovative designs, but not both. Julia is skilled at needlework. Julia does not work with classic patterns. Ignacio is skilled at needlework.

Question:
Based on the above information, is the following statement true, false, or uncertain? Julia does not preserve traditional techniques.

Options:
[""A) True"", ""B) False"", ""C) Uncertain""]",A,0,"fact1: Julia does not work with classic patterns.
rule: Julia either works with classic patterns or creates innovative designs, but not both.
conclusion: Julia creates innovative designs.
fact1: Julia is skilled at needlework.
fact2: Julia creates innovative designs.
rule: If Julia is skilled at needlework, then she can either preserve traditional techniques or create innovative designs, but not both.
conclusion: Julia does not preserve traditional techniques.

Therefore, it is true that Julia does not preserve traditional techniques. The correct option is: A."
"Given the facts below, answer the question.

Facts:
Zander is not social. Every guinea pig is social or gentle (or both).

Question:
Based on the above information, is the following statement true, false, or uncertain? Zander is gentle.

Options:
[""A) True"", ""B) False"", ""C) Uncertain""]","Given the facts below, answer the question.

Facts:
Every guinea pig is social or gentle (or both). Grady is not social. Zander is not social.

Question:
Based on the above information, is the following statement true, false, or uncertain? Zander is gentle.

Options:
[""A) True"", ""B) False"", ""C) Uncertain""]",A,0,"fact1: Zander is not social.
rule: Every guinea pig is social or gentle (or both).
conclusion: Zander is gentle.

Therefore, it is true that Zander is gentle. The correct option is: A."
"Given the facts below, answer the question.

Facts:
Krew appreciates nature. Krew either appreciates nature or is indifferent to nature, but not both.

Question:
Based on the above information, is the following statement true, false, or uncertain? Krew is indifferent to nature.

Options:
[""A) True"", ""B) False"", ""C) Uncertain""]","Given the facts below, answer the question.

Facts:
Macy appreciates nature. Krew appreciates nature. Krew either appreciates nature or is indifferent to nature, but not both. Macy either appreciates nature or is indifferent to nature, but not both.

Question:
Based on the above information, is the following statement true, false, or uncertain? Krew is indifferent to nature.

Options:
[""A) True"", ""B) False"", ""C) Uncertain""]",B,1,"fact1: Krew appreciates nature.
rule: Krew either appreciates nature or is indifferent to nature, but not both.
conclusion: Krew is indifferent to nature.

Therefore, it is false that Krew is indifferent to nature. The correct option is: B."
"Given the facts below, answer the question.

Facts:
Dakota is passionate about his heritage. Dakota gains wide recognition. If Dakota is passionate about his heritage, then he can either inspire locals or gain wide recognition, but not both.

Question:
Based on the above information, is the following statement true, false, or uncertain? Dakota inspires locals.

Options:
[""A) True"", ""B) False"", ""C) Uncertain""]","Given the facts below, answer the question.

Facts:
Spark gains wide recognition. If Dakota is passionate about his heritage, then he can either inspire locals or gain wide recognition, but not both. Dakota gains wide recognition. Dakota is passionate about his heritage.

Question:
Based on the above information, is the following statement true, false, or uncertain? Dakota inspires locals.

Options:
[""A) True"", ""B) False"", ""C) Uncertain""]",B,1,"fact1: Dakota is passionate about his heritage.
fact2: Dakota gains wide recognition.
rule: If Dakota is passionate about his heritage, then he can either inspire locals or gain wide recognition, but not both.
conclusion: Dakota inspires locals.

Therefore, it is false that Dakota inspires locals. The correct option is: B."
"Given the facts below, answer the question.

Facts:
Zariyah is a great baker. Zariyah does not use traditional recipes. For all humans, if someone is a great baker, then they either use traditional recipes or have a passion for baking (or both).

Question:
Based on the above information, is the following statement true, false, or uncertain? Zariyah does not have a passion for baking.

Options:
[""A) True"", ""B) False"", ""C) Uncertain""]","Given the facts below, answer the question.

Facts:
Zariyah is a great baker. Zariyah does not use traditional recipes. For all humans, if someone is a great baker, then they either use traditional recipes or have a passion for baking (or both). Jeremy is a great baker.

Question:
Based on the above information, is the following statement true, false, or uncertain? Zariyah does not have a passion for baking.

Options:
[""A) True"", ""B) False"", ""C) Uncertain""]",B,1,"fact1: Zariyah is a great baker.
fact2: Zariyah does not use traditional recipes.
rule: For all humans, if someone is a great baker, then they either use traditional recipes or have a passion for baking (or both).
conclusion: Zariyah does not have a passion for baking.

Therefore, it is false that Zariyah does not have a passion for baking. The correct option is: B."
"Given the facts below, answer the question.

Facts:
Cielo cares about the earth. Everyone who cares about the earth promotes environmental responsibility. Cielo studies minerals. If Cielo studies minerals, then she either advances sustainable energy or promotes environmental responsibility, but not both.

Question:
Based on the above information, is the following statement true, false, or uncertain? Cielo advances sustainable energy.

Options:
[""A) True"", ""B) False"", ""C) Uncertain""]","Given the facts below, answer the question.

Facts:
Cielo cares about the earth. If Cielo studies minerals, then she either advances sustainable energy or promotes environmental responsibility, but not both. Sunshine cares about the earth. Everyone who cares about the earth promotes environmental responsibility. Cielo studies minerals.

Question:
Based on the above information, is the following statement true, false, or uncertain? Cielo advances sustainable energy.

Options:
[""A) True"", ""B) False"", ""C) Uncertain""]",B,1,"fact1: Cielo cares about the earth.
rule: Everyone who cares about the earth promotes environmental responsibility.
conclusion: Cielo promotes environmental responsibility.
fact1: Cielo studies minerals.
fact2: Cielo promotes environmental responsibility.
rule: If Cielo studies minerals, then she either advances sustainable energy or promotes environmental responsibility, but not both.
conclusion: Cielo advances sustainable energy.

Therefore, it is false that Cielo advances sustainable energy. The correct option is: B."
"Given the facts below, answer the question.

Facts:
Yaretzi is formally educated. Yaretzi is either formally educated or literate, but not necessarily both, and vice versa. For every human, they are either literate or illiterate, but not both.

Question:
Based on the above information, is the following statement true, false, or uncertain? Yaretzi is not illiterate.

Options:
[""A) True"", ""B) False"", ""C) Uncertain""]","Given the facts below, answer the question.

Facts:
Yaretzi is formally educated. Evie is formally educated. Yaretzi is either formally educated or literate, but not necessarily both, and vice versa. For every human, they are either literate or illiterate, but not both.

Question:
Based on the above information, is the following statement true, false, or uncertain? Yaretzi is not illiterate.

Options:
[""A) True"", ""B) False"", ""C) Uncertain""]",B,1,"fact1: Yaretzi is formally educated.
rule: Yaretzi is either formally educated or literate, but not necessarily both, and vice versa.
conclusion: Yaretzi is not literate.
fact1: Yaretzi is not literate.
rule: For every human, they are either literate or illiterate, but not both.
conclusion: Yaretzi is not illiterate.

Therefore, it is false that Yaretzi is not illiterate. The correct option is: B."
"Given the facts below, answer the question.

Facts:
Sydney is precise in experiments. Sydney is not pioneering in her field. If Sydney is precise in experiments, then she is either innovative or pioneering in her field (or both).

Question:
Based on the above information, is the following statement true, false, or uncertain? Sydney is meticulous.

Options:
[""A) True"", ""B) False"", ""C) Uncertain""]","Given the facts below, answer the question.

Facts:
If Sydney is precise in experiments, then she is either innovative or pioneering in her field (or both). Amiyah is not pioneering in her field. If Walter is precise in experiments, then she is either innovative or pioneering in her field (or both). Ariel is innovative or meticulous (or both). Sydney is precise in experiments. If someone thinks creatively and works hard, then they are innovative. Ariel is precise in experiments. Sydney is not pioneering in her field.

Question:
Based on the above information, is the following statement true, false, or uncertain? Sydney is meticulous.

Options:
[""A) True"", ""B) False"", ""C) Uncertain""]",C,2,"fact1: Sydney is precise in experiments.
fact2: Sydney is not pioneering in her field.
rule: If Sydney is precise in experiments, then she is either innovative or pioneering in her field (or both).
conclusion: Sydney is innovative.

According to the context and the conclusions that have already been drawn, we can deduce that it is uncertain that Sydney is meticulous. The correct option is: C."
"Given the facts below, answer the question.

Facts:
Yael values organic methods. Anyone who values organic methods will use natural remedies. Either Yael uses natural remedies or relies on synthetic medicine, but not both.

Question:
Based on the above information, is the following statement true, false, or uncertain? Yael relies on synthetic medicine.

Options:
[""A) True"", ""B) False"", ""C) Uncertain""]","Given the facts below, answer the question.

Facts:
Yael values organic methods. Anyone who values organic methods will use natural remedies. Either Yael uses natural remedies or relies on synthetic medicine, but not both. Adriana values organic methods. Either Adriana uses natural remedies or relies on synthetic medicine, but not both.

Question:
Based on the above information, is the following statement true, false, or uncertain? Yael relies on synthetic medicine.

Options:
[""A) True"", ""B) False"", ""C) Uncertain""]",B,1,"fact1: Yael values organic methods.
rule: Anyone who values organic methods will use natural remedies.
conclusion: Yael uses natural remedies.
fact1: Yael uses natural remedies.
rule: Either Yael uses natural remedies or relies on synthetic medicine, but not both.
conclusion: Yael relies on synthetic medicine.

Therefore, it is false that Yael relies on synthetic medicine. The correct option is: B."
"Given the facts below, answer the question.

Facts:
Dr. Allen studies toxins. Dr. Allen combats antibiotic resistance. If Dr. Allen studies toxins, then he can either develop life-saving treatments or combat antibiotic resistance, but not both.

Question:
Based on the above information, is the following statement true, false, or uncertain? Dr. Allen develops life-saving treatments.

Options:
[""A) True"", ""B) False"", ""C) Uncertain""]","Given the facts below, answer the question.

Facts:
Dr. Allen combats antibiotic resistance. Dr. Allen studies toxins. If Dr. Allen studies toxins, then he can either develop life-saving treatments or combat antibiotic resistance, but not both. Dr. Jamari studies toxins.

Question:
Based on the above information, is the following statement true, false, or uncertain? Dr. Allen develops life-saving treatments.

Options:
[""A) True"", ""B) False"", ""C) Uncertain""]",B,1,"fact1: Dr. Allen studies toxins.
fact2: Dr. Allen combats antibiotic resistance.
rule: If Dr. Allen studies toxins, then he can either develop life-saving treatments or combat antibiotic resistance, but not both.
conclusion: Dr. Allen develops life-saving treatments.

Therefore, it is false that Dr. Allen develops life-saving treatments. The correct option is: B."
"Given the facts below, answer the question.

Facts:
Anaya values stability. Anaya either values stability or loves freedom, but not necessarily both. Anaya either loves freedom or enjoys adventure (or both).

Question:
Based on the above information, is the following statement true, false, or uncertain? Anaya does not enjoy adventure.

Options:
[""A) True"", ""B) False"", ""C) Uncertain""]","Given the facts below, answer the question.

Facts:
Anaya either loves freedom or enjoys adventure (or both). Anaya either values stability or loves freedom, but not necessarily both. Derek either values stability or loves freedom, but not necessarily both. Anaya values stability.

Question:
Based on the above information, is the following statement true, false, or uncertain? Anaya does not enjoy adventure.

Options:
[""A) True"", ""B) False"", ""C) Uncertain""]",B,1,"fact1: Anaya values stability.
rule: Anaya either values stability or loves freedom, but not necessarily both.
conclusion: Anaya does not love freedom.
fact1: Anaya does not love freedom.
rule: Anaya either loves freedom or enjoys adventure (or both).
conclusion: Anaya does not enjoy adventure.

Therefore, it is false that Anaya does not enjoy adventure. The correct option is: B."
"Given the facts below, answer the question.

Facts:
Raymond makes investments. Raymond does not seek high returns. Everyone who makes investments either takes risks or seeks high returns (or both). Raymond either takes risks or avoids risks, but not both.

Question:
Based on the above information, is the following statement true, false, or uncertain? Raymond does not avoid risks.

Options:
[""A) True"", ""B) False"", ""C) Uncertain""]","Given the facts below, answer the question.

Facts:
Raymond makes investments. Superstar makes investments. Raymond either takes risks or avoids risks, but not both. Raymond does not seek high returns. Everyone who makes investments either takes risks or seeks high returns (or both). Superstar does not seek high returns.

Question:
Based on the above information, is the following statement true, false, or uncertain? Raymond does not avoid risks.

Options:
[""A) True"", ""B) False"", ""C) Uncertain""]",A,0,"fact1: Raymond makes investments.
fact2: Raymond does not seek high returns.
rule: Everyone who makes investments either takes risks or seeks high returns (or both).
conclusion: Raymond takes risks.
fact1: Raymond takes risks.
rule: Raymond either takes risks or avoids risks, but not both.
conclusion: Raymond does not avoid risks.

Therefore, it is true that Raymond does not avoid risks. The correct option is: A."
"Given the facts below, answer the question.

Facts:
Royce has hormonal changes. Royce does not undergo lifestyle adjustments. If Royce either has hormonal changes or undergoes lifestyle adjustments (but not both), then she experiences menopause.

Question:
Based on the above information, is the following statement true, false, or uncertain? If Royce experiences menopause, then she can either seek medical help or practice alternative therapies, but not both.

Options:
[""A) True"", ""B) False"", ""C) Uncertain""]","Given the facts below, answer the question.

Facts:
Royce has hormonal changes. If Gigi either has hormonal changes or undergoes lifestyle adjustments (but not both), then she experiences menopause. Mariah does not undergo lifestyle adjustments. Mariah has hormonal changes. Gigi seeks medical help. If Royce either has hormonal changes or undergoes lifestyle adjustments (but not both), then she experiences menopause. Royce does not undergo lifestyle adjustments.

Question:
Based on the above information, is the following statement true, false, or uncertain? If Royce experiences menopause, then she can either seek medical help or practice alternative therapies, but not both.

Options:
[""A) True"", ""B) False"", ""C) Uncertain""]",C,2,"fact1: Royce has hormonal changes.
fact2: Royce does not undergo lifestyle adjustments.
rule: If Royce either has hormonal changes or undergoes lifestyle adjustments (but not both), then she experiences menopause.
conclusion: Royce experiences menopause.

According to the context and the conclusions that have already been drawn, we can deduce that it is uncertain that If Royce experiences menopause, then she can either seek medical help or practice alternative therapies, but not both. The correct option is: C."
"Given the facts below, answer the question.

Facts:
Bethany is not concerned about the environment. Either Bethany is concerned about the environment or she is indifferent to the environment, but not both.

Question:
Based on the above information, is the following statement true, false, or uncertain? Bethany is not indifferent to the environment.

Options:
[""A) True"", ""B) False"", ""C) Uncertain""]","Given the facts below, answer the question.

Facts:
Either Jream is concerned about the environment or she is indifferent to the environment, but not both. Bethany is not concerned about the environment. Either Bethany is concerned about the environment or she is indifferent to the environment, but not both.

Question:
Based on the above information, is the following statement true, false, or uncertain? Bethany is not indifferent to the environment.

Options:
[""A) True"", ""B) False"", ""C) Uncertain""]",B,1,"fact1: Bethany is not concerned about the environment.
rule: Either Bethany is concerned about the environment or she is indifferent to the environment, but not both.
conclusion: Bethany is not indifferent to the environment.

Therefore, it is false that Bethany is not indifferent to the environment. The correct option is: B."
"Given the facts below, answer the question.

Facts:
Terry does not appreciate cozy spaces. Terry either appreciates cozy spaces or prefers minimalist spaces, but not both.

Question:
Based on the above information, is the following statement true, false, or uncertain? Terry does not prefer minimalist spaces.

Options:
[""A) True"", ""B) False"", ""C) Uncertain""]","Given the facts below, answer the question.

Facts:
Kylo does not appreciate cozy spaces. Terry either appreciates cozy spaces or prefers minimalist spaces, but not both. Freyja either appreciates cozy spaces or prefers minimalist spaces, but not both. Terry does not appreciate cozy spaces.

Question:
Based on the above information, is the following statement true, false, or uncertain? Terry does not prefer minimalist spaces.

Options:
[""A) True"", ""B) False"", ""C) Uncertain""]",B,1,"fact1: Terry does not appreciate cozy spaces.
rule: Terry either appreciates cozy spaces or prefers minimalist spaces, but not both.
conclusion: Terry does not prefer minimalist spaces.

Therefore, it is false that Terry does not prefer minimalist spaces. The correct option is: B."
"Given the facts below, answer the question.

Facts:
Mara defends her territory. Mara has sharp fins. For all fish, if they defend their territory and have sharp fins, then they are aggressive. Either Mara is an aggressive fish or she is a docile fish, but not both.

Question:
Based on the above information, is the following statement true, false, or uncertain? Mara is not a docile fish.

Options:
[""A) True"", ""B) False"", ""C) Uncertain""]","Given the facts below, answer the question.

Facts:
For all fish, if they defend their territory and have sharp fins, then they are aggressive. Westley defends her territory. Mara has sharp fins. Victor has sharp fins. Either Eren is an aggressive fish or she is a docile fish, but not both. Mara defends her territory. Either Mara is an aggressive fish or she is a docile fish, but not both.

Question:
Based on the above information, is the following statement true, false, or uncertain? Mara is not a docile fish.

Options:
[""A) True"", ""B) False"", ""C) Uncertain""]",A,0,"fact1: Mara defends her territory.
fact2: Mara has sharp fins.
rule: For all fish, if they defend their territory and have sharp fins, then they are aggressive.
conclusion: Mara is an aggressive fish.
fact1: Mara is an aggressive fish.
rule: Either Mara is an aggressive fish or she is a docile fish, but not both.
conclusion: Mara is not a docile fish.

Therefore, it is true that Mara is not a docile fish. The correct option is: A."
"Given the facts below, answer the question.

Facts:
Archer lives in the present. For Archer, either he lives in the present or he values history, but not both at the same time.

Question:
Based on the above information, is the following statement true, false, or uncertain? Archer does not restore old homes.

Options:
[""A) True"", ""B) False"", ""C) Uncertain""]","Given the facts below, answer the question.

Facts:
For Rosalie, either he lives in the present or he values history, but not both at the same time. Archer lives in the present. If Rosalie values history or appreciates craftsmanship, then he restores old homes. For Archer, either he lives in the present or he values history, but not both at the same time. Rosalie lives in the present. Rosalie does not appreciate craftsmanship.

Question:
Based on the above information, is the following statement true, false, or uncertain? Archer does not restore old homes.

Options:
[""A) True"", ""B) False"", ""C) Uncertain""]",C,2,"fact1: Archer lives in the present.
rule: For Archer, either he lives in the present or he values history, but not both at the same time.
conclusion: Archer does not value history.

According to the context and the conclusions that have already been drawn, we can deduce that it is uncertain that Archer does not restore old homes. The correct option is: C."
"Given the facts below, answer the question.

Facts:
Adalyn engages in regular exercise. Everyone either engages in regular exercise or has electrolyte balance, but it's possible to do both. Adalyn either has electrolyte balance or takes supplements (or both).

Question:
Based on the above information, is the following statement true, false, or uncertain? Adalyn does not take supplements.

Options:
[""A) True"", ""B) False"", ""C) Uncertain""]","Given the facts below, answer the question.

Facts:
Enoch either has electrolyte balance or takes supplements (or both). Daphne engages in regular exercise. Everyone either engages in regular exercise or has electrolyte balance, but it's possible to do both. Adalyn either has electrolyte balance or takes supplements (or both). Adalyn engages in regular exercise.

Question:
Based on the above information, is the following statement true, false, or uncertain? Adalyn does not take supplements.

Options:
[""A) True"", ""B) False"", ""C) Uncertain""]",B,1,"fact1: Adalyn engages in regular exercise.
rule: Everyone either engages in regular exercise or has electrolyte balance, but it's possible to do both.
conclusion: Adalyn does not have electrolyte balance.
fact1: Adalyn does not have electrolyte balance.
rule: Adalyn either has electrolyte balance or takes supplements (or both).
conclusion: Adalyn does not take supplements.

Therefore, it is false that Adalyn does not take supplements. The correct option is: B."
"Given the facts below, answer the question.

Facts:
Amira thinks clearly. Amira remains quiet. If Amira thinks clearly and remains quiet, then she can be a subvocalizer. Either Amira is a subvocalizer or a vocal thinker, but not both.

Question:
Based on the above information, is the following statement true, false, or uncertain? Amira is not a vocal thinker.

Options:
[""A) True"", ""B) False"", ""C) Uncertain""]","Given the facts below, answer the question.

Facts:
Either Amira is a subvocalizer or a vocal thinker, but not both. If Amira thinks clearly and remains quiet, then she can be a subvocalizer. Harlow thinks clearly. Amira remains quiet. Amira thinks clearly.

Question:
Based on the above information, is the following statement true, false, or uncertain? Amira is not a vocal thinker.

Options:
[""A) True"", ""B) False"", ""C) Uncertain""]",A,0,"fact1: Amira thinks clearly.
fact2: Amira remains quiet.
rule: If Amira thinks clearly and remains quiet, then she can be a subvocalizer.
conclusion: Amira is a subvocalizer.
fact1: Amira is a subvocalizer.
rule: Either Amira is a subvocalizer or a vocal thinker, but not both.
conclusion: Amira is not a vocal thinker.

Therefore, it is true that Amira is not a vocal thinker. The correct option is: A."
"Given the facts below, answer the question.

Facts:
Luuuuve is in a meditative state. Either Luuuuve is in a meditative state or he is fully aware of his surroundings, but not both.

Question:
Based on the above information, is the following statement true, false, or uncertain? Luuuuve is not fully aware of his surroundings.

Options:
[""A) True"", ""B) False"", ""C) Uncertain""]","Given the facts below, answer the question.

Facts:
Either Luuuuve is in a meditative state or he is fully aware of his surroundings, but not both. Hallie is in a meditative state. Luuuuve is in a meditative state. Either Calvin is in a meditative state or he is fully aware of his surroundings, but not both.

Question:
Based on the above information, is the following statement true, false, or uncertain? Luuuuve is not fully aware of his surroundings.

Options:
[""A) True"", ""B) False"", ""C) Uncertain""]",A,0,"fact1: Luuuuve is in a meditative state.
rule: Either Luuuuve is in a meditative state or he is fully aware of his surroundings, but not both.
conclusion: Luuuuve is not fully aware of his surroundings.

Therefore, it is true that Luuuuve is not fully aware of his surroundings. The correct option is: A."
"Given the facts below, answer the question.

Facts:
Samir publishes academic papers. Samir either publishes academic papers or leads research teams, but not both.

Question:
Based on the above information, is the following statement true, false, or uncertain? Samir receives international recognition.

Options:
[""A) True"", ""B) False"", ""C) Uncertain""]","Given the facts below, answer the question.

Facts:
Zhuri publishes academic papers. Samir either publishes academic papers or leads research teams, but not both. Butterfly either publishes academic papers or leads research teams, but not both. Samir publishes academic papers.

Question:
Based on the above information, is the following statement true, false, or uncertain? Samir receives international recognition.

Options:
[""A) True"", ""B) False"", ""C) Uncertain""]",C,2,"fact1: Samir publishes academic papers.
rule: Samir either publishes academic papers or leads research teams, but not both.
conclusion: Samir does not lead research teams.

According to the context and the conclusions that have already been drawn, we can deduce that it is uncertain that Samir receives international recognition. The correct option is: C."
"Given the facts below, answer the question.

Facts:
Chana studies marine life. Chana either studies marine life or specializes in rare plants, but not both. Chana either specializes in rare plants or specializes in common plants, but not both.

Question:
Based on the above information, is the following statement true, false, or uncertain? Chana specializes in common plants.

Options:
[""A) True"", ""B) False"", ""C) Uncertain""]","Given the facts below, answer the question.

Facts:
Banks studies marine life. Chana either specializes in rare plants or specializes in common plants, but not both. Chana studies marine life. Tripp either studies marine life or specializes in rare plants, but not both. Chana either studies marine life or specializes in rare plants, but not both.

Question:
Based on the above information, is the following statement true, false, or uncertain? Chana specializes in common plants.

Options:
[""A) True"", ""B) False"", ""C) Uncertain""]",A,0,"fact1: Chana studies marine life.
rule: Chana either studies marine life or specializes in rare plants, but not both.
conclusion: Chana does not specialize in rare plants.
fact1: Chana does not specialize in rare plants.
rule: Chana either specializes in rare plants or specializes in common plants, but not both.
conclusion: Chana specializes in common plants.

Therefore, it is true that Chana specializes in common plants. The correct option is: A."
"Given the facts below, answer the question.

Facts:
Sweetheart is playful. Sweetheart does not love attention. If Sweetheart is either playful or loves attention (but not both), then she has a spirited personality. Every horse is either spirited or gentle, but not necessarily both.

Question:
Based on the above information, is the following statement true, false, or uncertain? Sweetheart is either gentle or competitive (or both).

Options:
[""A) True"", ""B) False"", ""C) Uncertain""]","Given the facts below, answer the question.

Facts:
If Zayn is either playful or loves attention (but not both), then she has a spirited personality. Sweetheart does not love attention. Sweetheart is playful. If Sweetheart is either playful or loves attention (but not both), then she has a spirited personality. If Sweetheart runs freely, then she has a spirited personality. Zayn does not love attention. Jericho is playful. Every horse is either spirited or gentle, but not necessarily both.

Question:
Based on the above information, is the following statement true, false, or uncertain? Sweetheart is either gentle or competitive (or both).

Options:
[""A) True"", ""B) False"", ""C) Uncertain""]",C,2,"fact1: Sweetheart is playful.
fact2: Sweetheart does not love attention.
rule: If Sweetheart is either playful or loves attention (but not both), then she has a spirited personality.
conclusion: Sweetheart has a spirited personality.
fact1: Sweetheart has a spirited personality.
rule: Every horse is either spirited or gentle, but not necessarily both.
conclusion: Sweetheart is not gentle.

According to the context and the conclusions that have already been drawn, we can deduce that it is uncertain that Sweetheart is either gentle or competitive (or both). The correct option is: C."
"Given the facts below, answer the question.

Facts:
Conor earns a pilot's license. For all humans, if they earn a pilot's license, then they can fly an airplane.

Question:
Based on the above information, is the following statement true, false, or uncertain? Conor can fly an airplane.

Options:
[""A) True"", ""B) False"", ""C) Uncertain""]","Given the facts below, answer the question.

Facts:
Iyla earns a pilot's license. For all humans, if they earn a pilot's license, then they can fly an airplane. Conor earns a pilot's license.

Question:
Based on the above information, is the following statement true, false, or uncertain? Conor can fly an airplane.

Options:
[""A) True"", ""B) False"", ""C) Uncertain""]",A,0,"fact1: Conor earns a pilot's license.
rule: For all humans, if they earn a pilot's license, then they can fly an airplane.
conclusion: Conor can fly an airplane.

Therefore, it is true that Conor can fly an airplane. The correct option is: A."
"Given the facts below, answer the question.

Facts:
Flora is agile. Every agile gecko has nonslippery feet. Either Flora has nonslippery feet or she has slippery feet, but not both.

Question:
Based on the above information, is the following statement true, false, or uncertain? Flora has slippery feet.

Options:
[""A) True"", ""B) False"", ""C) Uncertain""]","Given the facts below, answer the question.

Facts:
Cecilia is agile. Either Gianni has nonslippery feet or she has slippery feet, but not both. Flora is agile. Every agile gecko has nonslippery feet. Either Flora has nonslippery feet or she has slippery feet, but not both.

Question:
Based on the above information, is the following statement true, false, or uncertain? Flora has slippery feet.

Options:
[""A) True"", ""B) False"", ""C) Uncertain""]",B,1,"fact1: Flora is agile.
rule: Every agile gecko has nonslippery feet.
conclusion: Flora has nonslippery feet.
fact1: Flora has nonslippery feet.
rule: Either Flora has nonslippery feet or she has slippery feet, but not both.
conclusion: Flora has slippery feet.

Therefore, it is false that Flora has slippery feet. The correct option is: B."
"Given the facts below, answer the question.

Facts:
Arlet is not irritable. Arlet is empathetic. If Arlet is either irritable or empathetic (but not both), then he is a talented writer.

Question:
Based on the above information, is the following statement true, false, or uncertain? Arlet is a talented writer.

Options:
[""A) True"", ""B) False"", ""C) Uncertain""]","Given the facts below, answer the question.

Facts:
Liliana is empathetic. Arlet is empathetic. Arlet is not irritable. If Arlet is either irritable or empathetic (but not both), then he is a talented writer.

Question:
Based on the above information, is the following statement true, false, or uncertain? Arlet is a talented writer.

Options:
[""A) True"", ""B) False"", ""C) Uncertain""]",A,0,"fact1: Arlet is not irritable.
fact2: Arlet is empathetic.
rule: If Arlet is either irritable or empathetic (but not both), then he is a talented writer.
conclusion: Arlet is a talented writer.

Therefore, it is true that Arlet is a talented writer. The correct option is: A."
"Given the facts below, answer the question.

Facts:
Zayne does not use force. Zayne acts impulsively. If Zayne either uses force or acts impulsively (but not both), then he is aggressive. Zayne is either aggressive or restrained, but not both.

Question:
Based on the above information, is the following statement true, false, or uncertain? Zayne is restrained.

Options:
[""A) True"", ""B) False"", ""C) Uncertain""]","Given the facts below, answer the question.

Facts:
Regina is either aggressive or restrained, but not both. Zayne is either aggressive or restrained, but not both. Zayne acts impulsively. Zayne does not use force. If Anna either uses force or acts impulsively (but not both), then he is aggressive. If Zayne either uses force or acts impulsively (but not both), then he is aggressive.

Question:
Based on the above information, is the following statement true, false, or uncertain? Zayne is restrained.

Options:
[""A) True"", ""B) False"", ""C) Uncertain""]",B,1,"fact1: Zayne does not use force.
fact2: Zayne acts impulsively.
rule: If Zayne either uses force or acts impulsively (but not both), then he is aggressive.
conclusion: Zayne is aggressive.
fact1: Zayne is aggressive.
rule: Zayne is either aggressive or restrained, but not both.
conclusion: Zayne is restrained.

Therefore, it is false that Zayne is restrained. The correct option is: B."
"Given the facts below, answer the question.

Facts:
Mustafa masters navigation. Mustafa does not adapt to changing conditions. Everyone who masters navigation either leads expeditious trips or adapts to changing conditions (or both).

Question:
Based on the above information, is the following statement true, false, or uncertain? If Mustafa is an experienced sailor, then he can either lead expeditious trips or earn the respect of his crew, but not both.

Options:
[""A) True"", ""B) False"", ""C) Uncertain""]","Given the facts below, answer the question.

Facts:
Everyone who masters navigation either leads expeditious trips or adapts to changing conditions (or both). Mustafa does not adapt to changing conditions. April does not have strong leadership. Mustafa masters navigation.

Question:
Based on the above information, is the following statement true, false, or uncertain? If Mustafa is an experienced sailor, then he can either lead expeditious trips or earn the respect of his crew, but not both.

Options:
[""A) True"", ""B) False"", ""C) Uncertain""]",C,2,"fact1: Mustafa masters navigation.
fact2: Mustafa does not adapt to changing conditions.
rule: Everyone who masters navigation either leads expeditious trips or adapts to changing conditions (or both).
conclusion: Mustafa leads expeditious trips.

According to the context and the conclusions that have already been drawn, we can deduce that it is uncertain that If Mustafa is an experienced sailor, then he can either lead expeditious trips or earn the respect of his crew, but not both. The correct option is: C."
"Given the facts below, answer the question.

Facts:
Kiya studies muscle cells. All biologists who study muscle cells specialize in cellular biology. Kiya is either a specialist in cellular biology or a specialist in molecular biology, but not both.

Question:
Based on the above information, is the following statement true, false, or uncertain? Kiya is not a specialist in molecular biology.

Options:
[""A) True"", ""B) False"", ""C) Uncertain""]","Given the facts below, answer the question.

Facts:
Kiya studies muscle cells. All biologists who study muscle cells specialize in cellular biology. Grayson is either a specialist in cellular biology or a specialist in molecular biology, but not both. Kiya is either a specialist in cellular biology or a specialist in molecular biology, but not both.

Question:
Based on the above information, is the following statement true, false, or uncertain? Kiya is not a specialist in molecular biology.

Options:
[""A) True"", ""B) False"", ""C) Uncertain""]",A,0,"fact1: Kiya studies muscle cells.
rule: All biologists who study muscle cells specialize in cellular biology.
conclusion: Kiya is a specialist in cellular biology.
fact1: Kiya is a specialist in cellular biology.
rule: Kiya is either a specialist in cellular biology or a specialist in molecular biology, but not both.
conclusion: Kiya is not a specialist in molecular biology.

Therefore, it is true that Kiya is not a specialist in molecular biology. The correct option is: A."
"Given the facts below, answer the question.

Facts:
Kylo is a robotics engineer. Kylo is not a forward thinker. If Kylo is a robotics engineer, then he is either a forward thinker or a conventional thinker, but not both. Kylo is either a conventional thinker or an innovative thinker, but not both.

Question:
Based on the above information, is the following statement true, false, or uncertain? Kylo is not an innovative thinker.

Options:
[""A) True"", ""B) False"", ""C) Uncertain""]","Given the facts below, answer the question.

Facts:
Kylo is a robotics engineer. Kylo is not a forward thinker. Kylo is either a conventional thinker or an innovative thinker, but not both. Wes is not a forward thinker. If Kylo is a robotics engineer, then he is either a forward thinker or a conventional thinker, but not both.

Question:
Based on the above information, is the following statement true, false, or uncertain? Kylo is not an innovative thinker.

Options:
[""A) True"", ""B) False"", ""C) Uncertain""]",A,0,"fact1: Kylo is a robotics engineer.
fact2: Kylo is not a forward thinker.
rule: If Kylo is a robotics engineer, then he is either a forward thinker or a conventional thinker, but not both.
conclusion: Kylo is a conventional thinker.
fact1: Kylo is a conventional thinker.
rule: Kylo is either a conventional thinker or an innovative thinker, but not both.
conclusion: Kylo is not an innovative thinker.

Therefore, it is true that Kylo is not an innovative thinker. The correct option is: A."
"Given the facts below, answer the question.

Facts:
Messiah pursues holistic health. Either Messiah pursues holistic health or he ignores holistic health, but not both.

Question:
Based on the above information, is the following statement true, false, or uncertain? Messiah ignores holistic health.

Options:
[""A) True"", ""B) False"", ""C) Uncertain""]","Given the facts below, answer the question.

Facts:
Either Messiah pursues holistic health or he ignores holistic health, but not both. Either Lia pursues holistic health or he ignores holistic health, but not both. Messiah pursues holistic health.

Question:
Based on the above information, is the following statement true, false, or uncertain? Messiah ignores holistic health.

Options:
[""A) True"", ""B) False"", ""C) Uncertain""]",B,1,"fact1: Messiah pursues holistic health.
rule: Either Messiah pursues holistic health or he ignores holistic health, but not both.
conclusion: Messiah ignores holistic health.

Therefore, it is false that Messiah ignores holistic health. The correct option is: B."
"Given the facts below, answer the question.

Facts:
Angelique explores remote territories. Angelique either explores remote territories or investigates ancient life, but not both.

Question:
Based on the above information, is the following statement true, false, or uncertain? Angelique makes groundbreaking discoveries.

Options:
[""A) True"", ""B) False"", ""C) Uncertain""]","Given the facts below, answer the question.

Facts:
Angelique either explores remote territories or investigates ancient life, but not both. If Bubbies studies stomatous structures or investigates ancient life, then she makes groundbreaking discoveries. Angelique explores remote territories. Dearie does not study stomatous structures.

Question:
Based on the above information, is the following statement true, false, or uncertain? Angelique makes groundbreaking discoveries.

Options:
[""A) True"", ""B) False"", ""C) Uncertain""]",C,2,"fact1: Angelique explores remote territories.
rule: Angelique either explores remote territories or investigates ancient life, but not both.
conclusion: Angelique does not investigate ancient life.

According to the context and the conclusions that have already been drawn, we can deduce that it is uncertain that Angelique makes groundbreaking discoveries. The correct option is: C."
"Given the facts below, answer the question.

Facts:
Garrett donates his time. Garrett does not help others. Everyone who donates their time is either kind or helps others (or both). Garrett spreads warmth to adults. If Garrett is kind, then he can either bring joy to children or spread warmth to adults, but not both.

Question:
Based on the above information, is the following statement true, false, or uncertain? Garrett brings joy to children.

Options:
[""A) True"", ""B) False"", ""C) Uncertain""]","Given the facts below, answer the question.

Facts:
Garrett donates his time. Garrett spreads warmth to adults. Mariana does not help others. Garrett does not help others. If Mariana is kind, then he can either bring joy to children or spread warmth to adults, but not both. Mariana spreads warmth to adults. Everyone who donates their time is either kind or helps others (or both). If Garrett is kind, then he can either bring joy to children or spread warmth to adults, but not both.

Question:
Based on the above information, is the following statement true, false, or uncertain? Garrett brings joy to children.

Options:
[""A) True"", ""B) False"", ""C) Uncertain""]",B,1,"fact1: Garrett donates his time.
fact2: Garrett does not help others.
rule: Everyone who donates their time is either kind or helps others (or both).
conclusion: Garrett is kind.
fact1: Garrett is kind.
fact2: Garrett spreads warmth to adults.
rule: If Garrett is kind, then he can either bring joy to children or spread warmth to adults, but not both.
conclusion: Garrett brings joy to children.

Therefore, it is false that Garrett brings joy to children. The correct option is: B."
"Given the facts below, answer the question.

Facts:
Alma uses a virtual assistant. Alma speaks naturally. If someone uses a virtual assistant and speaks naturally, then they can interact with Echo. Alma expresses her emotions. If Alma interacts with Echo and expresses her emotions, then she will receive empathy.

Question:
Based on the above information, is the following statement true, false, or uncertain? Alma does not receive empathy.

Options:
[""A) True"", ""B) False"", ""C) Uncertain""]","Given the facts below, answer the question.

Facts:
Marilyn expresses her emotions. If Alma needs support, then she will interact with Echo. Marilyn speaks naturally. Marilyn uses a virtual assistant. If someone uses a virtual assistant and speaks naturally, then they can interact with Echo. Alma expresses her emotions. If Alma interacts with Echo and expresses her emotions, then she will receive empathy. If Layla interacts with Echo and expresses her emotions, then she will receive empathy. Alma speaks naturally. Alma uses a virtual assistant.

Question:
Based on the above information, is the following statement true, false, or uncertain? Alma does not receive empathy.

Options:
[""A) True"", ""B) False"", ""C) Uncertain""]",B,1,"fact1: Alma uses a virtual assistant.
fact2: Alma speaks naturally.
rule: If someone uses a virtual assistant and speaks naturally, then they can interact with Echo.
conclusion: Alma interacts with Echo.
fact1: Alma interacts with Echo.
fact2: Alma expresses her emotions.
rule: If Alma interacts with Echo and expresses her emotions, then she will receive empathy.
conclusion: Alma does not receive empathy.

Therefore, it is false that Alma does not receive empathy. The correct option is: B."
"Given the facts below, answer the question.

Facts:
Aurelia drives for fun. Aurelia collects vintage vehicles. If Aurelia drives for fun, then she either drives professionally or collects vintage vehicles, but not both.

Question:
Based on the above information, is the following statement true, false, or uncertain? Aurelia does not drive professionally.

Options:
[""A) True"", ""B) False"", ""C) Uncertain""]","Given the facts below, answer the question.

Facts:
Aurelia collects vintage vehicles. If Aurelia drives for fun, then she either drives professionally or collects vintage vehicles, but not both. If Augustus drives for fun, then she either drives professionally or collects vintage vehicles, but not both. Aurelia drives for fun.

Question:
Based on the above information, is the following statement true, false, or uncertain? Aurelia does not drive professionally.

Options:
[""A) True"", ""B) False"", ""C) Uncertain""]",A,0,"fact1: Aurelia drives for fun.
fact2: Aurelia collects vintage vehicles.
rule: If Aurelia drives for fun, then she either drives professionally or collects vintage vehicles, but not both.
conclusion: Aurelia does not drive professionally.

Therefore, it is true that Aurelia does not drive professionally. The correct option is: A."
"Given the facts below, answer the question.

Facts:
Papi roams the grasslands. Papi does not bask in the sun. Every tortoise that roams the grasslands either eats grass or basks in the sun (or both). For all tortoises, if they eat grass, then they stay healthy.

Question:
Based on the above information, is the following statement true, false, or uncertain? Papi does not stay healthy.

Options:
[""A) True"", ""B) False"", ""C) Uncertain""]","Given the facts below, answer the question.

Facts:
Papi roams the grasslands. Alliebear roams the grasslands. Every tortoise that roams the grasslands either eats grass or basks in the sun (or both). For all tortoises, if they eat grass, then they stay healthy. Papi does not bask in the sun.

Question:
Based on the above information, is the following statement true, false, or uncertain? Papi does not stay healthy.

Options:
[""A) True"", ""B) False"", ""C) Uncertain""]",B,1,"fact1: Papi roams the grasslands.
fact2: Papi does not bask in the sun.
rule: Every tortoise that roams the grasslands either eats grass or basks in the sun (or both).
conclusion: Papi eats grass.
fact1: Papi eats grass.
rule: For all tortoises, if they eat grass, then they stay healthy.
conclusion: Papi does not stay healthy.

Therefore, it is false that Papi does not stay healthy. The correct option is: B."
"Given the facts below, answer the question.

Facts:
Dylan faces challenges. Dylan has experience. If Dylan faces challenges, then he is either resourceful or has experience, but not both. Dylan is brilliant. If Dylan is either resourceful or brilliant (but not both), then he is successful.

Question:
Based on the above information, is the following statement true, false, or uncertain? Dylan is not successful.

Options:
[""A) True"", ""B) False"", ""C) Uncertain""]","Given the facts below, answer the question.

Facts:
Dylan has experience. Dylan is brilliant. If Dylan is either resourceful or brilliant (but not both), then he is successful. If Jonathan is either resourceful or brilliant (but not both), then he is successful. Dylan faces challenges. If Dylan faces challenges, then he is either resourceful or has experience, but not both.

Question:
Based on the above information, is the following statement true, false, or uncertain? Dylan is not successful.

Options:
[""A) True"", ""B) False"", ""C) Uncertain""]",B,1,"fact1: Dylan faces challenges.
fact2: Dylan has experience.
rule: If Dylan faces challenges, then he is either resourceful or has experience, but not both.
conclusion: Dylan is not resourceful.
fact1: Dylan is not resourceful.
fact2: Dylan is brilliant.
rule: If Dylan is either resourceful or brilliant (but not both), then he is successful.
conclusion: Dylan is not successful.

Therefore, it is false that Dylan is not successful. The correct option is: B."
"Given the facts below, answer the question.

Facts:
Emberlynn is passionate about music. Emberlynn performs professionally. If Emberlynn is passionate about music, then she can either perform professionally or teach others, but not both.

Question:
Based on the above information, is the following statement true, false, or uncertain? Emberlynn teaches others music.

Options:
[""A) True"", ""B) False"", ""C) Uncertain""]","Given the facts below, answer the question.

Facts:
If Emberlynn is passionate about music, then she can either perform professionally or teach others, but not both. Emberlynn is passionate about music. Emberlynn performs professionally. Legend performs professionally. If David is passionate about music, then she can either perform professionally or teach others, but not both.

Question:
Based on the above information, is the following statement true, false, or uncertain? Emberlynn teaches others music.

Options:
[""A) True"", ""B) False"", ""C) Uncertain""]",B,1,"fact1: Emberlynn is passionate about music.
fact2: Emberlynn performs professionally.
rule: If Emberlynn is passionate about music, then she can either perform professionally or teach others, but not both.
conclusion: Emberlynn teaches others music.

Therefore, it is false that Emberlynn teaches others music. The correct option is: B."
"Given the facts below, answer the question.

Facts:
Denver is a social activist. Denver does not raise awareness. If Denver is a social activist, then he either listens to minorities or raises awareness, but not both. For Denver, either he listens to minorities or he empowers others, but not necessarily both.

Question:
Based on the above information, is the following statement true, false, or uncertain? If Denver advocates for rights, then he either empowers others or challenges authority, but not both.

Options:
[""A) True"", ""B) False"", ""C) Uncertain""]","Given the facts below, answer the question.

Facts:
Gianna advocates for rights. Muppet does not raise awareness. Gianna is a social activist. For Denver, either he listens to minorities or he empowers others, but not necessarily both. If Muppet is a social activist, then he either listens to minorities or raises awareness, but not both. Denver is a social activist. If Denver is a social activist, then he either listens to minorities or raises awareness, but not both. For Gracelyn, either he listens to minorities or he empowers others, but not necessarily both. Denver does not raise awareness.

Question:
Based on the above information, is the following statement true, false, or uncertain? If Denver advocates for rights, then he either empowers others or challenges authority, but not both.

Options:
[""A) True"", ""B) False"", ""C) Uncertain""]",C,2,"fact1: Denver is a social activist.
fact2: Denver does not raise awareness.
rule: If Denver is a social activist, then he either listens to minorities or raises awareness, but not both.
conclusion: Denver listens to minorities.
fact1: Denver listens to minorities.
rule: For Denver, either he listens to minorities or he empowers others, but not necessarily both.
conclusion: Denver does not empower others.

According to the context and the conclusions that have already been drawn, we can deduce that it is uncertain that If Denver advocates for rights, then he either empowers others or challenges authority, but not both. The correct option is: C."
"Given the facts below, answer the question.

Facts:
Zechariah is passionate about reptiles. Zechariah publishes research papers. If Zechariah is passionate about reptiles, then he studies rattlesnakes and publishes research papers. Zechariah does not make medical breakthroughs. If Zechariah studies rattlesnakes, then he can either make medical breakthroughs or contribute to conservation, but not both.

Question:
Based on the above information, is the following statement true, false, or uncertain? Zechariah contributes to conservation.

Options:
[""A) True"", ""B) False"", ""C) Uncertain""]","Given the facts below, answer the question.

Facts:
Zechariah is passionate about reptiles. Zechariah publishes research papers. Maria does not make medical breakthroughs. If Zechariah is passionate about reptiles, then he studies rattlesnakes and publishes research papers. If Zechariah studies rattlesnakes, then he can either make medical breakthroughs or contribute to conservation, but not both. Zechariah does not make medical breakthroughs. Peter publishes research papers.

Question:
Based on the above information, is the following statement true, false, or uncertain? Zechariah contributes to conservation.

Options:
[""A) True"", ""B) False"", ""C) Uncertain""]",A,0,"fact1: Zechariah is passionate about reptiles.
fact2: Zechariah publishes research papers.
rule: If Zechariah is passionate about reptiles, then he studies rattlesnakes and publishes research papers.
conclusion: Zechariah studies rattlesnakes.
fact1: Zechariah studies rattlesnakes.
fact2: Zechariah does not make medical breakthroughs.
rule: If Zechariah studies rattlesnakes, then he can either make medical breakthroughs or contribute to conservation, but not both.
conclusion: Zechariah contributes to conservation.

Therefore, it is true that Zechariah contributes to conservation. The correct option is: A."
"Given the facts below, answer the question.

Facts:
Lorenzo masters classical recipes. Lorenzo does not open a successful restaurant. If Lorenzo masters classical recipes, then he can either open a successful restaurant or help preserve traditional cooking methods, but not both. Lorenzo can cook lapin well. If Lorenzo can cook lapin well, then he can either gain culinary fame or help preserve traditional cooking methods, but not both.

Question:
Based on the above information, is the following statement true, false, or uncertain? Lorenzo gains culinary fame.

Options:
[""A) True"", ""B) False"", ""C) Uncertain""]","Given the facts below, answer the question.

Facts:
If Yasmin masters classical recipes, then he can either open a successful restaurant or help preserve traditional cooking methods, but not both. Lorenzo can cook lapin well. Lorenzo masters classical recipes. If Lorenzo can cook lapin well, then he can either gain culinary fame or help preserve traditional cooking methods, but not both. Aliya masters classical recipes. Lorenzo does not open a successful restaurant. If Yasmin can cook lapin well, then he can either gain culinary fame or help preserve traditional cooking methods, but not both. If Lorenzo masters classical recipes, then he can either open a successful restaurant or help preserve traditional cooking methods, but not both. Aliya does not open a successful restaurant. Luke can cook lapin well.

Question:
Based on the above information, is the following statement true, false, or uncertain? Lorenzo gains culinary fame.

Options:
[""A) True"", ""B) False"", ""C) Uncertain""]",B,1,"fact1: Lorenzo masters classical recipes.
fact2: Lorenzo does not open a successful restaurant.
rule: If Lorenzo masters classical recipes, then he can either open a successful restaurant or help preserve traditional cooking methods, but not both.
conclusion: Lorenzo helps preserve traditional cooking methods.
fact1: Lorenzo can cook lapin well.
fact2: Lorenzo helps preserve traditional cooking methods.
rule: If Lorenzo can cook lapin well, then he can either gain culinary fame or help preserve traditional cooking methods, but not both.
conclusion: Lorenzo gains culinary fame.

Therefore, it is false that Lorenzo gains culinary fame. The correct option is: B."
"Given the facts below, answer the question.

Facts:
Slick is domesticated. For every horse, either the horse is domesticated or the horse is feral, but not both.

Question:
Based on the above information, is the following statement true, false, or uncertain? Slick is not feral.

Options:
[""A) True"", ""B) False"", ""C) Uncertain""]","Given the facts below, answer the question.

Facts:
For every horse, either the horse is domesticated or the horse is feral, but not both. Hayden is domesticated. Slick is domesticated.

Question:
Based on the above information, is the following statement true, false, or uncertain? Slick is not feral.

Options:
[""A) True"", ""B) False"", ""C) Uncertain""]",A,0,"fact1: Slick is domesticated.
rule: For every horse, either the horse is domesticated or the horse is feral, but not both.
conclusion: Slick is not feral.

Therefore, it is true that Slick is not feral. The correct option is: A."
"Given the facts below, answer the question.

Facts:
Carolina loves nature. Anyone who loves nature cares about the environment. Either Carolina cares about the environment or she ignores environmental issues, but not both.

Question:
Based on the above information, is the following statement true, false, or uncertain? Carolina does not ignore environmental issues.

Options:
[""A) True"", ""B) False"", ""C) Uncertain""]","Given the facts below, answer the question.

Facts:
Either Jream cares about the environment or she ignores environmental issues, but not both. Either Carolina cares about the environment or she ignores environmental issues, but not both. Anyone who loves nature cares about the environment. Carolina loves nature.

Question:
Based on the above information, is the following statement true, false, or uncertain? Carolina does not ignore environmental issues.

Options:
[""A) True"", ""B) False"", ""C) Uncertain""]",A,0,"fact1: Carolina loves nature.
rule: Anyone who loves nature cares about the environment.
conclusion: Carolina cares about the environment.
fact1: Carolina cares about the environment.
rule: Either Carolina cares about the environment or she ignores environmental issues, but not both.
conclusion: Carolina does not ignore environmental issues.

Therefore, it is true that Carolina does not ignore environmental issues. The correct option is: A."
"Given the facts below, answer the question.

Facts:
Juan is a respected expert. Juan teaches at a university. If Juan is a respected expert, then he either teaches at a university or publishes groundbreaking research, but not both. Juan is a dedicated scientist. If Juan is a dedicated scientist, then he either publishes groundbreaking research or contributes to conservation (or both).

Question:
Based on the above information, is the following statement true, false, or uncertain? Juan does not contribute to conservation.

Options:
[""A) True"", ""B) False"", ""C) Uncertain""]","Given the facts below, answer the question.

Facts:
If Juan is a respected expert, then he either teaches at a university or publishes groundbreaking research, but not both. Juan is a dedicated scientist. Juan is a respected expert. If Juan is a dedicated scientist, then he either publishes groundbreaking research or contributes to conservation (or both). Julius is a respected expert. Juan teaches at a university.

Question:
Based on the above information, is the following statement true, false, or uncertain? Juan does not contribute to conservation.

Options:
[""A) True"", ""B) False"", ""C) Uncertain""]",B,1,"fact1: Juan is a respected expert.
fact2: Juan teaches at a university.
rule: If Juan is a respected expert, then he either teaches at a university or publishes groundbreaking research, but not both.
conclusion: Juan does not publish groundbreaking research.
fact1: Juan is a dedicated scientist.
fact2: Juan does not publish groundbreaking research.
rule: If Juan is a dedicated scientist, then he either publishes groundbreaking research or contributes to conservation (or both).
conclusion: Juan does not contribute to conservation.

Therefore, it is false that Juan does not contribute to conservation. The correct option is: B."
"Given the facts below, answer the question.

Facts:
Leonard is open-minded. If Leonard is open-minded, then he thinks creatively and has an unconventional approach. Leonard is not successful. If Leonard is unconventional, then he is either brilliant or successful, but not both.

Question:
Based on the above information, is the following statement true, false, or uncertain? Leonard is not brilliant.

Options:
[""A) True"", ""B) False"", ""C) Uncertain""]","Given the facts below, answer the question.

Facts:
Leonard is not successful. If Leonard is unconventional, then he is either brilliant or successful, but not both. If Leonard is open-minded, then he thinks creatively and has an unconventional approach. Emma is not successful. Leonard is open-minded. If Gloria is unconventional, then he is either brilliant or successful, but not both. If Aya is open-minded, then he thinks creatively and has an unconventional approach. Emma is open-minded.

Question:
Based on the above information, is the following statement true, false, or uncertain? Leonard is not brilliant.

Options:
[""A) True"", ""B) False"", ""C) Uncertain""]",B,1,"fact1: Leonard is open-minded.
rule: If Leonard is open-minded, then he thinks creatively and has an unconventional approach.
conclusion: Leonard is unconventional.
fact1: Leonard is unconventional.
fact2: Leonard is not successful.
rule: If Leonard is unconventional, then he is either brilliant or successful, but not both.
conclusion: Leonard is not brilliant.

Therefore, it is false that Leonard is not brilliant. The correct option is: B."
"Given the facts below, answer the question.

Facts:
Jade does not inspire admiration. Jade either inspires admiration or commands fear, but not both. Jade keeps her promises. If Jade keeps her promises, then she will either earn respect or command fear, but not both.

Question:
Based on the above information, is the following statement true, false, or uncertain? Jade does not earn respect.

Options:
[""A) True"", ""B) False"", ""C) Uncertain""]","Given the facts below, answer the question.

Facts:
If Raphael keeps her promises, then she will either earn respect or command fear, but not both. Jade either inspires admiration or commands fear, but not both. Jade does not inspire admiration. Jade keeps her promises. If Jade keeps her promises, then she will either earn respect or command fear, but not both.

Question:
Based on the above information, is the following statement true, false, or uncertain? Jade does not earn respect.

Options:
[""A) True"", ""B) False"", ""C) Uncertain""]",A,0,"fact1: Jade does not inspire admiration.
rule: Jade either inspires admiration or commands fear, but not both.
conclusion: Jade commands fear.
fact1: Jade keeps her promises.
fact2: Jade commands fear.
rule: If Jade keeps her promises, then she will either earn respect or command fear, but not both.
conclusion: Jade does not earn respect.

Therefore, it is true that Jade does not earn respect. The correct option is: A."
"Given the facts below, answer the question.

Facts:
Dakota does not set realistic goals. For Dakota, either setting realistic goals or working tirelessly are two different approaches, and they do not necessarily overlap. Dakota undergoes rehabilitation. If Dakota undergoes rehabilitation and works tirelessly, then she will make a full recovery.

Question:
Based on the above information, is the following statement true, false, or uncertain? Dakota does not make a full recovery.

Options:
[""A) True"", ""B) False"", ""C) Uncertain""]","Given the facts below, answer the question.

Facts:
If Zelda undergoes rehabilitation and works tirelessly, then she will make a full recovery. Dakota does not set realistic goals. For Dakota, either setting realistic goals or working tirelessly are two different approaches, and they do not necessarily overlap. Dakota undergoes rehabilitation. If Dakota undergoes rehabilitation and works tirelessly, then she will make a full recovery.

Question:
Based on the above information, is the following statement true, false, or uncertain? Dakota does not make a full recovery.

Options:
[""A) True"", ""B) False"", ""C) Uncertain""]",B,1,"fact1: Dakota does not set realistic goals.
rule: For Dakota, either setting realistic goals or working tirelessly are two different approaches, and they do not necessarily overlap.
conclusion: Dakota works tirelessly.
fact1: Dakota undergoes rehabilitation.
fact2: Dakota works tirelessly.
rule: If Dakota undergoes rehabilitation and works tirelessly, then she will make a full recovery.
conclusion: Dakota does not make a full recovery.

Therefore, it is false that Dakota does not make a full recovery. The correct option is: B."
"Given the facts below, answer the question.

Facts:
Kayson is passionate about history. Kayson becomes a historian. If Kayson is passionate about history, then he can either become a historian or write acclaimed books, but not both.

Question:
Based on the above information, is the following statement true, false, or uncertain? Kayson writes acclaimed books.

Options:
[""A) True"", ""B) False"", ""C) Uncertain""]","Given the facts below, answer the question.

Facts:
Kayson becomes a historian. If Kayson is passionate about history, then he can either become a historian or write acclaimed books, but not both. If Elena is passionate about history, then he can either become a historian or write acclaimed books, but not both. Kayson is passionate about history. Elena is passionate about history.

Question:
Based on the above information, is the following statement true, false, or uncertain? Kayson writes acclaimed books.

Options:
[""A) True"", ""B) False"", ""C) Uncertain""]",B,1,"fact1: Kayson is passionate about history.
fact2: Kayson becomes a historian.
rule: If Kayson is passionate about history, then he can either become a historian or write acclaimed books, but not both.
conclusion: Kayson writes acclaimed books.

Therefore, it is false that Kayson writes acclaimed books. The correct option is: B."
"Given the facts below, answer the question.

Facts:
Jedidiah teaches medical students. Jedidiah either teaches medical students or researches medical innovations, but not both.

Question:
Based on the above information, is the following statement true, false, or uncertain? Jedidiah does not improve patient outcomes.

Options:
[""A) True"", ""B) False"", ""C) Uncertain""]","Given the facts below, answer the question.

Facts:
Jedidiah teaches medical students. Nyra either teaches medical students or researches medical innovations, but not both. Jedidiah either teaches medical students or researches medical innovations, but not both. Gunnar teaches medical students. Nyra does not study the peritoneal cavity.

Question:
Based on the above information, is the following statement true, false, or uncertain? Jedidiah does not improve patient outcomes.

Options:
[""A) True"", ""B) False"", ""C) Uncertain""]",C,2,"fact1: Jedidiah teaches medical students.
rule: Jedidiah either teaches medical students or researches medical innovations, but not both.
conclusion: Jedidiah does not research medical innovations.

According to the context and the conclusions that have already been drawn, we can deduce that it is uncertain that Jedidiah does not improve patient outcomes. The correct option is: C."
"Given the facts below, answer the question.

Facts:
Knockout knows knitting. Knockout has crafty talents. If Knockout knows knitting or has crafty talents, then she creates unique items.

Question:
Based on the above information, is the following statement true, false, or uncertain? Knockout does not create unique items.

Options:
[""A) True"", ""B) False"", ""C) Uncertain""]","Given the facts below, answer the question.

Facts:
Knockout has crafty talents. If Knockout knows knitting or has crafty talents, then she creates unique items. Milan knows knitting. Knockout knows knitting.

Question:
Based on the above information, is the following statement true, false, or uncertain? Knockout does not create unique items.

Options:
[""A) True"", ""B) False"", ""C) Uncertain""]",B,1,"fact1: Knockout knows knitting.
fact2: Knockout has crafty talents.
rule: If Knockout knows knitting or has crafty talents, then she creates unique items.
conclusion: Knockout does not create unique items.

Therefore, it is false that Knockout does not create unique items. The correct option is: B."
"Given the facts below, answer the question.

Facts:
Nola does not contribute to the community. Either Nola contributes to the community or she harms the community, but not both.

Question:
Based on the above information, is the following statement true, false, or uncertain? Nola does not harm the community.

Options:
[""A) True"", ""B) False"", ""C) Uncertain""]","Given the facts below, answer the question.

Facts:
Either Franklin contributes to the community or she harms the community, but not both. Jovie does not contribute to the community. Either Nola contributes to the community or she harms the community, but not both. Nola does not contribute to the community.

Question:
Based on the above information, is the following statement true, false, or uncertain? Nola does not harm the community.

Options:
[""A) True"", ""B) False"", ""C) Uncertain""]",B,1,"fact1: Nola does not contribute to the community.
rule: Either Nola contributes to the community or she harms the community, but not both.
conclusion: Nola does not harm the community.

Therefore, it is false that Nola does not harm the community. The correct option is: B."
"Given the facts below, answer the question.

Facts:
Davis is experienced in dilution. For every chemist, either the chemist is experienced in dilution or the chemist is inexperienced in dilution, but not both.

Question:
Based on the above information, is the following statement true, false, or uncertain? Davis is inexperienced in dilution.

Options:
[""A) True"", ""B) False"", ""C) Uncertain""]","Given the facts below, answer the question.

Facts:
For every chemist, either the chemist is experienced in dilution or the chemist is inexperienced in dilution, but not both. Davis is experienced in dilution. Maliyah is experienced in dilution.

Question:
Based on the above information, is the following statement true, false, or uncertain? Davis is inexperienced in dilution.

Options:
[""A) True"", ""B) False"", ""C) Uncertain""]",B,1,"fact1: Davis is experienced in dilution.
rule: For every chemist, either the chemist is experienced in dilution or the chemist is inexperienced in dilution, but not both.
conclusion: Davis is inexperienced in dilution.

Therefore, it is false that Davis is inexperienced in dilution. The correct option is: B."
"Given the facts below, answer the question.

Facts:
Marcus does not have impaired hearing. Marcus has impaired sight. If Marcus has either impaired hearing or impaired sight (but not both), then he is resilient.

Question:
Based on the above information, is the following statement true, false, or uncertain? Marcus is resilient.

Options:
[""A) True"", ""B) False"", ""C) Uncertain""]","Given the facts below, answer the question.

Facts:
Wonderful has impaired sight. Marcus has impaired sight. Marcus does not have impaired hearing. Wonderful does not have impaired hearing. If Marcus has either impaired hearing or impaired sight (but not both), then he is resilient.

Question:
Based on the above information, is the following statement true, false, or uncertain? Marcus is resilient.

Options:
[""A) True"", ""B) False"", ""C) Uncertain""]",A,0,"fact1: Marcus does not have impaired hearing.
fact2: Marcus has impaired sight.
rule: If Marcus has either impaired hearing or impaired sight (but not both), then he is resilient.
conclusion: Marcus is resilient.

Therefore, it is true that Marcus is resilient. The correct option is: A."
"Given the facts below, answer the question.

Facts:
Kira is a botanist. Kira does not love art. If Kira is a botanist, then she either loves art or appreciates nature, but not both. Kira either appreciates nature or is indifferent to nature, but not both.

Question:
Based on the above information, is the following statement true, false, or uncertain? Kira is not indifferent to nature.

Options:
[""A) True"", ""B) False"", ""C) Uncertain""]","Given the facts below, answer the question.

Facts:
If Kira is a botanist, then she either loves art or appreciates nature, but not both. Kira is a botanist. If Kamilah is a botanist, then she either loves art or appreciates nature, but not both. Khari is a botanist. Kira either appreciates nature or is indifferent to nature, but not both. Kira does not love art. Kamilah does not love art.

Question:
Based on the above information, is the following statement true, false, or uncertain? Kira is not indifferent to nature.

Options:
[""A) True"", ""B) False"", ""C) Uncertain""]",A,0,"fact1: Kira is a botanist.
fact2: Kira does not love art.
rule: If Kira is a botanist, then she either loves art or appreciates nature, but not both.
conclusion: Kira appreciates nature.
fact1: Kira appreciates nature.
rule: Kira either appreciates nature or is indifferent to nature, but not both.
conclusion: Kira is not indifferent to nature.

Therefore, it is true that Kira is not indifferent to nature. The correct option is: A."
"Given the facts below, answer the question.

Facts:
Blossom is creative. Blossom is underrated. If Blossom is creative, then he is either underrated or talented, but not both.

Question:
Based on the above information, is the following statement true, false, or uncertain? Blossom is not anonymous.

Options:
[""A) True"", ""B) False"", ""C) Uncertain""]","Given the facts below, answer the question.

Facts:
Blossom is creative. If Gianna is creative, then he is either underrated or talented, but not both. Gatlin is creative. Gatlin is famous. If Blossom is creative, then he is either underrated or talented, but not both. Blossom is underrated. If Gianna is talented, then he is either famous or anonymous, but not both.

Question:
Based on the above information, is the following statement true, false, or uncertain? Blossom is not anonymous.

Options:
[""A) True"", ""B) False"", ""C) Uncertain""]",C,2,"fact1: Blossom is creative.
fact2: Blossom is underrated.
rule: If Blossom is creative, then he is either underrated or talented, but not both.
conclusion: Blossom is not talented.

According to the context and the conclusions that have already been drawn, we can deduce that it is uncertain that Blossom is not anonymous. The correct option is: C."
"Given the facts below, answer the question.

Facts:
Harold is not oppressed. Harold is either oppressed or resistant.

Question:
Based on the above information, is the following statement true, false, or uncertain? Harold is not resistant.

Options:
[""A) True"", ""B) False"", ""C) Uncertain""]","Given the facts below, answer the question.

Facts:
Harold is either oppressed or resistant. Milana is either oppressed or resistant. Harold is not oppressed.

Question:
Based on the above information, is the following statement true, false, or uncertain? Harold is not resistant.

Options:
[""A) True"", ""B) False"", ""C) Uncertain""]",B,1,"fact1: Harold is not oppressed.
rule: Harold is either oppressed or resistant.
conclusion: Harold is not resistant.

Therefore, it is false that Harold is not resistant. The correct option is: B."
"Given the facts below, answer the question.

Facts:
Hadleigh is passionate about his subject. If Hadleigh is passionate about his subject, then he is a good teacher.

Question:
Based on the above information, is the following statement true, false, or uncertain? If Hadleigh is a good teacher, then he is either well-prepared or able to think on his feet (or both).

Options:
[""A) True"", ""B) False"", ""C) Uncertain""]","Given the facts below, answer the question.

Facts:
Noelle is not able to think on his feet. If Hadleigh is passionate about his subject, then he is a good teacher. Noelle organizes materials. Hadleigh is passionate about his subject. If Noelle is passionate about his subject, then he is a good teacher. Cowboy is passionate about his subject. Tomas anticipates questions. If Cowboy either organizes materials or anticipates questions (but not both), then he is well-prepared.

Question:
Based on the above information, is the following statement true, false, or uncertain? If Hadleigh is a good teacher, then he is either well-prepared or able to think on his feet (or both).

Options:
[""A) True"", ""B) False"", ""C) Uncertain""]",C,2,"fact1: Hadleigh is passionate about his subject.
rule: If Hadleigh is passionate about his subject, then he is a good teacher.
conclusion: Hadleigh is a good teacher.

According to the context and the conclusions that have already been drawn, we can deduce that it is uncertain that If Hadleigh is a good teacher, then he is either well-prepared or able to think on his feet (or both). The correct option is: C."
"Given the facts below, answer the question.

Facts:
Everly has a unique perspective. Everly is skilled at art. For all humans, if they have a unique perspective and are skilled at art, then they can create beautiful work.

Question:
Based on the above information, is the following statement true, false, or uncertain? Everly cannot create beautiful work.

Options:
[""A) True"", ""B) False"", ""C) Uncertain""]","Given the facts below, answer the question.

Facts:
Everly has a unique perspective. Everly is skilled at art. Alejandra has a unique perspective. For all humans, if they have a unique perspective and are skilled at art, then they can create beautiful work.

Question:
Based on the above information, is the following statement true, false, or uncertain? Everly cannot create beautiful work.

Options:
[""A) True"", ""B) False"", ""C) Uncertain""]",B,1,"fact1: Everly has a unique perspective.
fact2: Everly is skilled at art.
rule: For all humans, if they have a unique perspective and are skilled at art, then they can create beautiful work.
conclusion: Everly cannot create beautiful work.

Therefore, it is false that Everly cannot create beautiful work. The correct option is: B."
"Given the facts below, answer the question.

Facts:
Ada loves music. Ada does not teach others. If Ada loves music, then she either teaches others or shares her talent.

Question:
Based on the above information, is the following statement true, false, or uncertain? If Ada dedicates herself to music, then she inspires others.

Options:
[""A) True"", ""B) False"", ""C) Uncertain""]","Given the facts below, answer the question.

Facts:
Jenesis does not pursue her passion. Ada loves music. Jenesis does not teach others. Cannon loves music. If Ada loves music, then she either teaches others or shares her talent. Ada does not teach others.

Question:
Based on the above information, is the following statement true, false, or uncertain? If Ada dedicates herself to music, then she inspires others.

Options:
[""A) True"", ""B) False"", ""C) Uncertain""]",C,2,"fact1: Ada loves music.
fact2: Ada does not teach others.
rule: If Ada loves music, then she either teaches others or shares her talent.
conclusion: Ada shares her talent.

According to the context and the conclusions that have already been drawn, we can deduce that it is uncertain that If Ada dedicates herself to music, then she inspires others. The correct option is: C."
"Given the facts below, answer the question.

Facts:
Bear seeks high ground. Bear will climb trees if he seeks high ground. Either Bear climbs trees or Bear stays on the ground, but not both.

Question:
Based on the above information, is the following statement true, false, or uncertain? Bear stays on the ground.

Options:
[""A) True"", ""B) False"", ""C) Uncertain""]","Given the facts below, answer the question.

Facts:
Bear seeks high ground. Capri will climb trees if he seeks high ground. Bear will climb trees if he seeks high ground. Either Bear climbs trees or Bear stays on the ground, but not both. Muffin seeks high ground.

Question:
Based on the above information, is the following statement true, false, or uncertain? Bear stays on the ground.

Options:
[""A) True"", ""B) False"", ""C) Uncertain""]",B,1,"fact1: Bear seeks high ground.
rule: Bear will climb trees if he seeks high ground.
conclusion: Bear climbs trees.
fact1: Bear climbs trees.
rule: Either Bear climbs trees or Bear stays on the ground, but not both.
conclusion: Bear stays on the ground.

Therefore, it is false that Bear stays on the ground. The correct option is: B."
"Given the facts below, answer the question.

Facts:
Amoura studies ecosystems. Amoura does not understand interconnectedness. Anyone who studies ecosystems either understands interconnectedness or is environmentally conscious (or both). Amoura is either environmentally conscious or environmentally indifferent, but not both.

Question:
Based on the above information, is the following statement true, false, or uncertain? Amoura is environmentally indifferent.

Options:
[""A) True"", ""B) False"", ""C) Uncertain""]","Given the facts below, answer the question.

Facts:
Amoura does not understand interconnectedness. Anyone who studies ecosystems either understands interconnectedness or is environmentally conscious (or both). Capri does not understand interconnectedness. Onyx studies ecosystems. Amoura is either environmentally conscious or environmentally indifferent, but not both. Onyx is either environmentally conscious or environmentally indifferent, but not both. Amoura studies ecosystems.

Question:
Based on the above information, is the following statement true, false, or uncertain? Amoura is environmentally indifferent.

Options:
[""A) True"", ""B) False"", ""C) Uncertain""]",B,1,"fact1: Amoura studies ecosystems.
fact2: Amoura does not understand interconnectedness.
rule: Anyone who studies ecosystems either understands interconnectedness or is environmentally conscious (or both).
conclusion: Amoura is environmentally conscious.
fact1: Amoura is environmentally conscious.
rule: Amoura is either environmentally conscious or environmentally indifferent, but not both.
conclusion: Amoura is environmentally indifferent.

Therefore, it is false that Amoura is environmentally indifferent. The correct option is: B."
"Given the facts below, answer the question.

Facts:
Maximilian has original thoughts. Maximilian is either well-read or has original thoughts, but not necessarily both.

Question:
Based on the above information, is the following statement true, false, or uncertain? Maximilian is not a good writer.

Options:
[""A) True"", ""B) False"", ""C) Uncertain""]","Given the facts below, answer the question.

Facts:
Maximilian has original thoughts. Paul is not insightful. Capri has original thoughts. Maximilian is either well-read or has original thoughts, but not necessarily both. Capri is either well-read or has original thoughts, but not necessarily both. If Paul is insightful or well-read, then he is a good writer.

Question:
Based on the above information, is the following statement true, false, or uncertain? Maximilian is not a good writer.

Options:
[""A) True"", ""B) False"", ""C) Uncertain""]",C,2,"fact1: Maximilian has original thoughts.
rule: Maximilian is either well-read or has original thoughts, but not necessarily both.
conclusion: Maximilian is not well-read.

According to the context and the conclusions that have already been drawn, we can deduce that it is uncertain that Maximilian is not a good writer. The correct option is: C."
"Given the facts below, answer the question.

Facts:
Nico relentlessly pursues profit. Nico exploits others. If Nico relentlessly pursues profit, then he either exploits others or harms the environment, but not both.

Question:
Based on the above information, is the following statement true, false, or uncertain? Nico harms the environment.

Options:
[""A) True"", ""B) False"", ""C) Uncertain""]","Given the facts below, answer the question.

Facts:
Jakob relentlessly pursues profit. If Kitty relentlessly pursues profit, then he either exploits others or harms the environment, but not both. If Nico relentlessly pursues profit, then he either exploits others or harms the environment, but not both. Nico relentlessly pursues profit. Nico exploits others. Kitty exploits others.

Question:
Based on the above information, is the following statement true, false, or uncertain? Nico harms the environment.

Options:
[""A) True"", ""B) False"", ""C) Uncertain""]",B,1,"fact1: Nico relentlessly pursues profit.
fact2: Nico exploits others.
rule: If Nico relentlessly pursues profit, then he either exploits others or harms the environment, but not both.
conclusion: Nico harms the environment.

Therefore, it is false that Nico harms the environment. The correct option is: B."
"Given the facts below, answer the question.

Facts:
Kohen is an artist. Kohen is not inspired by nature. If Kohen is an artist, then he is either inspired by nature or expresses himself through music (or both).

Question:
Based on the above information, is the following statement true, false, or uncertain? Kohen does not express himself through music.

Options:
[""A) True"", ""B) False"", ""C) Uncertain""]","Given the facts below, answer the question.

Facts:
Kohen is an artist. Hassan is an artist. Hotness is not inspired by nature. If Kohen is an artist, then he is either inspired by nature or expresses himself through music (or both). If Brooklynn is an artist, then he is either inspired by nature or expresses himself through music (or both). Kohen is not inspired by nature.

Question:
Based on the above information, is the following statement true, false, or uncertain? Kohen does not express himself through music.

Options:
[""A) True"", ""B) False"", ""C) Uncertain""]",B,1,"fact1: Kohen is an artist.
fact2: Kohen is not inspired by nature.
rule: If Kohen is an artist, then he is either inspired by nature or expresses himself through music (or both).
conclusion: Kohen does not express himself through music.

Therefore, it is false that Kohen does not express himself through music. The correct option is: B."
"Given the facts below, answer the question.

Facts:
Leah appreciates music. Leah does not become a performing artist. If Leah appreciates music, then she can either pursue an academic career in music or become a performing artist, but not both.

Question:
Based on the above information, is the following statement true, false, or uncertain? Leah pursues an academic career in music.

Options:
[""A) True"", ""B) False"", ""C) Uncertain""]","Given the facts below, answer the question.

Facts:
If Leah appreciates music, then she can either pursue an academic career in music or become a performing artist, but not both. Warren does not become a performing artist. Leah appreciates music. Warren appreciates music. Leah does not become a performing artist.

Question:
Based on the above information, is the following statement true, false, or uncertain? Leah pursues an academic career in music.

Options:
[""A) True"", ""B) False"", ""C) Uncertain""]",A,0,"fact1: Leah appreciates music.
fact2: Leah does not become a performing artist.
rule: If Leah appreciates music, then she can either pursue an academic career in music or become a performing artist, but not both.
conclusion: Leah pursues an academic career in music.

Therefore, it is true that Leah pursues an academic career in music. The correct option is: A."
"Given the facts below, answer the question.

Facts:
Gianna is a nurse. Gianna is a patient. If Gianna is a nurse, then she is either a caregiver or a patient, but not both. Either Gianna is a caregiver or a recipient of care, but not both.

Question:
Based on the above information, is the following statement true, false, or uncertain? Gianna is a recipient of care.

Options:
[""A) True"", ""B) False"", ""C) Uncertain""]","Given the facts below, answer the question.

Facts:
Either Gianna is a caregiver or a recipient of care, but not both. If Gianna is a nurse, then she is either a caregiver or a patient, but not both. Gianna is a patient. If Emmy is a nurse, then she is either a caregiver or a patient, but not both. Gianna is a nurse. Emmy is a patient. Emmy is a nurse. Either Opal is a caregiver or a recipient of care, but not both.

Question:
Based on the above information, is the following statement true, false, or uncertain? Gianna is a recipient of care.

Options:
[""A) True"", ""B) False"", ""C) Uncertain""]",A,0,"fact1: Gianna is a nurse.
fact2: Gianna is a patient.
rule: If Gianna is a nurse, then she is either a caregiver or a patient, but not both.
conclusion: Gianna is not a caregiver.
fact1: Gianna is not a caregiver.
rule: Either Gianna is a caregiver or a recipient of care, but not both.
conclusion: Gianna is a recipient of care.

Therefore, it is true that Gianna is a recipient of care. The correct option is: A."
"Given the facts below, answer the question.

Facts:
Noe speaks many languages. Noe does not translate ancient texts. If Noe either speaks many languages or translates ancient texts (but not both), then she is an expert in languages. Noe earns recognition. If Noe is an expert in languages, then she publishes academic work and earns recognition.

Question:
Based on the above information, is the following statement true, false, or uncertain? Noe does not publish academic work.

Options:
[""A) True"", ""B) False"", ""C) Uncertain""]","Given the facts below, answer the question.

Facts:
If Noe either speaks many languages or translates ancient texts (but not both), then she is an expert in languages. Jayson speaks many languages. If Noe is an expert in languages, then she publishes academic work and earns recognition. If Kyro either speaks many languages or translates ancient texts (but not both), then she is an expert in languages. If Avery is an expert in languages, then she publishes academic work and earns recognition. Noe speaks many languages. Avery does not translate ancient texts. Noe earns recognition. Noe does not translate ancient texts.

Question:
Based on the above information, is the following statement true, false, or uncertain? Noe does not publish academic work.

Options:
[""A) True"", ""B) False"", ""C) Uncertain""]",B,1,"fact1: Noe speaks many languages.
fact2: Noe does not translate ancient texts.
rule: If Noe either speaks many languages or translates ancient texts (but not both), then she is an expert in languages.
conclusion: Noe is an expert in languages.
fact1: Noe is an expert in languages.
fact2: Noe earns recognition.
rule: If Noe is an expert in languages, then she publishes academic work and earns recognition.
conclusion: Noe does not publish academic work.

Therefore, it is false that Noe does not publish academic work. The correct option is: B."
"Given the facts below, answer the question.

Facts:
Mackenzie studies astronomy. Mackenzie does not inspire future generations. If Mackenzie studies astronomy, then she can either make groundbreaking discoveries or inspire future generations, but not both.

Question:
Based on the above information, is the following statement true, false, or uncertain? Mackenzie does not make groundbreaking discoveries.

Options:
[""A) True"", ""B) False"", ""C) Uncertain""]","Given the facts below, answer the question.

Facts:
If Mackenzie studies astronomy, then she can either make groundbreaking discoveries or inspire future generations, but not both. Mackenzie studies astronomy. If Jonah studies astronomy, then she can either make groundbreaking discoveries or inspire future generations, but not both. Mackenzie does not inspire future generations.

Question:
Based on the above information, is the following statement true, false, or uncertain? Mackenzie does not make groundbreaking discoveries.

Options:
[""A) True"", ""B) False"", ""C) Uncertain""]",B,1,"fact1: Mackenzie studies astronomy.
fact2: Mackenzie does not inspire future generations.
rule: If Mackenzie studies astronomy, then she can either make groundbreaking discoveries or inspire future generations, but not both.
conclusion: Mackenzie does not make groundbreaking discoveries.

Therefore, it is false that Mackenzie does not make groundbreaking discoveries. The correct option is: B."
"Given the facts below, answer the question.

Facts:
Camille explores the seafloor. Camille examines water samples. Anyone who explores the seafloor and examines water samples can study oceanography. For all humans, if they study oceanography, then they understand marine ecosystems.

Question:
Based on the above information, is the following statement true, false, or uncertain? Camille understands marine ecosystems.

Options:
[""A) True"", ""B) False"", ""C) Uncertain""]","Given the facts below, answer the question.

Facts:
Camille examines water samples. Armani explores the seafloor. For all humans, if they study oceanography, then they understand marine ecosystems. Anyone who explores the seafloor and examines water samples can study oceanography. Armani examines water samples. If Camille has curiosity, then she develops new technologies and studies oceanography. Camille explores the seafloor.

Question:
Based on the above information, is the following statement true, false, or uncertain? Camille understands marine ecosystems.

Options:
[""A) True"", ""B) False"", ""C) Uncertain""]",A,0,"fact1: Camille explores the seafloor.
fact2: Camille examines water samples.
rule: Anyone who explores the seafloor and examines water samples can study oceanography.
conclusion: Camille studies oceanography.
fact1: Camille studies oceanography.
rule: For all humans, if they study oceanography, then they understand marine ecosystems.
conclusion: Camille understands marine ecosystems.

Therefore, it is true that Camille understands marine ecosystems. The correct option is: A."
"Given the facts below, answer the question.

Facts:
Crew follows tradition. Crew does not value morality. If Crew follows tradition, then he is either devout or values morality, but not both. Crew does not strictly adhere to his principles. For all humans, if someone is devout, then they either strictly adhere to their principles or strive to do what is right (or both).

Question:
Based on the above information, is the following statement true, false, or uncertain? Crew does not strive to do what is right.

Options:
[""A) True"", ""B) False"", ""C) Uncertain""]","Given the facts below, answer the question.

Facts:
Crew does not strictly adhere to his principles. For all humans, if someone is devout, then they either strictly adhere to their principles or strive to do what is right (or both). Castiel follows tradition. If Aspyn follows tradition, then he is either devout or values morality, but not both. If Crew follows tradition, then he is either devout or values morality, but not both. Crew does not value morality. Crew follows tradition.

Question:
Based on the above information, is the following statement true, false, or uncertain? Crew does not strive to do what is right.

Options:
[""A) True"", ""B) False"", ""C) Uncertain""]",B,1,"fact1: Crew follows tradition.
fact2: Crew does not value morality.
rule: If Crew follows tradition, then he is either devout or values morality, but not both.
conclusion: Crew is devout.
fact1: Crew is devout.
fact2: Crew does not strictly adhere to his principles.
rule: For all humans, if someone is devout, then they either strictly adhere to their principles or strive to do what is right (or both).
conclusion: Crew does not strive to do what is right.

Therefore, it is false that Crew does not strive to do what is right. The correct option is: B."
"Given the facts below, answer the question.

Facts:
Sexyness courts a mate. If Sexyness courts a mate, then she has a captivating dance.

Question:
Based on the above information, is the following statement true, false, or uncertain? Sexyness is not admired.

Options:
[""A) True"", ""B) False"", ""C) Uncertain""]","Given the facts below, answer the question.

Facts:
Camilla courts a mate. If Sexyness courts a mate, then she has a captivating dance. Sexyness courts a mate.

Question:
Based on the above information, is the following statement true, false, or uncertain? Sexyness is not admired.

Options:
[""A) True"", ""B) False"", ""C) Uncertain""]",C,2,"fact1: Sexyness courts a mate.
rule: If Sexyness courts a mate, then she has a captivating dance.
conclusion: Sexyness has a captivating dance.

According to the context and the conclusions that have already been drawn, we can deduce that it is uncertain that Sexyness is not admired. The correct option is: C."
"Given the facts below, answer the question.

Facts:
Amir does not develop skills. Amir develops skills or struggles with insecurity. Amir grows as an artist. If Amir struggles with insecurity, then he will either lose confidence or grow as an artist, but not both.

Question:
Based on the above information, is the following statement true, false, or uncertain? Amir does not lose confidence.

Options:
[""A) True"", ""B) False"", ""C) Uncertain""]","Given the facts below, answer the question.

Facts:
If Franklin struggles with insecurity, then he will either lose confidence or grow as an artist, but not both. Kassidy develops skills or struggles with insecurity. Amir develops skills or struggles with insecurity. Amir does not develop skills. Amir grows as an artist. If Amir struggles with insecurity, then he will either lose confidence or grow as an artist, but not both.

Question:
Based on the above information, is the following statement true, false, or uncertain? Amir does not lose confidence.

Options:
[""A) True"", ""B) False"", ""C) Uncertain""]",A,0,"fact1: Amir does not develop skills.
rule: Amir develops skills or struggles with insecurity.
conclusion: Amir struggles with insecurity.
fact1: Amir struggles with insecurity.
fact2: Amir grows as an artist.
rule: If Amir struggles with insecurity, then he will either lose confidence or grow as an artist, but not both.
conclusion: Amir does not lose confidence.

Therefore, it is true that Amir does not lose confidence. The correct option is: A."
"Given the facts below, answer the question.

Facts:
Blossom appreciates gemstone history. Blossom either appreciates gemstone history or understands crystal structures, but not necessarily both.

Question:
Based on the above information, is the following statement true, false, or uncertain? If Blossom is a skilled lapidary, then she either creates beautiful gemstones or understands crystal structures (or both).

Options:
[""A) True"", ""B) False"", ""C) Uncertain""]","Given the facts below, answer the question.

Facts:
Blossom either appreciates gemstone history or understands crystal structures, but not necessarily both. Lydia appreciates gemstone history. Blossom appreciates gemstone history.

Question:
Based on the above information, is the following statement true, false, or uncertain? If Blossom is a skilled lapidary, then she either creates beautiful gemstones or understands crystal structures (or both).

Options:
[""A) True"", ""B) False"", ""C) Uncertain""]",C,2,"fact1: Blossom appreciates gemstone history.
rule: Blossom either appreciates gemstone history or understands crystal structures, but not necessarily both.
conclusion: Blossom does not understand crystal structures.

According to the context and the conclusions that have already been drawn, we can deduce that it is uncertain that If Blossom is a skilled lapidary, then she either creates beautiful gemstones or understands crystal structures (or both). The correct option is: C."
"Given the facts below, answer the question.

Facts:
Kitten does not thrive in sunlight. Kitten either thrives in sunlight or supports the ecosystem.

Question:
Based on the above information, is the following statement true, false, or uncertain? If Kitten is an ancient plant, then she either provides shelter or supports the ecosystem, but not both.

Options:
[""A) True"", ""B) False"", ""C) Uncertain""]","Given the facts below, answer the question.

Facts:
Sweetstuff either absorbs carbon or provides shelter. Kamilah does not thrive in sunlight. Kitten either thrives in sunlight or supports the ecosystem. Kitten does not thrive in sunlight.

Question:
Based on the above information, is the following statement true, false, or uncertain? If Kitten is an ancient plant, then she either provides shelter or supports the ecosystem, but not both.

Options:
[""A) True"", ""B) False"", ""C) Uncertain""]",C,2,"fact1: Kitten does not thrive in sunlight.
rule: Kitten either thrives in sunlight or supports the ecosystem.
conclusion: Kitten supports the ecosystem.

According to the context and the conclusions that have already been drawn, we can deduce that it is uncertain that If Kitten is an ancient plant, then she either provides shelter or supports the ecosystem, but not both. The correct option is: C."
"Given the facts below, answer the question.

Facts:
Wayne specializes in flowers. Every botanist who specializes in flowers studies gynoecium. Wayne does not research plant reproduction. If Wayne studies gynoecium or researches plant reproduction (or both), then he makes notable contributions.

Question:
Based on the above information, is the following statement true, false, or uncertain? Wayne makes notable contributions.

Options:
[""A) True"", ""B) False"", ""C) Uncertain""]","Given the facts below, answer the question.

Facts:
Jon does not research plant reproduction. If Wayne studies gynoecium or researches plant reproduction (or both), then he makes notable contributions. Wayne does not research plant reproduction. Wayne specializes in flowers. Every botanist who specializes in flowers studies gynoecium.

Question:
Based on the above information, is the following statement true, false, or uncertain? Wayne makes notable contributions.

Options:
[""A) True"", ""B) False"", ""C) Uncertain""]",A,0,"fact1: Wayne specializes in flowers.
rule: Every botanist who specializes in flowers studies gynoecium.
conclusion: Wayne studies gynoecium.
fact1: Wayne studies gynoecium.
fact2: Wayne does not research plant reproduction.
rule: If Wayne studies gynoecium or researches plant reproduction (or both), then he makes notable contributions.
conclusion: Wayne makes notable contributions.

Therefore, it is true that Wayne makes notable contributions. The correct option is: A."
"Given the facts below, answer the question.

Facts:
Marilyn is dedicated to conservation. Marilyn receives accolades. If Marilyn is dedicated to conservation, then she can either inspire others or receive accolades, but not both.

Question:
Based on the above information, is the following statement true, false, or uncertain? Marilyn does not inspire others.

Options:
[""A) True"", ""B) False"", ""C) Uncertain""]","Given the facts below, answer the question.

Facts:
Marilyn receives accolades. Marilyn is dedicated to conservation. If Marilyn is dedicated to conservation, then she can either inspire others or receive accolades, but not both. Lorelei receives accolades. If Samira is dedicated to conservation, then she can either inspire others or receive accolades, but not both.

Question:
Based on the above information, is the following statement true, false, or uncertain? Marilyn does not inspire others.

Options:
[""A) True"", ""B) False"", ""C) Uncertain""]",A,0,"fact1: Marilyn is dedicated to conservation.
fact2: Marilyn receives accolades.
rule: If Marilyn is dedicated to conservation, then she can either inspire others or receive accolades, but not both.
conclusion: Marilyn does not inspire others.

Therefore, it is true that Marilyn does not inspire others. The correct option is: A."
"Given the facts below, answer the question.

Facts:
Bryce is a performer. Bryce is charismatic. If Bryce is a performer, then he is either charismatic or lacks a signature move, but not both.

Question:
Based on the above information, is the following statement true, false, or uncertain? Either Bryce has a signature move or he lacks a signature move, but not both.

Options:
[""A) True"", ""B) False"", ""C) Uncertain""]","Given the facts below, answer the question.

Facts:
Bryce is a performer. Jax is charismatic. If Cason either dances on stage or plays with flair (but not both), then he has a signature move. If Bryce is a performer, then he is either charismatic or lacks a signature move, but not both. Bryce is charismatic.

Question:
Based on the above information, is the following statement true, false, or uncertain? Either Bryce has a signature move or he lacks a signature move, but not both.

Options:
[""A) True"", ""B) False"", ""C) Uncertain""]",C,2,"fact1: Bryce is a performer.
fact2: Bryce is charismatic.
rule: If Bryce is a performer, then he is either charismatic or lacks a signature move, but not both.
conclusion: Bryce does not lack a signature move.

According to the context and the conclusions that have already been drawn, we can deduce that it is uncertain that Either Bryce has a signature move or he lacks a signature move, but not both. The correct option is: C."
"Given the facts below, answer the question.

Facts:
Poopsie is not curious. Poopsie is either curious or playful, but not necessarily both.

Question:
Based on the above information, is the following statement true, false, or uncertain? Poopsie is not affectionate.

Options:
[""A) True"", ""B) False"", ""C) Uncertain""]","Given the facts below, answer the question.

Facts:
Poopsie is not curious. Parker is not curious. Maddison is either curious or playful, but not necessarily both. Poopsie is either curious or playful, but not necessarily both.

Question:
Based on the above information, is the following statement true, false, or uncertain? Poopsie is not affectionate.

Options:
[""A) True"", ""B) False"", ""C) Uncertain""]",C,2,"fact1: Poopsie is not curious.
rule: Poopsie is either curious or playful, but not necessarily both.
conclusion: Poopsie is playful.

According to the context and the conclusions that have already been drawn, we can deduce that it is uncertain that Poopsie is not affectionate. The correct option is: C."
"Given the facts below, answer the question.

Facts:
Magnolia is dedicated to her work. Magnolia does not make groundbreaking discoveries. If Magnolia is dedicated to her work, then she can either make groundbreaking discoveries or create beautiful gardens, but not both.

Question:
Based on the above information, is the following statement true, false, or uncertain? Magnolia does not create beautiful gardens.

Options:
[""A) True"", ""B) False"", ""C) Uncertain""]","Given the facts below, answer the question.

Facts:
Magnolia is dedicated to her work. Magnolia does not make groundbreaking discoveries. If Magnolia is dedicated to her work, then she can either make groundbreaking discoveries or create beautiful gardens, but not both. Rowen does not make groundbreaking discoveries.

Question:
Based on the above information, is the following statement true, false, or uncertain? Magnolia does not create beautiful gardens.

Options:
[""A) True"", ""B) False"", ""C) Uncertain""]",B,1,"fact1: Magnolia is dedicated to her work.
fact2: Magnolia does not make groundbreaking discoveries.
rule: If Magnolia is dedicated to her work, then she can either make groundbreaking discoveries or create beautiful gardens, but not both.
conclusion: Magnolia does not create beautiful gardens.

Therefore, it is false that Magnolia does not create beautiful gardens. The correct option is: B."
"Given the facts below, answer the question.

Facts:
Drake is an evergreen tree. For every tree, it is either evergreen or deciduous, but not both.

Question:
Based on the above information, is the following statement true, false, or uncertain? Drake is not a deciduous tree.

Options:
[""A) True"", ""B) False"", ""C) Uncertain""]","Given the facts below, answer the question.

Facts:
Drake is an evergreen tree. Nyla is an evergreen tree. For every tree, it is either evergreen or deciduous, but not both.

Question:
Based on the above information, is the following statement true, false, or uncertain? Drake is not a deciduous tree.

Options:
[""A) True"", ""B) False"", ""C) Uncertain""]",A,0,"fact1: Drake is an evergreen tree.
rule: For every tree, it is either evergreen or deciduous, but not both.
conclusion: Drake is not a deciduous tree.

Therefore, it is true that Drake is not a deciduous tree. The correct option is: A."
"Given the facts below, answer the question.

Facts:
Sophie is insecure. Either Sophie is insecure or she is confident, but not both.

Question:
Based on the above information, is the following statement true, false, or uncertain? Sophie is not confident.

Options:
[""A) True"", ""B) False"", ""C) Uncertain""]","Given the facts below, answer the question.

Facts:
Either Sophie is insecure or she is confident, but not both. Gianna is insecure. Sophie is insecure.

Question:
Based on the above information, is the following statement true, false, or uncertain? Sophie is not confident.

Options:
[""A) True"", ""B) False"", ""C) Uncertain""]",A,0,"fact1: Sophie is insecure.
rule: Either Sophie is insecure or she is confident, but not both.
conclusion: Sophie is not confident.

Therefore, it is true that Sophie is not confident. The correct option is: A."
"Given the facts below, answer the question.

Facts:
Zachary practices dhawa. For every human, either they practice dhawa or they do not practice dhawa, but not both.

Question:
Based on the above information, is the following statement true, false, or uncertain? Zachary practices dhawa.

Options:
[""A) True"", ""B) False"", ""C) Uncertain""]","Given the facts below, answer the question.

Facts:
For every human, either they practice dhawa or they do not practice dhawa, but not both. Zachary practices dhawa. Teagan practices dhawa.

Question:
Based on the above information, is the following statement true, false, or uncertain? Zachary practices dhawa.

Options:
[""A) True"", ""B) False"", ""C) Uncertain""]",A,0,"fact1: Zachary practices dhawa.
rule: For every human, either they practice dhawa or they do not practice dhawa, but not both.
conclusion: Zachary practices dhawa.

Therefore, it is true that Zachary practices dhawa. The correct option is: A."
"Given the facts below, answer the question.

Facts:
Perfect has advanced propulsion. Perfect has high agility. If Perfect has advanced propulsion, then it is either high-speed or has high agility (but not both). Perfect is low-speed. If Perfect is either high-speed or low-speed (but not both), then it is useful for rescue missions.

Question:
Based on the above information, is the following statement true, false, or uncertain? Perfect is useful for rescue missions.

Options:
[""A) True"", ""B) False"", ""C) Uncertain""]","Given the facts below, answer the question.

Facts:
If Perfect has advanced propulsion, then it is either high-speed or has high agility (but not both). Jamison has advanced propulsion. If Perfect is either high-speed or low-speed (but not both), then it is useful for rescue missions. Journi is low-speed. Perfect has high agility. If Kameron has advanced propulsion, then it is either high-speed or has high agility (but not both). If Perfect uses electromagnetism and has an aerodynamic design, then it can move at high speed. If Kameron is either high-speed or low-speed (but not both), then it is useful for rescue missions. Perfect has advanced propulsion. Perfect is low-speed. Journi has high agility.

Question:
Based on the above information, is the following statement true, false, or uncertain? Perfect is useful for rescue missions.

Options:
[""A) True"", ""B) False"", ""C) Uncertain""]",A,0,"fact1: Perfect has advanced propulsion.
fact2: Perfect has high agility.
rule: If Perfect has advanced propulsion, then it is either high-speed or has high agility (but not both).
conclusion: Perfect is not high-speed.
fact1: Perfect is not high-speed.
fact2: Perfect is low-speed.
rule: If Perfect is either high-speed or low-speed (but not both), then it is useful for rescue missions.
conclusion: Perfect is useful for rescue missions.

Therefore, it is true that Perfect is useful for rescue missions. The correct option is: A."
"Given the facts below, answer the question.

Facts:
Mylo has perfectionism. Mylo either has perfectionism or is creative, but not both.

Question:
Based on the above information, is the following statement true, false, or uncertain? Mylo is not inspirational.

Options:
[""A) True"", ""B) False"", ""C) Uncertain""]","Given the facts below, answer the question.

Facts:
Mylo either has perfectionism or is creative, but not both. If Bodhi is either creative or adventurous (but not both), then he is inspirational. Mylo has perfectionism.

Question:
Based on the above information, is the following statement true, false, or uncertain? Mylo is not inspirational.

Options:
[""A) True"", ""B) False"", ""C) Uncertain""]",C,2,"fact1: Mylo has perfectionism.
rule: Mylo either has perfectionism or is creative, but not both.
conclusion: Mylo is not creative.

According to the context and the conclusions that have already been drawn, we can deduce that it is uncertain that Mylo is not inspirational. The correct option is: C."
"Given the facts below, answer the question.

Facts:
Maximo loves botany. Maximo explores deserts. If Maximo loves botany and explores deserts, then he will study the halogeton. If Maximo studies the halogeton, then he discovers new properties about the plant.

Question:
Based on the above information, is the following statement true, false, or uncertain? Maximo does not discover new properties about the plant.

Options:
[""A) True"", ""B) False"", ""C) Uncertain""]","Given the facts below, answer the question.

Facts:
Maximo loves botany. Maximus loves botany. If Maximus studies the halogeton, then he discovers new properties about the plant. If Maximo studies the halogeton, then he discovers new properties about the plant. Maximo explores deserts. Lauryn explores deserts. If Maximo loves botany and explores deserts, then he will study the halogeton. If Maximus loves botany and explores deserts, then he will study the halogeton.

Question:
Based on the above information, is the following statement true, false, or uncertain? Maximo does not discover new properties about the plant.

Options:
[""A) True"", ""B) False"", ""C) Uncertain""]",B,1,"fact1: Maximo loves botany.
fact2: Maximo explores deserts.
rule: If Maximo loves botany and explores deserts, then he will study the halogeton.
conclusion: Maximo studies the halogeton.
fact1: Maximo studies the halogeton.
rule: If Maximo studies the halogeton, then he discovers new properties about the plant.
conclusion: Maximo does not discover new properties about the plant.

Therefore, it is false that Maximo does not discover new properties about the plant. The correct option is: B."
"Given the facts below, answer the question.

Facts:
Ezrah does not pursue extreme hobbies. Ezrah either pursues extreme hobbies or leads a normal life, but not both. Ezrah is brilliant. If Ezrah is brilliant, then he can either revolutionize science or lead a normal life, but not both.

Question:
Based on the above information, is the following statement true, false, or uncertain? Ezrah revolutionizes science.

Options:
[""A) True"", ""B) False"", ""C) Uncertain""]","Given the facts below, answer the question.

Facts:
If Ezrah is brilliant, then he can either revolutionize science or lead a normal life, but not both. Ezrah is brilliant. Ezrah either pursues extreme hobbies or leads a normal life, but not both. Raya is brilliant. Ezrah does not pursue extreme hobbies.

Question:
Based on the above information, is the following statement true, false, or uncertain? Ezrah revolutionizes science.

Options:
[""A) True"", ""B) False"", ""C) Uncertain""]",B,1,"fact1: Ezrah does not pursue extreme hobbies.
rule: Ezrah either pursues extreme hobbies or leads a normal life, but not both.
conclusion: Ezrah leads a normal life.
fact1: Ezrah is brilliant.
fact2: Ezrah leads a normal life.
rule: If Ezrah is brilliant, then he can either revolutionize science or lead a normal life, but not both.
conclusion: Ezrah revolutionizes science.

Therefore, it is false that Ezrah revolutionizes science. The correct option is: B."
"Given the facts below, answer the question.

Facts:
Julia follows tradition. Julia either follows tradition or is creative, but not both.

Question:
Based on the above information, is the following statement true, false, or uncertain? Julia is not successful.

Options:
[""A) True"", ""B) False"", ""C) Uncertain""]","Given the facts below, answer the question.

Facts:
If Hadleigh is either creative or innovative (but not both), then she is successful. Corbin is not innovative. Julia follows tradition. Corbin either follows tradition or is creative, but not both. Julia either follows tradition or is creative, but not both.

Question:
Based on the above information, is the following statement true, false, or uncertain? Julia is not successful.

Options:
[""A) True"", ""B) False"", ""C) Uncertain""]",C,2,"fact1: Julia follows tradition.
rule: Julia either follows tradition or is creative, but not both.
conclusion: Julia is not creative.

According to the context and the conclusions that have already been drawn, we can deduce that it is uncertain that Julia is not successful. The correct option is: C."
"Given the facts below, answer the question.

Facts:
Musa is a selfless artist. For all humans, if someone is a selfless artist, then they create public masterpieces and bring happiness to others.

Question:
Based on the above information, is the following statement true, false, or uncertain? Musa brings happiness to others.

Options:
[""A) True"", ""B) False"", ""C) Uncertain""]","Given the facts below, answer the question.

Facts:
Musa is a selfless artist. For all humans, if someone is a selfless artist, then they create public masterpieces and bring happiness to others. Natasha donates time or creates public masterpieces.

Question:
Based on the above information, is the following statement true, false, or uncertain? Musa brings happiness to others.

Options:
[""A) True"", ""B) False"", ""C) Uncertain""]",A,0,"fact1: Musa is a selfless artist.
rule: For all humans, if someone is a selfless artist, then they create public masterpieces and bring happiness to others.
conclusion: Musa brings happiness to others.

Therefore, it is true that Musa brings happiness to others. The correct option is: A."
"Given the facts below, answer the question.

Facts:
August faces life challenges. August grows stronger. If August faces life challenges, then he will grow stronger and find inner peace.

Question:
Based on the above information, is the following statement true, false, or uncertain? August finds inner peace.

Options:
[""A) True"", ""B) False"", ""C) Uncertain""]","Given the facts below, answer the question.

Facts:
August grows stronger. August faces life challenges. If August faces life challenges, then he will grow stronger and find inner peace. Champ faces life challenges.

Question:
Based on the above information, is the following statement true, false, or uncertain? August finds inner peace.

Options:
[""A) True"", ""B) False"", ""C) Uncertain""]",A,0,"fact1: August faces life challenges.
fact2: August grows stronger.
rule: If August faces life challenges, then he will grow stronger and find inner peace.
conclusion: August finds inner peace.

Therefore, it is true that August finds inner peace. The correct option is: A."
"Given the facts below, answer the question.

Facts:
Buddy lives alone. Buddy is not gentle. If Buddy lives alone, then he is either fierce or gentle, but not both. Buddy is either fierce or docile, but not both.

Question:
Based on the above information, is the following statement true, false, or uncertain? Buddy is not docile.

Options:
[""A) True"", ""B) False"", ""C) Uncertain""]","Given the facts below, answer the question.

Facts:
Buddy is either fierce or docile, but not both. Braylen lives alone. Buddy is not gentle. If Chosen lives alone, then he is either fierce or gentle, but not both. If Buddy lives alone, then he is either fierce or gentle, but not both. Buddy lives alone.

Question:
Based on the above information, is the following statement true, false, or uncertain? Buddy is not docile.

Options:
[""A) True"", ""B) False"", ""C) Uncertain""]",A,0,"fact1: Buddy lives alone.
fact2: Buddy is not gentle.
rule: If Buddy lives alone, then he is either fierce or gentle, but not both.
conclusion: Buddy is fierce.
fact1: Buddy is fierce.
rule: Buddy is either fierce or docile, but not both.
conclusion: Buddy is not docile.

Therefore, it is true that Buddy is not docile. The correct option is: A."
"Given the facts below, answer the question.

Facts:
Makenna is free-spirited. If Makenna is free-spirited, then she is artistic and unconventional.

Question:
Based on the above information, is the following statement true, false, or uncertain? Makenna is artistic.

Options:
[""A) True"", ""B) False"", ""C) Uncertain""]","Given the facts below, answer the question.

Facts:
Makenna is free-spirited. Sweetheart embraces spontaneity. If Makenna is free-spirited, then she is artistic and unconventional. Ira is free-spirited. Adelynn does not think outside the box.

Question:
Based on the above information, is the following statement true, false, or uncertain? Makenna is artistic.

Options:
[""A) True"", ""B) False"", ""C) Uncertain""]",A,0,"fact1: Makenna is free-spirited.
rule: If Makenna is free-spirited, then she is artistic and unconventional.
conclusion: Makenna is artistic.

Therefore, it is true that Makenna is artistic. The correct option is: A."
"Given the facts below, answer the question.

Facts:
Sophie masters tempering. If Sophie masters tempering or balances passion and patience, then she creates beautiful things.

Question:
Based on the above information, is the following statement true, false, or uncertain? Sophie creates beautiful things.

Options:
[""A) True"", ""B) False"", ""C) Uncertain""]","Given the facts below, answer the question.

Facts:
Brooks masters tempering. If Sophie masters tempering or balances passion and patience, then she creates beautiful things. Brooks either pursues her craft or balances passion and patience. Sophie masters tempering.

Question:
Based on the above information, is the following statement true, false, or uncertain? Sophie creates beautiful things.

Options:
[""A) True"", ""B) False"", ""C) Uncertain""]",A,0,"fact1: Sophie masters tempering.
rule: If Sophie masters tempering or balances passion and patience, then she creates beautiful things.
conclusion: Sophie creates beautiful things.

Therefore, it is true that Sophie creates beautiful things. The correct option is: A."
"Given the facts below, answer the question.

Facts:
Stud is a champion. For every horse, either the horse is a champion or the horse is not a champion, but not both.

Question:
Based on the above information, is the following statement true, false, or uncertain? Stud is not a champion.

Options:
[""A) True"", ""B) False"", ""C) Uncertain""]","Given the facts below, answer the question.

Facts:
For every horse, either the horse is a champion or the horse is not a champion, but not both. Stud is a champion. Zaid is a champion.

Question:
Based on the above information, is the following statement true, false, or uncertain? Stud is not a champion.

Options:
[""A) True"", ""B) False"", ""C) Uncertain""]",B,1,"fact1: Stud is a champion.
rule: For every horse, either the horse is a champion or the horse is not a champion, but not both.
conclusion: Stud is not a champion.

Therefore, it is false that Stud is not a champion. The correct option is: B."
"Given the facts below, answer the question.

Facts:
Georgina does not analyze results. Georgina formulates a hypothesis. Anyone who analyzes results or formulates a hypothesis conducts research. For all humans, if they conduct research, then they collect data.

Question:
Based on the above information, is the following statement true, false, or uncertain? Georgina collects data.

Options:
[""A) True"", ""B) False"", ""C) Uncertain""]","Given the facts below, answer the question.

Facts:
For all humans, if they conduct research, then they collect data. Georgina does not analyze results. Anyone who analyzes results or formulates a hypothesis conducts research. Carlos does not analyze results. Carlos formulates a hypothesis. Georgina formulates a hypothesis.

Question:
Based on the above information, is the following statement true, false, or uncertain? Georgina collects data.

Options:
[""A) True"", ""B) False"", ""C) Uncertain""]",A,0,"fact1: Georgina does not analyze results.
fact2: Georgina formulates a hypothesis.
rule: Anyone who analyzes results or formulates a hypothesis conducts research.
conclusion: Georgina conducts research.
fact1: Georgina conducts research.
rule: For all humans, if they conduct research, then they collect data.
conclusion: Georgina collects data.

Therefore, it is true that Georgina collects data. The correct option is: A."
"Given the facts below, answer the question.

Facts:
Paulina is a botanist. Paulina is protecting wildlife. If Paulina is a botanist, then she is either protecting wildlife or caring about the environment, but not both. Either Paulina cares about the environment or she harms the environment, but not both.

Question:
Based on the above information, is the following statement true, false, or uncertain? Paulina harms the environment.

Options:
[""A) True"", ""B) False"", ""C) Uncertain""]","Given the facts below, answer the question.

Facts:
Either Paulina cares about the environment or she harms the environment, but not both. Paulina is a botanist. Jeffrey is protecting wildlife. Either Faye cares about the environment or she harms the environment, but not both. If Paulina is a botanist, then she is either protecting wildlife or caring about the environment, but not both. Faye is a botanist. Paulina is protecting wildlife.

Question:
Based on the above information, is the following statement true, false, or uncertain? Paulina harms the environment.

Options:
[""A) True"", ""B) False"", ""C) Uncertain""]",A,0,"fact1: Paulina is a botanist.
fact2: Paulina is protecting wildlife.
rule: If Paulina is a botanist, then she is either protecting wildlife or caring about the environment, but not both.
conclusion: Paulina does not care about the environment.
fact1: Paulina does not care about the environment.
rule: Either Paulina cares about the environment or she harms the environment, but not both.
conclusion: Paulina harms the environment.

Therefore, it is true that Paulina harms the environment. The correct option is: A."
"Given the facts below, answer the question.

Facts:
Sugar has a strong bond with nature. Sugar is not a trusted companion. If Sugar has a strong bond with nature, then she is either a trusted companion or a symbol of cultural heritage, but not both.

Question:
Based on the above information, is the following statement true, false, or uncertain? Sugar is not a symbol of cultural heritage.

Options:
[""A) True"", ""B) False"", ""C) Uncertain""]","Given the facts below, answer the question.

Facts:
Sugar has a strong bond with nature. Sugar is not a trusted companion. Marcellus has a strong bond with nature. If Sugar has a strong bond with nature, then she is either a trusted companion or a symbol of cultural heritage, but not both.

Question:
Based on the above information, is the following statement true, false, or uncertain? Sugar is not a symbol of cultural heritage.

Options:
[""A) True"", ""B) False"", ""C) Uncertain""]",B,1,"fact1: Sugar has a strong bond with nature.
fact2: Sugar is not a trusted companion.
rule: If Sugar has a strong bond with nature, then she is either a trusted companion or a symbol of cultural heritage, but not both.
conclusion: Sugar is not a symbol of cultural heritage.

Therefore, it is false that Sugar is not a symbol of cultural heritage. The correct option is: B."
"Given the facts below, answer the question.

Facts:
Frederick is greedy. Frederick is either greedy or generous, but not both.

Question:
Based on the above information, is the following statement true, false, or uncertain? Frederick is not generous.

Options:
[""A) True"", ""B) False"", ""C) Uncertain""]","Given the facts below, answer the question.

Facts:
Frederick is greedy. Esme is greedy. Frederick is either greedy or generous, but not both. Esme is either greedy or generous, but not both.

Question:
Based on the above information, is the following statement true, false, or uncertain? Frederick is not generous.

Options:
[""A) True"", ""B) False"", ""C) Uncertain""]",A,0,"fact1: Frederick is greedy.
rule: Frederick is either greedy or generous, but not both.
conclusion: Frederick is not generous.

Therefore, it is true that Frederick is not generous. The correct option is: A."
"Given the facts below, answer the question.

Facts:
Zahir values discovery. If someone values discovery, then they are curious and ask questions.

Question:
Based on the above information, is the following statement true, false, or uncertain? Zahir seeks knowledge.

Options:
[""A) True"", ""B) False"", ""C) Uncertain""]","Given the facts below, answer the question.

Facts:
Kitten is curious or seeks knowledge (or both). Zahir values discovery. If someone values discovery, then they are curious and ask questions.

Question:
Based on the above information, is the following statement true, false, or uncertain? Zahir seeks knowledge.

Options:
[""A) True"", ""B) False"", ""C) Uncertain""]",C,2,"fact1: Zahir values discovery.
rule: If someone values discovery, then they are curious and ask questions.
conclusion: Zahir is curious.

According to the context and the conclusions that have already been drawn, we can deduce that it is uncertain that Zahir seeks knowledge. The correct option is: C."
"Given the facts below, answer the question.

Facts:
Baby has a thick coat. Baby enjoys snow. If Baby has a thick coat or enjoys snow, then she was born in cold climates.

Question:
Based on the above information, is the following statement true, false, or uncertain? Baby is good at dogsled racing.

Options:
[""A) True"", ""B) False"", ""C) Uncertain""]","Given the facts below, answer the question.

Facts:
If Baby has a thick coat or enjoys snow, then she was born in cold climates. Baby enjoys snow. Kade is not trained for sled racing. Baby has a thick coat.

Question:
Based on the above information, is the following statement true, false, or uncertain? Baby is good at dogsled racing.

Options:
[""A) True"", ""B) False"", ""C) Uncertain""]",C,2,"fact1: Baby has a thick coat.
fact2: Baby enjoys snow.
rule: If Baby has a thick coat or enjoys snow, then she was born in cold climates.
conclusion: Baby is born in cold climates.

According to the context and the conclusions that have already been drawn, we can deduce that it is uncertain that Baby is good at dogsled racing. The correct option is: C."
"Given the facts below, answer the question.

Facts:
Romina creates a masterpiece. If Romina creates a masterpiece, then she will gain recognition. Romina is talented. If Romina is talented, then she can either gain recognition or inspire others, but not both.

Question:
Based on the above information, is the following statement true, false, or uncertain? Romina does not inspire others.

Options:
[""A) True"", ""B) False"", ""C) Uncertain""]","Given the facts below, answer the question.

Facts:
Nellie is talented. Nellie creates a masterpiece. Romina creates a masterpiece. Romina is talented. If Romina is talented, then she can either gain recognition or inspire others, but not both. If Romina creates a masterpiece, then she will gain recognition. If Meadow creates a masterpiece, then she will gain recognition.

Question:
Based on the above information, is the following statement true, false, or uncertain? Romina does not inspire others.

Options:
[""A) True"", ""B) False"", ""C) Uncertain""]",A,0,"fact1: Romina creates a masterpiece.
rule: If Romina creates a masterpiece, then she will gain recognition.
conclusion: Romina gains recognition.
fact1: Romina is talented.
fact2: Romina gains recognition.
rule: If Romina is talented, then she can either gain recognition or inspire others, but not both.
conclusion: Romina does not inspire others.

Therefore, it is true that Romina does not inspire others. The correct option is: A."
"Given the facts below, answer the question.

Facts:
Beckham is dedicated to the arts. If Beckham is dedicated to the arts, then he is passionate about music. If Beckham is passionate about music, then he will overcome adversity and inspire others.

Question:
Based on the above information, is the following statement true, false, or uncertain? Beckham inspires others.

Options:
[""A) True"", ""B) False"", ""C) Uncertain""]","Given the facts below, answer the question.

Facts:
If Beckham is passionate about music, then he will overcome adversity and inspire others. Beckham is dedicated to the arts. Thaddeus is dedicated to the arts. If Beckham is dedicated to the arts, then he is passionate about music.

Question:
Based on the above information, is the following statement true, false, or uncertain? Beckham inspires others.

Options:
[""A) True"", ""B) False"", ""C) Uncertain""]",A,0,"fact1: Beckham is dedicated to the arts.
rule: If Beckham is dedicated to the arts, then he is passionate about music.
conclusion: Beckham is passionate about music.
fact1: Beckham is passionate about music.
rule: If Beckham is passionate about music, then he will overcome adversity and inspire others.
conclusion: Beckham inspires others.

Therefore, it is true that Beckham inspires others. The correct option is: A."
"Given the facts below, answer the question.

Facts:
Maxton does not attend medical school. Maxton completes a residency. Anyone who attends medical school or completes a residency can have surgical skills. Maxton improves his own self-confidence. If Maxton has surgical skills, then he can either enhance the appearance of others or improve his own self-confidence, but not both.

Question:
Based on the above information, is the following statement true, false, or uncertain? Maxton does not enhance the appearance of others.

Options:
[""A) True"", ""B) False"", ""C) Uncertain""]","Given the facts below, answer the question.

Facts:
Anyone who attends medical school or completes a residency can have surgical skills. Dexter completes a residency. If Maxton has surgical skills, then he can either enhance the appearance of others or improve his own self-confidence, but not both. Mira does not attend medical school. Maxton improves his own self-confidence. Dexter improves his own self-confidence. Maxton completes a residency. Maxton does not attend medical school. If Hayley has surgical skills, then he can either enhance the appearance of others or improve his own self-confidence, but not both.

Question:
Based on the above information, is the following statement true, false, or uncertain? Maxton does not enhance the appearance of others.

Options:
[""A) True"", ""B) False"", ""C) Uncertain""]",A,0,"fact1: Maxton does not attend medical school.
fact2: Maxton completes a residency.
rule: Anyone who attends medical school or completes a residency can have surgical skills.
conclusion: Maxton has surgical skills.
fact1: Maxton has surgical skills.
fact2: Maxton improves his own self-confidence.
rule: If Maxton has surgical skills, then he can either enhance the appearance of others or improve his own self-confidence, but not both.
conclusion: Maxton does not enhance the appearance of others.

Therefore, it is true that Maxton does not enhance the appearance of others. The correct option is: A."
"Given the facts below, answer the question.

Facts:
Grace builds trust. Grace encourages cultural exchange. If someone builds trust, then they foster economic cooperation and encourage cultural exchange. Grace is a skilled diplomat. If Grace is a skilled diplomat, then she can either broker peace or foster economic cooperation, but not both.

Question:
Based on the above information, is the following statement true, false, or uncertain? Grace brokers peace.

Options:
[""A) True"", ""B) False"", ""C) Uncertain""]","Given the facts below, answer the question.

Facts:
Grace is a skilled diplomat. Emberlynn is a skilled diplomat. Elianna encourages cultural exchange. Grace encourages cultural exchange. Elianna builds trust. If Emberlynn is a skilled diplomat, then she can either broker peace or foster economic cooperation, but not both. If Grace is a skilled diplomat, then she can either broker peace or foster economic cooperation, but not both. If someone builds trust, then they foster economic cooperation and encourage cultural exchange. Everyone who is a respected leader either fosters economic cooperation or resolves conflicts (or both). Grace builds trust.

Question:
Based on the above information, is the following statement true, false, or uncertain? Grace brokers peace.

Options:
[""A) True"", ""B) False"", ""C) Uncertain""]",B,1,"fact1: Grace builds trust.
fact2: Grace encourages cultural exchange.
rule: If someone builds trust, then they foster economic cooperation and encourage cultural exchange.
conclusion: Grace fosters economic cooperation.
fact1: Grace is a skilled diplomat.
fact2: Grace fosters economic cooperation.
rule: If Grace is a skilled diplomat, then she can either broker peace or foster economic cooperation, but not both.
conclusion: Grace brokers peace.

Therefore, it is false that Grace brokers peace. The correct option is: B."
"Given the facts below, answer the question.

Facts:
Krew raises awareness. Krew does not support charity. If Krew either raises awareness or supports charity (but not both), then he uses his platform for good. Either Krew uses his platform for good or he only seeks self-promotion, but not both.

Question:
Based on the above information, is the following statement true, false, or uncertain? Krew does not only seek self-promotion.

Options:
[""A) True"", ""B) False"", ""C) Uncertain""]","Given the facts below, answer the question.

Facts:
If Krew either raises awareness or supports charity (but not both), then he uses his platform for good. If Luciana either raises awareness or supports charity (but not both), then he uses his platform for good. Either Boone uses his platform for good or he only seeks self-promotion, but not both. Krew does not support charity. Either Krew uses his platform for good or he only seeks self-promotion, but not both. Krew raises awareness.

Question:
Based on the above information, is the following statement true, false, or uncertain? Krew does not only seek self-promotion.

Options:
[""A) True"", ""B) False"", ""C) Uncertain""]",A,0,"fact1: Krew raises awareness.
fact2: Krew does not support charity.
rule: If Krew either raises awareness or supports charity (but not both), then he uses his platform for good.
conclusion: Krew uses his platform for good.
fact1: Krew uses his platform for good.
rule: Either Krew uses his platform for good or he only seeks self-promotion, but not both.
conclusion: Krew does not only seek self-promotion.

Therefore, it is true that Krew does not only seek self-promotion. The correct option is: A."
"Given the facts below, answer the question.

Facts:
Maleah studies bird behavior. Maleah does not publish research. Anyone who studies bird behavior or publishes research can contribute to scientific knowledge.

Question:
Based on the above information, is the following statement true, false, or uncertain? Maleah values wildlife conservation and contributes to scientific knowledge.

Options:
[""A) True"", ""B) False"", ""C) Uncertain""]","Given the facts below, answer the question.

Facts:
Leighton does not love nature. Maleah does not publish research. Maleah studies bird behavior. Leighton supports ecological projects. Anyone who studies bird behavior or publishes research can contribute to scientific knowledge. Leighton does not publish research.

Question:
Based on the above information, is the following statement true, false, or uncertain? Maleah values wildlife conservation and contributes to scientific knowledge.

Options:
[""A) True"", ""B) False"", ""C) Uncertain""]",C,2,"fact1: Maleah studies bird behavior.
fact2: Maleah does not publish research.
rule: Anyone who studies bird behavior or publishes research can contribute to scientific knowledge.
conclusion: Maleah contributes to scientific knowledge.

According to the context and the conclusions that have already been drawn, we can deduce that it is uncertain that Maleah values wildlife conservation and contributes to scientific knowledge. The correct option is: C."
"Given the facts below, answer the question.

Facts:
Chaim is patriotic. For every human, they are either patriotic or not patriotic, but not both.

Question:
Based on the above information, is the following statement true, false, or uncertain? Chaim is not patriotic.

Options:
[""A) True"", ""B) False"", ""C) Uncertain""]","Given the facts below, answer the question.

Facts:
Cedric is patriotic. Chaim is patriotic. For every human, they are either patriotic or not patriotic, but not both.

Question:
Based on the above information, is the following statement true, false, or uncertain? Chaim is not patriotic.

Options:
[""A) True"", ""B) False"", ""C) Uncertain""]",B,1,"fact1: Chaim is patriotic.
rule: For every human, they are either patriotic or not patriotic, but not both.
conclusion: Chaim is not patriotic.

Therefore, it is false that Chaim is not patriotic. The correct option is: B."
"Given the facts below, answer the question.

Facts:
Sullivan lives in harmony with his environment. Sullivan maintains the ecological balance. If Sullivan lives in harmony with his environment, then he either helps other marine animals or maintains the ecological balance, but not both.

Question:
Based on the above information, is the following statement true, false, or uncertain? Sullivan helps other marine animals.

Options:
[""A) True"", ""B) False"", ""C) Uncertain""]","Given the facts below, answer the question.

Facts:
Sullivan lives in harmony with his environment. If Caroline lives in harmony with his environment, then he either helps other marine animals or maintains the ecological balance, but not both. If Sullivan lives in harmony with his environment, then he either helps other marine animals or maintains the ecological balance, but not both. Sullivan maintains the ecological balance.

Question:
Based on the above information, is the following statement true, false, or uncertain? Sullivan helps other marine animals.

Options:
[""A) True"", ""B) False"", ""C) Uncertain""]",B,1,"fact1: Sullivan lives in harmony with his environment.
fact2: Sullivan maintains the ecological balance.
rule: If Sullivan lives in harmony with his environment, then he either helps other marine animals or maintains the ecological balance, but not both.
conclusion: Sullivan helps other marine animals.

Therefore, it is false that Sullivan helps other marine animals. The correct option is: B."
"Given the facts below, answer the question.

Facts:
Lottie has a disability. Lottie can still thrive. If Lottie has a disability, then she either requires special support or can still thrive, but not both.

Question:
Based on the above information, is the following statement true, false, or uncertain? Lottie requires special support.

Options:
[""A) True"", ""B) False"", ""C) Uncertain""]","Given the facts below, answer the question.

Facts:
If Lottie has a disability, then she either requires special support or can still thrive, but not both. Kannon has a disability. If Dearest has a disability, then she either requires special support or can still thrive, but not both. Lottie has a disability. Lottie can still thrive.

Question:
Based on the above information, is the following statement true, false, or uncertain? Lottie requires special support.

Options:
[""A) True"", ""B) False"", ""C) Uncertain""]",B,1,"fact1: Lottie has a disability.
fact2: Lottie can still thrive.
rule: If Lottie has a disability, then she either requires special support or can still thrive, but not both.
conclusion: Lottie requires special support.

Therefore, it is false that Lottie requires special support. The correct option is: B."
"Given the facts below, answer the question.

Facts:
Augustus works hard. For anyone, either having creative talent or working hard is possible, but it's not necessary that they do both.

Question:
Based on the above information, is the following statement true, false, or uncertain? Augustus will become a successful animator.

Options:
[""A) True"", ""B) False"", ""C) Uncertain""]","Given the facts below, answer the question.

Facts:
For anyone, either having creative talent or working hard is possible, but it's not necessary that they do both. Augustus works hard. Andy works hard. Andy studies animation.

Question:
Based on the above information, is the following statement true, false, or uncertain? Augustus will become a successful animator.

Options:
[""A) True"", ""B) False"", ""C) Uncertain""]",C,2,"fact1: Augustus works hard.
rule: For anyone, either having creative talent or working hard is possible, but it's not necessary that they do both.
conclusion: Augustus does not have creative talent.

According to the context and the conclusions that have already been drawn, we can deduce that it is uncertain that Augustus will become a successful animator. The correct option is: C."
"Given the facts below, answer the question.

Facts:
Jordan is an elite athlete. Jordan trains with a coach. If Jordan is an elite athlete, then he either uses advanced nutrition or trains with a coach, but not both. Jordan practices mental discipline. For all humans, if they use advanced nutrition or practice mental discipline, then they can enhance their athletic performance.

Question:
Based on the above information, is the following statement true, false, or uncertain? Jordan can enhance his athletic performance.

Options:
[""A) True"", ""B) False"", ""C) Uncertain""]","Given the facts below, answer the question.

Facts:
For all humans, if they use advanced nutrition or practice mental discipline, then they can enhance their athletic performance. Mccoy trains with a coach. Jordan is an elite athlete. Jordan trains with a coach. If Jordan is an elite athlete, then he either uses advanced nutrition or trains with a coach, but not both. If Mccoy is an elite athlete, then he either uses advanced nutrition or trains with a coach, but not both. Maya practices mental discipline. Maya is an elite athlete. Jordan practices mental discipline.

Question:
Based on the above information, is the following statement true, false, or uncertain? Jordan can enhance his athletic performance.

Options:
[""A) True"", ""B) False"", ""C) Uncertain""]",A,0,"fact1: Jordan is an elite athlete.
fact2: Jordan trains with a coach.
rule: If Jordan is an elite athlete, then he either uses advanced nutrition or trains with a coach, but not both.
conclusion: Jordan does not use advanced nutrition.
fact1: Jordan does not use advanced nutrition.
fact2: Jordan practices mental discipline.
rule: For all humans, if they use advanced nutrition or practice mental discipline, then they can enhance their athletic performance.
conclusion: Jordan can enhance his athletic performance.

Therefore, it is true that Jordan can enhance his athletic performance. The correct option is: A."
"Given the facts below, answer the question.

Facts:
Tru experienced injustice. If Tru either experienced injustice or lost a loved one to crime (or both), then he pursues criminal justice.

Question:
Based on the above information, is the following statement true, false, or uncertain? Tru does not pursue criminal justice.

Options:
[""A) True"", ""B) False"", ""C) Uncertain""]","Given the facts below, answer the question.

Facts:
Mekhi experienced injustice. If Tru either experienced injustice or lost a loved one to crime (or both), then he pursues criminal justice. Tru experienced injustice.

Question:
Based on the above information, is the following statement true, false, or uncertain? Tru does not pursue criminal justice.

Options:
[""A) True"", ""B) False"", ""C) Uncertain""]",B,1,"fact1: Tru experienced injustice.
rule: If Tru either experienced injustice or lost a loved one to crime (or both), then he pursues criminal justice.
conclusion: Tru does not pursue criminal justice.

Therefore, it is false that Tru does not pursue criminal justice. The correct option is: B."
"Given the facts below, answer the question.

Facts:
Carlos enjoys the outdoors. Carlos does not study plants. Anyone who enjoys the outdoors or studies plants appreciates nature. Carlos becomes a botanist. If Carlos appreciates nature, then he can either become a perfumer or a botanist, but not both.

Question:
Based on the above information, is the following statement true, false, or uncertain? Carlos does not become a perfumer.

Options:
[""A) True"", ""B) False"", ""C) Uncertain""]","Given the facts below, answer the question.

Facts:
Carlos becomes a botanist. Carlos enjoys the outdoors. Anyone who enjoys the outdoors or studies plants appreciates nature. Dalton becomes a botanist. Carlos does not study plants. If Carlos appreciates nature, then he can either become a perfumer or a botanist, but not both.

Question:
Based on the above information, is the following statement true, false, or uncertain? Carlos does not become a perfumer.

Options:
[""A) True"", ""B) False"", ""C) Uncertain""]",A,0,"fact1: Carlos enjoys the outdoors.
fact2: Carlos does not study plants.
rule: Anyone who enjoys the outdoors or studies plants appreciates nature.
conclusion: Carlos appreciates nature.
fact1: Carlos appreciates nature.
fact2: Carlos becomes a botanist.
rule: If Carlos appreciates nature, then he can either become a perfumer or a botanist, but not both.
conclusion: Carlos does not become a perfumer.

Therefore, it is true that Carlos does not become a perfumer. The correct option is: A."
"Given the facts below, answer the question.

Facts:
Bjorn is an experienced miner. If Bjorn is an experienced miner, then he makes notable discoveries and is respected by his peers.

Question:
Based on the above information, is the following statement true, false, or uncertain? Bjorn makes notable discoveries.

Options:
[""A) True"", ""B) False"", ""C) Uncertain""]","Given the facts below, answer the question.

Facts:
If Zamir is an experienced miner, then he makes notable discoveries and is respected by his peers. If Bjorn is an experienced miner, then he makes notable discoveries and is respected by his peers. Bjorn is an experienced miner.

Question:
Based on the above information, is the following statement true, false, or uncertain? Bjorn makes notable discoveries.

Options:
[""A) True"", ""B) False"", ""C) Uncertain""]",A,0,"fact1: Bjorn is an experienced miner.
rule: If Bjorn is an experienced miner, then he makes notable discoveries and is respected by his peers.
conclusion: Bjorn makes notable discoveries.

Therefore, it is true that Bjorn makes notable discoveries. The correct option is: A."
"Given the facts below, answer the question.

Facts:
Leonardo writes poetry. For Leonardo, either he writes poetry or he sketches by the sea, but not both.

Question:
Based on the above information, is the following statement true, false, or uncertain? Leonardo does not create beautiful art.

Options:
[""A) True"", ""B) False"", ""C) Uncertain""]","Given the facts below, answer the question.

Facts:
Leonardo writes poetry. Bellamy loves the ocean. Bellamy writes poetry. If Bellamy loves the ocean and sketches by the sea, then he creates beautiful art. For Leonardo, either he writes poetry or he sketches by the sea, but not both.

Question:
Based on the above information, is the following statement true, false, or uncertain? Leonardo does not create beautiful art.

Options:
[""A) True"", ""B) False"", ""C) Uncertain""]",C,2,"fact1: Leonardo writes poetry.
rule: For Leonardo, either he writes poetry or he sketches by the sea, but not both.
conclusion: Leonardo does not sketch by the sea.

According to the context and the conclusions that have already been drawn, we can deduce that it is uncertain that Leonardo does not create beautiful art. The correct option is: C."
"Given the facts below, answer the question.

Facts:
Derrick is an experienced outdoorsman. For every human, they are either an experienced outdoorsman or an inexperienced outdoorsman, but not both.

Question:
Based on the above information, is the following statement true, false, or uncertain? Derrick is an inexperienced outdoorsman.

Options:
[""A) True"", ""B) False"", ""C) Uncertain""]","Given the facts below, answer the question.

Facts:
Derrick is an experienced outdoorsman. Sincere is an experienced outdoorsman. For every human, they are either an experienced outdoorsman or an inexperienced outdoorsman, but not both.

Question:
Based on the above information, is the following statement true, false, or uncertain? Derrick is an inexperienced outdoorsman.

Options:
[""A) True"", ""B) False"", ""C) Uncertain""]",B,1,"fact1: Derrick is an experienced outdoorsman.
rule: For every human, they are either an experienced outdoorsman or an inexperienced outdoorsman, but not both.
conclusion: Derrick is an inexperienced outdoorsman.

Therefore, it is false that Derrick is an inexperienced outdoorsman. The correct option is: B."
"Given the facts below, answer the question.

Facts:
Jonah values diversity. Jonah encourages innovation. If someone values diversity and encourages innovation, then they can foster creativity. Jonah has integrity. If Jonah has integrity, then he either inspires excellence or fosters creativity, but not both.

Question:
Based on the above information, is the following statement true, false, or uncertain? If Jonah is a good leader, then he either earns respect or inspires excellence (or both).

Options:
[""A) True"", ""B) False"", ""C) Uncertain""]","Given the facts below, answer the question.

Facts:
If Jonah has integrity, then he either inspires excellence or fosters creativity, but not both. Jonah encourages innovation. Shay values diversity. If someone values diversity and encourages innovation, then they can foster creativity. Jonah values diversity. Ricardo has integrity. Anyone who demonstrates empathy either supports students or fosters creativity (or both). If Shay has integrity, then he either inspires excellence or fosters creativity, but not both. Ricardo encourages innovation. Jonah has integrity.

Question:
Based on the above information, is the following statement true, false, or uncertain? If Jonah is a good leader, then he either earns respect or inspires excellence (or both).

Options:
[""A) True"", ""B) False"", ""C) Uncertain""]",C,2,"fact1: Jonah values diversity.
fact2: Jonah encourages innovation.
rule: If someone values diversity and encourages innovation, then they can foster creativity.
conclusion: Jonah fosters creativity.
fact1: Jonah has integrity.
fact2: Jonah fosters creativity.
rule: If Jonah has integrity, then he either inspires excellence or fosters creativity, but not both.
conclusion: Jonah does not inspire excellence.

According to the context and the conclusions that have already been drawn, we can deduce that it is uncertain that If Jonah is a good leader, then he either earns respect or inspires excellence (or both). The correct option is: C."
"Given the facts below, answer the question.

Facts:
Pooh is watchful. Pooh protects his friends. If Pooh is watchful, then he can either protect his friends or prevent trouble, but not both.

Question:
Based on the above information, is the following statement true, false, or uncertain? Pooh prevents trouble.

Options:
[""A) True"", ""B) False"", ""C) Uncertain""]","Given the facts below, answer the question.

Facts:
Pooh is watchful. If Milana is watchful, then he can either protect his friends or prevent trouble, but not both. If Pooh is watchful, then he can either protect his friends or prevent trouble, but not both. Pooh protects his friends. Milana is watchful.

Question:
Based on the above information, is the following statement true, false, or uncertain? Pooh prevents trouble.

Options:
[""A) True"", ""B) False"", ""C) Uncertain""]",B,1,"fact1: Pooh is watchful.
fact2: Pooh protects his friends.
rule: If Pooh is watchful, then he can either protect his friends or prevent trouble, but not both.
conclusion: Pooh prevents trouble.

Therefore, it is false that Pooh prevents trouble. The correct option is: B."
"Given the facts below, answer the question.

Facts:
Novalee does not study animals. Novalee either studies animals or tracks wildlife effectively. If Novalee can track wildlife effectively, then she contributes to conservation.

Question:
Based on the above information, is the following statement true, false, or uncertain? Novalee does not contribute to conservation.

Options:
[""A) True"", ""B) False"", ""C) Uncertain""]","Given the facts below, answer the question.

Facts:
If Kingsley can track wildlife effectively, then she contributes to conservation. Novalee does not study animals. If Novalee can track wildlife effectively, then she contributes to conservation. Jaxxon either studies animals or tracks wildlife effectively. Jaxxon does not study animals. Novalee either studies animals or tracks wildlife effectively.

Question:
Based on the above information, is the following statement true, false, or uncertain? Novalee does not contribute to conservation.

Options:
[""A) True"", ""B) False"", ""C) Uncertain""]",B,1,"fact1: Novalee does not study animals.
rule: Novalee either studies animals or tracks wildlife effectively.
conclusion: Novalee can track wildlife effectively.
fact1: Novalee can track wildlife effectively.
rule: If Novalee can track wildlife effectively, then she contributes to conservation.
conclusion: Novalee does not contribute to conservation.

Therefore, it is false that Novalee does not contribute to conservation. The correct option is: B."
"Given the facts below, answer the question.

Facts:
Billie is a laundry worker. Billie works efficiently. If Billie is a laundry worker, then she either removes tough stains or works efficiently (but not both).

Question:
Based on the above information, is the following statement true, false, or uncertain? If Billie is a skilled washwoman, then she either removes tough stains or takes pride in her work (or both).

Options:
[""A) True"", ""B) False"", ""C) Uncertain""]","Given the facts below, answer the question.

Facts:
Adonis is a laundry worker. Rosalie works efficiently. If Dream is a laundry worker, then she either removes tough stains or works efficiently (but not both). Billie works efficiently. Billie is a laundry worker. If Billie is a laundry worker, then she either removes tough stains or works efficiently (but not both).

Question:
Based on the above information, is the following statement true, false, or uncertain? If Billie is a skilled washwoman, then she either removes tough stains or takes pride in her work (or both).

Options:
[""A) True"", ""B) False"", ""C) Uncertain""]",C,2,"fact1: Billie is a laundry worker.
fact2: Billie works efficiently.
rule: If Billie is a laundry worker, then she either removes tough stains or works efficiently (but not both).
conclusion: Billie does not remove tough stains.

According to the context and the conclusions that have already been drawn, we can deduce that it is uncertain that If Billie is a skilled washwoman, then she either removes tough stains or takes pride in her work (or both). The correct option is: C."
"Given the facts below, answer the question.

Facts:
Nash pursues artistic pursuits. Nash either pursues artistic pursuits or creates thoughtful designs, but not both.

Question:
Based on the above information, is the following statement true, false, or uncertain? Nash does not build strong communities.

Options:
[""A) True"", ""B) False"", ""C) Uncertain""]","Given the facts below, answer the question.

Facts:
Nash either pursues artistic pursuits or creates thoughtful designs, but not both. Charlee pursues artistic pursuits. Aubrie either pursues artistic pursuits or creates thoughtful designs, but not both. Nash pursues artistic pursuits.

Question:
Based on the above information, is the following statement true, false, or uncertain? Nash does not build strong communities.

Options:
[""A) True"", ""B) False"", ""C) Uncertain""]",C,2,"fact1: Nash pursues artistic pursuits.
rule: Nash either pursues artistic pursuits or creates thoughtful designs, but not both.
conclusion: Nash does not create thoughtful designs.

According to the context and the conclusions that have already been drawn, we can deduce that it is uncertain that Nash does not build strong communities. The correct option is: C."
"Given the facts below, answer the question.

Facts:
Amir writes romantic novels. Amir either writes romantic novels or criticizes society, but not both.

Question:
Based on the above information, is the following statement true, false, or uncertain? Amir does not spark meaningful conversations.

Options:
[""A) True"", ""B) False"", ""C) Uncertain""]","Given the facts below, answer the question.

Facts:
Amir writes romantic novels. If Jamison criticizes society, then he sparks meaningful conversations. Whitley writes romantic novels. Amir either writes romantic novels or criticizes society, but not both. Whitley either writes romantic novels or criticizes society, but not both.

Question:
Based on the above information, is the following statement true, false, or uncertain? Amir does not spark meaningful conversations.

Options:
[""A) True"", ""B) False"", ""C) Uncertain""]",C,2,"fact1: Amir writes romantic novels.
rule: Amir either writes romantic novels or criticizes society, but not both.
conclusion: Amir does not criticize society.

According to the context and the conclusions that have already been drawn, we can deduce that it is uncertain that Amir does not spark meaningful conversations. The correct option is: C."
"Given the facts below, answer the question.

Facts:
Aidan founds his own company. Aidan either inherits leadership or founds his own company, but not both. Aidan either inherits leadership or builds his own business (or both).

Question:
Based on the above information, is the following statement true, false, or uncertain? Aidan does not build his own business.

Options:
[""A) True"", ""B) False"", ""C) Uncertain""]","Given the facts below, answer the question.

Facts:
Legacy founds his own company. Aidan either inherits leadership or builds his own business (or both). Aidan founds his own company. Lina either inherits leadership or founds his own company, but not both. Aidan either inherits leadership or founds his own company, but not both.

Question:
Based on the above information, is the following statement true, false, or uncertain? Aidan does not build his own business.

Options:
[""A) True"", ""B) False"", ""C) Uncertain""]",B,1,"fact1: Aidan founds his own company.
rule: Aidan either inherits leadership or founds his own company, but not both.
conclusion: Aidan does not inherit leadership.
fact1: Aidan does not inherit leadership.
rule: Aidan either inherits leadership or builds his own business (or both).
conclusion: Aidan does not build his own business.

Therefore, it is false that Aidan does not build his own business. The correct option is: B."
"Given the facts below, answer the question.

Facts:
Edwin enjoys hosting parties. Edwin loves family gatherings. If Edwin enjoys hosting parties, then he either brings people together or loves family gatherings, but not both. Edwin is a talented chef. Edwin runs a successful restaurant. If Edwin is a talented chef, then he either runs a successful restaurant or creates delicious meals (but not both).

Question:
Based on the above information, is the following statement true, false, or uncertain? If Edwin is passionate about cooking, then he creates delicious meals and brings people together.

Options:
[""A) True"", ""B) False"", ""C) Uncertain""]","Given the facts below, answer the question.

Facts:
Edwin enjoys hosting parties. Edwin is a talented chef. Rhodes is a talented chef. If Liberty is a talented chef, then he either runs a successful restaurant or creates delicious meals (but not both). Anyone with culinary expertise can create delicious meals. Celia runs a successful restaurant. Liberty loves family gatherings. Celia enjoys hosting parties. If Edwin is a talented chef, then he either runs a successful restaurant or creates delicious meals (but not both). Edwin runs a successful restaurant. If Liberty enjoys hosting parties, then he either brings people together or loves family gatherings, but not both. If Edwin enjoys hosting parties, then he either brings people together or loves family gatherings, but not both. Edwin loves family gatherings.

Question:
Based on the above information, is the following statement true, false, or uncertain? If Edwin is passionate about cooking, then he creates delicious meals and brings people together.

Options:
[""A) True"", ""B) False"", ""C) Uncertain""]",C,2,"fact1: Edwin enjoys hosting parties.
fact2: Edwin loves family gatherings.
rule: If Edwin enjoys hosting parties, then he either brings people together or loves family gatherings, but not both.
conclusion: Edwin does not bring people together.
fact1: Edwin is a talented chef.
fact2: Edwin runs a successful restaurant.
rule: If Edwin is a talented chef, then he either runs a successful restaurant or creates delicious meals (but not both).
conclusion: Edwin does not create delicious meals.

According to the context and the conclusions that have already been drawn, we can deduce that it is uncertain that If Edwin is passionate about cooking, then he creates delicious meals and brings people together. The correct option is: C."
"Given the facts below, answer the question.

Facts:
Elle does not lack drive. Elle either lacks drive or is ambitious. Elle is either ambitious or unmotivated, but not both.

Question:
Based on the above information, is the following statement true, false, or uncertain? Elle is unmotivated.

Options:
[""A) True"", ""B) False"", ""C) Uncertain""]","Given the facts below, answer the question.

Facts:
Elle is either ambitious or unmotivated, but not both. Anya does not lack drive. Bennett either lacks drive or is ambitious. Elle either lacks drive or is ambitious. Elle does not lack drive.

Question:
Based on the above information, is the following statement true, false, or uncertain? Elle is unmotivated.

Options:
[""A) True"", ""B) False"", ""C) Uncertain""]",B,1,"fact1: Elle does not lack drive.
rule: Elle either lacks drive or is ambitious.
conclusion: Elle is ambitious.
fact1: Elle is ambitious.
rule: Elle is either ambitious or unmotivated, but not both.
conclusion: Elle is unmotivated.

Therefore, it is false that Elle is unmotivated. The correct option is: B."
"Given the facts below, answer the question.

Facts:
Lachlan attends a ceilidh. Lachlan dances traditionally. If Lachlan attends a ceilidh, then he either dances traditionally or plays the bagpipes (but not both).

Question:
Based on the above information, is the following statement true, false, or uncertain? Lachlan feels joy.

Options:
[""A) True"", ""B) False"", ""C) Uncertain""]","Given the facts below, answer the question.

Facts:
If Lachlan attends a ceilidh, then he either dances traditionally or plays the bagpipes (but not both). Carson attends a ceilidh. Lachlan attends a ceilidh. Lachlan dances traditionally. Anne does not listen to the bagpipes.

Question:
Based on the above information, is the following statement true, false, or uncertain? Lachlan feels joy.

Options:
[""A) True"", ""B) False"", ""C) Uncertain""]",C,2,"fact1: Lachlan attends a ceilidh.
fact2: Lachlan dances traditionally.
rule: If Lachlan attends a ceilidh, then he either dances traditionally or plays the bagpipes (but not both).
conclusion: Lachlan does not play the bagpipes.

According to the context and the conclusions that have already been drawn, we can deduce that it is uncertain that Lachlan feels joy. The correct option is: C."
"Given the facts below, answer the question.

Facts:
Hadley faces adversity. Hadley does not have mental resilience. If Hadley faces adversity, then she is either strong-willed or has mental resilience (but not both).

Question:
Based on the above information, is the following statement true, false, or uncertain? Hadley does not have a good luck charm.

Options:
[""A) True"", ""B) False"", ""C) Uncertain""]","Given the facts below, answer the question.

Facts:
Hadley faces adversity. If Julius faces adversity, then she is either strong-willed or has mental resilience (but not both). Neil does not have mental resilience. Hadley does not have mental resilience. Neil faces adversity. If Khalani survived a severe storm, then she either had a good luck charm or was strong-willed (or both). If Hadley faces adversity, then she is either strong-willed or has mental resilience (but not both). If Hadley faced challenges, then she either is strong-willed or received proper training (or both).

Question:
Based on the above information, is the following statement true, false, or uncertain? Hadley does not have a good luck charm.

Options:
[""A) True"", ""B) False"", ""C) Uncertain""]",C,2,"fact1: Hadley faces adversity.
fact2: Hadley does not have mental resilience.
rule: If Hadley faces adversity, then she is either strong-willed or has mental resilience (but not both).
conclusion: Hadley is strong-willed.

According to the context and the conclusions that have already been drawn, we can deduce that it is uncertain that Hadley does not have a good luck charm. The correct option is: C."
"Given the facts below, answer the question.

Facts:
Emiliano is not radicalized. Emiliano is either radicalized or moderate, but not both.

Question:
Based on the above information, is the following statement true, false, or uncertain? Emiliano is not moderate.

Options:
[""A) True"", ""B) False"", ""C) Uncertain""]","Given the facts below, answer the question.

Facts:
Emiliano is not radicalized. Emiliano is either radicalized or moderate, but not both. Sweetheart is either radicalized or moderate, but not both. Sweetheart is not radicalized.

Question:
Based on the above information, is the following statement true, false, or uncertain? Emiliano is not moderate.

Options:
[""A) True"", ""B) False"", ""C) Uncertain""]",B,1,"fact1: Emiliano is not radicalized.
rule: Emiliano is either radicalized or moderate, but not both.
conclusion: Emiliano is not moderate.

Therefore, it is false that Emiliano is not moderate. The correct option is: B."
"Given the facts below, answer the question.

Facts:
Xiomara does not appreciate traditional cuisine. Xiomara either appreciates traditional cuisine or enjoys experimental flavors (or both).

Question:
Based on the above information, is the following statement true, false, or uncertain? Xiomara does not enjoy experimental flavors.

Options:
[""A) True"", ""B) False"", ""C) Uncertain""]","Given the facts below, answer the question.

Facts:
Johan does not appreciate traditional cuisine. Xiomara does not appreciate traditional cuisine. Bodie either appreciates traditional cuisine or enjoys experimental flavors (or both). Xiomara either appreciates traditional cuisine or enjoys experimental flavors (or both).

Question:
Based on the above information, is the following statement true, false, or uncertain? Xiomara does not enjoy experimental flavors.

Options:
[""A) True"", ""B) False"", ""C) Uncertain""]",B,1,"fact1: Xiomara does not appreciate traditional cuisine.
rule: Xiomara either appreciates traditional cuisine or enjoys experimental flavors (or both).
conclusion: Xiomara does not enjoy experimental flavors.

Therefore, it is false that Xiomara does not enjoy experimental flavors. The correct option is: B."
"Given the facts below, answer the question.

Facts:
Christian faces challenges. Christian seeks support. If Christian faces challenges, then he will either seek support or express his emotions, but not both.

Question:
Based on the above information, is the following statement true, false, or uncertain? Christian does not find comfort.

Options:
[""A) True"", ""B) False"", ""C) Uncertain""]","Given the facts below, answer the question.

Facts:
Christian faces challenges. If Christian faces challenges, then he will either seek support or express his emotions, but not both. Stella faces challenges. Christian seeks support. If Zayla expresses his emotions, then he can either find comfort or begin healing, but not both.

Question:
Based on the above information, is the following statement true, false, or uncertain? Christian does not find comfort.

Options:
[""A) True"", ""B) False"", ""C) Uncertain""]",C,2,"fact1: Christian faces challenges.
fact2: Christian seeks support.
rule: If Christian faces challenges, then he will either seek support or express his emotions, but not both.
conclusion: Christian does not express his emotions.

According to the context and the conclusions that have already been drawn, we can deduce that it is uncertain that Christian does not find comfort. The correct option is: C."
"Given the facts below, answer the question.

Facts:
Mackenzie has a carefree spirit. Mackenzie creates timeless art. If Mackenzie has a carefree spirit, then she either looks young or creates timeless art, but not both.

Question:
Based on the above information, is the following statement true, false, or uncertain? Mackenzie looks young.

Options:
[""A) True"", ""B) False"", ""C) Uncertain""]","Given the facts below, answer the question.

Facts:
Marcelo creates timeless art. Mackenzie has a carefree spirit. Mackenzie creates timeless art. If Mackenzie has a carefree spirit, then she either looks young or creates timeless art, but not both.

Question:
Based on the above information, is the following statement true, false, or uncertain? Mackenzie looks young.

Options:
[""A) True"", ""B) False"", ""C) Uncertain""]",B,1,"fact1: Mackenzie has a carefree spirit.
fact2: Mackenzie creates timeless art.
rule: If Mackenzie has a carefree spirit, then she either looks young or creates timeless art, but not both.
conclusion: Mackenzie looks young.

Therefore, it is false that Mackenzie looks young. The correct option is: B."
"Given the facts below, answer the question.

Facts:
Bronson has superhuman strength. Every superhero who has superhuman strength is a formidable opponent.

Question:
Based on the above information, is the following statement true, false, or uncertain? Bronson is a formidable opponent.

Options:
[""A) True"", ""B) False"", ""C) Uncertain""]","Given the facts below, answer the question.

Facts:
Dorothy has superhuman strength. Every superhero who has superhuman strength is a formidable opponent. Bronson has superhuman strength.

Question:
Based on the above information, is the following statement true, false, or uncertain? Bronson is a formidable opponent.

Options:
[""A) True"", ""B) False"", ""C) Uncertain""]",A,0,"fact1: Bronson has superhuman strength.
rule: Every superhero who has superhuman strength is a formidable opponent.
conclusion: Bronson is a formidable opponent.

Therefore, it is true that Bronson is a formidable opponent. The correct option is: A."
"Given the facts below, answer the question.

Facts:
Madden obeys commands. Madden either obeys commands or is loyal, but not both.

Question:
Based on the above information, is the following statement true, false, or uncertain? Madden does not remain faithful.

Options:
[""A) True"", ""B) False"", ""C) Uncertain""]","Given the facts below, answer the question.

Facts:
Tiger does not protect his rider. Zavier either obeys commands or is loyal, but not both. If Mustafa is loyal, then he either protects his rider or remains faithful, but not both. Madden either obeys commands or is loyal, but not both. Madden obeys commands.

Question:
Based on the above information, is the following statement true, false, or uncertain? Madden does not remain faithful.

Options:
[""A) True"", ""B) False"", ""C) Uncertain""]",C,2,"fact1: Madden obeys commands.
rule: Madden either obeys commands or is loyal, but not both.
conclusion: Madden is not loyal.

According to the context and the conclusions that have already been drawn, we can deduce that it is uncertain that Madden does not remain faithful. The correct option is: C."
"Given the facts below, answer the question.

Facts:
Kennedi leads a healthy lifestyle. Kennedi either leads a healthy lifestyle or faces a health crisis, but not both.

Question:
Based on the above information, is the following statement true, false, or uncertain? Kennedi does not inspire others.

Options:
[""A) True"", ""B) False"", ""C) Uncertain""]","Given the facts below, answer the question.

Facts:
Kennedi leads a healthy lifestyle. Kennedi either leads a healthy lifestyle or faces a health crisis, but not both. Kaia either leads a healthy lifestyle or faces a health crisis, but not both. Kaia leads a healthy lifestyle.

Question:
Based on the above information, is the following statement true, false, or uncertain? Kennedi does not inspire others.

Options:
[""A) True"", ""B) False"", ""C) Uncertain""]",C,2,"fact1: Kennedi leads a healthy lifestyle.
rule: Kennedi either leads a healthy lifestyle or faces a health crisis, but not both.
conclusion: Kennedi does not face a health crisis.

According to the context and the conclusions that have already been drawn, we can deduce that it is uncertain that Kennedi does not inspire others. The correct option is: C."
"Given the facts below, answer the question.

Facts:
Lennox does not speak the truth. Lennox challenges authority. If Lennox either speaks truth or challenges authority (but not both), then he is fearless. Lennox is either fearless or timid, but not both.

Question:
Based on the above information, is the following statement true, false, or uncertain? Lennox is timid.

Options:
[""A) True"", ""B) False"", ""C) Uncertain""]","Given the facts below, answer the question.

Facts:
If Blossom either speaks truth or challenges authority (but not both), then he is fearless. Cupcake is either fearless or timid, but not both. Addilyn challenges authority. Lennox challenges authority. Lennox is either fearless or timid, but not both. If Lennox stands up for his rights and refuses to back down, then he is fearless. Addilyn does not speak the truth. Lennox does not speak the truth. If Lennox either speaks truth or challenges authority (but not both), then he is fearless.

Question:
Based on the above information, is the following statement true, false, or uncertain? Lennox is timid.

Options:
[""A) True"", ""B) False"", ""C) Uncertain""]",B,1,"fact1: Lennox does not speak the truth.
fact2: Lennox challenges authority.
rule: If Lennox either speaks truth or challenges authority (but not both), then he is fearless.
conclusion: Lennox is fearless.
fact1: Lennox is fearless.
rule: Lennox is either fearless or timid, but not both.
conclusion: Lennox is timid.

Therefore, it is false that Lennox is timid. The correct option is: B."
"Given the facts below, answer the question.

Facts:
Augustine is saprobic. Augustine decomposes organic matter. For all fungi, if a fungus is saprobic, then it decomposes organic matter and nourishes the surrounding flora.

Question:
Based on the above information, is the following statement true, false, or uncertain? Augustine nourishes the surrounding flora.

Options:
[""A) True"", ""B) False"", ""C) Uncertain""]","Given the facts below, answer the question.

Facts:
For all fungi, if a fungus is saprobic, then it decomposes organic matter and nourishes the surrounding flora. Augustine is saprobic. Vincenzo decomposes organic matter. Augustine decomposes organic matter.

Question:
Based on the above information, is the following statement true, false, or uncertain? Augustine nourishes the surrounding flora.

Options:
[""A) True"", ""B) False"", ""C) Uncertain""]",A,0,"fact1: Augustine is saprobic.
fact2: Augustine decomposes organic matter.
rule: For all fungi, if a fungus is saprobic, then it decomposes organic matter and nourishes the surrounding flora.
conclusion: Augustine nourishes the surrounding flora.

Therefore, it is true that Augustine nourishes the surrounding flora. The correct option is: A."
"Given the facts below, answer the question.

Facts:
Hayley reads ancient books. Hayley explores historical sites. For anyone who reads ancient books and explores historical sites, they are likely to be interested in history. For every human, either they are interested in history or they are not interested in history, but not both.

Question:
Based on the above information, is the following statement true, false, or uncertain? Hayley is not not interested in history.

Options:
[""A) True"", ""B) False"", ""C) Uncertain""]","Given the facts below, answer the question.

Facts:
For anyone who reads ancient books and explores historical sites, they are likely to be interested in history. For every human, either they are interested in history or they are not interested in history, but not both. Hayley explores historical sites. Hayley reads ancient books. Henry explores historical sites.

Question:
Based on the above information, is the following statement true, false, or uncertain? Hayley is not not interested in history.

Options:
[""A) True"", ""B) False"", ""C) Uncertain""]",A,0,"fact1: Hayley reads ancient books.
fact2: Hayley explores historical sites.
rule: For anyone who reads ancient books and explores historical sites, they are likely to be interested in history.
conclusion: Hayley is interested in history.
fact1: Hayley is interested in history.
rule: For every human, either they are interested in history or they are not interested in history, but not both.
conclusion: Hayley is not not interested in history.

Therefore, it is true that Hayley is not not interested in history. The correct option is: A."
"Given the facts below, answer the question.

Facts:
Sariyah values tradition. Sariyah does not live simply. If Sariyah values tradition, then she either creates art or lives simply (or both). Sariyah does not appreciate nature. If Sariyah either appreciates nature or creates art (but not both), then she is authentic.

Question:
Based on the above information, is the following statement true, false, or uncertain? Sariyah is not authentic.

Options:
[""A) True"", ""B) False"", ""C) Uncertain""]","Given the facts below, answer the question.

Facts:
If Anika either appreciates nature or creates art (but not both), then she is authentic. Hayley values tradition. Sariyah values tradition. If Sariyah loves craftsmanship, then she creates art and respects her ancestors. If Sariyah either appreciates nature or creates art (but not both), then she is authentic. Sariyah does not live simply. Hayley does not live simply. Sariyah does not appreciate nature. Emmeline does not appreciate nature. If Emmeline values tradition, then she either creates art or lives simply (or both). If Sariyah values tradition, then she either creates art or lives simply (or both).

Question:
Based on the above information, is the following statement true, false, or uncertain? Sariyah is not authentic.

Options:
[""A) True"", ""B) False"", ""C) Uncertain""]",B,1,"fact1: Sariyah values tradition.
fact2: Sariyah does not live simply.
rule: If Sariyah values tradition, then she either creates art or lives simply (or both).
conclusion: Sariyah creates art.
fact1: Sariyah does not appreciate nature.
fact2: Sariyah creates art.
rule: If Sariyah either appreciates nature or creates art (but not both), then she is authentic.
conclusion: Sariyah is not authentic.

Therefore, it is false that Sariyah is not authentic. The correct option is: B."
"Given the facts below, answer the question.

Facts:
Hamza is meticulous. Hamza is organized. If Hamza is meticulous, then he is either organized or pays attention to detail (but not both).

Question:
Based on the above information, is the following statement true, false, or uncertain? Hamza cannot become a good proofreader.

Options:
[""A) True"", ""B) False"", ""C) Uncertain""]","Given the facts below, answer the question.

Facts:
Hamza is organized. Hamza is meticulous. Charming is organized. Blair is meticulous. If Hamza is meticulous, then he is either organized or pays attention to detail (but not both).

Question:
Based on the above information, is the following statement true, false, or uncertain? Hamza cannot become a good proofreader.

Options:
[""A) True"", ""B) False"", ""C) Uncertain""]",C,2,"fact1: Hamza is meticulous.
fact2: Hamza is organized.
rule: If Hamza is meticulous, then he is either organized or pays attention to detail (but not both).
conclusion: Hamza does not pay attention to detail.

According to the context and the conclusions that have already been drawn, we can deduce that it is uncertain that Hamza cannot become a good proofreader. The correct option is: C."
"Given the facts below, answer the question.

Facts:
Christian is curious. Christian investigates cosmic phenomena. If Christian is curious, then he either investigates cosmic phenomena or explores the Kuiper Belt (but not both).

Question:
Based on the above information, is the following statement true, false, or uncertain? Christian does not make groundbreaking discoveries.

Options:
[""A) True"", ""B) False"", ""C) Uncertain""]","Given the facts below, answer the question.

Facts:
If Christian is curious, then he either investigates cosmic phenomena or explores the Kuiper Belt (but not both). Alayna investigates cosmic phenomena. Cakes does not study astrophysics. Christian is curious. Christian investigates cosmic phenomena. If Alayna studies astrophysics or explores the Kuiper Belt, then he makes groundbreaking discoveries. If Soleil is curious, then he either investigates cosmic phenomena or explores the Kuiper Belt (but not both).

Question:
Based on the above information, is the following statement true, false, or uncertain? Christian does not make groundbreaking discoveries.

Options:
[""A) True"", ""B) False"", ""C) Uncertain""]",C,2,"fact1: Christian is curious.
fact2: Christian investigates cosmic phenomena.
rule: If Christian is curious, then he either investigates cosmic phenomena or explores the Kuiper Belt (but not both).
conclusion: Christian does not explore the Kuiper Belt.

According to the context and the conclusions that have already been drawn, we can deduce that it is uncertain that Christian does not make groundbreaking discoveries. The correct option is: C."
"Given the facts below, answer the question.

Facts:
Joy pursues worldly success. Sister Joy either pursues worldly success or seeks spiritual growth, but not both.

Question:
Based on the above information, is the following statement true, false, or uncertain? Sister Joy finds inner peace.

Options:
[""A) True"", ""B) False"", ""C) Uncertain""]","Given the facts below, answer the question.

Facts:
If Sister Gatlin seeks spiritual growth, then she finds inner peace. Spencer pursues worldly success. Joy pursues worldly success. Sister Joy either pursues worldly success or seeks spiritual growth, but not both.

Question:
Based on the above information, is the following statement true, false, or uncertain? Sister Joy finds inner peace.

Options:
[""A) True"", ""B) False"", ""C) Uncertain""]",C,2,"fact1: Joy pursues worldly success.
rule: Sister Joy either pursues worldly success or seeks spiritual growth, but not both.
conclusion: Sister Joy does not seek spiritual growth.

According to the context and the conclusions that have already been drawn, we can deduce that it is uncertain that Sister Joy finds inner peace. The correct option is: C."
"Given the facts below, answer the question.

Facts:
Zachary does not conduct fieldwork. Zachary either conducts fieldwork or publishes groundbreaking research, but not both.

Question:
Based on the above information, is the following statement true, false, or uncertain? Zachary does not receive widespread recognition.

Options:
[""A) True"", ""B) False"", ""C) Uncertain""]","Given the facts below, answer the question.

Facts:
Zachary either conducts fieldwork or publishes groundbreaking research, but not both. Zachary does not conduct fieldwork. Raphael does not conduct fieldwork.

Question:
Based on the above information, is the following statement true, false, or uncertain? Zachary does not receive widespread recognition.

Options:
[""A) True"", ""B) False"", ""C) Uncertain""]",C,2,"fact1: Zachary does not conduct fieldwork.
rule: Zachary either conducts fieldwork or publishes groundbreaking research, but not both.
conclusion: Zachary publishes groundbreaking research.

According to the context and the conclusions that have already been drawn, we can deduce that it is uncertain that Zachary does not receive widespread recognition. The correct option is: C."
"Given the facts below, answer the question.

Facts:
Chance is endangered. Either Chance is endangered or Chance is thriving, but not both.

Question:
Based on the above information, is the following statement true, false, or uncertain? Chance is thriving.

Options:
[""A) True"", ""B) False"", ""C) Uncertain""]","Given the facts below, answer the question.

Facts:
Chance is endangered. Collin is endangered. Either Chance is endangered or Chance is thriving, but not both.

Question:
Based on the above information, is the following statement true, false, or uncertain? Chance is thriving.

Options:
[""A) True"", ""B) False"", ""C) Uncertain""]",B,1,"fact1: Chance is endangered.
rule: Either Chance is endangered or Chance is thriving, but not both.
conclusion: Chance is thriving.

Therefore, it is false that Chance is thriving. The correct option is: B."
"Given the facts below, answer the question.

Facts:
Colin is experienced. Colin leads by example. If Colin is experienced, then he can either lead by example or share his wisdom, but not both.

Question:
Based on the above information, is the following statement true, false, or uncertain? Colin does not share his wisdom.

Options:
[""A) True"", ""B) False"", ""C) Uncertain""]","Given the facts below, answer the question.

Facts:
Colin leads by example. If Cuddles is experienced, then he can either lead by example or share his wisdom, but not both. If Colin is experienced, then he can either lead by example or share his wisdom, but not both. Colin is experienced.

Question:
Based on the above information, is the following statement true, false, or uncertain? Colin does not share his wisdom.

Options:
[""A) True"", ""B) False"", ""C) Uncertain""]",A,0,"fact1: Colin is experienced.
fact2: Colin leads by example.
rule: If Colin is experienced, then he can either lead by example or share his wisdom, but not both.
conclusion: Colin does not share his wisdom.

Therefore, it is true that Colin does not share his wisdom. The correct option is: A."
"Given the facts below, answer the question.

Facts:
Seth has a mathematical background. Seth is either skilled at cryptography or has a mathematical background, but not both. Seth is either skilled at cryptography or inept at cryptography, but not both.

Question:
Based on the above information, is the following statement true, false, or uncertain? Seth is inept at cryptography.

Options:
[""A) True"", ""B) False"", ""C) Uncertain""]","Given the facts below, answer the question.

Facts:
Adrianna is either skilled at cryptography or inept at cryptography, but not both. Seth is either skilled at cryptography or inept at cryptography, but not both. Zion is either skilled at cryptography or has a mathematical background, but not both. Seth has a mathematical background. Adrianna has a mathematical background. If Seth has logical thinking or has problem solving skills, then he is skilled at cryptography. Seth is either skilled at cryptography or has a mathematical background, but not both.

Question:
Based on the above information, is the following statement true, false, or uncertain? Seth is inept at cryptography.

Options:
[""A) True"", ""B) False"", ""C) Uncertain""]",A,0,"fact1: Seth has a mathematical background.
rule: Seth is either skilled at cryptography or has a mathematical background, but not both.
conclusion: Seth is not skilled at cryptography.
fact1: Seth is not skilled at cryptography.
rule: Seth is either skilled at cryptography or inept at cryptography, but not both.
conclusion: Seth is inept at cryptography.

Therefore, it is true that Seth is inept at cryptography. The correct option is: A."
"Given the facts below, answer the question.

Facts:
Princeton cares for plants. Princeton does not conserve nature. If Princeton cares for plants, then he either conserves nature or protects the environment (or both). Princeton is gentle. If Princeton is gentle, then he either protects the environment or symbolizes harmony, but not both.

Question:
Based on the above information, is the following statement true, false, or uncertain? Princeton symbolizes harmony.

Options:
[""A) True"", ""B) False"", ""C) Uncertain""]","Given the facts below, answer the question.

Facts:
Princeton cares for plants. Princeton does not conserve nature. If Princeton is gentle, then he either protects the environment or symbolizes harmony, but not both. Jameson does not conserve nature. If Ali is gentle, then he either protects the environment or symbolizes harmony, but not both. Princeton is gentle. If Princeton cares for plants, then he either conserves nature or protects the environment (or both).

Question:
Based on the above information, is the following statement true, false, or uncertain? Princeton symbolizes harmony.

Options:
[""A) True"", ""B) False"", ""C) Uncertain""]",B,1,"fact1: Princeton cares for plants.
fact2: Princeton does not conserve nature.
rule: If Princeton cares for plants, then he either conserves nature or protects the environment (or both).
conclusion: Princeton protects the environment.
fact1: Princeton is gentle.
fact2: Princeton protects the environment.
rule: If Princeton is gentle, then he either protects the environment or symbolizes harmony, but not both.
conclusion: Princeton symbolizes harmony.

Therefore, it is false that Princeton symbolizes harmony. The correct option is: B."
"Given the facts below, answer the question.

Facts:
Ashley practices surgery. Ashley either practices surgery or studies cardiology, but not both.

Question:
Based on the above information, is the following statement true, false, or uncertain? Ashley can make medical breakthroughs.

Options:
[""A) True"", ""B) False"", ""C) Uncertain""]","Given the facts below, answer the question.

Facts:
Angelique practices surgery. Lila dedicates herself to research. Ashley practices surgery. Ashley either practices surgery or studies cardiology, but not both.

Question:
Based on the above information, is the following statement true, false, or uncertain? Ashley can make medical breakthroughs.

Options:
[""A) True"", ""B) False"", ""C) Uncertain""]",C,2,"fact1: Ashley practices surgery.
rule: Ashley either practices surgery or studies cardiology, but not both.
conclusion: Ashley does not study cardiology.

According to the context and the conclusions that have already been drawn, we can deduce that it is uncertain that Ashley can make medical breakthroughs. The correct option is: C."
"Given the facts below, answer the question.

Facts:
Clayton speaks confidently. Clayton meets new people. If someone speaks confidently and meets new people, then they are outgoing. Clayton is either outgoing or introverted, but not both.

Question:
Based on the above information, is the following statement true, false, or uncertain? Clayton is introverted.

Options:
[""A) True"", ""B) False"", ""C) Uncertain""]","Given the facts below, answer the question.

Facts:
If someone speaks confidently and meets new people, then they are outgoing. Charleigh is either outgoing or introverted, but not both. Mitchell meets new people. Mitchell speaks confidently. Clayton speaks confidently. Clayton meets new people. Clayton is either outgoing or introverted, but not both.

Question:
Based on the above information, is the following statement true, false, or uncertain? Clayton is introverted.

Options:
[""A) True"", ""B) False"", ""C) Uncertain""]",B,1,"fact1: Clayton speaks confidently.
fact2: Clayton meets new people.
rule: If someone speaks confidently and meets new people, then they are outgoing.
conclusion: Clayton is outgoing.
fact1: Clayton is outgoing.
rule: Clayton is either outgoing or introverted, but not both.
conclusion: Clayton is introverted.

Therefore, it is false that Clayton is introverted. The correct option is: B."
"Given the facts below, answer the question.

Facts:
Paula is passionate about dance. Paula does not teach others to dance. If Paula is passionate about dance, then she either becomes a professional dancer or teaches others to dance (or both).

Question:
Based on the above information, is the following statement true, false, or uncertain? Paula becomes a professional dancer.

Options:
[""A) True"", ""B) False"", ""C) Uncertain""]","Given the facts below, answer the question.

Facts:
If Paula is passionate about dance, then she either becomes a professional dancer or teaches others to dance (or both). Paula is passionate about dance. If Asaiah is passionate about dance, then she either becomes a professional dancer or teaches others to dance (or both). Ramon does not teach others to dance. Paula does not teach others to dance.

Question:
Based on the above information, is the following statement true, false, or uncertain? Paula becomes a professional dancer.

Options:
[""A) True"", ""B) False"", ""C) Uncertain""]",A,0,"fact1: Paula is passionate about dance.
fact2: Paula does not teach others to dance.
rule: If Paula is passionate about dance, then she either becomes a professional dancer or teaches others to dance (or both).
conclusion: Paula becomes a professional dancer.

Therefore, it is true that Paula becomes a professional dancer. The correct option is: A."
"Given the facts below, answer the question.

Facts:
Izaiah does not express himself freely. Izaiah either expresses himself freely or is a conformist. Izaiah is either a conformist or a nonconformist, but not both.

Question:
Based on the above information, is the following statement true, false, or uncertain? Izaiah is a nonconformist.

Options:
[""A) True"", ""B) False"", ""C) Uncertain""]","Given the facts below, answer the question.

Facts:
Alma does not express himself freely. Izaiah does not express himself freely. Alma is either a conformist or a nonconformist, but not both. Izaiah is either a conformist or a nonconformist, but not both. Izaiah either expresses himself freely or is a conformist. Alma either expresses himself freely or is a conformist.

Question:
Based on the above information, is the following statement true, false, or uncertain? Izaiah is a nonconformist.

Options:
[""A) True"", ""B) False"", ""C) Uncertain""]",B,1,"fact1: Izaiah does not express himself freely.
rule: Izaiah either expresses himself freely or is a conformist.
conclusion: Izaiah is a conformist.
fact1: Izaiah is a conformist.
rule: Izaiah is either a conformist or a nonconformist, but not both.
conclusion: Izaiah is a nonconformist.

Therefore, it is false that Izaiah is a nonconformist. The correct option is: B."
"Given the facts below, answer the question.

Facts:
Claire is investigative. Claire intrudes on others' privacy. If Claire is investigative, then she either intrudes on others' privacy or earns their trust, but not both.

Question:
Based on the above information, is the following statement true, false, or uncertain? Claire does not earn their trust.

Options:
[""A) True"", ""B) False"", ""C) Uncertain""]","Given the facts below, answer the question.

Facts:
Claire is investigative. If Claire is investigative, then she either intrudes on others' privacy or earns their trust, but not both. If Denver is investigative, then she either intrudes on others' privacy or earns their trust, but not both. Claire intrudes on others' privacy.

Question:
Based on the above information, is the following statement true, false, or uncertain? Claire does not earn their trust.

Options:
[""A) True"", ""B) False"", ""C) Uncertain""]",A,0,"fact1: Claire is investigative.
fact2: Claire intrudes on others' privacy.
rule: If Claire is investigative, then she either intrudes on others' privacy or earns their trust, but not both.
conclusion: Claire does not earn their trust.

Therefore, it is true that Claire does not earn their trust. The correct option is: A."
"Given the facts below, answer the question.

Facts:
Alessia studies tennis history. Alessia either studies tennis history or idolizes great tennis players, but not both.

Question:
Based on the above information, is the following statement true, false, or uncertain? Alessia achieves tennis success.

Options:
[""A) True"", ""B) False"", ""C) Uncertain""]","Given the facts below, answer the question.

Facts:
Ophelia studies tennis history. Charming does not dedicate herself to tennis. If Ophelia idolizes great tennis players or dedicates herself to tennis, then she can achieve tennis success. Alessia studies tennis history. Heisenberg either studies tennis history or idolizes great tennis players, but not both. Alessia either studies tennis history or idolizes great tennis players, but not both.

Question:
Based on the above information, is the following statement true, false, or uncertain? Alessia achieves tennis success.

Options:
[""A) True"", ""B) False"", ""C) Uncertain""]",C,2,"fact1: Alessia studies tennis history.
rule: Alessia either studies tennis history or idolizes great tennis players, but not both.
conclusion: Alessia does not idolize great tennis players.

According to the context and the conclusions that have already been drawn, we can deduce that it is uncertain that Alessia achieves tennis success. The correct option is: C."
"Given the facts below, answer the question.

Facts:
Harper studies freezing points. If Dr. Harper studies freezing points, then she conducts cryopreservation research and develops new techniques. For all scientists, if they conduct cryopreservation research, then they contribute to medical advances.

Question:
Based on the above information, is the following statement true, false, or uncertain? Dr. Harper contributes to medical advances.

Options:
[""A) True"", ""B) False"", ""C) Uncertain""]","Given the facts below, answer the question.

Facts:
If Dr. Harper studies freezing points, then she conducts cryopreservation research and develops new techniques. Harper studies freezing points. For all scientists, if they conduct cryopreservation research, then they contribute to medical advances. If Dr. Jaylah studies freezing points, then she conducts cryopreservation research and develops new techniques. Antonio studies freezing points.

Question:
Based on the above information, is the following statement true, false, or uncertain? Dr. Harper contributes to medical advances.

Options:
[""A) True"", ""B) False"", ""C) Uncertain""]",A,0,"fact1: Harper studies freezing points.
rule: If Dr. Harper studies freezing points, then she conducts cryopreservation research and develops new techniques.
conclusion: Dr. Harper conducts cryopreservation research.
fact1: Dr. Harper conducts cryopreservation research.
rule: For all scientists, if they conduct cryopreservation research, then they contribute to medical advances.
conclusion: Dr. Harper contributes to medical advances.

Therefore, it is true that Dr. Harper contributes to medical advances. The correct option is: A."
"Given the facts below, answer the question.

Facts:
Coleson is an experienced ranch hand. Coleson is either an experienced ranch hand or an inexperienced ranch hand, but not both.

Question:
Based on the above information, is the following statement true, false, or uncertain? Coleson is not an inexperienced ranch hand.

Options:
[""A) True"", ""B) False"", ""C) Uncertain""]","Given the facts below, answer the question.

Facts:
Coleson is an experienced ranch hand. Coleson is either an experienced ranch hand or an inexperienced ranch hand, but not both. Sterling is either an experienced ranch hand or an inexperienced ranch hand, but not both.

Question:
Based on the above information, is the following statement true, false, or uncertain? Coleson is not an inexperienced ranch hand.

Options:
[""A) True"", ""B) False"", ""C) Uncertain""]",A,0,"fact1: Coleson is an experienced ranch hand.
rule: Coleson is either an experienced ranch hand or an inexperienced ranch hand, but not both.
conclusion: Coleson is not an inexperienced ranch hand.

Therefore, it is true that Coleson is not an inexperienced ranch hand. The correct option is: A."
"Given the facts below, answer the question.

Facts:
Cooper explores creatively. Cooper values self-expression. If someone explores creatively and values self-expression, then they have a passion. Either Cooper has a passion or lacks a passion, but not both.

Question:
Based on the above information, is the following statement true, false, or uncertain? Cooper lacks a passion.

Options:
[""A) True"", ""B) False"", ""C) Uncertain""]","Given the facts below, answer the question.

Facts:
Cooper explores creatively. Cooper values self-expression. Julieta values self-expression. If someone enjoys learning and seeks challenges, then they have a passion. Either Julieta has a passion or lacks a passion, but not both. Either Cooper has a passion or lacks a passion, but not both. Sweets explores creatively. If someone explores creatively and values self-expression, then they have a passion.

Question:
Based on the above information, is the following statement true, false, or uncertain? Cooper lacks a passion.

Options:
[""A) True"", ""B) False"", ""C) Uncertain""]",B,1,"fact1: Cooper explores creatively.
fact2: Cooper values self-expression.
rule: If someone explores creatively and values self-expression, then they have a passion.
conclusion: Cooper has a passion.
fact1: Cooper has a passion.
rule: Either Cooper has a passion or lacks a passion, but not both.
conclusion: Cooper lacks a passion.

Therefore, it is false that Cooper lacks a passion. The correct option is: B."
"Given the facts below, answer the question.

Facts:
Raul lives in a village. If Raul lives in a village and values sustainability, then he is dedicated to farming. Raul is either dedicated to farming or uninterested in farming, but not both.

Question:
Based on the above information, is the following statement true, false, or uncertain? Raul is not uninterested in farming.

Options:
[""A) True"", ""B) False"", ""C) Uncertain""]","Given the facts below, answer the question.

Facts:
Fatima is either dedicated to farming or uninterested in farming, but not both. Raul lives in a village. If Raul lives in a village and values sustainability, then he is dedicated to farming. Raul is either dedicated to farming or uninterested in farming, but not both.

Question:
Based on the above information, is the following statement true, false, or uncertain? Raul is not uninterested in farming.

Options:
[""A) True"", ""B) False"", ""C) Uncertain""]",A,0,"fact1: Raul lives in a village.
rule: If Raul lives in a village and values sustainability, then he is dedicated to farming.
conclusion: Raul is dedicated to farming.
fact1: Raul is dedicated to farming.
rule: Raul is either dedicated to farming or uninterested in farming, but not both.
conclusion: Raul is not uninterested in farming.

Therefore, it is true that Raul is not uninterested in farming. The correct option is: A."
"Given the facts below, answer the question.

Facts:
Keyla respects culture. For anyone, respecting culture and appreciating tradition are not necessarily the same thing. Everyone either appreciates tradition or values innovation (or both).

Question:
Based on the above information, is the following statement true, false, or uncertain? Keyla values innovation.

Options:
[""A) True"", ""B) False"", ""C) Uncertain""]","Given the facts below, answer the question.

Facts:
Keyla respects culture. Stone respects culture. For anyone, respecting culture and appreciating tradition are not necessarily the same thing. Everyone either appreciates tradition or values innovation (or both). If someone designs sustainably, then they appreciate tradition and promote environmentalism.

Question:
Based on the above information, is the following statement true, false, or uncertain? Keyla values innovation.

Options:
[""A) True"", ""B) False"", ""C) Uncertain""]",A,0,"fact1: Keyla respects culture.
rule: For anyone, respecting culture and appreciating tradition are not necessarily the same thing.
conclusion: Keyla does not appreciate tradition.
fact1: Keyla does not appreciate tradition.
rule: Everyone either appreciates tradition or values innovation (or both).
conclusion: Keyla values innovation.

Therefore, it is true that Keyla values innovation. The correct option is: A."
"Given the facts below, answer the question.

Facts:
Levi has experience. If Levi has experience, then he is highly brave and tracks efficiently.

Question:
Based on the above information, is the following statement true, false, or uncertain? If Levi is highly skilled or highly brave, then he is successful against vampires.

Options:
[""A) True"", ""B) False"", ""C) Uncertain""]","Given the facts below, answer the question.

Facts:
If Kasen has experience, then he is highly brave and tracks efficiently. Levi has experience. If Levi has experience, then he is highly brave and tracks efficiently. If Clark is a determined vampire hunter, then he is either successful against vampires or wields powerful weapons (or both).

Question:
Based on the above information, is the following statement true, false, or uncertain? If Levi is highly skilled or highly brave, then he is successful against vampires.

Options:
[""A) True"", ""B) False"", ""C) Uncertain""]",C,2,"fact1: Levi has experience.
rule: If Levi has experience, then he is highly brave and tracks efficiently.
conclusion: Levi is highly brave.

According to the context and the conclusions that have already been drawn, we can deduce that it is uncertain that If Levi is highly skilled or highly brave, then he is successful against vampires. The correct option is: C."
