text,adv_text,label,label_id,reference
"Given the facts below, answer the question.

Facts:
Della faces adversity. Della stays positive. If Della faces adversity, then she is either resourceful or stays positive (but not both). Della sets goals. If Della sets goals, then she is determined. If Della is either resourceful or determined (but not both), then she is resilient.

Question:
Based on the above information, is the following statement true, false, or uncertain? Della is not resilient.

Options:
[""A) True"", ""B) False"", ""C) Uncertain""]","Given the facts below, answer the question.

Facts:
If Dove faces adversity, then she is either resourceful or stays positive (but not both). Della stays positive. If Della sets goals, then she is determined. If Della is either resourceful or determined (but not both), then she is resilient. If Petal sets goals, then she is determined. Petal sets goals. Petal stays positive. Della sets goals. Dove faces adversity. If Della faces adversity, then she is either resourceful or stays positive (but not both). Della faces adversity.

Question:
Based on the above information, is the following statement true, false, or uncertain? Della is not resilient.

Options:
[""A) True"", ""B) False"", ""C) Uncertain""]",B,1,"fact1: Della faces adversity.
fact2: Della stays positive.
rule: If Della faces adversity, then she is either resourceful or stays positive (but not both).
conclusion: Della is not resourceful.
fact1: Della sets goals.
rule: If Della sets goals, then she is determined.
conclusion: Della is determined.
fact1: Della is not resourceful.
fact2: Della is determined.
rule: If Della is either resourceful or determined (but not both), then she is resilient.
conclusion: Della is not resilient.

Therefore, it is false that Della is not resilient. The correct option is: B."
"Given the facts below, answer the question.

Facts:
Kayla keeps a journal. Kayla either keeps a journal or practices yoga, but not both. Kayla reads spiritual texts. If Kayla either reads spiritual texts or practices yoga (but not both), then she meditates daily. Kayla seeks new experiences. Anyone who meditates daily or seeks new experiences can appreciate beauty.

Question:
Based on the above information, is the following statement true, false, or uncertain? Kayla appreciates beauty and either practices mindfulness or travels frequently (or both).

Options:
[""A) True"", ""B) False"", ""C) Uncertain""]","Given the facts below, answer the question.

Facts:
Kayla reads spiritual texts. Kayla seeks new experiences. Eithan reads spiritual texts. Kayla either keeps a journal or practices yoga, but not both. Anyone who meditates daily or seeks new experiences can appreciate beauty. Kayla keeps a journal. If Kayla either reads spiritual texts or practices yoga (but not both), then she meditates daily.

Question:
Based on the above information, is the following statement true, false, or uncertain? Kayla appreciates beauty and either practices mindfulness or travels frequently (or both).

Options:
[""A) True"", ""B) False"", ""C) Uncertain""]",C,2,"fact1: Kayla keeps a journal.
rule: Kayla either keeps a journal or practices yoga, but not both.
conclusion: Kayla does not practice yoga.
fact1: Kayla reads spiritual texts.
fact2: Kayla does not practice yoga.
rule: If Kayla either reads spiritual texts or practices yoga (but not both), then she meditates daily.
conclusion: Kayla meditates daily.
fact1: Kayla meditates daily.
fact2: Kayla seeks new experiences.
rule: Anyone who meditates daily or seeks new experiences can appreciate beauty.
conclusion: Kayla appreciates beauty.

According to the context and the conclusions that have already been drawn, we can deduce that it is uncertain that Kayla appreciates beauty and either practices mindfulness or travels frequently (or both). The correct option is: C."
"Given the facts below, answer the question.

Facts:
Alaric follows a routine. Alaric does not seek novelty. If Alaric either follows a routine or seeks novelty (but not both), then he is curious. Alaric is inquisitive. Alaric pursues a routine life. If Alaric is inquisitive, then he either pursues a routine life or embarks on adventures, but not both. If Alaric is curious, then he either leads an ordinary life or embarks on adventures, but not both.

Question:
Based on the above information, is the following statement true, false, or uncertain? Alaric leads an ordinary life.

Options:
[""A) True"", ""B) False"", ""C) Uncertain""]","Given the facts below, answer the question.

Facts:
If Alaric is inquisitive, then he either pursues a routine life or embarks on adventures, but not both. If Alaric either follows a routine or seeks novelty (but not both), then he is curious. Alaric is inquisitive. If Alaric is curious, then he either leads an ordinary life or embarks on adventures, but not both. Alaric pursues a routine life. Alaric does not seek novelty. Alaric follows a routine. Makai pursues a routine life.

Question:
Based on the above information, is the following statement true, false, or uncertain? Alaric leads an ordinary life.

Options:
[""A) True"", ""B) False"", ""C) Uncertain""]",A,0,"fact1: Alaric follows a routine.
fact2: Alaric does not seek novelty.
rule: If Alaric either follows a routine or seeks novelty (but not both), then he is curious.
conclusion: Alaric is curious.
fact1: Alaric is inquisitive.
fact2: Alaric pursues a routine life.
rule: If Alaric is inquisitive, then he either pursues a routine life or embarks on adventures, but not both.
conclusion: Alaric does not embark on adventures.
fact1: Alaric is curious.
fact2: Alaric does not embark on adventures.
rule: If Alaric is curious, then he either leads an ordinary life or embarks on adventures, but not both.
conclusion: Alaric leads an ordinary life.

Therefore, it is true that Alaric leads an ordinary life. The correct option is: A."
"Given the facts below, answer the question.

Facts:
Duncan is charismatic. Duncan is not self-reflective. If Duncan is charismatic, then he is either self-reflective or is morally aware (or both). Duncan does not have integrity. Duncan either has integrity or is manipulative. If Duncan is manipulative, then he is either financially successful or morally aware, but not both.

Question:
Based on the above information, is the following statement true, false, or uncertain? Duncan is not financially successful.

Options:
[""A) True"", ""B) False"", ""C) Uncertain""]","Given the facts below, answer the question.

Facts:
Duncan either has integrity or is manipulative. Duncan is charismatic. If Duncan is manipulative, then he is either financially successful or morally aware, but not both. Kyrie either has integrity or is manipulative. Kyrie is not self-reflective. Charlee does not have integrity. Duncan does not have integrity. If Duncan is charismatic, then he is either self-reflective or is morally aware (or both). If Kyrie is charismatic, then he is either self-reflective or is morally aware (or both). If Charlee is manipulative, then he is either financially successful or morally aware, but not both. Duncan is not self-reflective. Antonio is charismatic.

Question:
Based on the above information, is the following statement true, false, or uncertain? Duncan is not financially successful.

Options:
[""A) True"", ""B) False"", ""C) Uncertain""]",A,0,"fact1: Duncan is charismatic.
fact2: Duncan is not self-reflective.
rule: If Duncan is charismatic, then he is either self-reflective or is morally aware (or both).
conclusion: Duncan is morally aware.
fact1: Duncan does not have integrity.
rule: Duncan either has integrity or is manipulative.
conclusion: Duncan is manipulative.
fact1: Duncan is manipulative.
fact2: Duncan is morally aware.
rule: If Duncan is manipulative, then he is either financially successful or morally aware, but not both.
conclusion: Duncan is not financially successful.

Therefore, it is true that Duncan is not financially successful. The correct option is: A."
"Given the facts below, answer the question.

Facts:
April hides her vulnerability. April either hides her vulnerability or expresses her emotions, but not both. April appreciates beauty. Anyone who appreciates beauty is either a creative person or expresses emotions (or both).

Question:
Based on the above information, is the following statement true, false, or uncertain? April is a creative person, draws inspiration from nature and creates unique art.

Options:
[""A) True"", ""B) False"", ""C) Uncertain""]","Given the facts below, answer the question.

Facts:
Archer finds inspiration or creates unique art. Archer hides her vulnerability. Celeste either hides her vulnerability or expresses her emotions, but not both. April either hides her vulnerability or expresses her emotions, but not both. April hides her vulnerability. Anyone who appreciates beauty is either a creative person or expresses emotions (or both). Sweetheart finds inspiration. April appreciates beauty.

Question:
Based on the above information, is the following statement true, false, or uncertain? April is a creative person, draws inspiration from nature and creates unique art.

Options:
[""A) True"", ""B) False"", ""C) Uncertain""]",C,2,"fact1: April hides her vulnerability.
rule: April either hides her vulnerability or expresses her emotions, but not both.
conclusion: April does not express emotions.
fact1: April appreciates beauty.
fact2: April does not express emotions.
rule: Anyone who appreciates beauty is either a creative person or expresses emotions (or both).
conclusion: April is a creative person.

According to the context and the conclusions that have already been drawn, we can deduce that it is uncertain that April is a creative person, draws inspiration from nature and creates unique art. The correct option is: C."
"Given the facts below, answer the question.

Facts:
Bennett publishes papers. For Bennett, either he publishes papers or studies algebra, but these two activities are mutually exclusive. Bennett solves equations. Bennett analyzes functions. Any mathematician who solves equations and analyzes functions can develop models. If Bennett either studies algebra or develops models (but not both), then he is a theoretician. Bennett is either a theoretician or an applied researcher, but not both.

Question:
Based on the above information, is the following statement true, false, or uncertain? Bennett is not an applied researcher.

Options:
[""A) True"", ""B) False"", ""C) Uncertain""]","Given the facts below, answer the question.

Facts:
Eithan solves equations. If Bennett either studies algebra or develops models (but not both), then he is a theoretician. If Eithan either studies algebra or develops models (but not both), then he is a theoretician. Halo publishes papers. Bennett solves equations. Halo is either a theoretician or an applied researcher, but not both. Eithan analyzes functions. Bennett publishes papers. For Bennett, either he publishes papers or studies algebra, but these two activities are mutually exclusive. Bennett is either a theoretician or an applied researcher, but not both. Any mathematician who solves equations and analyzes functions can develop models. Bennett analyzes functions.

Question:
Based on the above information, is the following statement true, false, or uncertain? Bennett is not an applied researcher.

Options:
[""A) True"", ""B) False"", ""C) Uncertain""]",A,0,"fact1: Bennett publishes papers.
rule: For Bennett, either he publishes papers or studies algebra, but these two activities are mutually exclusive.
conclusion: Bennett does not study algebra.
fact1: Bennett solves equations.
fact2: Bennett analyzes functions.
rule: Any mathematician who solves equations and analyzes functions can develop models.
conclusion: Bennett develops models.
fact1: Bennett does not study algebra.
fact2: Bennett develops models.
rule: If Bennett either studies algebra or develops models (but not both), then he is a theoretician.
conclusion: Bennett is a theoretician.
fact1: Bennett is a theoretician.
rule: Bennett is either a theoretician or an applied researcher, but not both.
conclusion: Bennett is not an applied researcher.

Therefore, it is true that Bennett is not an applied researcher. The correct option is: A."
"Given the facts below, answer the question.

Facts:
Raphael is a composer. Raphael embraces dissonance. If Raphael is a composer, then he either follows established rules or embraces dissonance, but not both. Raphael either follows established rules or draws unconventional inspirations, but not both.

Question:
Based on the above information, is the following statement true, false, or uncertain? If Raphael experiments with sound, then he creates innovative music.

Options:
[""A) True"", ""B) False"", ""C) Uncertain""]","Given the facts below, answer the question.

Facts:
Anyone who listens to atonal music and reads avant-garde literature can draw unconventional inspirations. Zayla does not push artistic boundaries. Raphael either follows established rules or draws unconventional inspirations, but not both. Jamison embraces dissonance. Anyone who breaks musical rules or uses unconventional instruments can create innovative music. If Franco is a composer, then he either follows established rules or embraces dissonance, but not both. If Raphael is a composer, then he either follows established rules or embraces dissonance, but not both. Zayla does not explore new techniques. Raphael embraces dissonance. Franco either follows established rules or draws unconventional inspirations, but not both. Raphael is a composer. If someone either uses unconventional instruments or combines clashing notes (but not both), then they experiment with sound. Zayla is a composer.

Question:
Based on the above information, is the following statement true, false, or uncertain? If Raphael experiments with sound, then he creates innovative music.

Options:
[""A) True"", ""B) False"", ""C) Uncertain""]",C,2,"fact1: Raphael is a composer.
fact2: Raphael embraces dissonance.
rule: If Raphael is a composer, then he either follows established rules or embraces dissonance, but not both.
conclusion: Raphael does not follow established rules.
fact1: Raphael does not follow established rules.
rule: Raphael either follows established rules or draws unconventional inspirations, but not both.
conclusion: Raphael draws unconventional inspirations.

According to the context and the conclusions that have already been drawn, we can deduce that it is uncertain that If Raphael experiments with sound, then he creates innovative music. The correct option is: C."
"Given the facts below, answer the question.

Facts:
Leslie is an innovative artist. Leslie does not explore new techniques. If Leslie is an innovative artist, then she either thinks outside the box or explores new techniques, but not both. Leslie does not see unique patterns. If Leslie either thinks outside the box or sees unique patterns (but not both), then she has a creative mind. If Leslie has a creative mind, then she finds beauty in waste.

Question:
Based on the above information, is the following statement true, false, or uncertain? Leslie finds beauty in waste.

Options:
[""A) True"", ""B) False"", ""C) Uncertain""]","Given the facts below, answer the question.

Facts:
If Leslie either thinks outside the box or sees unique patterns (but not both), then she has a creative mind. Alejandra does not see unique patterns. Leslie does not see unique patterns. If Leslie has a creative mind, then she finds beauty in waste. If Lottie either thinks outside the box or sees unique patterns (but not both), then she has a creative mind. Leslie does not explore new techniques. If Leslie is an innovative artist, then she either thinks outside the box or explores new techniques, but not both. Alejandra is an innovative artist. If Marley has a creative mind, then she finds beauty in waste. Leslie is an innovative artist.

Question:
Based on the above information, is the following statement true, false, or uncertain? Leslie finds beauty in waste.

Options:
[""A) True"", ""B) False"", ""C) Uncertain""]",A,0,"fact1: Leslie is an innovative artist.
fact2: Leslie does not explore new techniques.
rule: If Leslie is an innovative artist, then she either thinks outside the box or explores new techniques, but not both.
conclusion: Leslie thinks outside the box.
fact1: Leslie thinks outside the box.
fact2: Leslie does not see unique patterns.
rule: If Leslie either thinks outside the box or sees unique patterns (but not both), then she has a creative mind.
conclusion: Leslie has a creative mind.
fact1: Leslie has a creative mind.
rule: If Leslie has a creative mind, then she finds beauty in waste.
conclusion: Leslie finds beauty in waste.

Therefore, it is true that Leslie finds beauty in waste. The correct option is: A."
"Given the facts below, answer the question.

Facts:
Vivian does not explore creatively. Vivian explores creatively or reads widely. Vivian does not think critically. If Vivian either reads widely or thinks critically (but not both), then she possesses a sharp intellect. Vivian either possesses a sharp intellect or has a kind heart, but not both. Vivian has a frightful reputation. If Vivian has a frightful reputation, then she either has an intimidating appearance or a kind heart, but not both.

Question:
Based on the above information, is the following statement true, false, or uncertain? Vivian has an intimidating appearance.

Options:
[""A) True"", ""B) False"", ""C) Uncertain""]","Given the facts below, answer the question.

Facts:
Vivian either possesses a sharp intellect or has a kind heart, but not both. Cakes does not explore creatively. Cakes explores creatively or reads widely. Vivian does not think critically. Anyone who cares for others or values compassion has a kind heart. Mariam does not think critically. If Cleo either reads widely or thinks critically (but not both), then she possesses a sharp intellect. Vivian has a frightful reputation. If Vivian either reads widely or thinks critically (but not both), then she possesses a sharp intellect. Vivian explores creatively or reads widely. Vivian does not explore creatively. If Mariam has a frightful reputation, then she either has an intimidating appearance or a kind heart, but not both. If Vivian has a frightful reputation, then she either has an intimidating appearance or a kind heart, but not both. Cleo either possesses a sharp intellect or has a kind heart, but not both. Cleo has a frightful reputation.

Question:
Based on the above information, is the following statement true, false, or uncertain? Vivian has an intimidating appearance.

Options:
[""A) True"", ""B) False"", ""C) Uncertain""]",A,0,"fact1: Vivian does not explore creatively.
rule: Vivian explores creatively or reads widely.
conclusion: Vivian reads widely.
fact1: Vivian reads widely.
fact2: Vivian does not think critically.
rule: If Vivian either reads widely or thinks critically (but not both), then she possesses a sharp intellect.
conclusion: Vivian possesses a sharp intellect.
fact1: Vivian possesses a sharp intellect.
rule: Vivian either possesses a sharp intellect or has a kind heart, but not both.
conclusion: Vivian does not have a kind heart.
fact1: Vivian has a frightful reputation.
fact2: Vivian does not have a kind heart.
rule: If Vivian has a frightful reputation, then she either has an intimidating appearance or a kind heart, but not both.
conclusion: Vivian has an intimidating appearance.

Therefore, it is true that Vivian has an intimidating appearance. The correct option is: A."
"Given the facts below, answer the question.

Facts:
Daleyza has imaginative ideas. If Daleyza has imaginative ideas or values reflection, then she keeps a journal. Daleyza does not enjoy storytelling. If Daleyza keeps a journal, then she either loves poetry or enjoys storytelling. Anyone who writes daily or loves poetry has a creative spirit. Daleyza uses an inkwell. If someone has a muse and possesses artistic passion, then they are inspired. Either Daleyza is inspired or uninspired, but not both.

Question:
Based on the above information, is the following statement true, false, or uncertain? Daleyza is not uninspired.

Options:
[""A) True"", ""B) False"", ""C) Uncertain""]","Given the facts below, answer the question.

Facts:
Daleyza has imaginative ideas. If Daleyza has imaginative ideas or values reflection, then she keeps a journal. Either Daleyza is inspired or uninspired, but not both. If Samara keeps a journal, then she either loves poetry or enjoys storytelling. Daleyza uses an inkwell. Johnathan has imaginative ideas. If someone has a muse and possesses artistic passion, then they are inspired. Daleyza does not enjoy storytelling. If Daleyza keeps a journal, then she either loves poetry or enjoys storytelling. Anyone who writes daily or loves poetry has a creative spirit. Ophelia does not enjoy storytelling. Ophelia uses an inkwell.

Question:
Based on the above information, is the following statement true, false, or uncertain? Daleyza is not uninspired.

Options:
[""A) True"", ""B) False"", ""C) Uncertain""]",A,0,"fact1: Daleyza has imaginative ideas.
rule: If Daleyza has imaginative ideas or values reflection, then she keeps a journal.
conclusion: Daleyza keeps a journal.
fact1: Daleyza keeps a journal.
fact2: Daleyza does not enjoy storytelling.
rule: If Daleyza keeps a journal, then she either loves poetry or enjoys storytelling.
conclusion: Daleyza loves poetry.
fact1: Daleyza loves poetry.
rule: Anyone who writes daily or loves poetry has a creative spirit.
conclusion: Daleyza possesses artistic passion.
fact1: Daleyza uses an inkwell.
fact2: Daleyza possesses artistic passion.
rule: If someone has a muse and possesses artistic passion, then they are inspired.
conclusion: Daleyza is inspired.
fact1: Daleyza is inspired.
rule: Either Daleyza is inspired or uninspired, but not both.
conclusion: Daleyza is not uninspired.

Therefore, it is true that Daleyza is not uninspired. The correct option is: A."
"Given the facts below, answer the question.

Facts:
Eve has a wild nature. Every horse is either domesticated or has a wild nature, but not both, and building a relationship is a separate trait.

Question:
Based on the above information, is the following statement true, false, or uncertain? Eve does not respond to commands.

Options:
[""A) True"", ""B) False"", ""C) Uncertain""]","Given the facts below, answer the question.

Facts:
Every horse is either domesticated or has a wild nature, but not both, and building a relationship is a separate trait. Eve has a wild nature. Elian does not trust the trainer.

Question:
Based on the above information, is the following statement true, false, or uncertain? Eve does not respond to commands.

Options:
[""A) True"", ""B) False"", ""C) Uncertain""]",C,2,"fact1: Eve has a wild nature.
rule: Every horse is either domesticated or has a wild nature, but not both, and building a relationship is a separate trait.
conclusion: Eve does not build a relationship.

According to the context and the conclusions that have already been drawn, we can deduce that it is uncertain that Eve does not respond to commands. The correct option is: C."
"Given the facts below, answer the question.

Facts:
Heidi is authentic. Heidi is either authentic or hides the truth, but not both. Heidi achieves success through deceit. For all humans, if someone achieves success through deceit, then they will face eventual consequences and risk losing their reputation.

Question:
Based on the above information, is the following statement true, false, or uncertain? Heidi will not face eventual consequences.

Options:
[""A) True"", ""B) False"", ""C) Uncertain""]","Given the facts below, answer the question.

Facts:
For all humans, if someone achieves success through deceit, then they will face eventual consequences and risk losing their reputation. Heidi achieves success through deceit. Heidi is authentic. Heidi is either authentic or hides the truth, but not both. Ramon is authentic.

Question:
Based on the above information, is the following statement true, false, or uncertain? Heidi will not face eventual consequences.

Options:
[""A) True"", ""B) False"", ""C) Uncertain""]",B,1,"fact1: Heidi is authentic.
rule: Heidi is either authentic or hides the truth, but not both.
conclusion: Heidi does not hide the truth.
fact1: Heidi achieves success through deceit.
rule: For all humans, if someone achieves success through deceit, then they will face eventual consequences and risk losing their reputation.
conclusion: Heidi will not face eventual consequences.

Therefore, it is false that Heidi will not face eventual consequences. The correct option is: B."
"Given the facts below, answer the question.

Facts:
Elaina prioritizes social impact. Elaina either prioritizes social impact or pursues profit, but not both. Elaina is either environmentally conscious or pursues profit, but not both. Either Elaina is environmentally conscious or she is environmentally indifferent, but not both.

Question:
Based on the above information, is the following statement true, false, or uncertain? Elaina is environmentally indifferent.

Options:
[""A) True"", ""B) False"", ""C) Uncertain""]","Given the facts below, answer the question.

Facts:
Elaina prioritizes social impact. Victor either prioritizes social impact or pursues profit, but not both. Elaina is either environmentally conscious or pursues profit, but not both. Either Elaina is environmentally conscious or she is environmentally indifferent, but not both. Elaina either prioritizes social impact or pursues profit, but not both. Haisley is either environmentally conscious or pursues profit, but not both.

Question:
Based on the above information, is the following statement true, false, or uncertain? Elaina is environmentally indifferent.

Options:
[""A) True"", ""B) False"", ""C) Uncertain""]",B,1,"fact1: Elaina prioritizes social impact.
rule: Elaina either prioritizes social impact or pursues profit, but not both.
conclusion: Elaina does not pursue profit.
fact1: Elaina does not pursue profit.
rule: Elaina is either environmentally conscious or pursues profit, but not both.
conclusion: Elaina is environmentally conscious.
fact1: Elaina is environmentally conscious.
rule: Either Elaina is environmentally conscious or she is environmentally indifferent, but not both.
conclusion: Elaina is environmentally indifferent.

Therefore, it is false that Elaina is environmentally indifferent. The correct option is: B."
"Given the facts below, answer the question.

Facts:
Peach enjoys napping. Peach either enjoys napping or is playful, but not at the same time.

Question:
Based on the above information, is the following statement true, false, or uncertain? Peach is not gentle.

Options:
[""A) True"", ""B) False"", ""C) Uncertain""]","Given the facts below, answer the question.

Facts:
Greyson is calm. Peach enjoys napping. Peach either enjoys napping or is playful, but not at the same time. George either enjoys napping or is playful, but not at the same time.

Question:
Based on the above information, is the following statement true, false, or uncertain? Peach is not gentle.

Options:
[""A) True"", ""B) False"", ""C) Uncertain""]",C,2,"fact1: Peach enjoys napping.
rule: Peach either enjoys napping or is playful, but not at the same time.
conclusion: Peach is not playful.

According to the context and the conclusions that have already been drawn, we can deduce that it is uncertain that Peach is not gentle. The correct option is: C."
"Given the facts below, answer the question.

Facts:
Melissa prefers autonomy. Anyone who prefers autonomy values independence. Melissa either values independence or develops greater empathy, but not both. Melissa overcomes adversity. If Melissa overcomes adversity, then she either develops greater empathy or discovers personal resilience, but not both. Melissa faces physical challenges. Melissa does not need emotional support. If Melissa faces physical challenges or needs emotional support, then she is dependent on others. If Melissa is dependent on others, then she can either build stronger relationships or discover personal resilience, but not both.

Question:
Based on the above information, is the following statement true, false, or uncertain? Melissa does not build stronger relationships.

Options:
[""A) True"", ""B) False"", ""C) Uncertain""]","Given the facts below, answer the question.

Facts:
Alessandro prefers autonomy. Melissa either values independence or develops greater empathy, but not both. If Crew overcomes adversity, then she either develops greater empathy or discovers personal resilience, but not both. Melissa prefers autonomy. Alessandro does not need emotional support. Anyone who prefers autonomy values independence. Melissa faces physical challenges. If Faye faces physical challenges or needs emotional support, then she is dependent on others. If Crew is dependent on others, then she can either build stronger relationships or discover personal resilience, but not both. If Melissa is dependent on others, then she can either build stronger relationships or discover personal resilience, but not both. If Melissa faces physical challenges or needs emotional support, then she is dependent on others. Alessandro overcomes adversity. Melissa overcomes adversity. If Melissa overcomes adversity, then she either develops greater empathy or discovers personal resilience, but not both. If Melissa experiences a life crisis, then she either develops greater empathy or becomes more self-aware, but not both. If Melissa has a disability, then she is either dependent on others or finds inner peace, but not both. Crew faces physical challenges. Melissa does not need emotional support. Faye either values independence or develops greater empathy, but not both.

Question:
Based on the above information, is the following statement true, false, or uncertain? Melissa does not build stronger relationships.

Options:
[""A) True"", ""B) False"", ""C) Uncertain""]",A,0,"fact1: Melissa prefers autonomy.
rule: Anyone who prefers autonomy values independence.
conclusion: Melissa values independence.
fact1: Melissa values independence.
rule: Melissa either values independence or develops greater empathy, but not both.
conclusion: Melissa does not develop greater empathy.
fact1: Melissa overcomes adversity.
fact2: Melissa does not develop greater empathy.
rule: If Melissa overcomes adversity, then she either develops greater empathy or discovers personal resilience, but not both.
conclusion: Melissa discovers personal resilience.
fact1: Melissa faces physical challenges.
fact2: Melissa does not need emotional support.
rule: If Melissa faces physical challenges or needs emotional support, then she is dependent on others.
conclusion: Melissa is dependent on others.
fact1: Melissa is dependent on others.
fact2: Melissa discovers personal resilience.
rule: If Melissa is dependent on others, then she can either build stronger relationships or discover personal resilience, but not both.
conclusion: Melissa does not build stronger relationships.

Therefore, it is true that Melissa does not build stronger relationships. The correct option is: A."
"Given the facts below, answer the question.

Facts:
Ramon is passionate about history. If Ramon is passionate about history, then he sells antiques and values uniqueness. Ramon either sells antiques or restores classics, but not both. Ramon collects automobiles. If Ramon collects automobiles, then he is either a vintage car enthusiast or restores classics (or both). Ramon is either a vintage car enthusiast or not interested in vintage cars, but not both.

Question:
Based on the above information, is the following statement true, false, or uncertain? Ramon is not not interested in vintage cars.

Options:
[""A) True"", ""B) False"", ""C) Uncertain""]","Given the facts below, answer the question.

Facts:
If Dream is passionate about history, then he sells antiques and values uniqueness. Ramon collects automobiles. Ramon either sells antiques or restores classics, but not both. If Ramon collects automobiles, then he is either a vintage car enthusiast or restores classics (or both). Maximilian collects automobiles. Ramon is passionate about history. If Ramon is passionate about history, then he sells antiques and values uniqueness. Ramon is either a vintage car enthusiast or not interested in vintage cars, but not both.

Question:
Based on the above information, is the following statement true, false, or uncertain? Ramon is not not interested in vintage cars.

Options:
[""A) True"", ""B) False"", ""C) Uncertain""]",A,0,"fact1: Ramon is passionate about history.
rule: If Ramon is passionate about history, then he sells antiques and values uniqueness.
conclusion: Ramon sells antiques.
fact1: Ramon sells antiques.
rule: Ramon either sells antiques or restores classics, but not both.
conclusion: Ramon does not restore classics.
fact1: Ramon collects automobiles.
fact2: Ramon does not restore classics.
rule: If Ramon collects automobiles, then he is either a vintage car enthusiast or restores classics (or both).
conclusion: Ramon is a vintage car enthusiast.
fact1: Ramon is a vintage car enthusiast.
rule: Ramon is either a vintage car enthusiast or not interested in vintage cars, but not both.
conclusion: Ramon is not not interested in vintage cars.

Therefore, it is true that Ramon is not not interested in vintage cars. The correct option is: A."
"Given the facts below, answer the question.

Facts:
Anakin does not learn quickly. Anakin learns quickly or collaborates with others. Anakin conducts research. If Anakin conducts research, then he either collaborates with others or works alone, but not both. Anakin either works alone or is a master herbalist, but not both. If Anakin is a master herbalist, then he helps others and gains recognition.

Question:
Based on the above information, is the following statement true, false, or uncertain? Anakin helps others.

Options:
[""A) True"", ""B) False"", ""C) Uncertain""]","Given the facts below, answer the question.

Facts:
Simone does not have expertise. Anakin either discovers plants or is a master herbalist. If Anakin is a master herbalist, then he helps others and gains recognition. Anakin conducts research. Simone shares knowledge. Anakin learns quickly or collaborates with others. If Jadiel has expertise, then he either gains recognition or shares knowledge, but not both. Anakin does not learn quickly. Casanova conducts research. Anakin either works alone or is a master herbalist, but not both. If Jadiel conducts research, then he either collaborates with others or works alone, but not both. If Casanova is a master herbalist, then he helps others and gains recognition. Casanova either works alone or is a master herbalist, but not both. Casanova does not learn quickly. If Anakin conducts research, then he either collaborates with others or works alone, but not both. Simone learns quickly or collaborates with others.

Question:
Based on the above information, is the following statement true, false, or uncertain? Anakin helps others.

Options:
[""A) True"", ""B) False"", ""C) Uncertain""]",A,0,"fact1: Anakin does not learn quickly.
rule: Anakin learns quickly or collaborates with others.
conclusion: Anakin collaborates with others.
fact1: Anakin conducts research.
fact2: Anakin collaborates with others.
rule: If Anakin conducts research, then he either collaborates with others or works alone, but not both.
conclusion: Anakin does not work alone.
fact1: Anakin does not work alone.
rule: Anakin either works alone or is a master herbalist, but not both.
conclusion: Anakin is a master herbalist.
fact1: Anakin is a master herbalist.
rule: If Anakin is a master herbalist, then he helps others and gains recognition.
conclusion: Anakin helps others.

Therefore, it is true that Anakin helps others. The correct option is: A."
"Given the facts below, answer the question.

Facts:
Brady is a dedicated advocate. Brady does not lead a community. Anyone who is a dedicated advocate either raises awareness or leads a community (or both). Brady educates people. If someone raises awareness and educates people, then they can create positive change.

Question:
Based on the above information, is the following statement true, false, or uncertain? Brady does not inspire others.

Options:
[""A) True"", ""B) False"", ""C) Uncertain""]","Given the facts below, answer the question.

Facts:
Arthur is a dedicated advocate. Brady does not lead a community. If someone raises awareness and educates people, then they can create positive change. Brady educates people. Anyone who is a dedicated advocate either raises awareness or leads a community (or both). Brady is a dedicated advocate.

Question:
Based on the above information, is the following statement true, false, or uncertain? Brady does not inspire others.

Options:
[""A) True"", ""B) False"", ""C) Uncertain""]",C,2,"fact1: Brady is a dedicated advocate.
fact2: Brady does not lead a community.
rule: Anyone who is a dedicated advocate either raises awareness or leads a community (or both).
conclusion: Brady raises awareness.
fact1: Brady raises awareness.
fact2: Brady educates people.
rule: If someone raises awareness and educates people, then they can create positive change.
conclusion: Brady creates positive change.

According to the context and the conclusions that have already been drawn, we can deduce that it is uncertain that Brady does not inspire others. The correct option is: C."
"Given the facts below, answer the question.

Facts:
Malcolm is passionate about history. Malcolm loves discovery. If Malcolm is passionate about history, then he analyzes geological data and loves discovery. Malcolm does not investigate fossils. If Malcolm either investigates fossils or analyzes geological data (but not both), then he explores ecosystems.

Question:
Based on the above information, is the following statement true, false, or uncertain? Malcolm is a paleontologist, or a botanist, or a researcher.

Options:
[""A) True"", ""B) False"", ""C) Uncertain""]","Given the facts below, answer the question.

Facts:
Malcolm is passionate about history. Uriel loves discovery. If Fernando is passionate about history, then he analyzes geological data and loves discovery. Uriel is not a researcher. If Malcolm is passionate about history, then he analyzes geological data and loves discovery. Malcolm does not investigate fossils. If Malcolm has a PhD in science, then he either works in academia or is a botanist (or both). If Fernando studies ancient plants, then he is either a botanist or explores ecosystems. If Uriel either investigates fossils or analyzes geological data (but not both), then he explores ecosystems. Uriel is passionate about history. If Malcolm either investigates fossils or analyzes geological data (but not both), then he explores ecosystems. Fernando does not investigate fossils. Malcolm loves discovery.

Question:
Based on the above information, is the following statement true, false, or uncertain? Malcolm is a paleontologist, or a botanist, or a researcher.

Options:
[""A) True"", ""B) False"", ""C) Uncertain""]",C,2,"fact1: Malcolm is passionate about history.
fact2: Malcolm loves discovery.
rule: If Malcolm is passionate about history, then he analyzes geological data and loves discovery.
conclusion: Malcolm analyzes geological data.
fact1: Malcolm does not investigate fossils.
fact2: Malcolm analyzes geological data.
rule: If Malcolm either investigates fossils or analyzes geological data (but not both), then he explores ecosystems.
conclusion: Malcolm explores ecosystems.

According to the context and the conclusions that have already been drawn, we can deduce that it is uncertain that Malcolm is a paleontologist, or a botanist, or a researcher. The correct option is: C."
"Given the facts below, answer the question.

Facts:
Lucca appreciates beauty. Lucca does not find inner peace. Everyone who appreciates beauty either finds inner peace or lives harmoniously (or both). If someone lives harmoniously, then they respect nature.

Question:
Based on the above information, is the following statement true, false, or uncertain? Lucca loves his work.

Options:
[""A) True"", ""B) False"", ""C) Uncertain""]","Given the facts below, answer the question.

Facts:
If Lucca spends time outdoors, then he either values sustainability or respects nature (but not both). Lucca does not find inner peace. Everyone who appreciates beauty either finds inner peace or lives harmoniously (or both). If someone lives harmoniously, then they respect nature. Jakob appreciates beauty. Jakob does not find inner peace. Lucca appreciates beauty. Perfect either respects nature or loves his work (or both).

Question:
Based on the above information, is the following statement true, false, or uncertain? Lucca loves his work.

Options:
[""A) True"", ""B) False"", ""C) Uncertain""]",C,2,"fact1: Lucca appreciates beauty.
fact2: Lucca does not find inner peace.
rule: Everyone who appreciates beauty either finds inner peace or lives harmoniously (or both).
conclusion: Lucca lives harmoniously.
fact1: Lucca lives harmoniously.
rule: If someone lives harmoniously, then they respect nature.
conclusion: Lucca respects nature.

According to the context and the conclusions that have already been drawn, we can deduce that it is uncertain that Lucca loves his work. The correct option is: C."
"Given the facts below, answer the question.

Facts:
Myra has distinct features. Myra lives in niche habitats. Any insect that has distinct features and lives in niche habitats is a specialized insect. Myra develops camouflage. Myra either develops camouflage or has adaptive behavior, but not both. If Myra is a specialized insect, then she either coexists with fungi or has adaptive behavior, but not both. Myra does not mutually benefit from her environment. If Myra either mutually benefits from her environment or coexists with fungi (but not both), then she has a symbiotic relationship. For all insects, if an insect has a symbiotic relationship, then it thrives in its environment and contributes to the ecosystem.

Question:
Based on the above information, is the following statement true, false, or uncertain? Myra does not thrive in her environment.

Options:
[""A) True"", ""B) False"", ""C) Uncertain""]","Given the facts below, answer the question.

Facts:
Myra either develops camouflage or has adaptive behavior, but not both. If Finn either mutually benefits from her environment or coexists with fungi (but not both), then she has a symbiotic relationship. For all insects, if an insect has a symbiotic relationship, then it thrives in its environment and contributes to the ecosystem. Myra lives in niche habitats. If Myra either mutually benefits from her environment or coexists with fungi (but not both), then she has a symbiotic relationship. Any insect that has distinct features and lives in niche habitats is a specialized insect. If Cinnamon is a specialized insect, then she either coexists with fungi or has adaptive behavior, but not both. Myra does not mutually benefit from her environment. Finn develops camouflage. Myra develops camouflage. If Myra is a specialized insect, then she either coexists with fungi or has adaptive behavior, but not both. Myra has distinct features. Cinnamon has distinct features. Finn lives in niche habitats.

Question:
Based on the above information, is the following statement true, false, or uncertain? Myra does not thrive in her environment.

Options:
[""A) True"", ""B) False"", ""C) Uncertain""]",B,1,"fact1: Myra has distinct features.
fact2: Myra lives in niche habitats.
rule: Any insect that has distinct features and lives in niche habitats is a specialized insect.
conclusion: Myra is a specialized insect.
fact1: Myra develops camouflage.
rule: Myra either develops camouflage or has adaptive behavior, but not both.
conclusion: Myra does not have adaptive behavior.
fact1: Myra is a specialized insect.
fact2: Myra does not have adaptive behavior.
rule: If Myra is a specialized insect, then she either coexists with fungi or has adaptive behavior, but not both.
conclusion: Myra coexists with fungi.
fact1: Myra does not mutually benefit from her environment.
fact2: Myra coexists with fungi.
rule: If Myra either mutually benefits from her environment or coexists with fungi (but not both), then she has a symbiotic relationship.
conclusion: Myra has a symbiotic relationship.
fact1: Myra has a symbiotic relationship.
rule: For all insects, if an insect has a symbiotic relationship, then it thrives in its environment and contributes to the ecosystem.
conclusion: Myra does not thrive in her environment.

Therefore, it is false that Myra does not thrive in her environment. The correct option is: B."
"Given the facts below, answer the question.

Facts:
Mia likes puzzles. If someone likes puzzles, then they are good at critical thinking and enjoy problem-solving. Mia excels in math. If Mia excels in math and enjoys problem-solving, then she can be a mechanical engineer. Mia values sustainability. If Mia is a mechanical engineer, then she is either passionate about milling or values sustainability, but not both.

Question:
Based on the above information, is the following statement true, false, or uncertain? Mia does not preserve tradition.

Options:
[""A) True"", ""B) False"", ""C) Uncertain""]","Given the facts below, answer the question.

Facts:
Mia values sustainability. If someone likes puzzles, then they are good at critical thinking and enjoy problem-solving. If Mia excels in math and enjoys problem-solving, then she can be a mechanical engineer. India leads revitalization. Mia excels in math. India restores heritage. If Mia is a mechanical engineer, then she is either passionate about milling or values sustainability, but not both. India likes puzzles. Mia likes puzzles. India values sustainability. If Zaid excels in math and enjoys problem-solving, then she can be a mechanical engineer.

Question:
Based on the above information, is the following statement true, false, or uncertain? Mia does not preserve tradition.

Options:
[""A) True"", ""B) False"", ""C) Uncertain""]",C,2,"fact1: Mia likes puzzles.
rule: If someone likes puzzles, then they are good at critical thinking and enjoy problem-solving.
conclusion: Mia enjoys problem-solving.
fact1: Mia excels in math.
fact2: Mia enjoys problem-solving.
rule: If Mia excels in math and enjoys problem-solving, then she can be a mechanical engineer.
conclusion: Mia is a mechanical engineer.
fact1: Mia is a mechanical engineer.
fact2: Mia values sustainability.
rule: If Mia is a mechanical engineer, then she is either passionate about milling or values sustainability, but not both.
conclusion: Mia is not passionate about milling.

According to the context and the conclusions that have already been drawn, we can deduce that it is uncertain that Mia does not preserve tradition. The correct option is: C."
"Given the facts below, answer the question.

Facts:
Kason conserves wildlife. Kason either conserves wildlife or exploits natural resources, but not both. Kason either exploits natural resources or lives in harmony with nature, but not both. Kason either lives in harmony with nature or harms the environment, but not both.

Question:
Based on the above information, is the following statement true, false, or uncertain? Kason does not harm the environment.

Options:
[""A) True"", ""B) False"", ""C) Uncertain""]","Given the facts below, answer the question.

Facts:
Fatima conserves wildlife. Kason conserves wildlife. Emersyn either exploits natural resources or lives in harmony with nature, but not both. Kason either lives in harmony with nature or harms the environment, but not both. Emersyn either conserves wildlife or exploits natural resources, but not both. Kason either exploits natural resources or lives in harmony with nature, but not both. Kason either conserves wildlife or exploits natural resources, but not both.

Question:
Based on the above information, is the following statement true, false, or uncertain? Kason does not harm the environment.

Options:
[""A) True"", ""B) False"", ""C) Uncertain""]",A,0,"fact1: Kason conserves wildlife.
rule: Kason either conserves wildlife or exploits natural resources, but not both.
conclusion: Kason does not exploit natural resources.
fact1: Kason does not exploit natural resources.
rule: Kason either exploits natural resources or lives in harmony with nature, but not both.
conclusion: Kason lives in harmony with nature.
fact1: Kason lives in harmony with nature.
rule: Kason either lives in harmony with nature or harms the environment, but not both.
conclusion: Kason does not harm the environment.

Therefore, it is true that Kason does not harm the environment. The correct option is: A."
"Given the facts below, answer the question.

Facts:
Pedro does not have medical knowledge. Pedro either has medical knowledge or heals animals, but not both. Pedro is gentle-souled. All gentle-souled people care for others and have compassion. If Pedro has compassion, then he can either heal animals or comfort humans, but not both.

Question:
Based on the above information, is the following statement true, false, or uncertain? Pedro does not comfort humans.

Options:
[""A) True"", ""B) False"", ""C) Uncertain""]","Given the facts below, answer the question.

Facts:
If Pedro has compassion, then he can either heal animals or comfort humans, but not both. Pedro does not have medical knowledge. If Alena has compassion, then he can either heal animals or comfort humans, but not both. Alicia does not have an empathetic nature. Charlie either has medical knowledge or heals animals, but not both. Pedro either has medical knowledge or heals animals, but not both. All gentle-souled people care for others and have compassion. Charlie does not do volunteer work. Alicia does not have medical knowledge. Pedro is gentle-souled. Alena is gentle-souled.

Question:
Based on the above information, is the following statement true, false, or uncertain? Pedro does not comfort humans.

Options:
[""A) True"", ""B) False"", ""C) Uncertain""]",A,0,"fact1: Pedro does not have medical knowledge.
rule: Pedro either has medical knowledge or heals animals, but not both.
conclusion: Pedro heals animals.
fact1: Pedro is gentle-souled.
rule: All gentle-souled people care for others and have compassion.
conclusion: Pedro has compassion.
fact1: Pedro has compassion.
fact2: Pedro heals animals.
rule: If Pedro has compassion, then he can either heal animals or comfort humans, but not both.
conclusion: Pedro does not comfort humans.

Therefore, it is true that Pedro does not comfort humans. The correct option is: A."
"Given the facts below, answer the question.

Facts:
Elias gets enough sleep. Elias manages stress. Anyone who gets enough sleep and manages stress can recover quickly. Elias cooks at home. Elias avoids junk food. For all humans, if they cook at home and avoid junk food, then they eat healthy. Elias exercises regularly. If Elias exercises regularly, then he either rarely gets sick or eats healthy, but not both. If Elias either rarely gets sick or recovers quickly (but not both), then he has a strong immune system. Elias either has a strong immune system or a weak immune system, but not both.

Question:
Based on the above information, is the following statement true, false, or uncertain? Elias has a weak immune system.

Options:
[""A) True"", ""B) False"", ""C) Uncertain""]","Given the facts below, answer the question.

Facts:
If Elias exercises regularly, then he either rarely gets sick or eats healthy, but not both. Elias either has a strong immune system or a weak immune system, but not both. Elias gets enough sleep. Elias manages stress. Elias cooks at home. Anyone who gets enough sleep and manages stress can recover quickly. Analia exercises regularly. Elias exercises regularly. For all humans, if they cook at home and avoid junk food, then they eat healthy. Axl gets enough sleep. If Elias either rarely gets sick or recovers quickly (but not both), then he has a strong immune system. Analia avoids junk food. Elias avoids junk food. Axl cooks at home.

Question:
Based on the above information, is the following statement true, false, or uncertain? Elias has a weak immune system.

Options:
[""A) True"", ""B) False"", ""C) Uncertain""]",B,1,"fact1: Elias gets enough sleep.
fact2: Elias manages stress.
rule: Anyone who gets enough sleep and manages stress can recover quickly.
conclusion: Elias recovers quickly.
fact1: Elias cooks at home.
fact2: Elias avoids junk food.
rule: For all humans, if they cook at home and avoid junk food, then they eat healthy.
conclusion: Elias eats healthy.
fact1: Elias exercises regularly.
fact2: Elias eats healthy.
rule: If Elias exercises regularly, then he either rarely gets sick or eats healthy, but not both.
conclusion: Elias does not rarely get sick.
fact1: Elias does not rarely get sick.
fact2: Elias recovers quickly.
rule: If Elias either rarely gets sick or recovers quickly (but not both), then he has a strong immune system.
conclusion: Elias has a strong immune system.
fact1: Elias has a strong immune system.
rule: Elias either has a strong immune system or a weak immune system, but not both.
conclusion: Elias has a weak immune system.

Therefore, it is false that Elias has a weak immune system. The correct option is: B."
"Given the facts below, answer the question.

Facts:
Aubree follows established methods. Aubree either thinks creatively or follows established methods, but not both. Aubree solves complex problems. If Aubree either solves complex problems or thinks creatively (but not both), then she is brilliant. Aubree studies mathematics. For all humans, if a person studies mathematics and is brilliant, then they can make groundbreaking discoveries.

Question:
Based on the above information, is the following statement true, false, or uncertain? Aubree can make groundbreaking discoveries.

Options:
[""A) True"", ""B) False"", ""C) Uncertain""]","Given the facts below, answer the question.

Facts:
For all humans, if a person studies mathematics and is brilliant, then they can make groundbreaking discoveries. If James either solves complex problems or thinks creatively (but not both), then she is brilliant. James either thinks creatively or follows established methods, but not both. Aubree follows established methods. Gage studies mathematics. If Aubree either solves complex problems or thinks creatively (but not both), then she is brilliant. Aubree either thinks creatively or follows established methods, but not both. Aubree studies mathematics. Aubree solves complex problems.

Question:
Based on the above information, is the following statement true, false, or uncertain? Aubree can make groundbreaking discoveries.

Options:
[""A) True"", ""B) False"", ""C) Uncertain""]",A,0,"fact1: Aubree follows established methods.
rule: Aubree either thinks creatively or follows established methods, but not both.
conclusion: Aubree does not think creatively.
fact1: Aubree solves complex problems.
fact2: Aubree does not think creatively.
rule: If Aubree either solves complex problems or thinks creatively (but not both), then she is brilliant.
conclusion: Aubree is brilliant.
fact1: Aubree studies mathematics.
fact2: Aubree is brilliant.
rule: For all humans, if a person studies mathematics and is brilliant, then they can make groundbreaking discoveries.
conclusion: Aubree can make groundbreaking discoveries.

Therefore, it is true that Aubree can make groundbreaking discoveries. The correct option is: A."
"Given the facts below, answer the question.

Facts:
Dork masters the arcane arts. Dork does not preserve harmony in the world. If Dork masters the arcane arts, then he either weaves new spells or preserves harmony in the world (or both). Dork either weaves new spells or repairs enchantments, but not both. Dork has a unique gift. Dork does not restore balance to the world. If Dork has a unique gift, then he either restores balance to the world or mends reality (or both). If Dork either mends reality or repairs enchantments (but not both), then he uses magic for good. Either Dork uses magic for good or he uses magic for evil, but not both.

Question:
Based on the above information, is the following statement true, false, or uncertain? Dork uses magic for evil.

Options:
[""A) True"", ""B) False"", ""C) Uncertain""]","Given the facts below, answer the question.

Facts:
Dork does not preserve harmony in the world. If Dork either mends reality or repairs enchantments (but not both), then he uses magic for good. If Dork masters the arcane arts, then he either weaves new spells or preserves harmony in the world (or both). If Dork has a unique gift, then he either restores balance to the world or mends reality (or both). Dork either weaves new spells or repairs enchantments, but not both. Either Dork uses magic for good or he uses magic for evil, but not both. Georgina either weaves new spells or repairs enchantments, but not both. Dork does not restore balance to the world. Khloe masters the arcane arts. If Bentley masters the arcane arts, then he either weaves new spells or preserves harmony in the world (or both). Bentley has a unique gift. Either Bentley uses magic for good or he uses magic for evil, but not both. Dork masters the arcane arts. Dork has a unique gift.

Question:
Based on the above information, is the following statement true, false, or uncertain? Dork uses magic for evil.

Options:
[""A) True"", ""B) False"", ""C) Uncertain""]",B,1,"fact1: Dork masters the arcane arts.
fact2: Dork does not preserve harmony in the world.
rule: If Dork masters the arcane arts, then he either weaves new spells or preserves harmony in the world (or both).
conclusion: Dork weaves new spells.
fact1: Dork weaves new spells.
rule: Dork either weaves new spells or repairs enchantments, but not both.
conclusion: Dork does not repair enchantments.
fact1: Dork has a unique gift.
fact2: Dork does not restore balance to the world.
rule: If Dork has a unique gift, then he either restores balance to the world or mends reality (or both).
conclusion: Dork mends reality.
fact1: Dork mends reality.
fact2: Dork does not repair enchantments.
rule: If Dork either mends reality or repairs enchantments (but not both), then he uses magic for good.
conclusion: Dork uses magic for good.
fact1: Dork uses magic for good.
rule: Either Dork uses magic for good or he uses magic for evil, but not both.
conclusion: Dork uses magic for evil.

Therefore, it is false that Dork uses magic for evil. The correct option is: B."
"Given the facts below, answer the question.

Facts:
Nicolas works abroad. If Nicolas works abroad or collaborates internationally, then he can speak English. Nicolas is an archaeologist. If Nicolas is an archaeologist, then he either speaks Arabic or speaks English, but not both. Nicolas either speaks Arabic or is skilled in hieroglyphics. Either Nicolas is skilled in hieroglyphics or he is unfamiliar with hieroglyphics, but not both.

Question:
Based on the above information, is the following statement true, false, or uncertain? Nicolas is unfamiliar with hieroglyphics.

Options:
[""A) True"", ""B) False"", ""C) Uncertain""]","Given the facts below, answer the question.

Facts:
If Nicolas is an archaeologist, then he either speaks Arabic or speaks English, but not both. Nicolas is an archaeologist. If Nicolas works abroad or collaborates internationally, then he can speak English. Arthur is an archaeologist. Nicolas either speaks Arabic or is skilled in hieroglyphics. If Marshall works abroad or collaborates internationally, then he can speak English. Sol works abroad. If Arthur is an archaeologist, then he either speaks Arabic or speaks English, but not both. Marshall either speaks Arabic or is skilled in hieroglyphics. Nicolas works abroad. Either Marshall is skilled in hieroglyphics or he is unfamiliar with hieroglyphics, but not both. Either Nicolas is skilled in hieroglyphics or he is unfamiliar with hieroglyphics, but not both.

Question:
Based on the above information, is the following statement true, false, or uncertain? Nicolas is unfamiliar with hieroglyphics.

Options:
[""A) True"", ""B) False"", ""C) Uncertain""]",B,1,"fact1: Nicolas works abroad.
rule: If Nicolas works abroad or collaborates internationally, then he can speak English.
conclusion: Nicolas speaks English.
fact1: Nicolas is an archaeologist.
fact2: Nicolas speaks English.
rule: If Nicolas is an archaeologist, then he either speaks Arabic or speaks English, but not both.
conclusion: Nicolas does not speak Arabic.
fact1: Nicolas does not speak Arabic.
rule: Nicolas either speaks Arabic or is skilled in hieroglyphics.
conclusion: Nicolas is skilled in hieroglyphics.
fact1: Nicolas is skilled in hieroglyphics.
rule: Either Nicolas is skilled in hieroglyphics or he is unfamiliar with hieroglyphics, but not both.
conclusion: Nicolas is unfamiliar with hieroglyphics.

Therefore, it is false that Nicolas is unfamiliar with hieroglyphics. The correct option is: B."
"Given the facts below, answer the question.

Facts:
Dr. Charleigh analyzes results. Dr. Charleigh does not identify patterns. Any scientist who analyzes results either conducts experiments or identifies patterns (or both). Charleigh leads a lab. Any scientist who publishes papers or leads a lab is dedicated to research. Dr. Charleigh does not improve public health. If Dr. Charleigh is dedicated to research, then she either improves public health or is renowned (or both). Dr. Charleigh inspires new generations. If Dr. Charleigh is renowned, then she either makes groundbreaking discoveries or inspires new generations, but not both.

Question:
Based on the above information, is the following statement true, false, or uncertain? Dr. Charleigh does not make groundbreaking discoveries.

Options:
[""A) True"", ""B) False"", ""C) Uncertain""]","Given the facts below, answer the question.

Facts:
Charleigh leads a lab. Dr. Moshe does not improve public health. Moshe does not collect data. Dr. Charleigh inspires new generations. Moshe leads a lab. If Dr. Charleigh is renowned, then she either makes groundbreaking discoveries or inspires new generations, but not both. If Dr. Byron is dedicated to research, then she either improves public health or is renowned (or both). Dr. Samira inspires new generations. Dr. Moshe analyzes results. Dr. Byron does not identify patterns. If Dr. Charleigh is dedicated to research, then she either improves public health or is renowned (or both). Any scientist who publishes papers or leads a lab is dedicated to research. All scientists who are passionate about microbiology are dedicated to research. If Dr. Moshe is renowned, then she either makes groundbreaking discoveries or inspires new generations, but not both. Dr. Charleigh analyzes results. Any scientist who analyzes results either conducts experiments or identifies patterns (or both). Dr. Charleigh does not improve public health. If Dr. Charleigh studies microorganisms, then she either develops new treatments or publishes papers. Dr. Charleigh does not identify patterns.

Question:
Based on the above information, is the following statement true, false, or uncertain? Dr. Charleigh does not make groundbreaking discoveries.

Options:
[""A) True"", ""B) False"", ""C) Uncertain""]",A,0,"fact1: Dr. Charleigh analyzes results.
fact2: Dr. Charleigh does not identify patterns.
rule: Any scientist who analyzes results either conducts experiments or identifies patterns (or both).
conclusion: Charleigh conducts experiments.
fact1: Charleigh leads a lab.
rule: Any scientist who publishes papers or leads a lab is dedicated to research.
conclusion: Charleigh is dedicated to research.
fact1: Charleigh is dedicated to research.
fact2: Dr. Charleigh does not improve public health.
rule: If Dr. Charleigh is dedicated to research, then she either improves public health or is renowned (or both).
conclusion: Dr. Charleigh is renowned.
fact1: Dr. Charleigh is renowned.
fact2: Dr. Charleigh inspires new generations.
rule: If Dr. Charleigh is renowned, then she either makes groundbreaking discoveries or inspires new generations, but not both.
conclusion: Dr. Charleigh does not make groundbreaking discoveries.

Therefore, it is true that Dr. Charleigh does not make groundbreaking discoveries. The correct option is: A."
"Given the facts below, answer the question.

Facts:
Guy keeps promises. Guy communicates openly. Anyone who keeps promises and communicates openly is transparent. Guy serves others. If someone serves others, then they build a good reputation and prioritize fairness. If Guy is transparent, then he can either earn the trust of others or build a good reputation, but not both.

Question:
Based on the above information, is the following statement true, false, or uncertain? Guy gains the gratitude of others.

Options:
[""A) True"", ""B) False"", ""C) Uncertain""]","Given the facts below, answer the question.

Facts:
Guy serves others. If Emmitt is transparent, then he can either earn the trust of others or build a good reputation, but not both. Anyone who keeps promises and communicates openly is transparent. Guy keeps promises. Asher keeps promises. Emmitt communicates openly. If Asher acts with integrity, then he can either earn the trust of others or gain their gratitude, but not both. If someone serves others, then they build a good reputation and prioritize fairness. Guy communicates openly. If Guy works diligently, then he can either earn the trust of others or receive recognition, but not both. Leandro does not act with integrity. If Guy is transparent, then he can either earn the trust of others or build a good reputation, but not both. Leandro serves others.

Question:
Based on the above information, is the following statement true, false, or uncertain? Guy gains the gratitude of others.

Options:
[""A) True"", ""B) False"", ""C) Uncertain""]",C,2,"fact1: Guy keeps promises.
fact2: Guy communicates openly.
rule: Anyone who keeps promises and communicates openly is transparent.
conclusion: Guy is transparent.
fact1: Guy serves others.
rule: If someone serves others, then they build a good reputation and prioritize fairness.
conclusion: Guy builds a good reputation.
fact1: Guy is transparent.
fact2: Guy builds a good reputation.
rule: If Guy is transparent, then he can either earn the trust of others or build a good reputation, but not both.
conclusion: Guy does not earn the trust of others.

According to the context and the conclusions that have already been drawn, we can deduce that it is uncertain that Guy gains the gratitude of others. The correct option is: C."
"Given the facts below, answer the question.

Facts:
Rhodes does not value work-life balance. A person who values work-life balance may not always be disciplined, and vice versa. Rhodes sets high standards. If Rhodes is disciplined, then he either strives for perfection or sets high standards, but not both. Rhodes pursues excellency. If Rhodes pursues excellency, then he will develop innovative techniques and receive widespread recognition.

Question:
Based on the above information, is the following statement true, false, or uncertain? Rhodes receives widespread recognition.

Options:
[""A) True"", ""B) False"", ""C) Uncertain""]","Given the facts below, answer the question.

Facts:
If Rhodes pursues excellency, then he will develop innovative techniques and receive widespread recognition. Miranda pursues excellency. If Cody is disciplined, then he either strives for perfection or sets high standards, but not both. Rhodes does not value work-life balance. A person who values work-life balance may not always be disciplined, and vice versa. Rhodes sets high standards. If Cody pursues excellency, then he will develop innovative techniques and receive widespread recognition. If Rhodes is disciplined, then he either strives for perfection or sets high standards, but not both. Miranda does not value work-life balance. Rhodes pursues excellency. Raylan improves patient outcomes. If Raylan strives for perfection, then he either develops innovative techniques or improves patient outcomes (or both).

Question:
Based on the above information, is the following statement true, false, or uncertain? Rhodes receives widespread recognition.

Options:
[""A) True"", ""B) False"", ""C) Uncertain""]",A,0,"fact1: Rhodes does not value work-life balance.
rule: A person who values work-life balance may not always be disciplined, and vice versa.
conclusion: Rhodes is disciplined.
fact1: Rhodes is disciplined.
fact2: Rhodes sets high standards.
rule: If Rhodes is disciplined, then he either strives for perfection or sets high standards, but not both.
conclusion: Rhodes does not strive for perfection.
fact1: Rhodes pursues excellency.
rule: If Rhodes pursues excellency, then he will develop innovative techniques and receive widespread recognition.
conclusion: Rhodes receives widespread recognition.

Therefore, it is true that Rhodes receives widespread recognition. The correct option is: A."
"Given the facts below, answer the question.

Facts:
Zoe does not make wise decisions. Zoe makes wise decisions or has good judgment. Zoe is discreet. If Zoe has good judgment, then she is either discreet or keenly perceptive (but not both). Zoe communicates openly. For Zoe, being open in her communication and being intuitive are mutually exclusive. Zoe listens actively. Zoe understands others. For all humans, if they listen actively and understand others, then they are empathetic.

Question:
Based on the above information, is the following statement true, false, or uncertain? If Zoe is either empathetic or intuitive (but not both), then she is trustworthy.

Options:
[""A) True"", ""B) False"", ""C) Uncertain""]","Given the facts below, answer the question.

Facts:
Zoe makes wise decisions or has good judgment. Zoe understands others. Zoe is discreet. For Zoe, being open in her communication and being intuitive are mutually exclusive. Zoe listens actively. Zoe does not make wise decisions. Muncie respects boundaries. Zoe communicates openly. For all humans, if they listen actively and understand others, then they are empathetic. If Zoe has good judgment, then she is either discreet or keenly perceptive (but not both).

Question:
Based on the above information, is the following statement true, false, or uncertain? If Zoe is either empathetic or intuitive (but not both), then she is trustworthy.

Options:
[""A) True"", ""B) False"", ""C) Uncertain""]",C,2,"fact1: Zoe does not make wise decisions.
rule: Zoe makes wise decisions or has good judgment.
conclusion: Zoe has good judgment.
fact1: Zoe has good judgment.
fact2: Zoe is discreet.
rule: If Zoe has good judgment, then she is either discreet or keenly perceptive (but not both).
conclusion: Zoe is not keenly perceptive.
fact1: Zoe communicates openly.
rule: For Zoe, being open in her communication and being intuitive are mutually exclusive.
conclusion: Zoe is not intuitive.
fact1: Zoe listens actively.
fact2: Zoe understands others.
rule: For all humans, if they listen actively and understand others, then they are empathetic.
conclusion: Zoe is empathetic.

According to the context and the conclusions that have already been drawn, we can deduce that it is uncertain that If Zoe is either empathetic or intuitive (but not both), then she is trustworthy. The correct option is: C."
"Given the facts below, answer the question.

Facts:
Maya is endangered. If an animal is endangered, then it has rare traits and needs protection. Maya responds to her environment. Maya either responds to her environment or follows her instincts, but not both. Maya either follows her instincts or exhibits unusual behavior, but not both.

Question:
Based on the above information, is the following statement true, false, or uncertain? If Maya is genetically unique, then she attracts scientific interest and contributes to new discoveries.

Options:
[""A) True"", ""B) False"", ""C) Uncertain""]","Given the facts below, answer the question.

Facts:
Maya responds to her environment. Maya either responds to her environment or follows her instincts, but not both. Maya either follows her instincts or exhibits unusual behavior, but not both. Maya is endangered. Nico responds to her environment. Estelle does not reproduce asexually. Nico is endangered. If an animal is endangered, then it has rare traits and needs protection.

Question:
Based on the above information, is the following statement true, false, or uncertain? If Maya is genetically unique, then she attracts scientific interest and contributes to new discoveries.

Options:
[""A) True"", ""B) False"", ""C) Uncertain""]",C,2,"fact1: Maya is endangered.
rule: If an animal is endangered, then it has rare traits and needs protection.
conclusion: Maya has rare traits.
fact1: Maya responds to her environment.
rule: Maya either responds to her environment or follows her instincts, but not both.
conclusion: Maya does not follow her instincts.
fact1: Maya does not follow her instincts.
rule: Maya either follows her instincts or exhibits unusual behavior, but not both.
conclusion: Maya exhibits unusual behavior.

According to the context and the conclusions that have already been drawn, we can deduce that it is uncertain that If Maya is genetically unique, then she attracts scientific interest and contributes to new discoveries. The correct option is: C."
"Given the facts below, answer the question.

Facts:
Araceli trusts medical professionals. Araceli does not obey health guidelines. Anyone who trusts medical professionals or obeys health guidelines will follow doctor's instructions. Araceli does not monitor her health condition. Araceli either monitors her health condition or takes prescription medication, but not both. If Araceli takes prescription medication, then she is either informed about medication or follows doctor's instructions (but not both). Araceli is either informed about medication or an advocate for health awareness (or both).

Question:
Based on the above information, is the following statement true, false, or uncertain? Araceli is not an advocate for health awareness.

Options:
[""A) True"", ""B) False"", ""C) Uncertain""]","Given the facts below, answer the question.

Facts:
Ozzy is either informed about medication or an advocate for health awareness (or both). Araceli is either informed about medication or an advocate for health awareness (or both). Layla trusts medical professionals. Layla does not obey health guidelines. Araceli trusts medical professionals. If Araceli takes prescription medication, then she is either informed about medication or follows doctor's instructions (but not both). Araceli either monitors her health condition or takes prescription medication, but not both. Ozzy does not monitor her health condition. Araceli does not obey health guidelines. Anyone who trusts medical professionals or obeys health guidelines will follow doctor's instructions. Araceli does not monitor her health condition.

Question:
Based on the above information, is the following statement true, false, or uncertain? Araceli is not an advocate for health awareness.

Options:
[""A) True"", ""B) False"", ""C) Uncertain""]",B,1,"fact1: Araceli trusts medical professionals.
fact2: Araceli does not obey health guidelines.
rule: Anyone who trusts medical professionals or obeys health guidelines will follow doctor's instructions.
conclusion: Araceli follows doctor's instructions.
fact1: Araceli does not monitor her health condition.
rule: Araceli either monitors her health condition or takes prescription medication, but not both.
conclusion: Araceli takes prescription medication.
fact1: Araceli takes prescription medication.
fact2: Araceli follows doctor's instructions.
rule: If Araceli takes prescription medication, then she is either informed about medication or follows doctor's instructions (but not both).
conclusion: Araceli is not informed about medication.
fact1: Araceli is not informed about medication.
rule: Araceli is either informed about medication or an advocate for health awareness (or both).
conclusion: Araceli is not an advocate for health awareness.

Therefore, it is false that Araceli is not an advocate for health awareness. The correct option is: B."
"Given the facts below, answer the question.

Facts:
Haley promotes social justice. Haley does not organize rallies. If Haley either promotes social justice or organizes rallies (but not both), then she advocates for workers. Haley supports unions. Haley negotiates fair wages. Anyone who supports unions and negotiates fair wages can improve working conditions. If Haley advocates for workers, then she either improves working conditions or gains recognition, but not both.

Question:
Based on the above information, is the following statement true, false, or uncertain? Haley gains recognition.

Options:
[""A) True"", ""B) False"", ""C) Uncertain""]","Given the facts below, answer the question.

Facts:
If Remi advocates for workers, then she either improves working conditions or gains recognition, but not both. Haley does not organize rallies. If Haley either promotes social justice or organizes rallies (but not both), then she advocates for workers. Haley promotes social justice. Haley supports unions. Anyone who supports unions and negotiates fair wages can improve working conditions. Sutton supports unions. If Haley advocates for workers, then she either improves working conditions or gains recognition, but not both. Haley negotiates fair wages.

Question:
Based on the above information, is the following statement true, false, or uncertain? Haley gains recognition.

Options:
[""A) True"", ""B) False"", ""C) Uncertain""]",B,1,"fact1: Haley promotes social justice.
fact2: Haley does not organize rallies.
rule: If Haley either promotes social justice or organizes rallies (but not both), then she advocates for workers.
conclusion: Haley advocates for workers.
fact1: Haley supports unions.
fact2: Haley negotiates fair wages.
rule: Anyone who supports unions and negotiates fair wages can improve working conditions.
conclusion: Haley improves working conditions.
fact1: Haley advocates for workers.
fact2: Haley improves working conditions.
rule: If Haley advocates for workers, then she either improves working conditions or gains recognition, but not both.
conclusion: Haley gains recognition.

Therefore, it is false that Haley gains recognition. The correct option is: B."
"Given the facts below, answer the question.

Facts:
Aria works independently. Aria follows instructions. If Aria works independently, then she either follows instructions or pays attention (but not both). Aria pays attention or is patient. Aria has good memory. If Aria has good memory, then she is either patient or learns quickly, but not both. Aria learns quickly or is a skilled craftsman. Either Aria is a skilled craftsman or an unskilled craftsman, but not both.

Question:
Based on the above information, is the following statement true, false, or uncertain? Aria is not an unskilled craftsman.

Options:
[""A) True"", ""B) False"", ""C) Uncertain""]","Given the facts below, answer the question.

Facts:
Aria works independently. Aria pays attention or is patient. Aria learns quickly or is a skilled craftsman. If Aria has good memory, then she is either patient or learns quickly, but not both. Aria has good memory. Cuteness works independently. If Edward works independently, then she either follows instructions or pays attention (but not both). Either Edward is a skilled craftsman or an unskilled craftsman, but not both. Aria follows instructions. Either Aria is a skilled craftsman or an unskilled craftsman, but not both. If Aria works independently, then she either follows instructions or pays attention (but not both).

Question:
Based on the above information, is the following statement true, false, or uncertain? Aria is not an unskilled craftsman.

Options:
[""A) True"", ""B) False"", ""C) Uncertain""]",A,0,"fact1: Aria works independently.
fact2: Aria follows instructions.
rule: If Aria works independently, then she either follows instructions or pays attention (but not both).
conclusion: Aria does not pay attention.
fact1: Aria does not pay attention.
rule: Aria pays attention or is patient.
conclusion: Aria is patient.
fact1: Aria has good memory.
fact2: Aria is patient.
rule: If Aria has good memory, then she is either patient or learns quickly, but not both.
conclusion: Aria does not learn quickly.
fact1: Aria does not learn quickly.
rule: Aria learns quickly or is a skilled craftsman.
conclusion: Aria is a skilled craftsman.
fact1: Aria is a skilled craftsman.
rule: Either Aria is a skilled craftsman or an unskilled craftsman, but not both.
conclusion: Aria is not an unskilled craftsman.

Therefore, it is true that Aria is not an unskilled craftsman. The correct option is: A."
"Given the facts below, answer the question.

Facts:
Georgia collaborates with others. Georgia either collaborates with others or works alone, but not both. Georgia either works alone or has leadership skills, but not both. Georgia empowers others. If Georgia has leadership skills, then she either empowers others or mobilizes the community, but not both. Georgia is influential. Everyone who is influential either drives social change or mobilizes the community.

Question:
Based on the above information, is the following statement true, false, or uncertain? Georgia wins debates.

Options:
[""A) True"", ""B) False"", ""C) Uncertain""]","Given the facts below, answer the question.

Facts:
Georgia either collaborates with others or works alone, but not both. Georgia collaborates with others. Georgia empowers others. If Georgia has leadership skills, then she either empowers others or mobilizes the community, but not both. Georgia is influential. Everyone who is influential either drives social change or mobilizes the community. Bellamy collaborates with others. Georgia either works alone or has leadership skills, but not both.

Question:
Based on the above information, is the following statement true, false, or uncertain? Georgia wins debates.

Options:
[""A) True"", ""B) False"", ""C) Uncertain""]",C,2,"fact1: Georgia collaborates with others.
rule: Georgia either collaborates with others or works alone, but not both.
conclusion: Georgia does not work alone.
fact1: Georgia does not work alone.
rule: Georgia either works alone or has leadership skills, but not both.
conclusion: Georgia has leadership skills.
fact1: Georgia has leadership skills.
fact2: Georgia empowers others.
rule: If Georgia has leadership skills, then she either empowers others or mobilizes the community, but not both.
conclusion: Georgia does not mobilize the community.
fact1: Georgia is influential.
fact2: Georgia does not mobilize the community.
rule: Everyone who is influential either drives social change or mobilizes the community.
conclusion: Georgia drives social change.

According to the context and the conclusions that have already been drawn, we can deduce that it is uncertain that Georgia wins debates. The correct option is: C."
"Given the facts below, answer the question.

Facts:
Zakai eats decaying plants. Zakai does not crawl slowly. If Zakai either eats decaying plants or crawls slowly (but not both), then he lives on the bottom. If Zakai lives on the bottom, then he is sedentary. Zakai is either sedentary or capable of regenerating body parts, but not both. For every flatworm, either the flatworm can regenerate body parts or it cannot, but not both.

Question:
Based on the above information, is the following statement true, false, or uncertain? Zakai is not unable to regenerate body parts.

Options:
[""A) True"", ""B) False"", ""C) Uncertain""]","Given the facts below, answer the question.

Facts:
If Zakai either eats decaying plants or crawls slowly (but not both), then he lives on the bottom. Zakai is either sedentary or capable of regenerating body parts, but not both. Zakai does not crawl slowly. Zakai eats decaying plants. Haley eats decaying plants. If Zakai lives on the bottom, then he is sedentary. If Jack either eats decaying plants or crawls slowly (but not both), then he lives on the bottom. If Jack lives on the bottom, then he is sedentary. For every flatworm, either the flatworm can regenerate body parts or it cannot, but not both.

Question:
Based on the above information, is the following statement true, false, or uncertain? Zakai is not unable to regenerate body parts.

Options:
[""A) True"", ""B) False"", ""C) Uncertain""]",B,1,"fact1: Zakai eats decaying plants.
fact2: Zakai does not crawl slowly.
rule: If Zakai either eats decaying plants or crawls slowly (but not both), then he lives on the bottom.
conclusion: Zakai lives on the bottom.
fact1: Zakai lives on the bottom.
rule: If Zakai lives on the bottom, then he is sedentary.
conclusion: Zakai is sedentary.
fact1: Zakai is sedentary.
rule: Zakai is either sedentary or capable of regenerating body parts, but not both.
conclusion: Zakai cannot regenerate body parts.
fact1: Zakai cannot regenerate body parts.
rule: For every flatworm, either the flatworm can regenerate body parts or it cannot, but not both.
conclusion: Zakai is not unable to regenerate body parts.

Therefore, it is false that Zakai is not unable to regenerate body parts. The correct option is: B."
"Given the facts below, answer the question.

Facts:
Dorothy travels abroad. Dorothy does not collect recipes. If Dorothy travels abroad, then she either collects recipes or tries new fruits, but not both. Dorothy visits markets. If Dorothy visits markets and tries new fruits, then she prefers mango. Dorothy either prefers mango or enjoys litchi, but not both. Either Dorothy enjoys litchi or she dislikes litchi, but not both.

Question:
Based on the above information, is the following statement true, false, or uncertain? Dorothy dislikes litchi.

Options:
[""A) True"", ""B) False"", ""C) Uncertain""]","Given the facts below, answer the question.

Facts:
Either Reign enjoys litchi or she dislikes litchi, but not both. Either Dorothy enjoys litchi or she dislikes litchi, but not both. Dorothy either prefers mango or enjoys litchi, but not both. If Dorothy visits markets and tries new fruits, then she prefers mango. If Dorothy travels abroad, then she either collects recipes or tries new fruits, but not both. Dorothy visits markets. Judith does not collect recipes. Nicole either prefers mango or enjoys litchi, but not both. If Judith visits markets and tries new fruits, then she prefers mango. Dorothy does not collect recipes. Dorothy travels abroad.

Question:
Based on the above information, is the following statement true, false, or uncertain? Dorothy dislikes litchi.

Options:
[""A) True"", ""B) False"", ""C) Uncertain""]",A,0,"fact1: Dorothy travels abroad.
fact2: Dorothy does not collect recipes.
rule: If Dorothy travels abroad, then she either collects recipes or tries new fruits, but not both.
conclusion: Dorothy tries new fruits.
fact1: Dorothy visits markets.
fact2: Dorothy tries new fruits.
rule: If Dorothy visits markets and tries new fruits, then she prefers mango.
conclusion: Dorothy prefers mango.
fact1: Dorothy prefers mango.
rule: Dorothy either prefers mango or enjoys litchi, but not both.
conclusion: Dorothy does not enjoy litchi.
fact1: Dorothy does not enjoy litchi.
rule: Either Dorothy enjoys litchi or she dislikes litchi, but not both.
conclusion: Dorothy dislikes litchi.

Therefore, it is true that Dorothy dislikes litchi. The correct option is: A."
"Given the facts below, answer the question.

Facts:
Mara values independence. Mara takes calculated risks. If Mara values independence, then she takes calculated risks and has an entrepreneurial spirit. Mara manages finances well. Anyone who has an entrepreneurial spirit or manages finances well can own a business. Mara creates unique experiences. Mara does not foster connections. Everyone who creates unique experiences either hosts events or fosters connections (or both). If Mara hosts events, then she will build a community. If Mara owns a business, then she can either become famous or build a community, but not both.

Question:
Based on the above information, is the following statement true, false, or uncertain? Mara becomes famous.

Options:
[""A) True"", ""B) False"", ""C) Uncertain""]","Given the facts below, answer the question.

Facts:
If Mara values independence, then she takes calculated risks and has an entrepreneurial spirit. If Mara owns a business, then she can either become famous or build a community, but not both. Mara creates unique experiences. Mara does not foster connections. Mara manages finances well. Everyone who creates unique experiences either hosts events or fosters connections (or both). Jett does not foster connections. If Mara hosts events, then she will build a community. Mara values independence. Anyone who has an entrepreneurial spirit or manages finances well can own a business. Jett manages finances well. Mara takes calculated risks. If Callie owns a business, then she can either become famous or build a community, but not both.

Question:
Based on the above information, is the following statement true, false, or uncertain? Mara becomes famous.

Options:
[""A) True"", ""B) False"", ""C) Uncertain""]",B,1,"fact1: Mara values independence.
fact2: Mara takes calculated risks.
rule: If Mara values independence, then she takes calculated risks and has an entrepreneurial spirit.
conclusion: Mara has an entrepreneurial spirit.
fact1: Mara has an entrepreneurial spirit.
fact2: Mara manages finances well.
rule: Anyone who has an entrepreneurial spirit or manages finances well can own a business.
conclusion: Mara owns a business.
fact1: Mara creates unique experiences.
fact2: Mara does not foster connections.
rule: Everyone who creates unique experiences either hosts events or fosters connections (or both).
conclusion: Mara hosts events.
fact1: Mara hosts events.
rule: If Mara hosts events, then she will build a community.
conclusion: Mara builds a community.
fact1: Mara owns a business.
fact2: Mara builds a community.
rule: If Mara owns a business, then she can either become famous or build a community, but not both.
conclusion: Mara becomes famous.

Therefore, it is false that Mara becomes famous. The correct option is: B."
"Given the facts below, answer the question.

Facts:
Perfect is competitive. Perfect has a noble lineage. If Perfect is competitive, then he is either highly athletic or has a noble lineage, but not both. For Perfect, either he is highly athletic or he has good breeding, but it's not necessarily both. Perfect is highly intelligent. Perfect is physically strong. If Perfect is highly intelligent, then he is either physically strong or has a good temperament (but not both). If Perfect has good breeding, then he is either well-trained or has a good temperament (or both). If Perfect is well-trained, then he performs well.

Question:
Based on the above information, is the following statement true, false, or uncertain? Perfect performs well.

Options:
[""A) True"", ""B) False"", ""C) Uncertain""]","Given the facts below, answer the question.

Facts:
Perfect has a noble lineage. Perfect is physically strong. For Kian, either he is highly athletic or he has good breeding, but it's not necessarily both. If Perfect has good breeding, then he is either well-trained or has a good temperament (or both). For Perfect, either he is highly athletic or he has good breeding, but it's not necessarily both. If Perfect is competitive, then he is either highly athletic or has a noble lineage, but not both. Perfect is highly intelligent. Perfect is competitive. If Perfect is highly intelligent, then he is either physically strong or has a good temperament (but not both). Lexi has a noble lineage. If Perfect is well-trained, then he performs well. If Marianna is highly intelligent, then he is either physically strong or has a good temperament (but not both).

Question:
Based on the above information, is the following statement true, false, or uncertain? Perfect performs well.

Options:
[""A) True"", ""B) False"", ""C) Uncertain""]",A,0,"fact1: Perfect is competitive.
fact2: Perfect has a noble lineage.
rule: If Perfect is competitive, then he is either highly athletic or has a noble lineage, but not both.
conclusion: Perfect is not highly athletic.
fact1: Perfect is not highly athletic.
rule: For Perfect, either he is highly athletic or he has good breeding, but it's not necessarily both.
conclusion: Perfect has good breeding.
fact1: Perfect is highly intelligent.
fact2: Perfect is physically strong.
rule: If Perfect is highly intelligent, then he is either physically strong or has a good temperament (but not both).
conclusion: Perfect does not have a good temperament.
fact1: Perfect has good breeding.
fact2: Perfect does not have a good temperament.
rule: If Perfect has good breeding, then he is either well-trained or has a good temperament (or both).
conclusion: Perfect is well-trained.
fact1: Perfect is well-trained.
rule: If Perfect is well-trained, then he performs well.
conclusion: Perfect performs well.

Therefore, it is true that Perfect performs well. The correct option is: A."
"Given the facts below, answer the question.

Facts:
Carly meets deadlines. If Carly meets deadlines, then she values efficiency and stays organized. Carly does not avoid repetitive tasks. If Carly either avoids repetitive tasks or stays organized (but not both), then she uses ergonomic tools. Carly does not prioritize self-care. Carly manages her workload effectively. If Carly either prioritizes self-care or manages her workload effectively (but not both), then she takes regular breaks. For all humans, if they use ergonomic tools or take regular breaks (or both), then they can reduce the risk of carpal tunnel syndrome.

Question:
Based on the above information, is the following statement true, false, or uncertain? Carly cannot reduce the risk of carpal tunnel syndrome.

Options:
[""A) True"", ""B) False"", ""C) Uncertain""]","Given the facts below, answer the question.

Facts:
For all humans, if they use ergonomic tools or take regular breaks (or both), then they can reduce the risk of carpal tunnel syndrome. Carly manages her workload effectively. If Carly meets deadlines, then she values efficiency and stays organized. Maddison meets deadlines. If Carly either prioritizes self-care or manages her workload effectively (but not both), then she takes regular breaks. Carly does not avoid repetitive tasks. Carly meets deadlines. Carly does not prioritize self-care. If Carly either avoids repetitive tasks or stays organized (but not both), then she uses ergonomic tools.

Question:
Based on the above information, is the following statement true, false, or uncertain? Carly cannot reduce the risk of carpal tunnel syndrome.

Options:
[""A) True"", ""B) False"", ""C) Uncertain""]",B,1,"fact1: Carly meets deadlines.
rule: If Carly meets deadlines, then she values efficiency and stays organized.
conclusion: Carly stays organized.
fact1: Carly does not avoid repetitive tasks.
fact2: Carly stays organized.
rule: If Carly either avoids repetitive tasks or stays organized (but not both), then she uses ergonomic tools.
conclusion: Carly uses ergonomic tools.
fact1: Carly does not prioritize self-care.
fact2: Carly manages her workload effectively.
rule: If Carly either prioritizes self-care or manages her workload effectively (but not both), then she takes regular breaks.
conclusion: Carly takes regular breaks.
fact1: Carly uses ergonomic tools.
fact2: Carly takes regular breaks.
rule: For all humans, if they use ergonomic tools or take regular breaks (or both), then they can reduce the risk of carpal tunnel syndrome.
conclusion: Carly cannot reduce the risk of carpal tunnel syndrome.

Therefore, it is false that Carly cannot reduce the risk of carpal tunnel syndrome. The correct option is: B."
"Given the facts below, answer the question.

Facts:
Piper pursues artistic interests. For Piper, she either pursues artistic interests or is passionate about science, but not both. Piper collects rock specimens. If Piper collects rock specimens, then she analyzes earth samples. Piper has a PhD in science. Piper pursues an academic career. If Piper has a PhD in science, then she either pursues an academic career or works in nuclear energy, but not both.

Question:
Based on the above information, is the following statement true, false, or uncertain? Piper studies radioactive elements and either works in nuclear energy or conducts geological research (or both).

Options:
[""A) True"", ""B) False"", ""C) Uncertain""]","Given the facts below, answer the question.

Facts:
Piper pursues an academic career. Piper has a PhD in science. If Piper has a PhD in science, then she either pursues an academic career or works in nuclear energy, but not both. If Piper collects rock specimens, then she analyzes earth samples. Marcellus does not develop innovative methods. Marcellus does not have expertise in mineralogy. If Alan is passionate about science, then she studies radioactive elements and develops innovative methods. Piper collects rock specimens. For Hayes, she either pursues artistic interests or is passionate about science, but not both. Piper pursues artistic interests. For Piper, she either pursues artistic interests or is passionate about science, but not both.

Question:
Based on the above information, is the following statement true, false, or uncertain? Piper studies radioactive elements and either works in nuclear energy or conducts geological research (or both).

Options:
[""A) True"", ""B) False"", ""C) Uncertain""]",C,2,"fact1: Piper pursues artistic interests.
rule: For Piper, she either pursues artistic interests or is passionate about science, but not both.
conclusion: Piper is not passionate about science.
fact1: Piper collects rock specimens.
rule: If Piper collects rock specimens, then she analyzes earth samples.
conclusion: Piper analyzes earth samples.
fact1: Piper has a PhD in science.
fact2: Piper pursues an academic career.
rule: If Piper has a PhD in science, then she either pursues an academic career or works in nuclear energy, but not both.
conclusion: Piper does not work in nuclear energy.

According to the context and the conclusions that have already been drawn, we can deduce that it is uncertain that Piper studies radioactive elements and either works in nuclear energy or conducts geological research (or both). The correct option is: C."
"Given the facts below, answer the question.

Facts:
Jolene lives in the rainforest. Jolene learns from elders. If Jolene lives in the rainforest, then she either learns from elders or speaks indigenous languages (but not both). Jolene understands ancestral practices. If Jolene either speaks indigenous languages or understands ancestral practices (but not both), then she possesses traditional knowledge. Jolene is a botanist. If Jolene is a botanist, then she either has medicinal expertise or possesses traditional knowledge, but not both.

Question:
Based on the above information, is the following statement true, false, or uncertain? Jolene is a respected scientist.

Options:
[""A) True"", ""B) False"", ""C) Uncertain""]","Given the facts below, answer the question.

Facts:
If Jolene collaborates with tribes, then she either speaks indigenous languages or documents folklore (or both). If Jolene is a botanist, then she either has medicinal expertise or possesses traditional knowledge, but not both. If Jolene lives in the rainforest, then she either learns from elders or speaks indigenous languages (but not both). Athena understands ancestral practices. Ezequiel learns from elders. If Jolene either speaks indigenous languages or understands ancestral practices (but not both), then she possesses traditional knowledge. If Jolene studies plant species, then she has either medicinal expertise or develops new medicines (or both). Jolene lives in the rainforest. If Athena has either medicinal expertise or is involved in conservation efforts (but not both), then she is a respected scientist. Jolene learns from elders. Boo lives in the rainforest. If Ezequiel lives in the rainforest, then she either learns from elders or speaks indigenous languages (but not both). If Boo is a botanist, then she either has medicinal expertise or possesses traditional knowledge, but not both. Boo is not involved in conservation efforts. If Ezequiel either speaks indigenous languages or understands ancestral practices (but not both), then she possesses traditional knowledge. Boo is a botanist. Jolene understands ancestral practices. Jolene is a botanist.

Question:
Based on the above information, is the following statement true, false, or uncertain? Jolene is a respected scientist.

Options:
[""A) True"", ""B) False"", ""C) Uncertain""]",C,2,"fact1: Jolene lives in the rainforest.
fact2: Jolene learns from elders.
rule: If Jolene lives in the rainforest, then she either learns from elders or speaks indigenous languages (but not both).
conclusion: Jolene does not speak indigenous languages.
fact1: Jolene does not speak indigenous languages.
fact2: Jolene understands ancestral practices.
rule: If Jolene either speaks indigenous languages or understands ancestral practices (but not both), then she possesses traditional knowledge.
conclusion: Jolene possesses traditional knowledge.
fact1: Jolene is a botanist.
fact2: Jolene possesses traditional knowledge.
rule: If Jolene is a botanist, then she either has medicinal expertise or possesses traditional knowledge, but not both.
conclusion: Jolene does not have medicinal expertise.

According to the context and the conclusions that have already been drawn, we can deduce that it is uncertain that Jolene is a respected scientist. The correct option is: C."
"Given the facts below, answer the question.

Facts:
Nancy makes people laugh. If Nancy makes people laugh, then she is a comedian. Nancy is not charming. If Nancy is a comedian, then she is either witty or charming, but not both.

Question:
Based on the above information, is the following statement true, false, or uncertain? If Nancy is either sarcastic or witty (but not both), then she is entertaining.

Options:
[""A) True"", ""B) False"", ""C) Uncertain""]","Given the facts below, answer the question.

Facts:
Eileen makes people laugh. If Nancy makes people laugh, then she is a comedian. Nancy makes people laugh. Albert has charisma or is sarcastic. Albert is not charming. If Nancy is a comedian, then she is either witty or charming, but not both. Nancy is not charming.

Question:
Based on the above information, is the following statement true, false, or uncertain? If Nancy is either sarcastic or witty (but not both), then she is entertaining.

Options:
[""A) True"", ""B) False"", ""C) Uncertain""]",C,2,"fact1: Nancy makes people laugh.
rule: If Nancy makes people laugh, then she is a comedian.
conclusion: Nancy is a comedian.
fact1: Nancy is a comedian.
fact2: Nancy is not charming.
rule: If Nancy is a comedian, then she is either witty or charming, but not both.
conclusion: Nancy is witty.

According to the context and the conclusions that have already been drawn, we can deduce that it is uncertain that If Nancy is either sarcastic or witty (but not both), then she is entertaining. The correct option is: C."
"Given the facts below, answer the question.

Facts:
Walter embraces individuality. Walter questions norms. For anyone who embraces individuality and questions norms, they challenge conventions. Walter pursues quirky interests. Anyone who pursues quirky interests or challenges conventions thinks outside the box. Walter inspires creativity. If Walter thinks outside the box, then he can either entertain others or inspire creativity, but not both.

Question:
Based on the above information, is the following statement true, false, or uncertain? Walter does not entertain others.

Options:
[""A) True"", ""B) False"", ""C) Uncertain""]","Given the facts below, answer the question.

Facts:
If Fatima thinks outside the box, then he can either entertain others or inspire creativity, but not both. Walter pursues quirky interests. Walter embraces individuality. Walter questions norms. Anyone who pursues quirky interests or challenges conventions thinks outside the box. If Walter thinks outside the box, then he can either entertain others or inspire creativity, but not both. Fatima pursues quirky interests. For anyone who embraces individuality and questions norms, they challenge conventions. Walter inspires creativity.

Question:
Based on the above information, is the following statement true, false, or uncertain? Walter does not entertain others.

Options:
[""A) True"", ""B) False"", ""C) Uncertain""]",A,0,"fact1: Walter embraces individuality.
fact2: Walter questions norms.
rule: For anyone who embraces individuality and questions norms, they challenge conventions.
conclusion: Walter challenges conventions.
fact1: Walter pursues quirky interests.
fact2: Walter challenges conventions.
rule: Anyone who pursues quirky interests or challenges conventions thinks outside the box.
conclusion: Walter thinks outside the box.
fact1: Walter thinks outside the box.
fact2: Walter inspires creativity.
rule: If Walter thinks outside the box, then he can either entertain others or inspire creativity, but not both.
conclusion: Walter does not entertain others.

Therefore, it is true that Walter does not entertain others. The correct option is: A."
"Given the facts below, answer the question.

Facts:
Sylvia does not think innovatively. Sylvia brings new ideas. If Sylvia either thinks innovatively or brings new ideas (but not both), then she has creative vision. Sylvia either has creative vision or masters craftsmanship, but not both. Sylvia values tradition. Sylvia either values tradition or appreciates nature, but not both.

Question:
Based on the above information, is the following statement true, false, or uncertain? Sylvia is a respected artisan.

Options:
[""A) True"", ""B) False"", ""C) Uncertain""]","Given the facts below, answer the question.

Facts:
Sylvia either values tradition or appreciates nature, but not both. If Ezrah either thinks innovatively or brings new ideas (but not both), then she has creative vision. If Sylvia either thinks innovatively or brings new ideas (but not both), then she has creative vision. Sylvia brings new ideas. Sylvia does not think innovatively. Sylvia values tradition. Jenesis brings new ideas. Sylvia either has creative vision or masters craftsmanship, but not both.

Question:
Based on the above information, is the following statement true, false, or uncertain? Sylvia is a respected artisan.

Options:
[""A) True"", ""B) False"", ""C) Uncertain""]",C,2,"fact1: Sylvia does not think innovatively.
fact2: Sylvia brings new ideas.
rule: If Sylvia either thinks innovatively or brings new ideas (but not both), then she has creative vision.
conclusion: Sylvia has creative vision.
fact1: Sylvia has creative vision.
rule: Sylvia either has creative vision or masters craftsmanship, but not both.
conclusion: Sylvia does not master craftsmanship.
fact1: Sylvia values tradition.
rule: Sylvia either values tradition or appreciates nature, but not both.
conclusion: Sylvia does not appreciate nature.

According to the context and the conclusions that have already been drawn, we can deduce that it is uncertain that Sylvia is a respected artisan. The correct option is: C."
"Given the facts below, answer the question.

Facts:
Dream lives in the jungle. Dream has strong instincts. All elephants that live in the jungle and have strong instincts can roam free. Dream either knows about arrack or roams free, but not both.

Question:
Based on the above information, is the following statement true, false, or uncertain? Dream symbolizes harmony between humans and elephants.

Options:
[""A) True"", ""B) False"", ""C) Uncertain""]","Given the facts below, answer the question.

Facts:
Dream lives in the jungle. Dream has strong instincts. Tinkerbell does not understand traditions. All elephants that live in the jungle and have strong instincts can roam free. Cowgirl lives in the jungle. Dream either knows about arrack or roams free, but not both. If Tinkerbell understands traditions, then she will help villagers. Cowgirl either knows about arrack or roams free, but not both. If Tinkerbell knows about arrack, then she either helps villagers or symbolizes harmony between humans and elephants, but not both.

Question:
Based on the above information, is the following statement true, false, or uncertain? Dream symbolizes harmony between humans and elephants.

Options:
[""A) True"", ""B) False"", ""C) Uncertain""]",C,2,"fact1: Dream lives in the jungle.
fact2: Dream has strong instincts.
rule: All elephants that live in the jungle and have strong instincts can roam free.
conclusion: Dream roams free.
fact1: Dream roams free.
rule: Dream either knows about arrack or roams free, but not both.
conclusion: Dream does not know about arrack.

According to the context and the conclusions that have already been drawn, we can deduce that it is uncertain that Dream symbolizes harmony between humans and elephants. The correct option is: C."
"Given the facts below, answer the question.

Facts:
Jensen has business acumen. Jensen does not take calculated risks. If Jensen has business acumen, then he either makes strategic decisions or takes calculated risks, but not both. Jensen thinks ahead. Anyone who thinks ahead will value patience. If Jensen values patience, then he is a long-term investor and makes strategic decisions. Jensen is either a long-term investor or a short-term investor, but not both.

Question:
Based on the above information, is the following statement true, false, or uncertain? Jensen is not a short-term investor.

Options:
[""A) True"", ""B) False"", ""C) Uncertain""]","Given the facts below, answer the question.

Facts:
If Jensen values patience, then he is a long-term investor and makes strategic decisions. If Jensen has business acumen, then he either makes strategic decisions or takes calculated risks, but not both. Ignacio is either a long-term investor or a short-term investor, but not both. Jensen thinks ahead. Ignacio does not take calculated risks. If Ignacio has business acumen, then he either makes strategic decisions or takes calculated risks, but not both. Ignacio has business acumen. Anyone who thinks ahead will value patience. Jensen has business acumen. Jensen is either a long-term investor or a short-term investor, but not both. Conor thinks ahead. Jensen does not take calculated risks. If Jensen either buys and holds or diversifies his portfolio (but not both), then he is a long-term investor. If Ignacio values patience, then he is a long-term investor and makes strategic decisions.

Question:
Based on the above information, is the following statement true, false, or uncertain? Jensen is not a short-term investor.

Options:
[""A) True"", ""B) False"", ""C) Uncertain""]",A,0,"fact1: Jensen has business acumen.
fact2: Jensen does not take calculated risks.
rule: If Jensen has business acumen, then he either makes strategic decisions or takes calculated risks, but not both.
conclusion: Jensen makes strategic decisions.
fact1: Jensen thinks ahead.
rule: Anyone who thinks ahead will value patience.
conclusion: Jensen values patience.
fact1: Jensen values patience.
fact2: Jensen makes strategic decisions.
rule: If Jensen values patience, then he is a long-term investor and makes strategic decisions.
conclusion: Jensen is a long-term investor.
fact1: Jensen is a long-term investor.
rule: Jensen is either a long-term investor or a short-term investor, but not both.
conclusion: Jensen is not a short-term investor.

Therefore, it is true that Jensen is not a short-term investor. The correct option is: A."
"Given the facts below, answer the question.

Facts:
Amiri has a disability. Amiri pursues a standard education. If Amiri has a disability, then he either finds alternative solutions or pursues a standard education, but not both. Amiri faces challenges. Everyone who faces challenges either finds alternative solutions or follows conventional paths (or both). Amiri lives a sheltered life. Amiri either overcomes adversity or lives a sheltered life, but not both. Amiri either follows conventional paths or develops unique skills, but not both.

Question:
Based on the above information, is the following statement true, false, or uncertain? Amiri does not achieve great success.

Options:
[""A) True"", ""B) False"", ""C) Uncertain""]","Given the facts below, answer the question.

Facts:
Amiri either follows conventional paths or develops unique skills, but not both. If Amiri has a disability, then he either finds alternative solutions or pursues a standard education, but not both. Amiri pursues a standard education. Kinley pursues a standard education. Amiri has a disability. Kinley has a disability. Amiri lives a sheltered life. Everyone who faces challenges either finds alternative solutions or follows conventional paths (or both). Amiri either overcomes adversity or lives a sheltered life, but not both. Jose faces challenges. Amiri faces challenges. Jose either follows conventional paths or develops unique skills, but not both.

Question:
Based on the above information, is the following statement true, false, or uncertain? Amiri does not achieve great success.

Options:
[""A) True"", ""B) False"", ""C) Uncertain""]",C,2,"fact1: Amiri has a disability.
fact2: Amiri pursues a standard education.
rule: If Amiri has a disability, then he either finds alternative solutions or pursues a standard education, but not both.
conclusion: Amiri does not find alternative solutions.
fact1: Amiri faces challenges.
fact2: Amiri does not find alternative solutions.
rule: Everyone who faces challenges either finds alternative solutions or follows conventional paths (or both).
conclusion: Amiri follows conventional paths.
fact1: Amiri lives a sheltered life.
rule: Amiri either overcomes adversity or lives a sheltered life, but not both.
conclusion: Amiri does not overcome adversity.
fact1: Amiri follows conventional paths.
rule: Amiri either follows conventional paths or develops unique skills, but not both.
conclusion: Amiri does not develop unique skills.

According to the context and the conclusions that have already been drawn, we can deduce that it is uncertain that Amiri does not achieve great success. The correct option is: C."
"Given the facts below, answer the question.

Facts:
Nyra attracts small creatures. Either Nyra attracts small creatures or she inspires others, but not both. Nyra is vocal. Nyra does not perform solo. If Nyra is vocal, then she either leads other insects in song or performs solo, but not both.

Question:
Based on the above information, is the following statement true, false, or uncertain? Nyra does not have unique vocal abilities.

Options:
[""A) True"", ""B) False"", ""C) Uncertain""]","Given the facts below, answer the question.

Facts:
If Nyra is vocal, then she either leads other insects in song or performs solo, but not both. Nyra attracts small creatures. Leroy attracts small creatures. Nyra does not perform solo. Either Leroy attracts small creatures or she inspires others, but not both. Nyra is vocal. Either Nyra attracts small creatures or she inspires others, but not both. Persephone is vocal.

Question:
Based on the above information, is the following statement true, false, or uncertain? Nyra does not have unique vocal abilities.

Options:
[""A) True"", ""B) False"", ""C) Uncertain""]",C,2,"fact1: Nyra attracts small creatures.
rule: Either Nyra attracts small creatures or she inspires others, but not both.
conclusion: Nyra does not inspire others.
fact1: Nyra is vocal.
fact2: Nyra does not perform solo.
rule: If Nyra is vocal, then she either leads other insects in song or performs solo, but not both.
conclusion: Nyra leads other insects in song.

According to the context and the conclusions that have already been drawn, we can deduce that it is uncertain that Nyra does not have unique vocal abilities. The correct option is: C."
"Given the facts below, answer the question.

Facts:
Marcelo is not a private person. Marcelo is either a private person or familiar with his community, but not both. Marcelo enjoys his job. Marcelo strives for quality. Anyone who enjoys their job and strives for quality takes pride in their work. For all humans, if they know the community or take pride in their work, then they earn respect.

Question:
Based on the above information, is the following statement true, false, or uncertain? Marcelo does not earn respect.

Options:
[""A) True"", ""B) False"", ""C) Uncertain""]","Given the facts below, answer the question.

Facts:
Marcelo is either a private person or familiar with his community, but not both. Anyone who enjoys their job and strives for quality takes pride in their work. Ivy enjoys his job. Marcelo is not a private person. Marcelo strives for quality. For all humans, if they know the community or take pride in their work, then they earn respect. Marcelo enjoys his job. Ivy is either a private person or familiar with his community, but not both.

Question:
Based on the above information, is the following statement true, false, or uncertain? Marcelo does not earn respect.

Options:
[""A) True"", ""B) False"", ""C) Uncertain""]",B,1,"fact1: Marcelo is not a private person.
rule: Marcelo is either a private person or familiar with his community, but not both.
conclusion: Marcelo knows the community.
fact1: Marcelo enjoys his job.
fact2: Marcelo strives for quality.
rule: Anyone who enjoys their job and strives for quality takes pride in their work.
conclusion: Marcelo takes pride in his work.
fact1: Marcelo knows the community.
fact2: Marcelo takes pride in his work.
rule: For all humans, if they know the community or take pride in their work, then they earn respect.
conclusion: Marcelo does not earn respect.

Therefore, it is false that Marcelo does not earn respect. The correct option is: B."
"Given the facts below, answer the question.

Facts:
Dexter asks questions. Dexter does not explore new fields. If Dexter either asks questions or explores new fields (but not both), then he is inquisitive. Dexter works collaboratively. For Dexter, either he solves complex problems or works collaboratively, but not both. If Dexter is inquisitive, then he either solves complex problems or pursues innovative ideas, but not both. Dexter is curious. Dexter is a visionary. If Dexter is curious, then he is either a brilliant inventor or visionary, but not both.

Question:
Based on the above information, is the following statement true, false, or uncertain? Dexter does not make groundbreaking discoveries.

Options:
[""A) True"", ""B) False"", ""C) Uncertain""]","Given the facts below, answer the question.

Facts:
For Dexter, either he solves complex problems or works collaboratively, but not both. Dexter asks questions. Jameson does not explore new fields. Jameson is a visionary. Dexter is a visionary. Dexter is curious. If Dexter is curious, then he is either a brilliant inventor or visionary, but not both. Cartier is curious. Dexter works collaboratively. If Dexter is inquisitive, then he either solves complex problems or pursues innovative ideas, but not both. Dexter does not explore new fields. If Dexter either asks questions or explores new fields (but not both), then he is inquisitive.

Question:
Based on the above information, is the following statement true, false, or uncertain? Dexter does not make groundbreaking discoveries.

Options:
[""A) True"", ""B) False"", ""C) Uncertain""]",C,2,"fact1: Dexter asks questions.
fact2: Dexter does not explore new fields.
rule: If Dexter either asks questions or explores new fields (but not both), then he is inquisitive.
conclusion: Dexter is inquisitive.
fact1: Dexter works collaboratively.
rule: For Dexter, either he solves complex problems or works collaboratively, but not both.
conclusion: Dexter does not solve complex problems.
fact1: Dexter is inquisitive.
fact2: Dexter does not solve complex problems.
rule: If Dexter is inquisitive, then he either solves complex problems or pursues innovative ideas, but not both.
conclusion: Dexter pursues innovative ideas.
fact1: Dexter is curious.
fact2: Dexter is a visionary.
rule: If Dexter is curious, then he is either a brilliant inventor or visionary, but not both.
conclusion: Dexter is not a brilliant inventor.

According to the context and the conclusions that have already been drawn, we can deduce that it is uncertain that Dexter does not make groundbreaking discoveries. The correct option is: C."
"Given the facts below, answer the question.

Facts:
Callie is a horticulturist. Callie loves gardening. If Callie is a horticulturist, then she is either someone who loves gardening or has a green thumb, but not both. Callie explores rainforests. If Callie explores rainforests, then she discovers new species and gains recognition. For all humans, if they study rare plants or discover new species, then they contribute to conservation.

Question:
Based on the above information, is the following statement true, false, or uncertain? Callie contributes to conservation.

Options:
[""A) True"", ""B) False"", ""C) Uncertain""]","Given the facts below, answer the question.

Facts:
Novalee loves gardening. Callie loves gardening. If Callie either classifies flowers or analyzes botanical data (but not both), then she discovers new species. If Treasure has a green thumb, then she studies rare plants. If Novalee explores rainforests, then she discovers new species and gains recognition. If Kahlani is a horticulturist, then she is either someone who loves gardening or has a green thumb, but not both. If Callie is a horticulturist, then she is either someone who loves gardening or has a green thumb, but not both. Treasure explores rainforests. Callie explores rainforests. If Callie explores rainforests, then she discovers new species and gains recognition. Kahlani is a horticulturist. Kahlani does not work tirelessly. Callie is a horticulturist. For all humans, if they study rare plants or discover new species, then they contribute to conservation.

Question:
Based on the above information, is the following statement true, false, or uncertain? Callie contributes to conservation.

Options:
[""A) True"", ""B) False"", ""C) Uncertain""]",A,0,"fact1: Callie is a horticulturist.
fact2: Callie loves gardening.
rule: If Callie is a horticulturist, then she is either someone who loves gardening or has a green thumb, but not both.
conclusion: Callie does not have a green thumb.
fact1: Callie explores rainforests.
rule: If Callie explores rainforests, then she discovers new species and gains recognition.
conclusion: Callie discovers new species.
fact1: Callie discovers new species.
rule: For all humans, if they study rare plants or discover new species, then they contribute to conservation.
conclusion: Callie contributes to conservation.

Therefore, it is true that Callie contributes to conservation. The correct option is: A."
"Given the facts below, answer the question.

Facts:
Wade improves air quality. Wade does not conserve resources. If Wade either improves air quality or conserves resources (but not both), then he develops clean technology. Anyone who develops clean technology will reduce emissions. Everyone who reduces emissions is concerned about the environment.

Question:
Based on the above information, is the following statement true, false, or uncertain? Wade is not innovative.

Options:
[""A) True"", ""B) False"", ""C) Uncertain""]","Given the facts below, answer the question.

Facts:
Wade improves air quality. If Jaden either improves air quality or conserves resources (but not both), then he develops clean technology. If Wade either improves air quality or conserves resources (but not both), then he develops clean technology. Wade does not conserve resources. Anyone who develops clean technology will reduce emissions. Everyone who reduces emissions is concerned about the environment.

Question:
Based on the above information, is the following statement true, false, or uncertain? Wade is not innovative.

Options:
[""A) True"", ""B) False"", ""C) Uncertain""]",C,2,"fact1: Wade improves air quality.
fact2: Wade does not conserve resources.
rule: If Wade either improves air quality or conserves resources (but not both), then he develops clean technology.
conclusion: Wade develops clean technology.
fact1: Wade develops clean technology.
rule: Anyone who develops clean technology will reduce emissions.
conclusion: Wade reduces emissions.
fact1: Wade reduces emissions.
rule: Everyone who reduces emissions is concerned about the environment.
conclusion: Wade is concerned about the environment.

According to the context and the conclusions that have already been drawn, we can deduce that it is uncertain that Wade is not innovative. The correct option is: C."
"Given the facts below, answer the question.

Facts:
Dr. Darius does not publish research papers. A scientist either publishes research papers or seeks medical breakthroughs, but these activities are not necessarily mutually exclusive. If Dr. Darius studies bacteria or seeks medical breakthroughs, then he develops life-saving treatments.

Question:
Based on the above information, is the following statement true, false, or uncertain? Dr. Darius develops life-saving treatments.

Options:
[""A) True"", ""B) False"", ""C) Uncertain""]","Given the facts below, answer the question.

Facts:
A scientist either publishes research papers or seeks medical breakthroughs, but these activities are not necessarily mutually exclusive. If Dr. Petal studies bacteria or seeks medical breakthroughs, then he develops life-saving treatments. Dr. Darius does not publish research papers. If Dr. Darius studies bacteria or seeks medical breakthroughs, then he develops life-saving treatments.

Question:
Based on the above information, is the following statement true, false, or uncertain? Dr. Darius develops life-saving treatments.

Options:
[""A) True"", ""B) False"", ""C) Uncertain""]",A,0,"fact1: Dr. Darius does not publish research papers.
rule: A scientist either publishes research papers or seeks medical breakthroughs, but these activities are not necessarily mutually exclusive.
conclusion: Dr. Darius seeks medical breakthroughs.
fact1: Dr. Darius seeks medical breakthroughs.
rule: If Dr. Darius studies bacteria or seeks medical breakthroughs, then he develops life-saving treatments.
conclusion: Dr. Darius develops life-saving treatments.

Therefore, it is true that Dr. Darius develops life-saving treatments. The correct option is: A."
"Given the facts below, answer the question.

Facts:
Golden has good reflexes. Golden is not muscular. If Golden has good reflexes, then he is either muscular or powerful, but not both. Golden is agile. If Golden is agile, then he is either powerful or has strong instincts, but not both. Golden has good breeding. Golden excels in endurance. If Golden has good breeding, then he can either excel in endurance or win competitions, but not both.

Question:
Based on the above information, is the following statement true, false, or uncertain? If Golden is well-trained, then he can either win competitions or set records, but not both.

Options:
[""A) True"", ""B) False"", ""C) Uncertain""]","Given the facts below, answer the question.

Facts:
Celeste is well-trained. Hero does not achieve high speed. If Katherine has good breeding, then he can either excel in endurance or win competitions, but not both. If Celeste is agile, then he is either powerful or has strong instincts, but not both. If Golden is agile, then he is either powerful or has strong instincts, but not both. Katherine is agile. Celeste has good breeding. Golden has good breeding. Celeste excels in endurance. If Golden has good breeding, then he can either excel in endurance or win competitions, but not both. Golden has good reflexes. If Golden has good reflexes, then he is either muscular or powerful, but not both. If Celeste has strong instincts, then he can either achieve high speed or set records, but not both. Golden is not muscular. Celeste is not muscular. Katherine has good reflexes. Golden excels in endurance. If Hero has good reflexes, then he is either muscular or powerful, but not both. Golden is agile.

Question:
Based on the above information, is the following statement true, false, or uncertain? If Golden is well-trained, then he can either win competitions or set records, but not both.

Options:
[""A) True"", ""B) False"", ""C) Uncertain""]",C,2,"fact1: Golden has good reflexes.
fact2: Golden is not muscular.
rule: If Golden has good reflexes, then he is either muscular or powerful, but not both.
conclusion: Golden is powerful.
fact1: Golden is agile.
fact2: Golden is powerful.
rule: If Golden is agile, then he is either powerful or has strong instincts, but not both.
conclusion: Golden does not have strong instincts.
fact1: Golden has good breeding.
fact2: Golden excels in endurance.
rule: If Golden has good breeding, then he can either excel in endurance or win competitions, but not both.
conclusion: Golden does not win competitions.

According to the context and the conclusions that have already been drawn, we can deduce that it is uncertain that If Golden is well-trained, then he can either win competitions or set records, but not both. The correct option is: C."
"Given the facts below, answer the question.

Facts:
Fisher pursues personal growth. For Fisher, pursuing personal growth and becoming an advocate for change are mutually exclusive. Fisher seeks support. For Fisher, either he finds inner strength or he seeks support, but not both. Fisher does not lead a normal life. Fisher either leads a normal life or has a disability. If Fisher has a disability, then he either finds inner strength or faces adversity, but not both. If Fisher faces adversity, then he can either become an advocate for change or inspire others, but not both.

Question:
Based on the above information, is the following statement true, false, or uncertain? Fisher inspires others.

Options:
[""A) True"", ""B) False"", ""C) Uncertain""]","Given the facts below, answer the question.

Facts:
Luca does not lead a normal life. If Fisher has a disability, then he either finds inner strength or faces adversity, but not both. Fisher either leads a normal life or has a disability. For Fisher, pursuing personal growth and becoming an advocate for change are mutually exclusive. Fisher pursues personal growth. Luca either leads a normal life or has a disability. For Smiley, either he finds inner strength or he seeks support, but not both. Smiley seeks support. Elisa pursues personal growth. If Fisher faces adversity, then he can either become an advocate for change or inspire others, but not both. For Fisher, either he finds inner strength or he seeks support, but not both. Fisher seeks support. Fisher does not lead a normal life.

Question:
Based on the above information, is the following statement true, false, or uncertain? Fisher inspires others.

Options:
[""A) True"", ""B) False"", ""C) Uncertain""]",A,0,"fact1: Fisher pursues personal growth.
rule: For Fisher, pursuing personal growth and becoming an advocate for change are mutually exclusive.
conclusion: Fisher does not become an advocate for change.
fact1: Fisher seeks support.
rule: For Fisher, either he finds inner strength or he seeks support, but not both.
conclusion: Fisher does not find inner strength.
fact1: Fisher does not lead a normal life.
rule: Fisher either leads a normal life or has a disability.
conclusion: Fisher has a disability.
fact1: Fisher has a disability.
fact2: Fisher does not find inner strength.
rule: If Fisher has a disability, then he either finds inner strength or faces adversity, but not both.
conclusion: Fisher faces adversity.
fact1: Fisher faces adversity.
fact2: Fisher does not become an advocate for change.
rule: If Fisher faces adversity, then he can either become an advocate for change or inspire others, but not both.
conclusion: Fisher inspires others.

Therefore, it is true that Fisher inspires others. The correct option is: A."
"Given the facts below, answer the question.

Facts:
Dr. Arthur Lee is not a dedicated professional. Dr. Arthur Lee is a dedicated professional or a leading expert. Arthur is passionate about helping. If Dr. Arthur Lee is passionate about helping, then he conducts groundbreaking research and shares knowledge generously. Arthur is a medical innovator. If Dr. Arthur Lee is a leading expert, then he is either a medical innovator or a renowned doctor, but not both.

Question:
Based on the above information, is the following statement true, false, or uncertain? Dr. Arthur Lee does not improve patient outcomes.

Options:
[""A) True"", ""B) False"", ""C) Uncertain""]","Given the facts below, answer the question.

Facts:
If Dr. Arian Lee is a leading expert, then he is either a medical innovator or a renowned doctor, but not both. If Dr. Arthur Lee is passionate about helping, then he conducts groundbreaking research and shares knowledge generously. If Dr. Arthur Lee is a leading expert, then he is either a medical innovator or a renowned doctor, but not both. Arthur is a medical innovator. Arthur is passionate about helping. Dr. Arthur Lee is not a dedicated professional. Dr. Arthur Lee is a dedicated professional or a leading expert.

Question:
Based on the above information, is the following statement true, false, or uncertain? Dr. Arthur Lee does not improve patient outcomes.

Options:
[""A) True"", ""B) False"", ""C) Uncertain""]",C,2,"fact1: Dr. Arthur Lee is not a dedicated professional.
rule: Dr. Arthur Lee is a dedicated professional or a leading expert.
conclusion: Arthur is a leading expert.
fact1: Arthur is passionate about helping.
rule: If Dr. Arthur Lee is passionate about helping, then he conducts groundbreaking research and shares knowledge generously.
conclusion: Dr. Arthur conducts groundbreaking research.
fact1: Arthur is a leading expert.
fact2: Arthur is a medical innovator.
rule: If Dr. Arthur Lee is a leading expert, then he is either a medical innovator or a renowned doctor, but not both.
conclusion: Dr. Arthur Lee is not a renowned doctor.

According to the context and the conclusions that have already been drawn, we can deduce that it is uncertain that Dr. Arthur Lee does not improve patient outcomes. The correct option is: C."
"Given the facts below, answer the question.

Facts:
Nathaniel creates original work. Nathaniel receives widespread recognition. If Nathaniel creates original work, then he either receives widespread recognition or touches people's hearts (but not both). Nathaniel performs publicly. If Nathaniel performs publicly, then he either earns critical acclaim or touches people's hearts (or both).

Question:
Based on the above information, is the following statement true, false, or uncertain? Nathaniel does not create timeless classics.

Options:
[""A) True"", ""B) False"", ""C) Uncertain""]","Given the facts below, answer the question.

Facts:
Nathaniel performs publicly. Kamila is not musically gifted. Nathaniel receives widespread recognition. If Mohammad creates original work, then he either receives widespread recognition or touches people's hearts (but not both). Nathaniel creates original work. If Kamila pursues a career in music, then he can either earn critical acclaim or inspire global audiences, but not both. Julie creates original work. If Nathaniel performs publicly, then he either earns critical acclaim or touches people's hearts (or both). If Nathaniel creates original work, then he either receives widespread recognition or touches people's hearts (but not both). If Julie performs publicly, then he either earns critical acclaim or touches people's hearts (or both). Julie does not pursue a career in music. Julie receives widespread recognition. Mohammad performs publicly. If Julie is musically gifted, then he can either create timeless classics or inspire global audiences, but not both.

Question:
Based on the above information, is the following statement true, false, or uncertain? Nathaniel does not create timeless classics.

Options:
[""A) True"", ""B) False"", ""C) Uncertain""]",C,2,"fact1: Nathaniel creates original work.
fact2: Nathaniel receives widespread recognition.
rule: If Nathaniel creates original work, then he either receives widespread recognition or touches people's hearts (but not both).
conclusion: Nathaniel does not touch people's hearts.
fact1: Nathaniel performs publicly.
fact2: Nathaniel does not touch people's hearts.
rule: If Nathaniel performs publicly, then he either earns critical acclaim or touches people's hearts (or both).
conclusion: Nathaniel earns critical acclaim.

According to the context and the conclusions that have already been drawn, we can deduce that it is uncertain that Nathaniel does not create timeless classics. The correct option is: C."
"Given the facts below, answer the question.

Facts:
Kimber has perseverance. Kimber either has perseverance or values creativity, but no one necessarily has both. Kimber values creativity or has artistic talent. Kimber has realistic expectations. If Kimber has artistic talent, then she is either optimistic or has realistic expectations, but not both. Kimber is either optimistic or pessimistic (or both).

Question:
Based on the above information, is the following statement true, false, or uncertain? Kimber is not pessimistic.

Options:
[""A) True"", ""B) False"", ""C) Uncertain""]","Given the facts below, answer the question.

Facts:
If Kylie has artistic talent, then she is either optimistic or has realistic expectations, but not both. Jack has perseverance. Kimber is either optimistic or pessimistic (or both). Jack is either optimistic or pessimistic (or both). Kimber either has perseverance or values creativity, but no one necessarily has both. Jack either has perseverance or values creativity, but no one necessarily has both. If Kimber doubts her own ability, then she either seeks feedback or has artistic talent (or both). Kimber values creativity or has artistic talent. Kimber has perseverance. If Kimber either appreciates beauty or expresses imagination (but not both), then she values creativity. If Kimber has artistic talent, then she is either optimistic or has realistic expectations, but not both. Jack values creativity or has artistic talent. Kylie has realistic expectations. Kimber has realistic expectations.

Question:
Based on the above information, is the following statement true, false, or uncertain? Kimber is not pessimistic.

Options:
[""A) True"", ""B) False"", ""C) Uncertain""]",B,1,"fact1: Kimber has perseverance.
rule: Kimber either has perseverance or values creativity, but no one necessarily has both.
conclusion: Kimber does not value creativity.
fact1: Kimber does not value creativity.
rule: Kimber values creativity or has artistic talent.
conclusion: Kimber has artistic talent.
fact1: Kimber has artistic talent.
fact2: Kimber has realistic expectations.
rule: If Kimber has artistic talent, then she is either optimistic or has realistic expectations, but not both.
conclusion: Kimber is not optimistic.
fact1: Kimber is not optimistic.
rule: Kimber is either optimistic or pessimistic (or both).
conclusion: Kimber is not pessimistic.

Therefore, it is false that Kimber is not pessimistic. The correct option is: B."
"Given the facts below, answer the question.

Facts:
Boo crafts timepieces. Boo is not precise in his work. Every clockmaker who crafts timepieces is either precise in their work or attentive to detail (or both). Every clockmaker who is attentive to detail is skilled.

Question:
Based on the above information, is the following statement true, false, or uncertain? Boo is not creative.

Options:
[""A) True"", ""B) False"", ""C) Uncertain""]","Given the facts below, answer the question.

Facts:
Kaison is not precise in his work. Every clockmaker who crafts timepieces is either precise in their work or attentive to detail (or both). Every clockmaker who masters gearwork is skilled. Casanova crafts timepieces. Boo crafts timepieces. Every clockmaker who is attentive to detail is skilled. Boo is not precise in his work.

Question:
Based on the above information, is the following statement true, false, or uncertain? Boo is not creative.

Options:
[""A) True"", ""B) False"", ""C) Uncertain""]",C,2,"fact1: Boo crafts timepieces.
fact2: Boo is not precise in his work.
rule: Every clockmaker who crafts timepieces is either precise in their work or attentive to detail (or both).
conclusion: Boo is attentive to detail.
fact1: Boo is attentive to detail.
rule: Every clockmaker who is attentive to detail is skilled.
conclusion: Boo is skilled.

According to the context and the conclusions that have already been drawn, we can deduce that it is uncertain that Boo is not creative. The correct option is: C."
"Given the facts below, answer the question.

Facts:
Damian does not pursue original research. A scholar either inspires students or pursues original research, but not necessarily both. Damian reads widely. Damian works tirelessly. A scholar who reads widely and works tirelessly is dedicated. If Damian is dedicated, then he can either make breakthroughs or inspire students, but not both.

Question:
Based on the above information, is the following statement true, false, or uncertain? Damian makes breakthroughs.

Options:
[""A) True"", ""B) False"", ""C) Uncertain""]","Given the facts below, answer the question.

Facts:
Damian does not pursue original research. Tinsley works tirelessly. A scholar who reads widely and works tirelessly is dedicated. If Damian is dedicated, then he can either make breakthroughs or inspire students, but not both. Damian works tirelessly. If Deacon is dedicated, then he can either make breakthroughs or inspire students, but not both. Damian reads widely. A scholar either inspires students or pursues original research, but not necessarily both.

Question:
Based on the above information, is the following statement true, false, or uncertain? Damian makes breakthroughs.

Options:
[""A) True"", ""B) False"", ""C) Uncertain""]",B,1,"fact1: Damian does not pursue original research.
rule: A scholar either inspires students or pursues original research, but not necessarily both.
conclusion: Damian inspires his students.
fact1: Damian reads widely.
fact2: Damian works tirelessly.
rule: A scholar who reads widely and works tirelessly is dedicated.
conclusion: Damian is dedicated.
fact1: Damian is dedicated.
fact2: Damian inspires his students.
rule: If Damian is dedicated, then he can either make breakthroughs or inspire students, but not both.
conclusion: Damian makes breakthroughs.

Therefore, it is false that Damian makes breakthroughs. The correct option is: B."
"Given the facts below, answer the question.

Facts:
Yisroel plays it safe. Yisroel either plays it safe or takes calculated risks, but not both. Yisroel makes informed decisions. Everyone who makes informed decisions either takes calculated risks or has business acumen (or both). Yisroel has a charismatic personality. If Yisroel has business acumen, then he is either a strong leader or has a charismatic personality (but not both). Yisroel is technically savvy. If Yisroel is either technically savvy or a strong leader (but not both), then he is visionary.

Question:
Based on the above information, is the following statement true, false, or uncertain? Yisroel is visionary.

Options:
[""A) True"", ""B) False"", ""C) Uncertain""]","Given the facts below, answer the question.

Facts:
Yisroel has a charismatic personality. Yisroel either plays it safe or takes calculated risks, but not both. Yisroel makes informed decisions. If Yisroel has business acumen, then he is either a strong leader or has a charismatic personality (but not both). Everyone who makes informed decisions either takes calculated risks or has business acumen (or both). If Mack is either technically savvy or a strong leader (but not both), then he is visionary. If Yisroel is either technically savvy or a strong leader (but not both), then he is visionary. Yisroel plays it safe. Aitana makes informed decisions. Yisroel is technically savvy. Aitana is technically savvy.

Question:
Based on the above information, is the following statement true, false, or uncertain? Yisroel is visionary.

Options:
[""A) True"", ""B) False"", ""C) Uncertain""]",A,0,"fact1: Yisroel plays it safe.
rule: Yisroel either plays it safe or takes calculated risks, but not both.
conclusion: Yisroel does not take calculated risks.
fact1: Yisroel makes informed decisions.
fact2: Yisroel does not take calculated risks.
rule: Everyone who makes informed decisions either takes calculated risks or has business acumen (or both).
conclusion: Yisroel has business acumen.
fact1: Yisroel has business acumen.
fact2: Yisroel has a charismatic personality.
rule: If Yisroel has business acumen, then he is either a strong leader or has a charismatic personality (but not both).
conclusion: Yisroel is not a strong leader.
fact1: Yisroel is technically savvy.
fact2: Yisroel is not a strong leader.
rule: If Yisroel is either technically savvy or a strong leader (but not both), then he is visionary.
conclusion: Yisroel is visionary.

Therefore, it is true that Yisroel is visionary. The correct option is: A."
"Given the facts below, answer the question.

Facts:
Adley faces complex challenges. Adley does not develop novel solutions. Anyone who faces complex challenges either develops novel solutions or approaches problems creatively (or both). Adley does not think outside the box. If Adley either thinks outside the box or approaches problems creatively (but not both), then he possesses innovative thinking. Adley is passionate about history. If Adley is passionate about history, then he possesses innovative thinking and makes groundbreaking discoveries. Adley becomes a leading expert in his field. If Adley makes a groundbreaking discovery, then he can either become a leading expert in his field or spark new research, but not both.

Question:
Based on the above information, is the following statement true, false, or uncertain? Adley sparks new research.

Options:
[""A) True"", ""B) False"", ""C) Uncertain""]","Given the facts below, answer the question.

Facts:
If Adley either thinks outside the box or approaches problems creatively (but not both), then he possesses innovative thinking. Agustin is passionate about history. If Mateo is passionate about history, then he possesses innovative thinking and makes groundbreaking discoveries. Adley is passionate about history. Adley faces complex challenges. Adley does not develop novel solutions. If Adley makes a groundbreaking discovery, then he can either become a leading expert in his field or spark new research, but not both. If Adley is passionate about history, then he possesses innovative thinking and makes groundbreaking discoveries. Adley does not think outside the box. Mateo does not develop novel solutions. If Agustin makes a groundbreaking discovery, then he can either become a leading expert in his field or spark new research, but not both. Agustin becomes a leading expert in his field. If Adley conducts extensive research, then he either makes a groundbreaking discovery or gains wide recognition (or both). Mateo does not think outside the box. If Mateo either thinks outside the box or approaches problems creatively (but not both), then he possesses innovative thinking. Adley becomes a leading expert in his field. Mateo faces complex challenges. Anyone who faces complex challenges either develops novel solutions or approaches problems creatively (or both).

Question:
Based on the above information, is the following statement true, false, or uncertain? Adley sparks new research.

Options:
[""A) True"", ""B) False"", ""C) Uncertain""]",B,1,"fact1: Adley faces complex challenges.
fact2: Adley does not develop novel solutions.
rule: Anyone who faces complex challenges either develops novel solutions or approaches problems creatively (or both).
conclusion: Adley approaches problems creatively.
fact1: Adley does not think outside the box.
fact2: Adley approaches problems creatively.
rule: If Adley either thinks outside the box or approaches problems creatively (but not both), then he possesses innovative thinking.
conclusion: Adley possesses innovative thinking.
fact1: Adley is passionate about history.
fact2: Adley possesses innovative thinking.
rule: If Adley is passionate about history, then he possesses innovative thinking and makes groundbreaking discoveries.
conclusion: Adley makes a groundbreaking discovery.
fact1: Adley makes a groundbreaking discovery.
fact2: Adley becomes a leading expert in his field.
rule: If Adley makes a groundbreaking discovery, then he can either become a leading expert in his field or spark new research, but not both.
conclusion: Adley sparks new research.

Therefore, it is false that Adley sparks new research. The correct option is: B."
"Given the facts below, answer the question.

Facts:
Leslie raises awareness. Leslie either raises awareness or protects endangered species, but not necessarily both. Leslie works in nature. If Leslie works in nature, then she either protects endangered species or studies wildlife (or both). Leslie advances scientific knowledge. If Leslie studies wildlife, then she can either advance scientific knowledge or inspire environmental action, but not both.

Question:
Based on the above information, is the following statement true, false, or uncertain? Leslie inspires environmental action.

Options:
[""A) True"", ""B) False"", ""C) Uncertain""]","Given the facts below, answer the question.

Facts:
If Leslie works in nature, then she either protects endangered species or studies wildlife (or both). Leslie raises awareness. Leslie either raises awareness or protects endangered species, but not necessarily both. Doobie either raises awareness or protects endangered species, but not necessarily both. If Leslie studies wildlife, then she can either advance scientific knowledge or inspire environmental action, but not both. Leslie advances scientific knowledge. If Leilani studies wildlife, then she can either advance scientific knowledge or inspire environmental action, but not both. Doobie advances scientific knowledge. Leslie works in nature.

Question:
Based on the above information, is the following statement true, false, or uncertain? Leslie inspires environmental action.

Options:
[""A) True"", ""B) False"", ""C) Uncertain""]",B,1,"fact1: Leslie raises awareness.
rule: Leslie either raises awareness or protects endangered species, but not necessarily both.
conclusion: Leslie does not protect endangered species.
fact1: Leslie works in nature.
fact2: Leslie does not protect endangered species.
rule: If Leslie works in nature, then she either protects endangered species or studies wildlife (or both).
conclusion: Leslie studies wildlife.
fact1: Leslie studies wildlife.
fact2: Leslie advances scientific knowledge.
rule: If Leslie studies wildlife, then she can either advance scientific knowledge or inspire environmental action, but not both.
conclusion: Leslie inspires environmental action.

Therefore, it is false that Leslie inspires environmental action. The correct option is: B."
"Given the facts below, answer the question.

Facts:
Nyomi is a creative person. Nyomi makes handicrafts. If Nyomi is a creative person, then she is an artist and makes handicrafts. Nyomi sings folk songs. If Nyomi is an artist, then she either sings folk songs or dances traditionally (but not both). Nyomi speaks her native language. If Nyomi either dances traditionally or speaks her native language (but not both), then she shares her culture. Nyomi honors her ancestors. Nyomi does not teach others. Everyone who honors their ancestors either preserves traditions or teaches others (or both).

Question:
Based on the above information, is the following statement true, false, or uncertain? Nyomi is a respected leader.

Options:
[""A) True"", ""B) False"", ""C) Uncertain""]","Given the facts below, answer the question.

Facts:
Danna makes handicrafts. Nyomi speaks her native language. Nyomi makes handicrafts. If Nyomi either dances traditionally or speaks her native language (but not both), then she shares her culture. Walter is a creative person. Nyomi honors her ancestors. If Nyomi is a creative person, then she is an artist and makes handicrafts. Nyomi sings folk songs. Nyomi is a creative person. Danna speaks her native language. Nyomi does not teach others. Walter sings folk songs. Walter honors her ancestors. If Nyomi is an artist, then she either sings folk songs or dances traditionally (but not both). Everyone who honors their ancestors either preserves traditions or teaches others (or both). If Holland is an artist, then she either sings folk songs or dances traditionally (but not both).

Question:
Based on the above information, is the following statement true, false, or uncertain? Nyomi is a respected leader.

Options:
[""A) True"", ""B) False"", ""C) Uncertain""]",C,2,"fact1: Nyomi is a creative person.
fact2: Nyomi makes handicrafts.
rule: If Nyomi is a creative person, then she is an artist and makes handicrafts.
conclusion: Nyomi is an artist.
fact1: Nyomi is an artist.
fact2: Nyomi sings folk songs.
rule: If Nyomi is an artist, then she either sings folk songs or dances traditionally (but not both).
conclusion: Nyomi does not dance traditionally.
fact1: Nyomi does not dance traditionally.
fact2: Nyomi speaks her native language.
rule: If Nyomi either dances traditionally or speaks her native language (but not both), then she shares her culture.
conclusion: Nyomi shares culture.
fact1: Nyomi honors her ancestors.
fact2: Nyomi does not teach others.
rule: Everyone who honors their ancestors either preserves traditions or teaches others (or both).
conclusion: Nyomi preserves traditions.

According to the context and the conclusions that have already been drawn, we can deduce that it is uncertain that Nyomi is a respected leader. The correct option is: C."
"Given the facts below, answer the question.

Facts:
Scarlett enjoys music. Scarlett does not perform well. If Scarlett enjoys music, then she either performs well or is a band member (or both). Scarlett is outgoing. If Scarlett is a band member, then she is either outgoing or has stage presence, but not both. Scarlett has stage presence or is charismatic. Scarlett is a performer. If Scarlett is a performer, then she is either charismatic or talented, but not both. For every human, they either have talent or lack talent, but not both.

Question:
Based on the above information, is the following statement true, false, or uncertain? Scarlett does not lack talent.

Options:
[""A) True"", ""B) False"", ""C) Uncertain""]","Given the facts below, answer the question.

Facts:
Jefferson has stage presence or is charismatic. Scarlett is outgoing. For every human, they either have talent or lack talent, but not both. Xavier enjoys music. Jaxton does not perform well. If Scarlett is a performer, then she is either charismatic or talented, but not both. Scarlett enjoys music. If Xavier is a performer, then she is either charismatic or talented, but not both. Scarlett is a performer. Scarlett does not perform well. If Scarlett is a band member, then she is either outgoing or has stage presence, but not both. Scarlett has stage presence or is charismatic. Jefferson is outgoing. If Scarlett enjoys music, then she either performs well or is a band member (or both).

Question:
Based on the above information, is the following statement true, false, or uncertain? Scarlett does not lack talent.

Options:
[""A) True"", ""B) False"", ""C) Uncertain""]",B,1,"fact1: Scarlett enjoys music.
fact2: Scarlett does not perform well.
rule: If Scarlett enjoys music, then she either performs well or is a band member (or both).
conclusion: Scarlett is a band member.
fact1: Scarlett is a band member.
fact2: Scarlett is outgoing.
rule: If Scarlett is a band member, then she is either outgoing or has stage presence, but not both.
conclusion: Scarlett does not have stage presence.
fact1: Scarlett does not have stage presence.
rule: Scarlett has stage presence or is charismatic.
conclusion: Scarlett is charismatic.
fact1: Scarlett is a performer.
fact2: Scarlett is charismatic.
rule: If Scarlett is a performer, then she is either charismatic or talented, but not both.
conclusion: Scarlett lacks talent.
fact1: Scarlett lacks talent.
rule: For every human, they either have talent or lack talent, but not both.
conclusion: Scarlett does not lack talent.

Therefore, it is false that Scarlett does not lack talent. The correct option is: B."
"Given the facts below, answer the question.

Facts:
Pudding is affectionate. If Pudding is affectionate, then she has big eyes and pale fur. Pudding does not love to play. Every cat either loves to play or is curious. If Pudding has pale fur and is curious, then she makes a great companion.

Question:
Based on the above information, is the following statement true, false, or uncertain? Pudding does not make a great companion.

Options:
[""A) True"", ""B) False"", ""C) Uncertain""]","Given the facts below, answer the question.

Facts:
Every cat either loves to play or is curious. If Pudding is affectionate, then she has big eyes and pale fur. Pudding does not love to play. Hattie does not love to play. Pudding is affectionate. If Pudding has pale fur and is curious, then she makes a great companion. Hattie is affectionate.

Question:
Based on the above information, is the following statement true, false, or uncertain? Pudding does not make a great companion.

Options:
[""A) True"", ""B) False"", ""C) Uncertain""]",B,1,"fact1: Pudding is affectionate.
rule: If Pudding is affectionate, then she has big eyes and pale fur.
conclusion: Pudding has pale fur.
fact1: Pudding does not love to play.
rule: Every cat either loves to play or is curious.
conclusion: Pudding is curious.
fact1: Pudding has pale fur.
fact2: Pudding is curious.
rule: If Pudding has pale fur and is curious, then she makes a great companion.
conclusion: Pudding does not make a great companion.

Therefore, it is false that Pudding does not make a great companion. The correct option is: B."
"Given the facts below, answer the question.

Facts:
Giana acts spontaneously. Giana follows her instincts. For all humans, if they act spontaneously and follow their instincts, then they are impulsive actors. Giana is a performer. If Giana is a performer, then she is either a cautious decision maker or an impulsive actor, but not both. Giana is either a cautious decision maker or a thrill seeker, but not both. Giana is either a thrill seeker or risk averse, but not both.

Question:
Based on the above information, is the following statement true, false, or uncertain? Giana is risk averse.

Options:
[""A) True"", ""B) False"", ""C) Uncertain""]","Given the facts below, answer the question.

Facts:
If Giana is a performer, then she is either a cautious decision maker or an impulsive actor, but not both. Cleo follows her instincts. Giana is a performer. Amaya is either a thrill seeker or risk averse, but not both. Giana is either a cautious decision maker or a thrill seeker, but not both. Amaya acts spontaneously. Giana is either a thrill seeker or risk averse, but not both. Cleo is a performer. Giana follows her instincts. For all humans, if they act spontaneously and follow their instincts, then they are impulsive actors. Giana acts spontaneously.

Question:
Based on the above information, is the following statement true, false, or uncertain? Giana is risk averse.

Options:
[""A) True"", ""B) False"", ""C) Uncertain""]",B,1,"fact1: Giana acts spontaneously.
fact2: Giana follows her instincts.
rule: For all humans, if they act spontaneously and follow their instincts, then they are impulsive actors.
conclusion: Giana is an impulsive actor.
fact1: Giana is a performer.
fact2: Giana is an impulsive actor.
rule: If Giana is a performer, then she is either a cautious decision maker or an impulsive actor, but not both.
conclusion: Giana is not a cautious decision maker.
fact1: Giana is not a cautious decision maker.
rule: Giana is either a cautious decision maker or a thrill seeker, but not both.
conclusion: Giana is a thrill seeker.
fact1: Giana is a thrill seeker.
rule: Giana is either a thrill seeker or risk averse, but not both.
conclusion: Giana is risk averse.

Therefore, it is false that Giana is risk averse. The correct option is: B."
"Given the facts below, answer the question.

Facts:
Kevin faces challenges. Kevin stays motivated. If Kevin faces challenges, then he stays motivated and pursues his passion. Kevin does not achieve success. Everyone who pursues their passion is either dedicated or achieves success (or both). If Kevin is dedicated and works hard, then he has talent. For every human, either they have talent or they lack talent, but not both.

Question:
Based on the above information, is the following statement true, false, or uncertain? Kevin lacks talent.

Options:
[""A) True"", ""B) False"", ""C) Uncertain""]","Given the facts below, answer the question.

Facts:
Kevin faces challenges. Kevin does not achieve success. Sloan does not achieve success. Everyone who pursues their passion is either dedicated or achieves success (or both). If Kevin is dedicated and works hard, then he has talent. If Kevin faces challenges, then he stays motivated and pursues his passion. Kevin stays motivated. If Demi is dedicated and works hard, then he has talent. Johanna faces challenges. For every human, either they have talent or they lack talent, but not both.

Question:
Based on the above information, is the following statement true, false, or uncertain? Kevin lacks talent.

Options:
[""A) True"", ""B) False"", ""C) Uncertain""]",B,1,"fact1: Kevin faces challenges.
fact2: Kevin stays motivated.
rule: If Kevin faces challenges, then he stays motivated and pursues his passion.
conclusion: Kevin pursues his passion.
fact1: Kevin pursues his passion.
fact2: Kevin does not achieve success.
rule: Everyone who pursues their passion is either dedicated or achieves success (or both).
conclusion: Kevin is dedicated.
fact1: Kevin is dedicated.
rule: If Kevin is dedicated and works hard, then he has talent.
conclusion: Kevin has talent.
fact1: Kevin has talent.
rule: For every human, either they have talent or they lack talent, but not both.
conclusion: Kevin lacks talent.

Therefore, it is false that Kevin lacks talent. The correct option is: B."
"Given the facts below, answer the question.

Facts:
Elijah trains vocally. Elijah does not perform passionately. If Elijah trains vocally or performs passionately, then he is a talented singer. All talented singers have a unique voice and can express emotions. Elijah becomes confident. If Elijah has a unique voice, then he can either become confident or advocate for social causes, but not both.

Question:
Based on the above information, is the following statement true, false, or uncertain? Elijah advocates for social causes.

Options:
[""A) True"", ""B) False"", ""C) Uncertain""]","Given the facts below, answer the question.

Facts:
Elijah trains vocally. All talented singers have a unique voice and can express emotions. If Elijah has a unique voice, then he can either become confident or advocate for social causes, but not both. Elijah becomes confident. If Elijah trains vocally or performs passionately, then he is a talented singer. Savanna becomes confident. Elijah does not perform passionately. If Savannah has a unique voice, then he can either become confident or advocate for social causes, but not both.

Question:
Based on the above information, is the following statement true, false, or uncertain? Elijah advocates for social causes.

Options:
[""A) True"", ""B) False"", ""C) Uncertain""]",B,1,"fact1: Elijah trains vocally.
fact2: Elijah does not perform passionately.
rule: If Elijah trains vocally or performs passionately, then he is a talented singer.
conclusion: Elijah is a talented singer.
fact1: Elijah is a talented singer.
rule: All talented singers have a unique voice and can express emotions.
conclusion: Elijah has a unique voice.
fact1: Elijah has a unique voice.
fact2: Elijah becomes confident.
rule: If Elijah has a unique voice, then he can either become confident or advocate for social causes, but not both.
conclusion: Elijah advocates for social causes.

Therefore, it is false that Elijah advocates for social causes. The correct option is: B."
"Given the facts below, answer the question.

Facts:
Asher is pursuing a PhD. If someone is pursuing a PhD, then they are involved in research. If Asher is involved in research, then he has a medical condition and understands biology.

Question:
Based on the above information, is the following statement true, false, or uncertain? Asher seeks medical treatment.

Options:
[""A) True"", ""B) False"", ""C) Uncertain""]","Given the facts below, answer the question.

Facts:
Asher is pursuing a PhD. Cyrus either has a medical condition or seeks medical treatment (or both). Cyrus does not conduct experiments. Aidan analyzes data. If Megan conducts experiments, then he analyzes data and understands biology. If Asher is involved in research, then he has a medical condition and understands biology. If someone is pursuing a PhD, then they are involved in research. Megan is pursuing a PhD. If Megan is involved in research, then he has a medical condition and understands biology.

Question:
Based on the above information, is the following statement true, false, or uncertain? Asher seeks medical treatment.

Options:
[""A) True"", ""B) False"", ""C) Uncertain""]",C,2,"fact1: Asher is pursuing a PhD.
rule: If someone is pursuing a PhD, then they are involved in research.
conclusion: Asher is involved in research.
fact1: Asher is involved in research.
rule: If Asher is involved in research, then he has a medical condition and understands biology.
conclusion: Asher has a medical condition.

According to the context and the conclusions that have already been drawn, we can deduce that it is uncertain that Asher seeks medical treatment. The correct option is: C."
"Given the facts below, answer the question.

Facts:
Milan pursues scientific research. Milan either pursues scientific research or is passionate about conservation, but not both. Milan does not educate local communities. Milan either educates local communities or inspires future leaders, but not both.

Question:
Based on the above information, is the following statement true, false, or uncertain? Milan does not drive policy change.

Options:
[""A) True"", ""B) False"", ""C) Uncertain""]","Given the facts below, answer the question.

Facts:
Victor either educates local communities or inspires future leaders, but not both. Milan pursues scientific research. Milan does not educate local communities. If Cecelia is passionate about conservation, then he can either drive policy change or inspire future leaders, but not both. Miriam pursues scientific research. Milan either pursues scientific research or is passionate about conservation, but not both. Milan either educates local communities or inspires future leaders, but not both. Cecelia does not educate local communities. Victor either pursues scientific research or is passionate about conservation, but not both.

Question:
Based on the above information, is the following statement true, false, or uncertain? Milan does not drive policy change.

Options:
[""A) True"", ""B) False"", ""C) Uncertain""]",C,2,"fact1: Milan pursues scientific research.
rule: Milan either pursues scientific research or is passionate about conservation, but not both.
conclusion: Milan is not passionate about conservation.
fact1: Milan does not educate local communities.
rule: Milan either educates local communities or inspires future leaders, but not both.
conclusion: Milan inspires future leaders.

According to the context and the conclusions that have already been drawn, we can deduce that it is uncertain that Milan does not drive policy change. The correct option is: C."
"Given the facts below, answer the question.

Facts:
Marcelo loves boating. Marcelo observes marine life. If Marcelo loves boating and observes marine life, then he studies the ocean. Marcelo tracks tides. If Marcelo studies the ocean and tracks tides, then he can read waves. Marcelo knows the weather. If someone knows the weather and reads waves, then they can be an experienced sailor. Marcelo is appreciative of his environment. If Marcelo is an experienced sailor, then he is either appreciative of his environment or respectful of nature, but not both. Either Marcelo respects nature or underestimates nature, but not both.

Question:
Based on the above information, is the following statement true, false, or uncertain? Marcelo does not underestimate nature.

Options:
[""A) True"", ""B) False"", ""C) Uncertain""]","Given the facts below, answer the question.

Facts:
If Marcelo loves boating and observes marine life, then he studies the ocean. If Marcelo is an experienced sailor, then he is either appreciative of his environment or respectful of nature, but not both. Emily is appreciative of his environment. If Sierra studies the ocean and tracks tides, then he can read waves. If someone knows the weather and reads waves, then they can be an experienced sailor. If Tatum is an experienced sailor, then he is either appreciative of his environment or respectful of nature, but not both. Marcelo knows the weather. Marcelo tracks tides. If Marcelo lives outdoors, then he either values safety or respects nature (or both). Marcelo loves boating. Sierra knows the weather. Emily observes marine life. Marcelo is appreciative of his environment. Either Sierra respects nature or underestimates nature, but not both. Emily tracks tides. Tatum loves boating. Either Marcelo respects nature or underestimates nature, but not both. Marcelo observes marine life. If Marcelo studies the ocean and tracks tides, then he can read waves. If Emily loves boating and observes marine life, then he studies the ocean.

Question:
Based on the above information, is the following statement true, false, or uncertain? Marcelo does not underestimate nature.

Options:
[""A) True"", ""B) False"", ""C) Uncertain""]",B,1,"fact1: Marcelo loves boating.
fact2: Marcelo observes marine life.
rule: If Marcelo loves boating and observes marine life, then he studies the ocean.
conclusion: Marcelo studies the ocean.
fact1: Marcelo studies the ocean.
fact2: Marcelo tracks tides.
rule: If Marcelo studies the ocean and tracks tides, then he can read waves.
conclusion: Marcelo reads waves.
fact1: Marcelo knows the weather.
fact2: Marcelo reads waves.
rule: If someone knows the weather and reads waves, then they can be an experienced sailor.
conclusion: Marcelo is an experienced sailor.
fact1: Marcelo is an experienced sailor.
fact2: Marcelo is appreciative of his environment.
rule: If Marcelo is an experienced sailor, then he is either appreciative of his environment or respectful of nature, but not both.
conclusion: Marcelo does not respect nature.
fact1: Marcelo does not respect nature.
rule: Either Marcelo respects nature or underestimates nature, but not both.
conclusion: Marcelo does not underestimate nature.

Therefore, it is false that Marcelo does not underestimate nature. The correct option is: B."
"Given the facts below, answer the question.

Facts:
Smoochie is gentle. Smoochie is either gentle or has claws, but not necessarily both. Smoochie either has claws or is well-behaved, but no one can expect Smoochie to be well-behaved just because she has claws. Smoochie is either well-behaved or misbehaved, but not both.

Question:
Based on the above information, is the following statement true, false, or uncertain? Smoochie is misbehaved.

Options:
[""A) True"", ""B) False"", ""C) Uncertain""]","Given the facts below, answer the question.

Facts:
Smoochie is either gentle or has claws, but not necessarily both. Isla is gentle. Smoochie is gentle. Bria either has claws or is well-behaved, but no one can expect Bria to be well-behaved just because she has claws. Smoochie is either well-behaved or misbehaved, but not both. Smoochie either has claws or is well-behaved, but no one can expect Smoochie to be well-behaved just because she has claws. Isla is either well-behaved or misbehaved, but not both. Bria is either gentle or has claws, but not necessarily both.

Question:
Based on the above information, is the following statement true, false, or uncertain? Smoochie is misbehaved.

Options:
[""A) True"", ""B) False"", ""C) Uncertain""]",B,1,"fact1: Smoochie is gentle.
rule: Smoochie is either gentle or has claws, but not necessarily both.
conclusion: Smoochie does not have claws.
fact1: Smoochie does not have claws.
rule: Smoochie either has claws or is well-behaved, but no one can expect Smoochie to be well-behaved just because she has claws.
conclusion: Smoochie is well-behaved.
fact1: Smoochie is well-behaved.
rule: Smoochie is either well-behaved or misbehaved, but not both.
conclusion: Smoochie is misbehaved.

Therefore, it is false that Smoochie is misbehaved. The correct option is: B."
"Given the facts below, answer the question.

Facts:
Bambi has a mangled leg. Bambi does not have emotional trauma. If Bambi has a mangled leg, then she is either a deer that has emotional trauma or a deer that has physical scars, but not both. Bambi has twisted antlers. Bambi is solitary. If Bambi has twisted antlers, then she either roams freely or is solitary, but not both. Bambi either roams freely or is feared by others. If Bambi has a physical scar, then she is either feared by others or is a symbol of resilience, but not both.

Question:
Based on the above information, is the following statement true, false, or uncertain? Bambi is a symbol of resilience.

Options:
[""A) True"", ""B) False"", ""C) Uncertain""]","Given the facts below, answer the question.

Facts:
Bambi does not have emotional trauma. Bambi either roams freely or is feared by others. Maya does not have emotional trauma. Bambi has twisted antlers. Bambi is solitary. If Bambi has twisted antlers, then she either roams freely or is solitary, but not both. If Bambi has a mangled leg, then she is either a deer that has emotional trauma or a deer that has physical scars, but not both. If Bambi has a physical scar, then she is either feared by others or is a symbol of resilience, but not both. Bambi has a mangled leg. Ahmed has a mangled leg.

Question:
Based on the above information, is the following statement true, false, or uncertain? Bambi is a symbol of resilience.

Options:
[""A) True"", ""B) False"", ""C) Uncertain""]",B,1,"fact1: Bambi has a mangled leg.
fact2: Bambi does not have emotional trauma.
rule: If Bambi has a mangled leg, then she is either a deer that has emotional trauma or a deer that has physical scars, but not both.
conclusion: Bambi has a physical scar.
fact1: Bambi has twisted antlers.
fact2: Bambi is solitary.
rule: If Bambi has twisted antlers, then she either roams freely or is solitary, but not both.
conclusion: Bambi does not roam freely.
fact1: Bambi does not roam freely.
rule: Bambi either roams freely or is feared by others.
conclusion: Bambi is feared by others.
fact1: Bambi has a physical scar.
fact2: Bambi is feared by others.
rule: If Bambi has a physical scar, then she is either feared by others or is a symbol of resilience, but not both.
conclusion: Bambi is a symbol of resilience.

Therefore, it is false that Bambi is a symbol of resilience. The correct option is: B."
"Given the facts below, answer the question.

Facts:
Samira questions authority. Samira either questions authority or trusts people, but not both. Samira either trusts people or has realistic views. Samira either has realistic views or is optimistic, but not both. Samira is either optimistic or pessimistic, but not both.

Question:
Based on the above information, is the following statement true, false, or uncertain? Samira is pessimistic.

Options:
[""A) True"", ""B) False"", ""C) Uncertain""]","Given the facts below, answer the question.

Facts:
Samira either questions authority or trusts people, but not both. Lubber either has realistic views or is optimistic, but not both. Samira either has realistic views or is optimistic, but not both. Molly is either optimistic or pessimistic, but not both. Nyla questions authority. Samira either trusts people or has realistic views. Samira questions authority. Nyla either questions authority or trusts people, but not both. Samira is either optimistic or pessimistic, but not both.

Question:
Based on the above information, is the following statement true, false, or uncertain? Samira is pessimistic.

Options:
[""A) True"", ""B) False"", ""C) Uncertain""]",A,0,"fact1: Samira questions authority.
rule: Samira either questions authority or trusts people, but not both.
conclusion: Samira does not trust people.
fact1: Samira does not trust people.
rule: Samira either trusts people or has realistic views.
conclusion: Samira has realistic views.
fact1: Samira has realistic views.
rule: Samira either has realistic views or is optimistic, but not both.
conclusion: Samira is not optimistic.
fact1: Samira is not optimistic.
rule: Samira is either optimistic or pessimistic, but not both.
conclusion: Samira is pessimistic.

Therefore, it is true that Samira is pessimistic. The correct option is: A."
"Given the facts below, answer the question.

Facts:
Milani has sharp teeth. Milani lives on a coral reef. If Milani has sharp teeth or lives on a coral reef, then she eats excess algae. Milani is a parrotfish. If Milani is a parrotfish, then she is either a coral protector or an excess algae eater, but not both. Milani keeps the ocean clean. If Milani protects coral or keeps the ocean clean, then she can earn respect. Milani maintains the reef balance. If Milani maintains the reef balance, then she either supports marine life or earns respect, but not both.

Question:
Based on the above information, is the following statement true, false, or uncertain? Milani does not support marine life.

Options:
[""A) True"", ""B) False"", ""C) Uncertain""]","Given the facts below, answer the question.

Facts:
If Louisa has sharp teeth or lives on a coral reef, then she eats excess algae. If Milani protects coral or keeps the ocean clean, then she can earn respect. Milani is a parrotfish. Dash maintains the reef balance. Dash lives on a coral reef. Milani keeps the ocean clean. If Milani is a parrotfish, then she is either a coral protector or an excess algae eater, but not both. If Milani maintains the reef balance, then she either supports marine life or earns respect, but not both. Milani has sharp teeth. Louisa has sharp teeth. If Milani has sharp teeth or lives on a coral reef, then she eats excess algae. Milani lives on a coral reef. Milani maintains the reef balance. If Louisa protects coral or keeps the ocean clean, then she can earn respect.

Question:
Based on the above information, is the following statement true, false, or uncertain? Milani does not support marine life.

Options:
[""A) True"", ""B) False"", ""C) Uncertain""]",A,0,"fact1: Milani has sharp teeth.
fact2: Milani lives on a coral reef.
rule: If Milani has sharp teeth or lives on a coral reef, then she eats excess algae.
conclusion: Milani eats excess algae.
fact1: Milani is a parrotfish.
fact2: Milani eats excess algae.
rule: If Milani is a parrotfish, then she is either a coral protector or an excess algae eater, but not both.
conclusion: Milani does not protect coral.
fact1: Milani does not protect coral.
fact2: Milani keeps the ocean clean.
rule: If Milani protects coral or keeps the ocean clean, then she can earn respect.
conclusion: Milani earns respect.
fact1: Milani maintains the reef balance.
fact2: Milani earns respect.
rule: If Milani maintains the reef balance, then she either supports marine life or earns respect, but not both.
conclusion: Milani does not support marine life.

Therefore, it is true that Milani does not support marine life. The correct option is: A."
"Given the facts below, answer the question.

Facts:
Jalen enjoys gardening. If Jalen appreciates flowers or enjoys gardening, then he loves rare plants. If Jalen studies botany or loves rare plants (or both), then he makes notable discoveries.

Question:
Based on the above information, is the following statement true, false, or uncertain? Jalen does not make notable discoveries.

Options:
[""A) True"", ""B) False"", ""C) Uncertain""]","Given the facts below, answer the question.

Facts:
If Cullen studies botany or loves rare plants (or both), then he makes notable discoveries. Koa does not collect seeds. If Jalen studies botany or loves rare plants (or both), then he makes notable discoveries. If Jalen appreciates flowers or enjoys gardening, then he loves rare plants. Jalen enjoys gardening. If Zev collects seeds or explores ecosystems, then he studies botany. Koa does not explore ecosystems.

Question:
Based on the above information, is the following statement true, false, or uncertain? Jalen does not make notable discoveries.

Options:
[""A) True"", ""B) False"", ""C) Uncertain""]",B,1,"fact1: Jalen enjoys gardening.
rule: If Jalen appreciates flowers or enjoys gardening, then he loves rare plants.
conclusion: Jalen loves rare plants.
fact1: Jalen loves rare plants.
rule: If Jalen studies botany or loves rare plants (or both), then he makes notable discoveries.
conclusion: Jalen does not make notable discoveries.

Therefore, it is false that Jalen does not make notable discoveries. The correct option is: B."
"Given the facts below, answer the question.

Facts:
Beau has a green thumb. Beau buys local produce. If Beau has a green thumb, then he either grows his own food or buys local produce (but not both). Beau honors his ancestors. Anyone who honors their ancestors is proud of their heritage. Beau values tradition. If Beau is proud of his heritage, then he works hard and values tradition.

Question:
Based on the above information, is the following statement true, false, or uncertain? Beau works hard and contributes to his community.

Options:
[""A) True"", ""B) False"", ""C) Uncertain""]","Given the facts below, answer the question.

Facts:
Beau honors his ancestors. Marina buys local produce. If Beau has a green thumb, then he either grows his own food or buys local produce (but not both). If Beau is proud of his heritage, then he works hard and values tradition. If Elisha is proud of his heritage, then he works hard and values tradition. Aryan has a green thumb. Marina honors his ancestors. If Elisha has a green thumb, then he either grows his own food or buys local produce (but not both). Beau values tradition. Aryan values tradition. Beau buys local produce. Beau has a green thumb. Aryan does not share with others. Anyone who honors their ancestors is proud of their heritage.

Question:
Based on the above information, is the following statement true, false, or uncertain? Beau works hard and contributes to his community.

Options:
[""A) True"", ""B) False"", ""C) Uncertain""]",C,2,"fact1: Beau has a green thumb.
fact2: Beau buys local produce.
rule: If Beau has a green thumb, then he either grows his own food or buys local produce (but not both).
conclusion: Beau does not grow his own food.
fact1: Beau honors his ancestors.
rule: Anyone who honors their ancestors is proud of their heritage.
conclusion: Beau is proud of his heritage.
fact1: Beau is proud of his heritage.
fact2: Beau values tradition.
rule: If Beau is proud of his heritage, then he works hard and values tradition.
conclusion: Beau works hard.

According to the context and the conclusions that have already been drawn, we can deduce that it is uncertain that Beau works hard and contributes to his community. The correct option is: C."
"Given the facts below, answer the question.

Facts:
Schmoopy breaks down organic matter. Schmoopy recycles nutrients. If Schmoopy breaks down organic matter and recycles nutrients, then it has mutualistic relationships. Schmoopy is endemic. If Schmoopy is endemic, then it either has adaptive structures or has mutualistic relationships, but not both. Every fungus either has adaptive structures or plays an ecological role (or both).

Question:
Based on the above information, is the following statement true, false, or uncertain? Schmoopy does not play an ecological role.

Options:
[""A) True"", ""B) False"", ""C) Uncertain""]","Given the facts below, answer the question.

Facts:
Schmoopy breaks down organic matter. If Schmoopy is endemic, then it either has adaptive structures or has mutualistic relationships, but not both. Every fungus either has adaptive structures or plays an ecological role (or both). If Schmoopy breaks down organic matter and recycles nutrients, then it has mutualistic relationships. Schmoopy recycles nutrients. If Greyson is endemic, then it either has adaptive structures or has mutualistic relationships, but not both. Schmoopy is endemic. Greyson is endemic.

Question:
Based on the above information, is the following statement true, false, or uncertain? Schmoopy does not play an ecological role.

Options:
[""A) True"", ""B) False"", ""C) Uncertain""]",B,1,"fact1: Schmoopy breaks down organic matter.
fact2: Schmoopy recycles nutrients.
rule: If Schmoopy breaks down organic matter and recycles nutrients, then it has mutualistic relationships.
conclusion: Schmoopy has mutualistic relationships.
fact1: Schmoopy is endemic.
fact2: Schmoopy has mutualistic relationships.
rule: If Schmoopy is endemic, then it either has adaptive structures or has mutualistic relationships, but not both.
conclusion: Schmoopy does not have adaptive structures.
fact1: Schmoopy does not have adaptive structures.
rule: Every fungus either has adaptive structures or plays an ecological role (or both).
conclusion: Schmoopy does not play an ecological role.

Therefore, it is false that Schmoopy does not play an ecological role. The correct option is: B."
"Given the facts below, answer the question.

Facts:
Catalina does not set priorities. Catalina makes plans. If Catalina either sets priorities or makes plans (but not both), then she has clear goals. Catalina is not disciplined. If Catalina has clear goals, then she is either highly motivated or disciplined, but not both. Catalina overcomes obstacles. If Catalina is highly motivated, then she overcomes obstacles and excels professionally. Catalina is fearful. If Catalina is fearful, then she either avoids risks or excels professionally, but not both.

Question:
Based on the above information, is the following statement true, false, or uncertain? Catalina avoids risks.

Options:
[""A) True"", ""B) False"", ""C) Uncertain""]","Given the facts below, answer the question.

Facts:
If Rene either sets priorities or makes plans (but not both), then she has clear goals. If Catalina is highly motivated, then she overcomes obstacles and excels professionally. Catalina is fearful. If Catalina is fearful, then she either avoids risks or excels professionally, but not both. Rene overcomes obstacles. Catalina is not disciplined. Catalina overcomes obstacles. If Catalina has clear goals, then she is either highly motivated or disciplined, but not both. Henry is not disciplined. Helena is fearful. Catalina makes plans. If Catalina either sets priorities or makes plans (but not both), then she has clear goals. Catalina does not set priorities. Henry does not set priorities. If Rene is fearful, then she either avoids risks or excels professionally, but not both. If Henry has clear goals, then she is either highly motivated or disciplined, but not both.

Question:
Based on the above information, is the following statement true, false, or uncertain? Catalina avoids risks.

Options:
[""A) True"", ""B) False"", ""C) Uncertain""]",B,1,"fact1: Catalina does not set priorities.
fact2: Catalina makes plans.
rule: If Catalina either sets priorities or makes plans (but not both), then she has clear goals.
conclusion: Catalina has clear goals.
fact1: Catalina has clear goals.
fact2: Catalina is not disciplined.
rule: If Catalina has clear goals, then she is either highly motivated or disciplined, but not both.
conclusion: Catalina is highly motivated.
fact1: Catalina is highly motivated.
fact2: Catalina overcomes obstacles.
rule: If Catalina is highly motivated, then she overcomes obstacles and excels professionally.
conclusion: Catalina excels professionally.
fact1: Catalina is fearful.
fact2: Catalina excels professionally.
rule: If Catalina is fearful, then she either avoids risks or excels professionally, but not both.
conclusion: Catalina avoids risks.

Therefore, it is false that Catalina avoids risks. The correct option is: B."
"Given the facts below, answer the question.

Facts:
Muffy does not run freely. Muffy either moves gently or runs freely, but not necessarily both. Muffy has a calm demeanor. Any horse that has a calm demeanor or moves gently can soothe others. Muffy has a healing presence if she soothes others. Muffy brings renewal. If Muffy has a healing presence, then she either brings hope or brings renewal, but not both.

Question:
Based on the above information, is the following statement true, false, or uncertain? Muffy brings hope.

Options:
[""A) True"", ""B) False"", ""C) Uncertain""]","Given the facts below, answer the question.

Facts:
Raelyn does not run freely. Muffy brings renewal. Marcelo has a healing presence if she soothes others. Muffy has a healing presence if she soothes others. Muffy has a calm demeanor. If Muffy has a healing presence, then she either brings hope or brings renewal, but not both. Marcelo has a calm demeanor. Marcelo brings renewal. If Muffy has a majestic appearance, then she has a gentle disposition and a healing presence. If Marcelo has a healing presence, then she either brings hope or brings renewal, but not both. Raelyn either moves gently or runs freely, but not necessarily both. Any horse that has a calm demeanor or moves gently can soothe others. Muffy does not run freely. Muffy either moves gently or runs freely, but not necessarily both.

Question:
Based on the above information, is the following statement true, false, or uncertain? Muffy brings hope.

Options:
[""A) True"", ""B) False"", ""C) Uncertain""]",B,1,"fact1: Muffy does not run freely.
rule: Muffy either moves gently or runs freely, but not necessarily both.
conclusion: Muffy moves gently.
fact1: Muffy has a calm demeanor.
fact2: Muffy moves gently.
rule: Any horse that has a calm demeanor or moves gently can soothe others.
conclusion: Muffy soothes others.
fact1: Muffy soothes others.
rule: Muffy has a healing presence if she soothes others.
conclusion: Muffy has a healing presence.
fact1: Muffy has a healing presence.
fact2: Muffy brings renewal.
rule: If Muffy has a healing presence, then she either brings hope or brings renewal, but not both.
conclusion: Muffy brings hope.

Therefore, it is false that Muffy brings hope. The correct option is: B."
"Given the facts below, answer the question.

Facts:
Sailor does not ride a bicycle. Sailor rides a bicycle or practices yoga. Sailor does not jog daily. Everyone who either practices yoga or jogs daily (but not both) exercises regularly. Sailor eats a balanced diet. If Sailor eats a balanced diet and exercises regularly, then she has a healthy thyroid. Either Sailor has a healthy thyroid or an imbalanced thyroid, but not both.

Question:
Based on the above information, is the following statement true, false, or uncertain? Sailor does not have an imbalanced thyroid.

Options:
[""A) True"", ""B) False"", ""C) Uncertain""]","Given the facts below, answer the question.

Facts:
Sailor does not ride a bicycle. Sailor rides a bicycle or practices yoga. Either Sailor has a healthy thyroid or an imbalanced thyroid, but not both. Sailor eats a balanced diet. Sailor does not jog daily. If Sailor eats a balanced diet and exercises regularly, then she has a healthy thyroid. Everyone who either practices yoga or jogs daily (but not both) exercises regularly. If Aldo eats a balanced diet and exercises regularly, then she has a healthy thyroid. Ayaan does not jog daily.

Question:
Based on the above information, is the following statement true, false, or uncertain? Sailor does not have an imbalanced thyroid.

Options:
[""A) True"", ""B) False"", ""C) Uncertain""]",A,0,"fact1: Sailor does not ride a bicycle.
rule: Sailor rides a bicycle or practices yoga.
conclusion: Sailor practices yoga.
fact1: Sailor practices yoga.
fact2: Sailor does not jog daily.
rule: Everyone who either practices yoga or jogs daily (but not both) exercises regularly.
conclusion: Sailor exercises regularly.
fact1: Sailor eats a balanced diet.
fact2: Sailor exercises regularly.
rule: If Sailor eats a balanced diet and exercises regularly, then she has a healthy thyroid.
conclusion: Sailor has a healthy thyroid.
fact1: Sailor has a healthy thyroid.
rule: Either Sailor has a healthy thyroid or an imbalanced thyroid, but not both.
conclusion: Sailor does not have an imbalanced thyroid.

Therefore, it is true that Sailor does not have an imbalanced thyroid. The correct option is: A."
"Given the facts below, answer the question.

Facts:
Caden has a medical degree. Caden does not conduct medical research. If Caden has a medical degree, then he either practices surgery or conducts medical research, but not both. Caden studies anatomy. If someone studies anatomy and practices surgery, then they can be an orthopedic surgeon. Caden is not specialized. If Caden is an orthopedic surgeon, then he either follows established protocols or is specialized, but not both. Caden either follows established protocols or has innovative approaches, but not both. Caden is a skilled surgeon. If Caden is a skilled surgeon, then he either has innovative approaches or has a compassionate bedside manner (or both).

Question:
Based on the above information, is the following statement true, false, or uncertain? Caden has a compassionate bedside manner.

Options:
[""A) True"", ""B) False"", ""C) Uncertain""]","Given the facts below, answer the question.

Facts:
Finn is not specialized. Caden has a medical degree. Caden is not specialized. Edison is a skilled surgeon. If Finn is an orthopedic surgeon, then he either follows established protocols or is specialized, but not both. If Caden restores physical function, then he either gains patient trust or has innovative approaches (or both). If Caden has a medical degree, then he either practices surgery or conducts medical research, but not both. If Finn has a medical degree, then he either practices surgery or conducts medical research, but not both. Caden studies anatomy. Jayson studies anatomy. Finn does not conduct medical research. If Caden is an orthopedic surgeon, then he either follows established protocols or is specialized, but not both. Finn has a medical degree. If Edison is a skilled surgeon, then he either has innovative approaches or has a compassionate bedside manner (or both). If Caden is a skilled surgeon, then he either has innovative approaches or has a compassionate bedside manner (or both). Jayson either follows established protocols or has innovative approaches, but not both. If someone studies anatomy and practices surgery, then they can be an orthopedic surgeon. Caden either follows established protocols or has innovative approaches, but not both. Caden does not conduct medical research. Caden is a skilled surgeon. Caden develops new techniques or follows established protocols.

Question:
Based on the above information, is the following statement true, false, or uncertain? Caden has a compassionate bedside manner.

Options:
[""A) True"", ""B) False"", ""C) Uncertain""]",A,0,"fact1: Caden has a medical degree.
fact2: Caden does not conduct medical research.
rule: If Caden has a medical degree, then he either practices surgery or conducts medical research, but not both.
conclusion: Caden practices surgery.
fact1: Caden studies anatomy.
fact2: Caden practices surgery.
rule: If someone studies anatomy and practices surgery, then they can be an orthopedic surgeon.
conclusion: Caden is an orthopedic surgeon.
fact1: Caden is an orthopedic surgeon.
fact2: Caden is not specialized.
rule: If Caden is an orthopedic surgeon, then he either follows established protocols or is specialized, but not both.
conclusion: Caden follows established protocols.
fact1: Caden follows established protocols.
rule: Caden either follows established protocols or has innovative approaches, but not both.
conclusion: Caden does not have innovative approaches.
fact1: Caden is a skilled surgeon.
fact2: Caden does not have innovative approaches.
rule: If Caden is a skilled surgeon, then he either has innovative approaches or has a compassionate bedside manner (or both).
conclusion: Caden has a compassionate bedside manner.

Therefore, it is true that Caden has a compassionate bedside manner. The correct option is: A."
"Given the facts below, answer the question.

Facts:
Lillie seeks inner peace. Anyone who seeks inner peace values spirituality. Lillie either values spirituality or believes in science, but not both. Lillie either believes in science or faces supernatural entities, but not both. Lillie either faces supernatural entities or fears the paranormal, but not both. Lillie studies the paranormal. If Lillie either fears the paranormal or studies the paranormal (but not both), then she is an expert.

Question:
Based on the above information, is the following statement true, false, or uncertain? Lillie is not an expert.

Options:
[""A) True"", ""B) False"", ""C) Uncertain""]","Given the facts below, answer the question.

Facts:
Lillie seeks inner peace. Quincy either believes in science or faces supernatural entities, but not both. Anyone who seeks inner peace values spirituality. Lillie either believes in science or faces supernatural entities, but not both. Quincy seeks inner peace. If Theo either fears the paranormal or studies the paranormal (but not both), then she is an expert. Lillie either faces supernatural entities or fears the paranormal, but not both. If Lillie either fears the paranormal or studies the paranormal (but not both), then she is an expert. Benicio either values spirituality or believes in science, but not both. Quincy studies the paranormal. Lillie studies the paranormal. Lillie either values spirituality or believes in science, but not both.

Question:
Based on the above information, is the following statement true, false, or uncertain? Lillie is not an expert.

Options:
[""A) True"", ""B) False"", ""C) Uncertain""]",B,1,"fact1: Lillie seeks inner peace.
rule: Anyone who seeks inner peace values spirituality.
conclusion: Lillie values spirituality.
fact1: Lillie values spirituality.
rule: Lillie either values spirituality or believes in science, but not both.
conclusion: Lillie does not believe in science.
fact1: Lillie does not believe in science.
rule: Lillie either believes in science or faces supernatural entities, but not both.
conclusion: Lillie faces supernatural entities.
fact1: Lillie faces supernatural entities.
rule: Lillie either faces supernatural entities or fears the paranormal, but not both.
conclusion: Lillie does not fear the paranormal.
fact1: Lillie does not fear the paranormal.
fact2: Lillie studies the paranormal.
rule: If Lillie either fears the paranormal or studies the paranormal (but not both), then she is an expert.
conclusion: Lillie is not an expert.

Therefore, it is false that Lillie is not an expert. The correct option is: B."
"Given the facts below, answer the question.

Facts:
Reina does not hunt at night. Reina either hunts at night or strikes fast, but not both. Reina does not have venom. If Reina has venom or strikes fast, then she is aggressive. Reina is not defensive. If Reina is either aggressive or defensive (but not both), then she is respected.

Question:
Based on the above information, is the following statement true, false, or uncertain? Reina is not respected.

Options:
[""A) True"", ""B) False"", ""C) Uncertain""]","Given the facts below, answer the question.

Facts:
Reina is not defensive. Queenie does not hunt at night. Drew is not defensive. If Queenie has venom or strikes fast, then she is aggressive. Queenie does not have venom. If Marco is either aggressive or defensive (but not both), then she is respected. If Reina has sharp teeth, then she is aggressive. Reina does not hunt at night. If Reina has venom or strikes fast, then she is aggressive. Reina does not have venom. Marco either hunts at night or strikes fast, but not both. If Reina is either aggressive or defensive (but not both), then she is respected. Reina either hunts at night or strikes fast, but not both.

Question:
Based on the above information, is the following statement true, false, or uncertain? Reina is not respected.

Options:
[""A) True"", ""B) False"", ""C) Uncertain""]",B,1,"fact1: Reina does not hunt at night.
rule: Reina either hunts at night or strikes fast, but not both.
conclusion: Reina strikes fast.
fact1: Reina does not have venom.
fact2: Reina strikes fast.
rule: If Reina has venom or strikes fast, then she is aggressive.
conclusion: Reina is aggressive.
fact1: Reina is aggressive.
fact2: Reina is not defensive.
rule: If Reina is either aggressive or defensive (but not both), then she is respected.
conclusion: Reina is not respected.

Therefore, it is false that Reina is not respected. The correct option is: B."
"Given the facts below, answer the question.

Facts:
Shmuel explores the universe. Shmuel either explores the universe or studies constellations, but not both. Shmuel either studies constellations or has made a discovery. For every person, either they have made a discovery or they have not made a discovery, but not both.

Question:
Based on the above information, is the following statement true, false, or uncertain? Shmuel has not made a discovery.

Options:
[""A) True"", ""B) False"", ""C) Uncertain""]","Given the facts below, answer the question.

Facts:
If Shmuel either conducts research or analyzes data (but not both), then he has made a discovery. For every person, either they have made a discovery or they have not made a discovery, but not both. Shmuel explores the universe. Lennox either studies constellations or has made a discovery. Amani either explores the universe or studies constellations, but not both. Amani explores the universe. Shmuel either explores the universe or studies constellations, but not both. Shmuel either studies constellations or has made a discovery.

Question:
Based on the above information, is the following statement true, false, or uncertain? Shmuel has not made a discovery.

Options:
[""A) True"", ""B) False"", ""C) Uncertain""]",B,1,"fact1: Shmuel explores the universe.
rule: Shmuel either explores the universe or studies constellations, but not both.
conclusion: Shmuel does not study constellations.
fact1: Shmuel does not study constellations.
rule: Shmuel either studies constellations or has made a discovery.
conclusion: Shmuel has made a discovery.
fact1: Shmuel has made a discovery.
rule: For every person, either they have made a discovery or they have not made a discovery, but not both.
conclusion: Shmuel has not made a discovery.

Therefore, it is false that Shmuel has not made a discovery. The correct option is: B."
"Given the facts below, answer the question.

Facts:
Emerald does not catch small crustaceans. Emerald either catches small crustaceans or has long tentacles. Emerald does not filter food. If Emerald has long tentacles, then she either attracts fish or filters food, but not both. Emerald is colorful. All colorful sea anemones get cleaned and attract fish. Emerald has clownfish. Emerald is sedentary. If Emerald has clownfish, then she either provides shelter or is sedentary, but not both.

Question:
Based on the above information, is the following statement true, false, or uncertain? Emerald thrives.

Options:
[""A) True"", ""B) False"", ""C) Uncertain""]","Given the facts below, answer the question.

Facts:
Millie is colorful. Every sea anemone that lives in a coral reef either provides shelter or forms a symbiotic relationship with other animals. Emerald does not filter food. Ryder is sedentary. If Ryder has long tentacles, then she either attracts fish or filters food, but not both. If Emerald has clownfish, then she either provides shelter or is sedentary, but not both. If Emerald has long tentacles, then she either attracts fish or filters food, but not both. Emerald does not catch small crustaceans. Emerald has clownfish. All colorful sea anemones get cleaned and attract fish. If Averie has clownfish, then she either provides shelter or is sedentary, but not both. Averie has clownfish. Averie does not catch small crustaceans. Emerald is sedentary. Emerald is colorful. Millie either catches small crustaceans or has long tentacles. Emerald either catches small crustaceans or has long tentacles. Millie does not filter food.

Question:
Based on the above information, is the following statement true, false, or uncertain? Emerald thrives.

Options:
[""A) True"", ""B) False"", ""C) Uncertain""]",C,2,"fact1: Emerald does not catch small crustaceans.
rule: Emerald either catches small crustaceans or has long tentacles.
conclusion: Emerald has long tentacles.
fact1: Emerald has long tentacles.
fact2: Emerald does not filter food.
rule: If Emerald has long tentacles, then she either attracts fish or filters food, but not both.
conclusion: Emerald attracts fish.
fact1: Emerald is colorful.
fact2: Emerald attracts fish.
rule: All colorful sea anemones get cleaned and attract fish.
conclusion: Emerald gets cleaned.
fact1: Emerald has clownfish.
fact2: Emerald is sedentary.
rule: If Emerald has clownfish, then she either provides shelter or is sedentary, but not both.
conclusion: Emerald does not provide shelter.

According to the context and the conclusions that have already been drawn, we can deduce that it is uncertain that Emerald thrives. The correct option is: C."
"Given the facts below, answer the question.

Facts:
Gian is a geneticist. Gian studies biology or is a geneticist. Gian is a geneticist. Gian has distinct physical features. If Gian is a geneticist, then he either carries unique traits or has distinct physical features, but not both. Gian exhibits homogeneous characteristics. If Gian has a family history of genetic consistency or exhibits homogeneous characteristics, then he can inherit identical genes. If Gian either inherits identical genes or carries unique traits (but not both), then he has a rare genetic profile. If Gian has a rare genetic profile, then he has exceptional health resistance.

Question:
Based on the above information, is the following statement true, false, or uncertain? Gian does not have exceptional health resistance.

Options:
[""A) True"", ""B) False"", ""C) Uncertain""]","Given the facts below, answer the question.

Facts:
Gian is a geneticist. If Vanessa either inherits identical genes or carries unique traits (but not both), then he has a rare genetic profile. If Gian either inherits identical genes or carries unique traits (but not both), then he has a rare genetic profile. If Gian is a geneticist, then he either carries unique traits or has distinct physical features, but not both. Elian has distinct physical features. Gian has distinct physical features. If Gian has a family history of genetic consistency or exhibits homogeneous characteristics, then he can inherit identical genes. If Vanessa has a family history of genetic consistency or exhibits homogeneous characteristics, then he can inherit identical genes. Gian is a geneticist. Jerry exhibits homogeneous characteristics. Gian studies biology or is a geneticist. Gian exhibits homogeneous characteristics. If Gian has a rare genetic profile, then he has exceptional health resistance.

Question:
Based on the above information, is the following statement true, false, or uncertain? Gian does not have exceptional health resistance.

Options:
[""A) True"", ""B) False"", ""C) Uncertain""]",B,1,"fact1: Gian is a geneticist.
rule: Gian studies biology or is a geneticist.
conclusion: Gian is a geneticist.
fact1: Gian is a geneticist.
fact2: Gian has distinct physical features.
rule: If Gian is a geneticist, then he either carries unique traits or has distinct physical features, but not both.
conclusion: Gian does not carry unique traits.
fact1: Gian exhibits homogeneous characteristics.
rule: If Gian has a family history of genetic consistency or exhibits homogeneous characteristics, then he can inherit identical genes.
conclusion: Gian inherits identical genes.
fact1: Gian inherits identical genes.
fact2: Gian does not carry unique traits.
rule: If Gian either inherits identical genes or carries unique traits (but not both), then he has a rare genetic profile.
conclusion: Gian has a rare genetic profile.
fact1: Gian has a rare genetic profile.
rule: If Gian has a rare genetic profile, then he has exceptional health resistance.
conclusion: Gian does not have exceptional health resistance.

Therefore, it is false that Gian does not have exceptional health resistance. The correct option is: B."
"Given the facts below, answer the question.

Facts:
Sloane values recognition. Sloane enjoys the spotlight. If someone values recognition and enjoys the spotlight, then they seek attention. Sloane either seeks attention or remains humble, but not both. For Sloane, either achieving fame and remaining humble are mutually exclusive, but not necessarily so. Sloane is creative. If Sloane is creative, then she can either achieve fame or inspire others, but not both.

Question:
Based on the above information, is the following statement true, false, or uncertain? Sloane does not inspire others.

Options:
[""A) True"", ""B) False"", ""C) Uncertain""]","Given the facts below, answer the question.

Facts:
Sloane either seeks attention or remains humble, but not both. For Emmett, either achieving fame and remaining humble are mutually exclusive, but not necessarily so. Mila either seeks attention or remains humble, but not both. If someone values recognition and enjoys the spotlight, then they seek attention. Emmett enjoys the spotlight. Sloane enjoys the spotlight. Julie values recognition. If Julie is creative, then she can either achieve fame or inspire others, but not both. Julie is creative. Sloane values recognition. For Sloane, either achieving fame and remaining humble are mutually exclusive, but not necessarily so. If Sloane is creative, then she can either achieve fame or inspire others, but not both. Sloane is creative.

Question:
Based on the above information, is the following statement true, false, or uncertain? Sloane does not inspire others.

Options:
[""A) True"", ""B) False"", ""C) Uncertain""]",A,0,"fact1: Sloane values recognition.
fact2: Sloane enjoys the spotlight.
rule: If someone values recognition and enjoys the spotlight, then they seek attention.
conclusion: Sloane seeks attention.
fact1: Sloane seeks attention.
rule: Sloane either seeks attention or remains humble, but not both.
conclusion: Sloane does not remain humble.
fact1: Sloane does not remain humble.
rule: For Sloane, either achieving fame and remaining humble are mutually exclusive, but not necessarily so.
conclusion: Sloane achieves fame.
fact1: Sloane is creative.
fact2: Sloane achieves fame.
rule: If Sloane is creative, then she can either achieve fame or inspire others, but not both.
conclusion: Sloane does not inspire others.

Therefore, it is true that Sloane does not inspire others. The correct option is: A."
"Given the facts below, answer the question.

Facts:
Raven is a legendary pirate. Raven is an active pirate. All legendary pirates are either retired or active, but not both. Raven is either retired or experienced, but not both. If Raven is an experienced pirate, then he is bearded. Raven is not clean shaven. If Raven is either bearded or clean shaven (but not both), then he is intimidating.

Question:
Based on the above information, is the following statement true, false, or uncertain? Raven is intimidating.

Options:
[""A) True"", ""B) False"", ""C) Uncertain""]","Given the facts below, answer the question.

Facts:
Raven is a legendary pirate. Dream is not clean shaven. All legendary pirates are either retired or active, but not both. If Jadiel is either bearded or clean shaven (but not both), then he is intimidating. If Raven is either bearded or clean shaven (but not both), then he is intimidating. Dream is either retired or experienced, but not both. Raven is an active pirate. Raven is not clean shaven. Raven is either retired or experienced, but not both. If Raven is an experienced pirate, then he is bearded. If Dream is an experienced pirate, then he is bearded.

Question:
Based on the above information, is the following statement true, false, or uncertain? Raven is intimidating.

Options:
[""A) True"", ""B) False"", ""C) Uncertain""]",A,0,"fact1: Raven is a legendary pirate.
fact2: Raven is an active pirate.
rule: All legendary pirates are either retired or active, but not both.
conclusion: Raven is not retired.
fact1: Raven is not retired.
rule: Raven is either retired or experienced, but not both.
conclusion: Raven is an experienced pirate.
fact1: Raven is an experienced pirate.
rule: If Raven is an experienced pirate, then he is bearded.
conclusion: Raven is bearded.
fact1: Raven is bearded.
fact2: Raven is not clean shaven.
rule: If Raven is either bearded or clean shaven (but not both), then he is intimidating.
conclusion: Raven is intimidating.

Therefore, it is true that Raven is intimidating. The correct option is: A."
"Given the facts below, answer the question.

Facts:
Karson does not have empathy. Karson has empathy or prioritizes relationships. Karson supports his loved ones. Anyone who supports loved ones and prioritizes relationships values family. Karson either values family or is patriotic, but not necessarily both. Karson is patriotic or community-oriented.

Question:
Based on the above information, is the following statement true, false, or uncertain? Karson is not community-oriented.

Options:
[""A) True"", ""B) False"", ""C) Uncertain""]","Given the facts below, answer the question.

Facts:
Karson either values family or is patriotic, but not necessarily both. Anyone who supports loved ones and prioritizes relationships values family. Karson does not have empathy. Hamza is patriotic or community-oriented. Karson has empathy or prioritizes relationships. Karson supports his loved ones. Karson is patriotic or community-oriented.

Question:
Based on the above information, is the following statement true, false, or uncertain? Karson is not community-oriented.

Options:
[""A) True"", ""B) False"", ""C) Uncertain""]",B,1,"fact1: Karson does not have empathy.
rule: Karson has empathy or prioritizes relationships.
conclusion: Karson prioritizes relationships.
fact1: Karson supports his loved ones.
fact2: Karson prioritizes relationships.
rule: Anyone who supports loved ones and prioritizes relationships values family.
conclusion: Karson values family.
fact1: Karson values family.
rule: Karson either values family or is patriotic, but not necessarily both.
conclusion: Karson is not patriotic.
fact1: Karson is not patriotic.
rule: Karson is patriotic or community-oriented.
conclusion: Karson is not community-oriented.

Therefore, it is false that Karson is not community-oriented. The correct option is: B."
"Given the facts below, answer the question.

Facts:
Cannon is cautious. All mice that are cautious will avoid dangers. Cannon explores at night. If Cannon explores at night, then he avoids dangers and lives adventurously. If Cannon lives adventurously, then he has a discerning taste and loves cheese. Cannon becomes a connoisseur. If Cannon loves cheese, then he can either become a connoisseur or gain recognition, but not both.

Question:
Based on the above information, is the following statement true, false, or uncertain? Cannon does not gain recognition.

Options:
[""A) True"", ""B) False"", ""C) Uncertain""]","Given the facts below, answer the question.

Facts:
If Cannon explores at night, then he avoids dangers and lives adventurously. Peanut becomes a connoisseur. Cannon becomes a connoisseur. Dakari explores at night. Cannon explores at night. Cannon is cautious. Peanut is cautious. All mice that are cautious will avoid dangers. If Dakari lives adventurously, then he has a discerning taste and loves cheese. If Cannon loves cheese, then he can either become a connoisseur or gain recognition, but not both. If Peanut loves cheese, then he can either become a connoisseur or gain recognition, but not both. If Cannon lives adventurously, then he has a discerning taste and loves cheese.

Question:
Based on the above information, is the following statement true, false, or uncertain? Cannon does not gain recognition.

Options:
[""A) True"", ""B) False"", ""C) Uncertain""]",A,0,"fact1: Cannon is cautious.
rule: All mice that are cautious will avoid dangers.
conclusion: Cannon avoids dangers.
fact1: Cannon explores at night.
fact2: Cannon avoids dangers.
rule: If Cannon explores at night, then he avoids dangers and lives adventurously.
conclusion: Cannon lives adventurously.
fact1: Cannon lives adventurously.
rule: If Cannon lives adventurously, then he has a discerning taste and loves cheese.
conclusion: Cannon loves cheese.
fact1: Cannon loves cheese.
fact2: Cannon becomes a connoisseur.
rule: If Cannon loves cheese, then he can either become a connoisseur or gain recognition, but not both.
conclusion: Cannon does not gain recognition.

Therefore, it is true that Cannon does not gain recognition. The correct option is: A."
"Given the facts below, answer the question.

Facts:
Goofy does not run in circles. Goofy plays fetch. If Goofy either runs in circles or plays fetch (but not both), then he will chase his own tail. For Goofy, either he chases his own tail or he sniffs baked goods, but not both at the same time.

Question:
Based on the above information, is the following statement true, false, or uncertain? Goofy makes a mess.

Options:
[""A) True"", ""B) False"", ""C) Uncertain""]","Given the facts below, answer the question.

Facts:
Goofy does not run in circles. For Goofy, either he chases his own tail or he sniffs baked goods, but not both at the same time. For Raegan, either he chases his own tail or he sniffs baked goods, but not both at the same time. Goofy plays fetch. If Goofy either runs in circles or plays fetch (but not both), then he will chase his own tail.

Question:
Based on the above information, is the following statement true, false, or uncertain? Goofy makes a mess.

Options:
[""A) True"", ""B) False"", ""C) Uncertain""]",C,2,"fact1: Goofy does not run in circles.
fact2: Goofy plays fetch.
rule: If Goofy either runs in circles or plays fetch (but not both), then he will chase his own tail.
conclusion: Goofy chases his own tail.
fact1: Goofy chases his own tail.
rule: For Goofy, either he chases his own tail or he sniffs baked goods, but not both at the same time.
conclusion: Goofy does not sniff baked goods.

According to the context and the conclusions that have already been drawn, we can deduce that it is uncertain that Goofy makes a mess. The correct option is: C."
"Given the facts below, answer the question.

Facts:
Colin has practical experience. Everyone either has practical experience or conducts research, but it's possible to have both. Colin conducts research or is an expert geologist. Colin works in mining. If Colin works in mining, then he is either a reliable assayer or an expert geologist, but not both.

Question:
Based on the above information, is the following statement true, false, or uncertain? If Colin can evaluate precious metals and has a keen eye, then he can be a reliable assayer.

Options:
[""A) True"", ""B) False"", ""C) Uncertain""]","Given the facts below, answer the question.

Facts:
Zaniyah conducts research or is an expert geologist. Anakin works in mining. Colin conducts research or is an expert geologist. Everyone either has practical experience or conducts research, but it's possible to have both. Colin either has technical skills or is an expert geologist. Anyone who studies optics or develops spatial awareness can have a keen eye. Colin has practical experience. Zaniyah does not examine objects closely. If Anakin works in mining, then he is either a reliable assayer or an expert geologist, but not both. Anyone who pursues precision either gains recognition or conducts research (or both). If Colin works in mining, then he is either a reliable assayer or an expert geologist, but not both. Colin works in mining. Kaden has practical experience.

Question:
Based on the above information, is the following statement true, false, or uncertain? If Colin can evaluate precious metals and has a keen eye, then he can be a reliable assayer.

Options:
[""A) True"", ""B) False"", ""C) Uncertain""]",C,2,"fact1: Colin has practical experience.
rule: Everyone either has practical experience or conducts research, but it's possible to have both.
conclusion: Colin does not conduct research.
fact1: Colin does not conduct research.
rule: Colin conducts research or is an expert geologist.
conclusion: Colin is an expert geologist.
fact1: Colin works in mining.
fact2: Colin is an expert geologist.
rule: If Colin works in mining, then he is either a reliable assayer or an expert geologist, but not both.
conclusion: Colin cannot be a reliable assayer.

According to the context and the conclusions that have already been drawn, we can deduce that it is uncertain that If Colin can evaluate precious metals and has a keen eye, then he can be a reliable assayer. The correct option is: C."
"Given the facts below, answer the question.

Facts:
Santiago crafts gourmet dishes. Anyone who crafts gourmet dishes pays attention to texture. Santiago either pays attention to texture or values flavor, but not necessarily both. Santiago is a skilled chef. If Santiago is a skilled chef or passionate about cooking (or both), then he is a successful restaurateur.

Question:
Based on the above information, is the following statement true, false, or uncertain? Santiago is not a successful restaurateur.

Options:
[""A) True"", ""B) False"", ""C) Uncertain""]","Given the facts below, answer the question.

Facts:
Jack either pays attention to texture or values flavor, but not necessarily both. Santiago is a skilled chef. Anyone who crafts gourmet dishes pays attention to texture. Amaris crafts gourmet dishes. If Santiago is a skilled chef or passionate about cooking (or both), then he is a successful restaurateur. Ellie is a skilled chef. Santiago crafts gourmet dishes. If Amaris is a skilled chef or passionate about cooking (or both), then he is a successful restaurateur. Santiago either pays attention to texture or values flavor, but not necessarily both.

Question:
Based on the above information, is the following statement true, false, or uncertain? Santiago is not a successful restaurateur.

Options:
[""A) True"", ""B) False"", ""C) Uncertain""]",B,1,"fact1: Santiago crafts gourmet dishes.
rule: Anyone who crafts gourmet dishes pays attention to texture.
conclusion: Santiago pays attention to texture.
fact1: Santiago pays attention to texture.
rule: Santiago either pays attention to texture or values flavor, but not necessarily both.
conclusion: Santiago does not value flavor.
fact1: Santiago is a skilled chef.
rule: If Santiago is a skilled chef or passionate about cooking (or both), then he is a successful restaurateur.
conclusion: Santiago is not a successful restaurateur.

Therefore, it is false that Santiago is not a successful restaurateur. The correct option is: B."
"Given the facts below, answer the question.

Facts:
Alistair has creativity. Alistair expresses emotion. Anyone who has creativity and expresses emotion can pursue art. Alistair is talented. If Alistair is talented, then he either plays music or pursues art, but not both.

Question:
Based on the above information, is the following statement true, false, or uncertain? Alistair will become famous.

Options:
[""A) True"", ""B) False"", ""C) Uncertain""]","Given the facts below, answer the question.

Facts:
Anyone who has creativity and expresses emotion can pursue art. Walker is talented. Alistair expresses emotion. Alistair is talented. Alistair has creativity. If Alistair is talented, then he either plays music or pursues art, but not both. Brecken has creativity.

Question:
Based on the above information, is the following statement true, false, or uncertain? Alistair will become famous.

Options:
[""A) True"", ""B) False"", ""C) Uncertain""]",C,2,"fact1: Alistair has creativity.
fact2: Alistair expresses emotion.
rule: Anyone who has creativity and expresses emotion can pursue art.
conclusion: Alistair pursues art.
fact1: Alistair is talented.
fact2: Alistair pursues art.
rule: If Alistair is talented, then he either plays music or pursues art, but not both.
conclusion: Alistair does not play music.

According to the context and the conclusions that have already been drawn, we can deduce that it is uncertain that Alistair will become famous. The correct option is: C."
"Given the facts below, answer the question.

Facts:
Goobers is a powerful bull. Goobers is thick-coated. If Goobers is a powerful bull, then he is either thick-coated or has sharp horns, but not both. Goobers has a strong physique. If Goobers has a strong physique, then he is wild and has an aggressive nature. Every bull is either wild or domesticated, but not both. For every bull, it is either domesticated or feral, but not both.

Question:
Based on the above information, is the following statement true, false, or uncertain? Goobers is a feral bull.

Options:
[""A) True"", ""B) False"", ""C) Uncertain""]","Given the facts below, answer the question.

Facts:
Goobers is a powerful bull. If Goobers is a powerful bull, then he is either thick-coated or has sharp horns, but not both. If Goobers has a strong physique, then he is wild and has an aggressive nature. For every bull, it is either domesticated or feral, but not both. If Hunter has a strong physique, then he is wild and has an aggressive nature. Goobers is thick-coated. Every bull is either wild or domesticated, but not both. Goobers has a strong physique.

Question:
Based on the above information, is the following statement true, false, or uncertain? Goobers is a feral bull.

Options:
[""A) True"", ""B) False"", ""C) Uncertain""]",A,0,"fact1: Goobers is a powerful bull.
fact2: Goobers is thick-coated.
rule: If Goobers is a powerful bull, then he is either thick-coated or has sharp horns, but not both.
conclusion: Goobers does not have sharp horns.
fact1: Goobers has a strong physique.
rule: If Goobers has a strong physique, then he is wild and has an aggressive nature.
conclusion: Goobers is wild.
fact1: Goobers is wild.
rule: Every bull is either wild or domesticated, but not both.
conclusion: Goobers is not a domesticated bull.
fact1: Goobers is not a domesticated bull.
rule: For every bull, it is either domesticated or feral, but not both.
conclusion: Goobers is a feral bull.

Therefore, it is true that Goobers is a feral bull. The correct option is: A."
"Given the facts below, answer the question.

Facts:
Francis migrates seasonally. Francis lives in lakes. If Francis migrates seasonally, then he either lives in lakes or dwells in coastal areas, but not both. Francis wades in shallow waters. If Francis wades in shallow waters or dwells in coastal areas, then he eats shrimp. Francis does not live in brine. Any flamingo that eats shrimp or lives in brine has vibrant feathers. For all flamingos, if they have vibrant feathers, then they attract attention.

Question:
Based on the above information, is the following statement true, false, or uncertain? Francis does not attract attention.

Options:
[""A) True"", ""B) False"", ""C) Uncertain""]","Given the facts below, answer the question.

Facts:
If Francis wades in shallow waters or dwells in coastal areas, then he eats shrimp. Francis migrates seasonally. India does not live in brine. For all flamingos, if they have vibrant feathers, then they attract attention. Mekhi wades in shallow waters. Francis lives in lakes. Francis does not live in brine. If Francis migrates seasonally, then he either lives in lakes or dwells in coastal areas, but not both. If Cielo migrates seasonally, then he either lives in lakes or dwells in coastal areas, but not both. Any flamingo that eats shrimp or lives in brine has vibrant feathers. Francis wades in shallow waters.

Question:
Based on the above information, is the following statement true, false, or uncertain? Francis does not attract attention.

Options:
[""A) True"", ""B) False"", ""C) Uncertain""]",B,1,"fact1: Francis migrates seasonally.
fact2: Francis lives in lakes.
rule: If Francis migrates seasonally, then he either lives in lakes or dwells in coastal areas, but not both.
conclusion: Francis does not dwell in coastal areas.
fact1: Francis wades in shallow waters.
fact2: Francis does not dwell in coastal areas.
rule: If Francis wades in shallow waters or dwells in coastal areas, then he eats shrimp.
conclusion: Francis eats shrimp.
fact1: Francis eats shrimp.
fact2: Francis does not live in brine.
rule: Any flamingo that eats shrimp or lives in brine has vibrant feathers.
conclusion: Francis has vibrant feathers.
fact1: Francis has vibrant feathers.
rule: For all flamingos, if they have vibrant feathers, then they attract attention.
conclusion: Francis does not attract attention.

Therefore, it is false that Francis does not attract attention. The correct option is: B."
"Given the facts below, answer the question.

Facts:
Alejandro learns from experience. Anyone who has good hand-eye coordination or learns from experience is skilled in their trade. If Alejandro is passionate about craftsmanship or skilled in his trade, then he produces masterpieces.

Question:
Based on the above information, is the following statement true, false, or uncertain? Alejandro does not produce masterpieces.

Options:
[""A) True"", ""B) False"", ""C) Uncertain""]","Given the facts below, answer the question.

Facts:
Anyone who has good hand-eye coordination or learns from experience is skilled in their trade. Alejandro learns from experience. If Alejandro is passionate about craftsmanship or skilled in his trade, then he produces masterpieces. If Amelie is passionate about craftsmanship or skilled in his trade, then he produces masterpieces.

Question:
Based on the above information, is the following statement true, false, or uncertain? Alejandro does not produce masterpieces.

Options:
[""A) True"", ""B) False"", ""C) Uncertain""]",B,1,"fact1: Alejandro learns from experience.
rule: Anyone who has good hand-eye coordination or learns from experience is skilled in their trade.
conclusion: Alejandro is skilled in his trade.
fact1: Alejandro is skilled in his trade.
rule: If Alejandro is passionate about craftsmanship or skilled in his trade, then he produces masterpieces.
conclusion: Alejandro does not produce masterpieces.

Therefore, it is false that Alejandro does not produce masterpieces. The correct option is: B."
"Given the facts below, answer the question.

Facts:
Pierce appreciates literature. Pierce values history. If Pierce appreciates literature and values history, then he tends to collect rare editions. Pierce does not write reviews. Pierce reads widely. If Pierce either writes reviews or reads widely (but not both), then he owns libraries. If Pierce owns libraries, then he either recommends classics or collects rare editions (but not both). Pierce frequently visits bookstores. If Pierce frequently visits bookstores, then he is either a book lover or recommends classics. Either Pierce is a book lover or he is not interested in books, but not both.

Question:
Based on the above information, is the following statement true, false, or uncertain? Pierce is not not interested in books.

Options:
[""A) True"", ""B) False"", ""C) Uncertain""]","Given the facts below, answer the question.

Facts:
Either Nori is a book lover or he is not interested in books, but not both. If Edwin either writes reviews or reads widely (but not both), then he owns libraries. Pierce reads widely. Savanna does not write reviews. Edwin reads widely. Pierce values history. If Pierce appreciates literature and values history, then he tends to collect rare editions. If Pierce frequently visits bookstores, then he is either a book lover or recommends classics. Pierce does not write reviews. If Pierce owns libraries, then he either recommends classics or collects rare editions (but not both). If Savanna owns libraries, then he either recommends classics or collects rare editions (but not both). Pierce frequently visits bookstores. Either Pierce is a book lover or he is not interested in books, but not both. Pierce appreciates literature. If Pierce either writes reviews or reads widely (but not both), then he owns libraries. Savanna frequently visits bookstores.

Question:
Based on the above information, is the following statement true, false, or uncertain? Pierce is not not interested in books.

Options:
[""A) True"", ""B) False"", ""C) Uncertain""]",A,0,"fact1: Pierce appreciates literature.
fact2: Pierce values history.
rule: If Pierce appreciates literature and values history, then he tends to collect rare editions.
conclusion: Pierce collects rare editions.
fact1: Pierce does not write reviews.
fact2: Pierce reads widely.
rule: If Pierce either writes reviews or reads widely (but not both), then he owns libraries.
conclusion: Pierce owns libraries.
fact1: Pierce owns libraries.
fact2: Pierce collects rare editions.
rule: If Pierce owns libraries, then he either recommends classics or collects rare editions (but not both).
conclusion: Pierce does not recommend classics.
fact1: Pierce frequently visits bookstores.
fact2: Pierce does not recommend classics.
rule: If Pierce frequently visits bookstores, then he is either a book lover or recommends classics.
conclusion: Pierce is a book lover.
fact1: Pierce is a book lover.
rule: Either Pierce is a book lover or he is not interested in books, but not both.
conclusion: Pierce is not not interested in books.

Therefore, it is true that Pierce is not not interested in books. The correct option is: A."
"Given the facts below, answer the question.

Facts:
Jaylen has curiosity. If Jaylen has curiosity, then he learns from his ancestors and appreciates tradition. Jaylen understands interconnectedness. Jaylen does not support his local community. Anyone who understands interconnectedness either values the ecosystem or supports their local community (or both). For anyone who values the ecosystem and learns from their ancestors, they can become an environmental steward.

Question:
Based on the above information, is the following statement true, false, or uncertain? Jaylen becomes a spiritual leader.

Options:
[""A) True"", ""B) False"", ""C) Uncertain""]","Given the facts below, answer the question.

Facts:
Jaylen has curiosity. Jaylen understands interconnectedness. Anyone who understands interconnectedness either values the ecosystem or supports their local community (or both). For anyone who values the ecosystem and learns from their ancestors, they can become an environmental steward. Jaylen does not support his local community. Shay does not respect nature. If Jaylen has curiosity, then he learns from his ancestors and appreciates tradition.

Question:
Based on the above information, is the following statement true, false, or uncertain? Jaylen becomes a spiritual leader.

Options:
[""A) True"", ""B) False"", ""C) Uncertain""]",C,2,"fact1: Jaylen has curiosity.
rule: If Jaylen has curiosity, then he learns from his ancestors and appreciates tradition.
conclusion: Jaylen learns from his ancestors.
fact1: Jaylen understands interconnectedness.
fact2: Jaylen does not support his local community.
rule: Anyone who understands interconnectedness either values the ecosystem or supports their local community (or both).
conclusion: Jaylen values the ecosystem.
fact1: Jaylen values the ecosystem.
fact2: Jaylen learns from his ancestors.
rule: For anyone who values the ecosystem and learns from their ancestors, they can become an environmental steward.
conclusion: Jaylen becomes an environmental steward.

According to the context and the conclusions that have already been drawn, we can deduce that it is uncertain that Jaylen becomes a spiritual leader. The correct option is: C."
"Given the facts below, answer the question.

Facts:
Pearl needs darkness. Pearl thrives in moisture. All myriapods that need darkness and thrive in moisture value their shelter. Any myriapod that values its shelter will guard its home. Any myriapod that guards its home will protect its territory. Pearl cannot secrete fluid. If Pearl protects her territory, then she is either social or can secrete fluid (or both).

Question:
Based on the above information, is the following statement true, false, or uncertain? Pearl is not defensive.

Options:
[""A) True"", ""B) False"", ""C) Uncertain""]","Given the facts below, answer the question.

Facts:
Any myriapod that guards its home will protect its territory. Lovely cannot secrete fluid. If Pearl protects her territory, then she is either social or can secrete fluid (or both). Joshua thrives in moisture. Duke is either social or defensive (or both). All myriapods that need darkness and thrive in moisture value their shelter. Pearl thrives in moisture. Pearl cannot secrete fluid. Pearl needs darkness. Any myriapod that values its shelter will guard its home.

Question:
Based on the above information, is the following statement true, false, or uncertain? Pearl is not defensive.

Options:
[""A) True"", ""B) False"", ""C) Uncertain""]",C,2,"fact1: Pearl needs darkness.
fact2: Pearl thrives in moisture.
rule: All myriapods that need darkness and thrive in moisture value their shelter.
conclusion: Pearl values her shelter.
fact1: Pearl values her shelter.
rule: Any myriapod that values its shelter will guard its home.
conclusion: Pearl guards her home.
fact1: Pearl guards her home.
rule: Any myriapod that guards its home will protect its territory.
conclusion: Pearl protects her territory.
fact1: Pearl protects her territory.
fact2: Pearl cannot secrete fluid.
rule: If Pearl protects her territory, then she is either social or can secrete fluid (or both).
conclusion: Pearl is social.

According to the context and the conclusions that have already been drawn, we can deduce that it is uncertain that Pearl is not defensive. The correct option is: C."
"Given the facts below, answer the question.

Facts:
Rosie sets goals. Rosie overcomes obstacles. If Rosie sets goals, then she works hard and overcomes obstacles. Rosie pursues personal gain. Rosie either dedicates herself to the community or pursues personal gain, but not both.

Question:
Based on the above information, is the following statement true, false, or uncertain? Rosie will become successful.

Options:
[""A) True"", ""B) False"", ""C) Uncertain""]","Given the facts below, answer the question.

Facts:
Rosie pursues personal gain. Gunner sets goals. Rosie overcomes obstacles. Rosie either dedicates herself to the community or pursues personal gain, but not both. If Rosie sets goals, then she works hard and overcomes obstacles. If Teo works hard and dedicates herself to the community, then she will become successful. Rosie sets goals. Jorge overcomes obstacles.

Question:
Based on the above information, is the following statement true, false, or uncertain? Rosie will become successful.

Options:
[""A) True"", ""B) False"", ""C) Uncertain""]",C,2,"fact1: Rosie sets goals.
fact2: Rosie overcomes obstacles.
rule: If Rosie sets goals, then she works hard and overcomes obstacles.
conclusion: Rosie works hard.
fact1: Rosie pursues personal gain.
rule: Rosie either dedicates herself to the community or pursues personal gain, but not both.
conclusion: Rosie does not dedicate herself to the community.

According to the context and the conclusions that have already been drawn, we can deduce that it is uncertain that Rosie will become successful. The correct option is: C."
"Given the facts below, answer the question.

Facts:
Ashlyn does not prefer city life. Ashlyn either prefers city life or enjoys hiking, but not both. Everyone who enjoys hiking loves the outdoors. Ashlyn does not support ecology. If Ashlyn loves the outdoors, then she either supports ecology or values biodiversity (but not both). Ashlyn protects habitats. If someone values biodiversity and protects habitats, then they are dedicated to conservation.

Question:
Based on the above information, is the following statement true, false, or uncertain? Ashlyn is passionate about wildlife, respects nature and is dedicated to conservation.

Options:
[""A) True"", ""B) False"", ""C) Uncertain""]","Given the facts below, answer the question.

Facts:
Hector does not prefer city life. Ashlyn does not support ecology. Ashlyn either prefers city life or enjoys hiking, but not both. If Ashlyn loves the outdoors, then she either supports ecology or values biodiversity (but not both). If someone values biodiversity and protects habitats, then they are dedicated to conservation. Ashlyn does not prefer city life. Ashlyn protects habitats. Everyone who enjoys hiking loves the outdoors. Ronin does not support ecology.

Question:
Based on the above information, is the following statement true, false, or uncertain? Ashlyn is passionate about wildlife, respects nature and is dedicated to conservation.

Options:
[""A) True"", ""B) False"", ""C) Uncertain""]",C,2,"fact1: Ashlyn does not prefer city life.
rule: Ashlyn either prefers city life or enjoys hiking, but not both.
conclusion: Ashlyn enjoys hiking.
fact1: Ashlyn enjoys hiking.
rule: Everyone who enjoys hiking loves the outdoors.
conclusion: Ashlyn loves the outdoors.
fact1: Ashlyn loves the outdoors.
fact2: Ashlyn does not support ecology.
rule: If Ashlyn loves the outdoors, then she either supports ecology or values biodiversity (but not both).
conclusion: Ashlyn values biodiversity.
fact1: Ashlyn values biodiversity.
fact2: Ashlyn protects habitats.
rule: If someone values biodiversity and protects habitats, then they are dedicated to conservation.
conclusion: Ashlyn is dedicated to conservation.

According to the context and the conclusions that have already been drawn, we can deduce that it is uncertain that Ashlyn is passionate about wildlife, respects nature and is dedicated to conservation. The correct option is: C."
"Given the facts below, answer the question.

Facts:
Porter is a detective. Porter thinks logically. If Porter is a detective, then he either relies on intuition or thinks logically, but not both. Porter either relies on intuition or is an experienced investigator, but not both. For all humans, if they are a keen observer or an experienced investigator, then they can solve crimes effectively.

Question:
Based on the above information, is the following statement true, false, or uncertain? Porter can solve crimes effectively.

Options:
[""A) True"", ""B) False"", ""C) Uncertain""]","Given the facts below, answer the question.

Facts:
Porter thinks logically. If Porter is a detective, then he either relies on intuition or thinks logically, but not both. Porter is a detective. If Adrianna is a detective, then he either relies on intuition or thinks logically, but not both. Porter either relies on intuition or is an experienced investigator, but not both. Adrianna thinks logically. For all humans, if they are a keen observer or an experienced investigator, then they can solve crimes effectively. Adrianna either relies on intuition or is an experienced investigator, but not both. Reign is a detective.

Question:
Based on the above information, is the following statement true, false, or uncertain? Porter can solve crimes effectively.

Options:
[""A) True"", ""B) False"", ""C) Uncertain""]",A,0,"fact1: Porter is a detective.
fact2: Porter thinks logically.
rule: If Porter is a detective, then he either relies on intuition or thinks logically, but not both.
conclusion: Porter does not rely on intuition.
fact1: Porter does not rely on intuition.
rule: Porter either relies on intuition or is an experienced investigator, but not both.
conclusion: Porter is an experienced investigator.
fact1: Porter is an experienced investigator.
rule: For all humans, if they are a keen observer or an experienced investigator, then they can solve crimes effectively.
conclusion: Porter can solve crimes effectively.

Therefore, it is true that Porter can solve crimes effectively. The correct option is: A."
"Given the facts below, answer the question.

Facts:
Elyse interprets data. Elyse does not write accurately. If Elyse interprets data or writes accurately, then she can be a historian. Elyse analyzes primary sources. If Elyse is a historian, then she either analyzes primary sources or conducts thorough research, but not both.

Question:
Based on the above information, is the following statement true, false, or uncertain? Elyse gains expertise.

Options:
[""A) True"", ""B) False"", ""C) Uncertain""]","Given the facts below, answer the question.

Facts:
If Niklaus conducts thorough research, then she gains expertise. Elyse interprets data. If Clara interprets data or writes accurately, then she can be a historian. Niklaus interprets data. If Elyse interprets data or writes accurately, then she can be a historian. Elyse does not write accurately. If Clara is a historian, then she either analyzes primary sources or conducts thorough research, but not both. India analyzes primary sources. Elyse analyzes primary sources. If Elyse is a historian, then she either analyzes primary sources or conducts thorough research, but not both.

Question:
Based on the above information, is the following statement true, false, or uncertain? Elyse gains expertise.

Options:
[""A) True"", ""B) False"", ""C) Uncertain""]",C,2,"fact1: Elyse interprets data.
fact2: Elyse does not write accurately.
rule: If Elyse interprets data or writes accurately, then she can be a historian.
conclusion: Elyse is a historian.
fact1: Elyse is a historian.
fact2: Elyse analyzes primary sources.
rule: If Elyse is a historian, then she either analyzes primary sources or conducts thorough research, but not both.
conclusion: Elyse does not conduct thorough research.

According to the context and the conclusions that have already been drawn, we can deduce that it is uncertain that Elyse gains expertise. The correct option is: C."
"Given the facts below, answer the question.

Facts:
Whitley is talented. Whitley has originality. If Whitley is talented, then she either inspires others or has originality, but not both. Whitley is passionate. Whitley has imagination. All passionate people have imagination and are emotive. Whitley is visionary. If Whitley is visionary, then her work is either emotive or transportive, but not both. Whitley is a creative person. Every creative person is either artistic or inspires others (or both). If Whitley is artistic, then her work is either transportive or magical, but not both.

Question:
Based on the above information, is the following statement true, false, or uncertain? Whitley's work is not magical.

Options:
[""A) True"", ""B) False"", ""C) Uncertain""]","Given the facts below, answer the question.

Facts:
Whitley is passionate. All passionate people have imagination and are emotive. If Whitley is talented, then she either inspires others or has originality, but not both. Whitley is talented. If Eddie is talented, then she either inspires others or has originality, but not both. Whitley has imagination. Whitley is a creative person. Whitley has originality. Whitley is visionary. If Cassius is visionary, then her work is either emotive or transportive, but not both. If Whitley is visionary, then her work is either emotive or transportive, but not both. Every creative person is either artistic or inspires others (or both). If Whitley is artistic, then her work is either transportive or magical, but not both.

Question:
Based on the above information, is the following statement true, false, or uncertain? Whitley's work is not magical.

Options:
[""A) True"", ""B) False"", ""C) Uncertain""]",B,1,"fact1: Whitley is talented.
fact2: Whitley has originality.
rule: If Whitley is talented, then she either inspires others or has originality, but not both.
conclusion: Whitley does not inspire others.
fact1: Whitley is passionate.
fact2: Whitley has imagination.
rule: All passionate people have imagination and are emotive.
conclusion: Whitley's work is emotive.
fact1: Whitley is visionary.
fact2: Whitley's work is emotive.
rule: If Whitley is visionary, then her work is either emotive or transportive, but not both.
conclusion: Whitley's work is not transportive.
fact1: Whitley is a creative person.
fact2: Whitley does not inspire others.
rule: Every creative person is either artistic or inspires others (or both).
conclusion: Whitley is artistic.
fact1: Whitley is artistic.
fact2: Whitley's work is not transportive.
rule: If Whitley is artistic, then her work is either transportive or magical, but not both.
conclusion: Whitley's work is not magical.

Therefore, it is false that Whitley's work is not magical. The correct option is: B."
"Given the facts below, answer the question.

Facts:
Vivienne values education. Anyone who seeks knowledge or values education is passionate about learning. Vivienne is self-motivated. If Vivienne is passionate about learning, then she is either self-motivated or a dedicated student, but not both.

Question:
Based on the above information, is the following statement true, false, or uncertain? Vivienne earns recognition.

Options:
[""A) True"", ""B) False"", ""C) Uncertain""]","Given the facts below, answer the question.

Facts:
If Wylder is passionate about learning, then she is either self-motivated or a dedicated student, but not both. Vivienne is self-motivated. Vivienne values education. Anyone who loves reading is passionate about learning. Robin becomes an expert in her field. Emilio is self-motivated. Emilio values education. If Vivienne is passionate about learning, then she is either self-motivated or a dedicated student, but not both. Anyone who seeks knowledge or values education is passionate about learning.

Question:
Based on the above information, is the following statement true, false, or uncertain? Vivienne earns recognition.

Options:
[""A) True"", ""B) False"", ""C) Uncertain""]",C,2,"fact1: Vivienne values education.
rule: Anyone who seeks knowledge or values education is passionate about learning.
conclusion: Vivienne is passionate about learning.
fact1: Vivienne is passionate about learning.
fact2: Vivienne is self-motivated.
rule: If Vivienne is passionate about learning, then she is either self-motivated or a dedicated student, but not both.
conclusion: Vivienne is not a dedicated student.

According to the context and the conclusions that have already been drawn, we can deduce that it is uncertain that Vivienne earns recognition. The correct option is: C."
"Given the facts below, answer the question.

Facts:
Madelyn prioritizes personal gain. Madelyn either prioritizes personal gain or improves human lives, but not both. Madelyn feels unfulfilled. If Madelyn feels unfulfilled, then she will pursue alternative careers. Madelyn either pursues alternative careers or is dedicated to medical research, but not both.

Question:
Based on the above information, is the following statement true, false, or uncertain? Madelyn makes breakthroughs.

Options:
[""A) True"", ""B) False"", ""C) Uncertain""]","Given the facts below, answer the question.

Facts:
Madelyn feels unfulfilled. Louie either prioritizes personal gain or improves human lives, but not both. Madelyn prioritizes personal gain. Louie feels unfulfilled. If Madelyn feels unfulfilled, then she will pursue alternative careers. Louie prioritizes personal gain. Madelyn either pursues alternative careers or is dedicated to medical research, but not both. Madelyn either prioritizes personal gain or improves human lives, but not both. If Teagan is dedicated to medical research, then she will make breakthroughs and improve human lives.

Question:
Based on the above information, is the following statement true, false, or uncertain? Madelyn makes breakthroughs.

Options:
[""A) True"", ""B) False"", ""C) Uncertain""]",C,2,"fact1: Madelyn prioritizes personal gain.
rule: Madelyn either prioritizes personal gain or improves human lives, but not both.
conclusion: Madelyn does not improve human lives.
fact1: Madelyn feels unfulfilled.
rule: If Madelyn feels unfulfilled, then she will pursue alternative careers.
conclusion: Madelyn pursues alternative careers.
fact1: Madelyn pursues alternative careers.
rule: Madelyn either pursues alternative careers or is dedicated to medical research, but not both.
conclusion: Madelyn is not dedicated to medical research.

According to the context and the conclusions that have already been drawn, we can deduce that it is uncertain that Madelyn makes breakthroughs. The correct option is: C."
"Given the facts below, answer the question.

Facts:
Sunny has a vibrant coat. Sunny either has a vibrant coat or shows signs of illness, but not both. Sunny loses weight. If Sunny loses weight, then she either has a parasitic infection or shows signs of illness. Sunny has a shiny coat. Every deer either has a shiny coat or exhibits normal behavior, but not both is not a must. Sunny either exhibits normal behavior or has neurological symptoms. If Sunny has neurological symptoms, then she is either infected with prion disease or has a parasitic infection, but not both.

Question:
Based on the above information, is the following statement true, false, or uncertain? Either Sunny is infected with prion disease or she is free from prion disease, but not both.

Options:
[""A) True"", ""B) False"", ""C) Uncertain""]","Given the facts below, answer the question.

Facts:
If Sunny loses weight, then she either has a parasitic infection or shows signs of illness. Sunny either exhibits normal behavior or has neurological symptoms. Ava either has a vibrant coat or shows signs of illness, but not both. Sunny has a shiny coat. If Sunny has neurological symptoms, then she is either infected with prion disease or has a parasitic infection, but not both. Sunny has a vibrant coat. Ava either exhibits normal behavior or has neurological symptoms. Lylah has a shiny coat. Sunny loses weight. If Iris loses weight, then she either has a parasitic infection or shows signs of illness. Ava loses weight. Sunny either has a vibrant coat or shows signs of illness, but not both. Every deer either has a shiny coat or exhibits normal behavior, but not both is not a must.

Question:
Based on the above information, is the following statement true, false, or uncertain? Either Sunny is infected with prion disease or she is free from prion disease, but not both.

Options:
[""A) True"", ""B) False"", ""C) Uncertain""]",C,2,"fact1: Sunny has a vibrant coat.
rule: Sunny either has a vibrant coat or shows signs of illness, but not both.
conclusion: Sunny does not show signs of illness.
fact1: Sunny loses weight.
fact2: Sunny does not show signs of illness.
rule: If Sunny loses weight, then she either has a parasitic infection or shows signs of illness.
conclusion: Sunny has a parasitic infection.
fact1: Sunny has a shiny coat.
rule: Every deer either has a shiny coat or exhibits normal behavior, but not both is not a must.
conclusion: Sunny does not exhibit normal behavior.
fact1: Sunny does not exhibit normal behavior.
rule: Sunny either exhibits normal behavior or has neurological symptoms.
conclusion: Sunny has neurological symptoms.
fact1: Sunny has neurological symptoms.
fact2: Sunny has a parasitic infection.
rule: If Sunny has neurological symptoms, then she is either infected with prion disease or has a parasitic infection, but not both.
conclusion: Sunny is not infected with prion disease.

According to the context and the conclusions that have already been drawn, we can deduce that it is uncertain that Either Sunny is infected with prion disease or she is free from prion disease, but not both. The correct option is: C."
"Given the facts below, answer the question.

Facts:
Douglas respects his elders. If Douglas respects his elders, then he values his legacy and follows ancestral practices. Anyone who collects family heirlooms or follows ancestral practices has a tradition. Douglas does not appreciate nature. Douglas appreciates nature or enjoys exploration. If Douglas enjoys exploration and has a tradition, then he will be courageous.

Question:
Based on the above information, is the following statement true, false, or uncertain? Douglas will be courageous.

Options:
[""A) True"", ""B) False"", ""C) Uncertain""]","Given the facts below, answer the question.

Facts:
Douglas does not appreciate nature. If Douglas enjoys exploration and has a tradition, then he will be courageous. Douglas respects his elders. Victor cherishes memories. Anyone who collects family heirlooms or follows ancestral practices has a tradition. Victor appreciates nature or enjoys exploration. Douglas appreciates nature or enjoys exploration. Kayce respects his elders. Gary does not appreciate nature. If Douglas respects his elders, then he values his legacy and follows ancestral practices.

Question:
Based on the above information, is the following statement true, false, or uncertain? Douglas will be courageous.

Options:
[""A) True"", ""B) False"", ""C) Uncertain""]",A,0,"fact1: Douglas respects his elders.
rule: If Douglas respects his elders, then he values his legacy and follows ancestral practices.
conclusion: Douglas follows ancestral practices.
fact1: Douglas follows ancestral practices.
rule: Anyone who collects family heirlooms or follows ancestral practices has a tradition.
conclusion: Douglas has a tradition.
fact1: Douglas does not appreciate nature.
rule: Douglas appreciates nature or enjoys exploration.
conclusion: Douglas enjoys exploration.
fact1: Douglas enjoys exploration.
fact2: Douglas has a tradition.
rule: If Douglas enjoys exploration and has a tradition, then he will be courageous.
conclusion: Douglas will be courageous.

Therefore, it is true that Douglas will be courageous. The correct option is: A."
"Given the facts below, answer the question.

Facts:
Milan is a business consultant. Milan evaluates company performance. If Milan is a business consultant, then he either evaluates company performance or listens to stakeholders, but not both. Milan either listens to stakeholders or identifies key issues, but not both. Milan either identifies key issues or offers innovative solutions, but not both. Milan can analyze complex problems. If Milan can analyze complex problems, then he can either offer innovative solutions or build trust with clients, but not both.

Question:
Based on the above information, is the following statement true, false, or uncertain? Milan builds trust with clients.

Options:
[""A) True"", ""B) False"", ""C) Uncertain""]","Given the facts below, answer the question.

Facts:
Milan can analyze complex problems. Milan either listens to stakeholders or identifies key issues, but not both. If Milan can analyze complex problems, then he can either offer innovative solutions or build trust with clients, but not both. If Milan is a business consultant, then he either evaluates company performance or listens to stakeholders, but not both. Milan is a business consultant. Milan either identifies key issues or offers innovative solutions, but not both. Conor either listens to stakeholders or identifies key issues, but not both. Milan evaluates company performance.

Question:
Based on the above information, is the following statement true, false, or uncertain? Milan builds trust with clients.

Options:
[""A) True"", ""B) False"", ""C) Uncertain""]",A,0,"fact1: Milan is a business consultant.
fact2: Milan evaluates company performance.
rule: If Milan is a business consultant, then he either evaluates company performance or listens to stakeholders, but not both.
conclusion: Milan does not listen to stakeholders.
fact1: Milan does not listen to stakeholders.
rule: Milan either listens to stakeholders or identifies key issues, but not both.
conclusion: Milan identifies key issues.
fact1: Milan identifies key issues.
rule: Milan either identifies key issues or offers innovative solutions, but not both.
conclusion: Milan does not offer innovative solutions.
fact1: Milan can analyze complex problems.
fact2: Milan does not offer innovative solutions.
rule: If Milan can analyze complex problems, then he can either offer innovative solutions or build trust with clients, but not both.
conclusion: Milan builds trust with clients.

Therefore, it is true that Milan builds trust with clients. The correct option is: A."
"Given the facts below, answer the question.

Facts:
Kaylani respects nature. Kaylani does not value sustainability. If Kaylani respects nature or values sustainability, then she is dedicated to marine life. Kaylani does not study ecology. Kaylani studies ecology or contributes to conservation. If Kaylani is dedicated to marine life, then she contributes to conservation efforts and inspires others.

Question:
Based on the above information, is the following statement true, false, or uncertain? Kaylani inspires others.

Options:
[""A) True"", ""B) False"", ""C) Uncertain""]","Given the facts below, answer the question.

Facts:
Amber respects nature. If Kaylani respects nature or values sustainability, then she is dedicated to marine life. If Rene is dedicated to marine life, then she contributes to conservation efforts and inspires others. Kaylani does not study ecology. Amber does not study ecology. Amber studies ecology or contributes to conservation. Kaylani respects nature. Amber does not value sustainability. If Rene respects nature or values sustainability, then she is dedicated to marine life. Kaylani does not value sustainability. If Kaylani is dedicated to marine life, then she contributes to conservation efforts and inspires others. Kaylani studies ecology or contributes to conservation.

Question:
Based on the above information, is the following statement true, false, or uncertain? Kaylani inspires others.

Options:
[""A) True"", ""B) False"", ""C) Uncertain""]",A,0,"fact1: Kaylani respects nature.
fact2: Kaylani does not value sustainability.
rule: If Kaylani respects nature or values sustainability, then she is dedicated to marine life.
conclusion: Kaylani is dedicated to marine life.
fact1: Kaylani does not study ecology.
rule: Kaylani studies ecology or contributes to conservation.
conclusion: Kaylani contributes to conservation efforts.
fact1: Kaylani is dedicated to marine life.
fact2: Kaylani contributes to conservation efforts.
rule: If Kaylani is dedicated to marine life, then she contributes to conservation efforts and inspires others.
conclusion: Kaylani inspires others.

Therefore, it is true that Kaylani inspires others. The correct option is: A."
"Given the facts below, answer the question.

Facts:
Asa appreciates beauty. Asa collects art. If Asa appreciates beauty, then he either collects art or has good taste, but not both.

Question:
Based on the above information, is the following statement true, false, or uncertain? Asa does not run a successful boutique.

Options:
[""A) True"", ""B) False"", ""C) Uncertain""]","Given the facts below, answer the question.

Facts:
If Della appreciates beauty, then he either collects art or has good taste, but not both. Louisa appreciates beauty. Asa appreciates beauty. If Asa appreciates beauty, then he either collects art or has good taste, but not both. Asa collects art.

Question:
Based on the above information, is the following statement true, false, or uncertain? Asa does not run a successful boutique.

Options:
[""A) True"", ""B) False"", ""C) Uncertain""]",C,2,"fact1: Asa appreciates beauty.
fact2: Asa collects art.
rule: If Asa appreciates beauty, then he either collects art or has good taste, but not both.
conclusion: Asa does not have good taste.

According to the context and the conclusions that have already been drawn, we can deduce that it is uncertain that Asa does not run a successful boutique. The correct option is: C."
"Given the facts below, answer the question.

Facts:
Jack is passionate about wine. Jack does not develop expertise. Everyone who is passionate about wine either develops expertise or shares their wine knowledge (or both). Jack develops business skills. Jack either develops business skills or builds a network of vintners, but not both.

Question:
Based on the above information, is the following statement true, false, or uncertain? If Jack knows wine making or loves white wine, then he becomes a wine authority.

Options:
[""A) True"", ""B) False"", ""C) Uncertain""]","Given the facts below, answer the question.

Facts:
Jack is passionate about wine. Jack either develops business skills or builds a network of vintners, but not both. Jack does not develop expertise. Jack develops business skills. If Archie values legacy, then he appreciates wine history. Everyone who is passionate about wine either develops expertise or shares their wine knowledge (or both). If Amy builds a network of vintners and shares his wine knowledge, then he can become a wine authority.

Question:
Based on the above information, is the following statement true, false, or uncertain? If Jack knows wine making or loves white wine, then he becomes a wine authority.

Options:
[""A) True"", ""B) False"", ""C) Uncertain""]",C,2,"fact1: Jack is passionate about wine.
fact2: Jack does not develop expertise.
rule: Everyone who is passionate about wine either develops expertise or shares their wine knowledge (or both).
conclusion: Jack shares his wine knowledge.
fact1: Jack develops business skills.
rule: Jack either develops business skills or builds a network of vintners, but not both.
conclusion: Jack does not build a network of vintners.

According to the context and the conclusions that have already been drawn, we can deduce that it is uncertain that If Jack knows wine making or loves white wine, then he becomes a wine authority. The correct option is: C."
"Given the facts below, answer the question.

Facts:
Sutton owns an outdoor store. Sutton enjoys fishing. If Sutton owns an outdoor store, then he either loves camping or enjoys fishing (but not both). Sutton appreciates nature. If Sutton either appreciates nature or loves camping (but not both), then he enjoys hiking.

Question:
Based on the above information, is the following statement true, false, or uncertain? Sutton values durable gear.

Options:
[""A) True"", ""B) False"", ""C) Uncertain""]","Given the facts below, answer the question.

Facts:
Sutton owns an outdoor store. If Sutton owns an outdoor store, then he either loves camping or enjoys fishing (but not both). If Emmett either appreciates nature or loves camping (but not both), then he enjoys hiking. Sutton appreciates nature. Emmett appreciates nature. Carmen owns an outdoor store. Sutton enjoys fishing. If Sutton either appreciates nature or loves camping (but not both), then he enjoys hiking.

Question:
Based on the above information, is the following statement true, false, or uncertain? Sutton values durable gear.

Options:
[""A) True"", ""B) False"", ""C) Uncertain""]",C,2,"fact1: Sutton owns an outdoor store.
fact2: Sutton enjoys fishing.
rule: If Sutton owns an outdoor store, then he either loves camping or enjoys fishing (but not both).
conclusion: Sutton does not love camping.
fact1: Sutton appreciates nature.
fact2: Sutton does not love camping.
rule: If Sutton either appreciates nature or loves camping (but not both), then he enjoys hiking.
conclusion: Sutton enjoys hiking.

According to the context and the conclusions that have already been drawn, we can deduce that it is uncertain that Sutton values durable gear. The correct option is: C."
"Given the facts below, answer the question.

Facts:
Brendan competes internationally. Brendan either competes internationally or wins local tournaments, but not both. Brendan masters drifting. If Brendan either masters drifting or wins local tournaments (but not both), then he is an experienced driver. Brendan inspires new drivers. If Brendan is an experienced driver, then he can either join a professional racing team or inspire new drivers, but not both.

Question:
Based on the above information, is the following statement true, false, or uncertain? Brendan joins a professional racing team.

Options:
[""A) True"", ""B) False"", ""C) Uncertain""]","Given the facts below, answer the question.

Facts:
Analia either competes internationally or wins local tournaments, but not both. Brendan competes internationally. Brendan inspires new drivers. If Brendan is an experienced driver, then he can either join a professional racing team or inspire new drivers, but not both. If Brendan either masters drifting or wins local tournaments (but not both), then he is an experienced driver. Brendan either competes internationally or wins local tournaments, but not both. Brendan masters drifting. Analia masters drifting.

Question:
Based on the above information, is the following statement true, false, or uncertain? Brendan joins a professional racing team.

Options:
[""A) True"", ""B) False"", ""C) Uncertain""]",B,1,"fact1: Brendan competes internationally.
rule: Brendan either competes internationally or wins local tournaments, but not both.
conclusion: Brendan does not win local tournaments.
fact1: Brendan masters drifting.
fact2: Brendan does not win local tournaments.
rule: If Brendan either masters drifting or wins local tournaments (but not both), then he is an experienced driver.
conclusion: Brendan is an experienced driver.
fact1: Brendan is an experienced driver.
fact2: Brendan inspires new drivers.
rule: If Brendan is an experienced driver, then he can either join a professional racing team or inspire new drivers, but not both.
conclusion: Brendan joins a professional racing team.

Therefore, it is false that Brendan joins a professional racing team. The correct option is: B."
"Given the facts below, answer the question.

Facts:
Kira has a keen eye. If Kira takes risks or has a keen eye, then she is a fearless prospector. If Kira is a fearless prospector, then she makes notable discoveries and earns respect.

Question:
Based on the above information, is the following statement true, false, or uncertain? Kira makes notable discoveries.

Options:
[""A) True"", ""B) False"", ""C) Uncertain""]","Given the facts below, answer the question.

Facts:
If Ivaan takes risks or has a keen eye, then she is a fearless prospector. Kira has a keen eye. If Kira takes risks or has a keen eye, then she is a fearless prospector. If Kira is a fearless prospector, then she makes notable discoveries and earns respect.

Question:
Based on the above information, is the following statement true, false, or uncertain? Kira makes notable discoveries.

Options:
[""A) True"", ""B) False"", ""C) Uncertain""]",A,0,"fact1: Kira has a keen eye.
rule: If Kira takes risks or has a keen eye, then she is a fearless prospector.
conclusion: Kira is a fearless prospector.
fact1: Kira is a fearless prospector.
rule: If Kira is a fearless prospector, then she makes notable discoveries and earns respect.
conclusion: Kira makes notable discoveries.

Therefore, it is true that Kira makes notable discoveries. The correct option is: A."
"Given the facts below, answer the question.

Facts:
Wade enjoys socializing. Wade does not value his privacy. If Wade enjoys socializing, then he is either outgoing or values his privacy, but not both. Wade is not authentic. If Wade is outgoing, then he is either authentic or confident, but not both. Wade commands attention. Wade does not have stage presence. Everyone who commands attention has style or has stage presence (or both). If Wade is confident, then he has style and is charismatic. For all humans, if they are charismatic, then they draw attention.

Question:
Based on the above information, is the following statement true, false, or uncertain? Wade does not draw attention.

Options:
[""A) True"", ""B) False"", ""C) Uncertain""]","Given the facts below, answer the question.

Facts:
Wade does not have stage presence. If Wade is outgoing, then he is either authentic or confident, but not both. For all humans, if they are charismatic, then they draw attention. Alejandra is not authentic. If Wade is confident, then he has style and is charismatic. Wade does not value his privacy. Wade commands attention. Wade is not authentic. If Wade enjoys socializing, then he is either outgoing or values his privacy, but not both. Wade enjoys socializing. Everyone who commands attention has style or has stage presence (or both).

Question:
Based on the above information, is the following statement true, false, or uncertain? Wade does not draw attention.

Options:
[""A) True"", ""B) False"", ""C) Uncertain""]",B,1,"fact1: Wade enjoys socializing.
fact2: Wade does not value his privacy.
rule: If Wade enjoys socializing, then he is either outgoing or values his privacy, but not both.
conclusion: Wade is outgoing.
fact1: Wade is outgoing.
fact2: Wade is not authentic.
rule: If Wade is outgoing, then he is either authentic or confident, but not both.
conclusion: Wade is confident.
fact1: Wade commands attention.
fact2: Wade does not have stage presence.
rule: Everyone who commands attention has style or has stage presence (or both).
conclusion: Wade has style.
fact1: Wade is confident.
fact2: Wade has style.
rule: If Wade is confident, then he has style and is charismatic.
conclusion: Wade is charismatic.
fact1: Wade is charismatic.
rule: For all humans, if they are charismatic, then they draw attention.
conclusion: Wade does not draw attention.

Therefore, it is false that Wade does not draw attention. The correct option is: B."
"Given the facts below, answer the question.

Facts:
Maci leads expeditions. Maci either leads expeditions or teaches ecology, but not both. Maci researches animals. If someone either researches animals or teaches ecology (but not both), then they study wildlife. Maci contributes to conservation. If Maci studies wildlife, then she can either contribute to conservation or inspire others, but not both.

Question:
Based on the above information, is the following statement true, false, or uncertain? Maci does not inspire others.

Options:
[""A) True"", ""B) False"", ""C) Uncertain""]","Given the facts below, answer the question.

Facts:
Koda researches animals. Koda either leads expeditions or teaches ecology, but not both. If Maci studies wildlife, then she can either contribute to conservation or inspire others, but not both. Keith leads expeditions. Maci researches animals. Maci either leads expeditions or teaches ecology, but not both. Koda contributes to conservation. If Koda studies wildlife, then she can either contribute to conservation or inspire others, but not both. Maci leads expeditions. Maci contributes to conservation. If someone either researches animals or teaches ecology (but not both), then they study wildlife.

Question:
Based on the above information, is the following statement true, false, or uncertain? Maci does not inspire others.

Options:
[""A) True"", ""B) False"", ""C) Uncertain""]",A,0,"fact1: Maci leads expeditions.
rule: Maci either leads expeditions or teaches ecology, but not both.
conclusion: Maci does not teach ecology.
fact1: Maci researches animals.
fact2: Maci does not teach ecology.
rule: If someone either researches animals or teaches ecology (but not both), then they study wildlife.
conclusion: Maci studies wildlife.
fact1: Maci studies wildlife.
fact2: Maci contributes to conservation.
rule: If Maci studies wildlife, then she can either contribute to conservation or inspire others, but not both.
conclusion: Maci does not inspire others.

Therefore, it is true that Maci does not inspire others. The correct option is: A."
"Given the facts below, answer the question.

Facts:
Kylian does not enjoy outdoor activities. Kylian either enjoys outdoor activities or lives on a farm, but not both. Kylian has quick reflexes. If Kylian lives on a farm, then he is either intelligent or has quick reflexes, but not both. Kylian loves to relax. Kylian either loves to relax or is determined, but not both.

Question:
Based on the above information, is the following statement true, false, or uncertain? Kylian protects his home.

Options:
[""A) True"", ""B) False"", ""C) Uncertain""]","Given the facts below, answer the question.

Facts:
Kylian has quick reflexes. If Alexa lives on a farm, then he is either intelligent or has quick reflexes, but not both. Kylian either enjoys outdoor activities or lives on a farm, but not both. If Kylian lives on a farm, then he is either intelligent or has quick reflexes, but not both. Kylian loves to relax. Kylian does not enjoy outdoor activities. Kylian either loves to relax or is determined, but not both.

Question:
Based on the above information, is the following statement true, false, or uncertain? Kylian protects his home.

Options:
[""A) True"", ""B) False"", ""C) Uncertain""]",C,2,"fact1: Kylian does not enjoy outdoor activities.
rule: Kylian either enjoys outdoor activities or lives on a farm, but not both.
conclusion: Kylian lives on a farm.
fact1: Kylian lives on a farm.
fact2: Kylian has quick reflexes.
rule: If Kylian lives on a farm, then he is either intelligent or has quick reflexes, but not both.
conclusion: Kylian is not intelligent.
fact1: Kylian loves to relax.
rule: Kylian either loves to relax or is determined, but not both.
conclusion: Kylian is not determined.

According to the context and the conclusions that have already been drawn, we can deduce that it is uncertain that Kylian protects his home. The correct option is: C."
"Given the facts below, answer the question.

Facts:
Mitchell does not pursue his passions. Mitchell either pursues his passions or expresses emotions. Mitchell speaks clearly. Mitchell thinks creatively. If someone speaks clearly and thinks creatively, then they can convey messages. Mitchell has imagination. If Mitchell has imagination, then he either conveys messages or tells stories (but not both). If Mitchell either expresses his emotions or tells stories (but not both), then he creates art. Mitchell appreciates nature. If Mitchell appreciates nature, then he can either create art or find serenity, but not both.

Question:
Based on the above information, is the following statement true, false, or uncertain? Mitchell finds serenity.

Options:
[""A) True"", ""B) False"", ""C) Uncertain""]","Given the facts below, answer the question.

Facts:
If Baylor has imagination, then he either conveys messages or tells stories (but not both). If Mitchell either expresses his emotions or tells stories (but not both), then he creates art. If Baylor either expresses his emotions or tells stories (but not both), then he creates art. Baylor has imagination. If Baylor appreciates nature, then he can either create art or find serenity, but not both. Aries either pursues his passions or expresses emotions. Mitchell has imagination. If Mitchell appreciates nature, then he can either create art or find serenity, but not both. Mitchell speaks clearly. Aries speaks clearly. Mitchell does not pursue his passions. Aries thinks creatively. If someone speaks clearly and thinks creatively, then they can convey messages. Baylor appreciates nature. Mitchell thinks creatively. Mitchell either pursues his passions or expresses emotions. Mitchell appreciates nature. Aries does not pursue his passions. If Mitchell has imagination, then he either conveys messages or tells stories (but not both).

Question:
Based on the above information, is the following statement true, false, or uncertain? Mitchell finds serenity.

Options:
[""A) True"", ""B) False"", ""C) Uncertain""]",B,1,"fact1: Mitchell does not pursue his passions.
rule: Mitchell either pursues his passions or expresses emotions.
conclusion: Mitchell expresses his emotions.
fact1: Mitchell speaks clearly.
fact2: Mitchell thinks creatively.
rule: If someone speaks clearly and thinks creatively, then they can convey messages.
conclusion: Mitchell conveys messages.
fact1: Mitchell has imagination.
fact2: Mitchell conveys messages.
rule: If Mitchell has imagination, then he either conveys messages or tells stories (but not both).
conclusion: Mitchell does not tell stories.
fact1: Mitchell expresses his emotions.
fact2: Mitchell does not tell stories.
rule: If Mitchell either expresses his emotions or tells stories (but not both), then he creates art.
conclusion: Mitchell creates art.
fact1: Mitchell appreciates nature.
fact2: Mitchell creates art.
rule: If Mitchell appreciates nature, then he can either create art or find serenity, but not both.
conclusion: Mitchell finds serenity.

Therefore, it is false that Mitchell finds serenity. The correct option is: B."
"Given the facts below, answer the question.

Facts:
Willa holds public office. Willa builds strong relationships. If Willa holds public office, then she is either engaging to audiences or builds strong relationships, but not both. Willa speaks confidently. If Willa either speaks confidently or engages audiences (but not both), then she is an effective communicator. Willa is a public figure. If Willa is a public figure, then she is either an effective communicator or a good listener (but not both). Willa is either a good listener or a charismatic leader. Willa is either a charismatic leader or an ineffective orator, but not both.

Question:
Based on the above information, is the following statement true, false, or uncertain? Willa is not an ineffective orator.

Options:
[""A) True"", ""B) False"", ""C) Uncertain""]","Given the facts below, answer the question.

Facts:
If Willa is a public figure, then she is either an effective communicator or a good listener (but not both). Thalia builds strong relationships. Willa holds public office. Willa speaks confidently. Willa is either a charismatic leader or an ineffective orator, but not both. Willa is a public figure. Willa builds strong relationships. If Willa either speaks confidently or engages audiences (but not both), then she is an effective communicator. If Willa holds public office, then she is either engaging to audiences or builds strong relationships, but not both. Willa is either a good listener or a charismatic leader. Thalia holds public office. Princess is either a charismatic leader or an ineffective orator, but not both.

Question:
Based on the above information, is the following statement true, false, or uncertain? Willa is not an ineffective orator.

Options:
[""A) True"", ""B) False"", ""C) Uncertain""]",A,0,"fact1: Willa holds public office.
fact2: Willa builds strong relationships.
rule: If Willa holds public office, then she is either engaging to audiences or builds strong relationships, but not both.
conclusion: Willa does not engage audiences.
fact1: Willa speaks confidently.
fact2: Willa does not engage audiences.
rule: If Willa either speaks confidently or engages audiences (but not both), then she is an effective communicator.
conclusion: Willa is an effective communicator.
fact1: Willa is a public figure.
fact2: Willa is an effective communicator.
rule: If Willa is a public figure, then she is either an effective communicator or a good listener (but not both).
conclusion: Willa is not a good listener.
fact1: Willa is not a good listener.
rule: Willa is either a good listener or a charismatic leader.
conclusion: Willa is a charismatic leader.
fact1: Willa is a charismatic leader.
rule: Willa is either a charismatic leader or an ineffective orator, but not both.
conclusion: Willa is not an ineffective orator.

Therefore, it is true that Willa is not an ineffective orator. The correct option is: A."
"Given the facts below, answer the question.

Facts:
Johnny experiences hardship. Anyone who has a strong will or experiences hardship will face adversity. Johnny refuses to give up. If Johnny faces adversity or refuses to give up, then he will fight for his life.

Question:
Based on the above information, is the following statement true, false, or uncertain? Johnny appreciates his family.

Options:
[""A) True"", ""B) False"", ""C) Uncertain""]","Given the facts below, answer the question.

Facts:
If Lorelei is diagnosed with a terminal illness, then he will appreciate his family and fight for his life. Lorelei stays optimistic. Anyone who has a strong will or experiences hardship will face adversity. If Johnny faces adversity or refuses to give up, then he will fight for his life. Johnny refuses to give up. Sullivan has not been diagnosed with a terminal illness. Johnny experiences hardship. If Wynter faces adversity or refuses to give up, then he will fight for his life.

Question:
Based on the above information, is the following statement true, false, or uncertain? Johnny appreciates his family.

Options:
[""A) True"", ""B) False"", ""C) Uncertain""]",C,2,"fact1: Johnny experiences hardship.
rule: Anyone who has a strong will or experiences hardship will face adversity.
conclusion: Johnny faces adversity.
fact1: Johnny faces adversity.
fact2: Johnny refuses to give up.
rule: If Johnny faces adversity or refuses to give up, then he will fight for his life.
conclusion: Johnny fights for his life.

According to the context and the conclusions that have already been drawn, we can deduce that it is uncertain that Johnny appreciates his family. The correct option is: C."
"Given the facts below, answer the question.

Facts:
Sincere is nomadic. Sincere has complex communication methods. If Sincere is nomadic, then he is either highly social or has complex communication methods, but not both. Sincere lives in a harsh environment. If Sincere lives in a harsh environment, then he is either highly social or has unique traits, but not both. Sincere has an adaptation. Sincere does not protect others. If Sincere has an adaptation, then he is either a community leader or protects others (or both). If Sincere has a unique trait, then he is either a community leader or selfless, but not both.

Question:
Based on the above information, is the following statement true, false, or uncertain? Sincere does not gain the respect of his peers.

Options:
[""A) True"", ""B) False"", ""C) Uncertain""]","Given the facts below, answer the question.

Facts:
Ryland has an adaptation. Sincere has complex communication methods. If Ryland is nomadic, then he is either highly social or has complex communication methods, but not both. Sincere does not protect others. If Freyja lives in a harsh environment, then he is either highly social or has unique traits, but not both. Nolan lives in a harsh environment. Freyja is nomadic. If Sincere lives in a harsh environment, then he is either highly social or has unique traits, but not both. Ryland has complex communication methods. Sincere lives in a harsh environment. If Freyja has an adaptation, then he is either a community leader or protects others (or both). If Nolan has a unique trait, then he is either a community leader or selfless, but not both. If Sincere is nomadic, then he is either highly social or has complex communication methods, but not both. Sincere has an adaptation. Freyja does not protect others. If Sincere has an adaptation, then he is either a community leader or protects others (or both). If Sincere has a unique trait, then he is either a community leader or selfless, but not both. Sincere is nomadic.

Question:
Based on the above information, is the following statement true, false, or uncertain? Sincere does not gain the respect of his peers.

Options:
[""A) True"", ""B) False"", ""C) Uncertain""]",C,2,"fact1: Sincere is nomadic.
fact2: Sincere has complex communication methods.
rule: If Sincere is nomadic, then he is either highly social or has complex communication methods, but not both.
conclusion: Sincere is not highly social.
fact1: Sincere lives in a harsh environment.
fact2: Sincere is not highly social.
rule: If Sincere lives in a harsh environment, then he is either highly social or has unique traits, but not both.
conclusion: Sincere has a unique trait.
fact1: Sincere has an adaptation.
fact2: Sincere does not protect others.
rule: If Sincere has an adaptation, then he is either a community leader or protects others (or both).
conclusion: Sincere is a community leader.
fact1: Sincere has a unique trait.
fact2: Sincere is a community leader.
rule: If Sincere has a unique trait, then he is either a community leader or selfless, but not both.
conclusion: Sincere is not selfless.

According to the context and the conclusions that have already been drawn, we can deduce that it is uncertain that Sincere does not gain the respect of his peers. The correct option is: C."
"Given the facts below, answer the question.

Facts:
Adan faces challenges. Adan stays motivated. If Adan faces challenges, then he stays motivated and pursues his passion. Adan does not play it safe. Adan either plays it safe or takes risks, but not both. Adan has talent. If someone has talent, then they either take risks or cultivate their creativity (or both). Everyone who pursues their passion either lives authentically or cultivates their creativity (or both). Adan does not achieve artistic success. If Adan lives authentically, then he can either find true love or achieve artistic success, but not both.

Question:
Based on the above information, is the following statement true, false, or uncertain? Adan finds true love.

Options:
[""A) True"", ""B) False"", ""C) Uncertain""]","Given the facts below, answer the question.

Facts:
Adan stays motivated. Adan does not achieve artistic success. If someone has talent, then they either take risks or cultivate their creativity (or both). If Adan faces challenges, then he stays motivated and pursues his passion. Adan faces challenges. Adan has talent. If Alianna faces challenges, then he stays motivated and pursues his passion. Adan does not play it safe. Adan either plays it safe or takes risks, but not both. Everyone who pursues their passion either lives authentically or cultivates their creativity (or both). If Adan lives authentically, then he can either find true love or achieve artistic success, but not both.

Question:
Based on the above information, is the following statement true, false, or uncertain? Adan finds true love.

Options:
[""A) True"", ""B) False"", ""C) Uncertain""]",A,0,"fact1: Adan faces challenges.
fact2: Adan stays motivated.
rule: If Adan faces challenges, then he stays motivated and pursues his passion.
conclusion: Adan pursues his passion.
fact1: Adan does not play it safe.
rule: Adan either plays it safe or takes risks, but not both.
conclusion: Adan takes risks.
fact1: Adan has talent.
fact2: Adan takes risks.
rule: If someone has talent, then they either take risks or cultivate their creativity (or both).
conclusion: Adan does not cultivate his creativity.
fact1: Adan pursues his passion.
fact2: Adan does not cultivate his creativity.
rule: Everyone who pursues their passion either lives authentically or cultivates their creativity (or both).
conclusion: Adan lives authentically.
fact1: Adan lives authentically.
fact2: Adan does not achieve artistic success.
rule: If Adan lives authentically, then he can either find true love or achieve artistic success, but not both.
conclusion: Adan finds true love.

Therefore, it is true that Adan finds true love. The correct option is: A."
"Given the facts below, answer the question.

Facts:
Marceline plans ahead. For Marceline, she is either spontaneous or plans ahead, but not both. Marceline is in a good mood. If Marceline is in a good mood, then she is either spontaneous or carefree, but not both. Marceline inspires others. If Marceline is carefree, then she can either inspire others or pursue her artistic passions, but not both.

Question:
Based on the above information, is the following statement true, false, or uncertain? Marceline does not pursue her artistic passions.

Options:
[""A) True"", ""B) False"", ""C) Uncertain""]","Given the facts below, answer the question.

Facts:
Marceline plans ahead. For Marceline, she is either spontaneous or plans ahead, but not both. If Marceline is in a good mood, then she is either spontaneous or carefree, but not both. Heaven inspires others. Marceline is in a good mood. If Bella is in a good mood, then she is either spontaneous or carefree, but not both. Marceline inspires others. If Marceline is carefree, then she can either inspire others or pursue her artistic passions, but not both. Heaven plans ahead. Kitty is in a good mood.

Question:
Based on the above information, is the following statement true, false, or uncertain? Marceline does not pursue her artistic passions.

Options:
[""A) True"", ""B) False"", ""C) Uncertain""]",A,0,"fact1: Marceline plans ahead.
rule: For Marceline, she is either spontaneous or plans ahead, but not both.
conclusion: Marceline is not spontaneous.
fact1: Marceline is in a good mood.
fact2: Marceline is not spontaneous.
rule: If Marceline is in a good mood, then she is either spontaneous or carefree, but not both.
conclusion: Marceline is carefree.
fact1: Marceline is carefree.
fact2: Marceline inspires others.
rule: If Marceline is carefree, then she can either inspire others or pursue her artistic passions, but not both.
conclusion: Marceline does not pursue her artistic passions.

Therefore, it is true that Marceline does not pursue her artistic passions. The correct option is: A."
"Given the facts below, answer the question.

Facts:
Miley paints landscapes. For Miley, she either paints landscapes or creates crafts, but not both. Miley either creates crafts or is an artist. Miley does not study folk music. If Miley is an artist, then she either studies folk music or visits historical sites, but not both. Miley explores local traditions. If Miley visits historical sites, then she either explores local traditions or appreciates cultural heritage, but not both.

Question:
Based on the above information, is the following statement true, false, or uncertain? Miley finds inspirational sources.

Options:
[""A) True"", ""B) False"", ""C) Uncertain""]","Given the facts below, answer the question.

Facts:
If Kohen is an artist, then she either studies folk music or visits historical sites, but not both. Miley does not study folk music. Miley explores local traditions. If Miley visits historical sites, then she either explores local traditions or appreciates cultural heritage, but not both. Miley paints landscapes. For Chloe, she either paints landscapes or creates crafts, but not both. Miley either creates crafts or is an artist. For Miley, she either paints landscapes or creates crafts, but not both. If Miley is an artist, then she either studies folk music or visits historical sites, but not both.

Question:
Based on the above information, is the following statement true, false, or uncertain? Miley finds inspirational sources.

Options:
[""A) True"", ""B) False"", ""C) Uncertain""]",C,2,"fact1: Miley paints landscapes.
rule: For Miley, she either paints landscapes or creates crafts, but not both.
conclusion: Miley does not create crafts.
fact1: Miley does not create crafts.
rule: Miley either creates crafts or is an artist.
conclusion: Miley is an artist.
fact1: Miley is an artist.
fact2: Miley does not study folk music.
rule: If Miley is an artist, then she either studies folk music or visits historical sites, but not both.
conclusion: Miley visits historical sites.
fact1: Miley visits historical sites.
fact2: Miley explores local traditions.
rule: If Miley visits historical sites, then she either explores local traditions or appreciates cultural heritage, but not both.
conclusion: Miley does not appreciate Gaelic cultural heritage.

According to the context and the conclusions that have already been drawn, we can deduce that it is uncertain that Miley finds inspirational sources. The correct option is: C."
"Given the facts below, answer the question.

Facts:
Darwin does not love performing. Darwin enjoys composing. If Darwin either loves performing or enjoys composing (but not both), then he has passion. Darwin is a respected figure. Darwin is not a national icon. If Darwin is a respected figure, then he is either a national icon or a local hero. Darwin is an influential artist. If Darwin is an influential artist, then he is either a famous musician or a local hero. Darwin has talent. If Darwin has talent, then he is either from Hattiesburg or has passion (but not both).

Question:
Based on the above information, is the following statement true, false, or uncertain? Darwin does not contribute to the community.

Options:
[""A) True"", ""B) False"", ""C) Uncertain""]","Given the facts below, answer the question.

Facts:
Ayla has talent. Darwin has talent. If Darwin is an influential artist, then he is either a famous musician or a local hero. If Darwin is a respected figure, then he is either a national icon or a local hero. Darwin is not a national icon. If Darwin either loves performing or enjoys composing (but not both), then he has passion. If Darwin has talent, then he is either from Hattiesburg or has passion (but not both). If Ayla is an influential artist, then he is either a famous musician or a local hero. Darwin is an influential artist. Darwin does not love performing. Rylan is a respected figure. If Ayla has talent, then he is either from Hattiesburg or has passion (but not both). Darwin is a respected figure. Darwin enjoys composing.

Question:
Based on the above information, is the following statement true, false, or uncertain? Darwin does not contribute to the community.

Options:
[""A) True"", ""B) False"", ""C) Uncertain""]",C,2,"fact1: Darwin does not love performing.
fact2: Darwin enjoys composing.
rule: If Darwin either loves performing or enjoys composing (but not both), then he has passion.
conclusion: Darwin has passion.
fact1: Darwin is a respected figure.
fact2: Darwin is not a national icon.
rule: If Darwin is a respected figure, then he is either a national icon or a local hero.
conclusion: Darwin is a local hero.
fact1: Darwin is an influential artist.
fact2: Darwin is a local hero.
rule: If Darwin is an influential artist, then he is either a famous musician or a local hero.
conclusion: Darwin is not a famous musician.
fact1: Darwin has talent.
fact2: Darwin has passion.
rule: If Darwin has talent, then he is either from Hattiesburg or has passion (but not both).
conclusion: Darwin is not from Hattiesburg.

According to the context and the conclusions that have already been drawn, we can deduce that it is uncertain that Darwin does not contribute to the community. The correct option is: C."
"Given the facts below, answer the question.

Facts:
Rio has an eye condition. Rio does not need medical attention. If Rio has an eye condition, then she either needs medical attention or has astigmatism (or both). Rio has double vision. If Rio has astigmatism, then she either has double vision or sees blurry (but not both). Rio gets headaches. If Rio either sees blurry or gets headaches (but not both), then she wears corrective eyewear. Either Rio wears corrective eyewear or she has perfect vision, but not both.

Question:
Based on the above information, is the following statement true, false, or uncertain? Rio does not have perfect vision.

Options:
[""A) True"", ""B) False"", ""C) Uncertain""]","Given the facts below, answer the question.

Facts:
If Rio has an eye condition, then she either needs medical attention or has astigmatism (or both). Rio has an eye condition. Either Olive wears corrective eyewear or she has perfect vision, but not both. If Rio has astigmatism, then she either has double vision or sees blurry (but not both). If Olive has an eye condition, then she either needs medical attention or has astigmatism (or both). Rio does not need medical attention. If Rio either sees blurry or gets headaches (but not both), then she wears corrective eyewear. Either Rio wears corrective eyewear or she has perfect vision, but not both. Rio has double vision. Luke has double vision. Rio gets headaches. If Olive either sees blurry or gets headaches (but not both), then she wears corrective eyewear. Olive has an eye condition.

Question:
Based on the above information, is the following statement true, false, or uncertain? Rio does not have perfect vision.

Options:
[""A) True"", ""B) False"", ""C) Uncertain""]",A,0,"fact1: Rio has an eye condition.
fact2: Rio does not need medical attention.
rule: If Rio has an eye condition, then she either needs medical attention or has astigmatism (or both).
conclusion: Rio has astigmatism.
fact1: Rio has astigmatism.
fact2: Rio has double vision.
rule: If Rio has astigmatism, then she either has double vision or sees blurry (but not both).
conclusion: Rio does not see blurry.
fact1: Rio does not see blurry.
fact2: Rio gets headaches.
rule: If Rio either sees blurry or gets headaches (but not both), then she wears corrective eyewear.
conclusion: Rio wears corrective eyewear.
fact1: Rio wears corrective eyewear.
rule: Either Rio wears corrective eyewear or she has perfect vision, but not both.
conclusion: Rio does not have perfect vision.

Therefore, it is true that Rio does not have perfect vision. The correct option is: A."
"Given the facts below, answer the question.

Facts:
Aarav does not teach others. Aarav either teaches others or conducts research, but not both. If Aarav conducts research, then he will develop models. Aarav analyzes data. Anyone who analyzes data or develops models can study econometrics. Aarav receives academic recognition. If Aarav studies econometrics, then he can either improve supply chains or receive academic recognition, but not both.

Question:
Based on the above information, is the following statement true, false, or uncertain? Aarav does not improve supply chains.

Options:
[""A) True"", ""B) False"", ""C) Uncertain""]","Given the facts below, answer the question.

Facts:
Aarav receives academic recognition. If Aarav studies econometrics, then he can either improve supply chains or receive academic recognition, but not both. Aarav analyzes data. If Aarav conducts research, then he will develop models. Boden does not teach others. Aarav does not teach others. Anyone who analyzes data or develops models can study econometrics. Aarav either teaches others or conducts research, but not both.

Question:
Based on the above information, is the following statement true, false, or uncertain? Aarav does not improve supply chains.

Options:
[""A) True"", ""B) False"", ""C) Uncertain""]",A,0,"fact1: Aarav does not teach others.
rule: Aarav either teaches others or conducts research, but not both.
conclusion: Aarav conducts research.
fact1: Aarav conducts research.
rule: If Aarav conducts research, then he will develop models.
conclusion: Aarav develops models.
fact1: Aarav analyzes data.
fact2: Aarav develops models.
rule: Anyone who analyzes data or develops models can study econometrics.
conclusion: Aarav studies econometrics.
fact1: Aarav studies econometrics.
fact2: Aarav receives academic recognition.
rule: If Aarav studies econometrics, then he can either improve supply chains or receive academic recognition, but not both.
conclusion: Aarav does not improve supply chains.

Therefore, it is true that Aarav does not improve supply chains. The correct option is: A."
"Given the facts below, answer the question.

Facts:
Omar does not work in quarries. Omar either works in quarries or has an indoor job, but not both. Omar either has an indoor job or works outdoors, but not both. Omar works outdoors or inhales silica dust. If Omar inhales silica dust, then he will develop silicosis. For every human, either they have silicosis or they do not have silicosis, but not both.

Question:
Based on the above information, is the following statement true, false, or uncertain? Omar does not have silicosis.

Options:
[""A) True"", ""B) False"", ""C) Uncertain""]","Given the facts below, answer the question.

Facts:
If Omar inhales silica dust, then he will develop silicosis. For every human, either they have silicosis or they do not have silicosis, but not both. Lauren either works in quarries or has an indoor job, but not both. If Emanuel inhales silica dust, then he will develop silicosis. Omar works outdoors or inhales silica dust. Omar either has an indoor job or works outdoors, but not both. Omar either works in quarries or has an indoor job, but not both. Kayla either has an indoor job or works outdoors, but not both. Omar does not work in quarries. Emanuel does not work in quarries. Lauren works outdoors or inhales silica dust.

Question:
Based on the above information, is the following statement true, false, or uncertain? Omar does not have silicosis.

Options:
[""A) True"", ""B) False"", ""C) Uncertain""]",B,1,"fact1: Omar does not work in quarries.
rule: Omar either works in quarries or has an indoor job, but not both.
conclusion: Omar has an indoor job.
fact1: Omar has an indoor job.
rule: Omar either has an indoor job or works outdoors, but not both.
conclusion: Omar does not work outdoors.
fact1: Omar does not work outdoors.
rule: Omar works outdoors or inhales silica dust.
conclusion: Omar inhales silica dust.
fact1: Omar inhales silica dust.
rule: If Omar inhales silica dust, then he will develop silicosis.
conclusion: Omar has silicosis.
fact1: Omar has silicosis.
rule: For every human, either they have silicosis or they do not have silicosis, but not both.
conclusion: Omar does not have silicosis.

Therefore, it is false that Omar does not have silicosis. The correct option is: B."
"Given the facts below, answer the question.

Facts:
Margo measures ingredients. Margo does not read cookbooks. If Margo either measures ingredients or reads cookbooks (but not both), then she follows recipes precisely. Margo manages teams. Margo creates menus. Anyone who manages teams and creates menus can run a restaurant. If Margo runs a restaurant, then she is either an innovative cook or a precise follower of recipes, but not both. Margo is a specialist in Jordanian cuisine. Margo specializes in fusion. If Margo specializes in Jordanian cuisine, then she either specializes in fusion or cooks traditionally (but not both).

Question:
Based on the above information, is the following statement true, false, or uncertain? Margo is not a respected chef.

Options:
[""A) True"", ""B) False"", ""C) Uncertain""]","Given the facts below, answer the question.

Facts:
If Eddie runs a restaurant, then she is either an innovative cook or a precise follower of recipes, but not both. If Margo either measures ingredients or reads cookbooks (but not both), then she follows recipes precisely. Eddie manages teams. Anyone who manages teams and creates menus can run a restaurant. If Kareem either cooks traditionally or cooks innovatively (but not both), then she is a respected chef. Jimmy is a specialist in Jordanian cuisine. If Kareem specializes in Jordanian cuisine, then she either specializes in fusion or cooks traditionally (but not both). If Margo specializes in Jordanian cuisine, then she either specializes in fusion or cooks traditionally (but not both). Margo manages teams. If Margo runs a restaurant, then she is either an innovative cook or a precise follower of recipes, but not both. If Jimmy either measures ingredients or reads cookbooks (but not both), then she follows recipes precisely. Eddie creates menus. Eddie does not read cookbooks. Margo does not read cookbooks. Margo is a specialist in Jordanian cuisine. Kareem specializes in fusion. Margo creates menus. Kareem measures ingredients. Margo specializes in fusion. Margo measures ingredients.

Question:
Based on the above information, is the following statement true, false, or uncertain? Margo is not a respected chef.

Options:
[""A) True"", ""B) False"", ""C) Uncertain""]",C,2,"fact1: Margo measures ingredients.
fact2: Margo does not read cookbooks.
rule: If Margo either measures ingredients or reads cookbooks (but not both), then she follows recipes precisely.
conclusion: Margo follows recipes precisely.
fact1: Margo manages teams.
fact2: Margo creates menus.
rule: Anyone who manages teams and creates menus can run a restaurant.
conclusion: Margo runs a restaurant.
fact1: Margo runs a restaurant.
fact2: Margo follows recipes precisely.
rule: If Margo runs a restaurant, then she is either an innovative cook or a precise follower of recipes, but not both.
conclusion: Margo does not cook innovatively.
fact1: Margo is a specialist in Jordanian cuisine.
fact2: Margo specializes in fusion.
rule: If Margo specializes in Jordanian cuisine, then she either specializes in fusion or cooks traditionally (but not both).
conclusion: Margo does not cook traditionally.

According to the context and the conclusions that have already been drawn, we can deduce that it is uncertain that Margo is not a respected chef. The correct option is: C."
"Given the facts below, answer the question.

Facts:
Moises meets deadlines. Moises either meets deadlines or produces quality work, but not necessarily both. Moises is attentive to details. Everyone who is attentive to details either has creative talent or produces quality work (or both). Moises values historical accuracy. If Moises has creative talent, then he loves storytelling and values historical accuracy. Moises masters calligraphy. Anyone who masters calligraphy and loves storytelling can create timeless art. Moises is a skilled scribe. If Moises is a skilled scribe, then he can either create timeless art or gain royal recognition, but not both.

Question:
Based on the above information, is the following statement true, false, or uncertain? Moises does not gain royal recognition.

Options:
[""A) True"", ""B) False"", ""C) Uncertain""]","Given the facts below, answer the question.

Facts:
Everyone who is attentive to details either has creative talent or produces quality work (or both). Ray masters calligraphy. Moises either meets deadlines or produces quality work, but not necessarily both. Moises values historical accuracy. If Moises has creative talent, then he loves storytelling and values historical accuracy. Tessa values historical accuracy. Moises masters calligraphy. If Moises is a skilled scribe, then he can either create timeless art or gain royal recognition, but not both. Anyone who masters calligraphy and loves storytelling can create timeless art. Moises is attentive to details. Tessa is a skilled scribe. Moises meets deadlines. Moises is a skilled scribe.

Question:
Based on the above information, is the following statement true, false, or uncertain? Moises does not gain royal recognition.

Options:
[""A) True"", ""B) False"", ""C) Uncertain""]",A,0,"fact1: Moises meets deadlines.
rule: Moises either meets deadlines or produces quality work, but not necessarily both.
conclusion: Moises does not produce quality work.
fact1: Moises is attentive to details.
fact2: Moises does not produce quality work.
rule: Everyone who is attentive to details either has creative talent or produces quality work (or both).
conclusion: Moises has creative talent.
fact1: Moises has creative talent.
fact2: Moises values historical accuracy.
rule: If Moises has creative talent, then he loves storytelling and values historical accuracy.
conclusion: Moises loves storytelling.
fact1: Moises masters calligraphy.
fact2: Moises loves storytelling.
rule: Anyone who masters calligraphy and loves storytelling can create timeless art.
conclusion: Moises creates timeless art.
fact1: Moises is a skilled scribe.
fact2: Moises creates timeless art.
rule: If Moises is a skilled scribe, then he can either create timeless art or gain royal recognition, but not both.
conclusion: Moises does not gain royal recognition.

Therefore, it is true that Moises does not gain royal recognition. The correct option is: A."
"Given the facts below, answer the question.

Facts:
Patrick maintains a work-life balance. Patrick either maintains a work-life balance or is unhealthy, but not both. Patrick prioritizes self-care. Patrick either prioritizes self-care or is ambitious, but not both.

Question:
Based on the above information, is the following statement true, false, or uncertain? Patrick is successful.

Options:
[""A) True"", ""B) False"", ""C) Uncertain""]","Given the facts below, answer the question.

Facts:
Patrick maintains a work-life balance. Patrick either maintains a work-life balance or is unhealthy, but not both. Patrick either prioritizes self-care or is ambitious, but not both. Allie maintains a work-life balance. If Miles is ambitious, then he is either successful or unhealthy, but not both. Patrick prioritizes self-care. Allie either prioritizes self-care or is ambitious, but not both.

Question:
Based on the above information, is the following statement true, false, or uncertain? Patrick is successful.

Options:
[""A) True"", ""B) False"", ""C) Uncertain""]",C,2,"fact1: Patrick maintains a work-life balance.
rule: Patrick either maintains a work-life balance or is unhealthy, but not both.
conclusion: Patrick is not unhealthy.
fact1: Patrick prioritizes self-care.
rule: Patrick either prioritizes self-care or is ambitious, but not both.
conclusion: Patrick is not ambitious.

According to the context and the conclusions that have already been drawn, we can deduce that it is uncertain that Patrick is successful. The correct option is: C."
"Given the facts below, answer the question.

Facts:
Mary has expertise. Mary shares her knowledge. If Mary has expertise and shares knowledge, then she can teach wildlife management. Mary either teaches wildlife management or studies endangered species, but not both.

Question:
Based on the above information, is the following statement true, false, or uncertain? Mary contributes to conservation efforts.

Options:
[""A) True"", ""B) False"", ""C) Uncertain""]","Given the facts below, answer the question.

Facts:
Mary has expertise. If Mary has expertise and shares knowledge, then she can teach wildlife management. James either teaches wildlife management or studies endangered species, but not both. Mary shares her knowledge. Mary either teaches wildlife management or studies endangered species, but not both. If Nancy has expertise and shares knowledge, then she can teach wildlife management.

Question:
Based on the above information, is the following statement true, false, or uncertain? Mary contributes to conservation efforts.

Options:
[""A) True"", ""B) False"", ""C) Uncertain""]",C,2,"fact1: Mary has expertise.
fact2: Mary shares her knowledge.
rule: If Mary has expertise and shares knowledge, then she can teach wildlife management.
conclusion: Mary teaches wildlife management.
fact1: Mary teaches wildlife management.
rule: Mary either teaches wildlife management or studies endangered species, but not both.
conclusion: Mary does not study endangered species.

According to the context and the conclusions that have already been drawn, we can deduce that it is uncertain that Mary contributes to conservation efforts. The correct option is: C."
"Given the facts below, answer the question.

Facts:
Kaiden is open to change. Kaiden either likes structure or is open to change, but not both. Kaiden values stability. Everyone who values stability either likes structure or enjoys routine (or both). Kaiden either enjoys routine or prefers spontaneity, but not both.

Question:
Based on the above information, is the following statement true, false, or uncertain? Kaiden prefers spontaneity.

Options:
[""A) True"", ""B) False"", ""C) Uncertain""]","Given the facts below, answer the question.

Facts:
Kaiden values stability. Everyone who values stability either likes structure or enjoys routine (or both). Cutie either enjoys routine or prefers spontaneity, but not both. Kaiden either likes structure or is open to change, but not both. Kaiden either enjoys routine or prefers spontaneity, but not both. Kaiden is open to change.

Question:
Based on the above information, is the following statement true, false, or uncertain? Kaiden prefers spontaneity.

Options:
[""A) True"", ""B) False"", ""C) Uncertain""]",B,1,"fact1: Kaiden is open to change.
rule: Kaiden either likes structure or is open to change, but not both.
conclusion: Kaiden does not like structure.
fact1: Kaiden values stability.
fact2: Kaiden does not like structure.
rule: Everyone who values stability either likes structure or enjoys routine (or both).
conclusion: Kaiden enjoys routine.
fact1: Kaiden enjoys routine.
rule: Kaiden either enjoys routine or prefers spontaneity, but not both.
conclusion: Kaiden prefers spontaneity.

Therefore, it is false that Kaiden prefers spontaneity. The correct option is: B."
"Given the facts below, answer the question.

Facts:
Ryker listens actively. Ryker respects others. Anyone who listens actively and respects others values diplomacy. Ryker does not have many enemies. Ryker either builds strong relationships or has many enemies, but not both. Ryker either builds strong relationships or achieves business success, but not both. Ryker either values diplomacy or speaks directly, but not both.

Question:
Based on the above information, is the following statement true, false, or uncertain? Ryker does not make social connections.

Options:
[""A) True"", ""B) False"", ""C) Uncertain""]","Given the facts below, answer the question.

Facts:
Ryker does not have many enemies. Anyone who listens actively and respects others values diplomacy. Ryker respects others. Ryker listens actively. Peach either builds strong relationships or has many enemies, but not both. Ryker either builds strong relationships or achieves business success, but not both. Ryker either builds strong relationships or has many enemies, but not both. Ryker either values diplomacy or speaks directly, but not both. Rhodes listens actively. Jacob respects others.

Question:
Based on the above information, is the following statement true, false, or uncertain? Ryker does not make social connections.

Options:
[""A) True"", ""B) False"", ""C) Uncertain""]",C,2,"fact1: Ryker listens actively.
fact2: Ryker respects others.
rule: Anyone who listens actively and respects others values diplomacy.
conclusion: Ryker values diplomacy.
fact1: Ryker does not have many enemies.
rule: Ryker either builds strong relationships or has many enemies, but not both.
conclusion: Ryker builds strong relationships.
fact1: Ryker builds strong relationships.
rule: Ryker either builds strong relationships or achieves business success, but not both.
conclusion: Ryker does not achieve business success.
fact1: Ryker values diplomacy.
rule: Ryker either values diplomacy or speaks directly, but not both.
conclusion: Ryker does not speak directly.

According to the context and the conclusions that have already been drawn, we can deduce that it is uncertain that Ryker does not make social connections. The correct option is: C."
"Given the facts below, answer the question.

Facts:
Demi has a passion for learning. Demi has a talent for music. If Demi has a passion for learning, then she either excels in sciences or has a talent for music, but not both. Demi explores new ideas. Demi thinks critically. If someone explores new ideas, then they ask questions and think critically. Demi reads widely. If someone reads widely and asks questions, then they are highly curious. If Demi is highly curious, then she either excels in sciences or excels in arts, but not both.

Question:
Based on the above information, is the following statement true, false, or uncertain? Demi does not excel in arts.

Options:
[""A) True"", ""B) False"", ""C) Uncertain""]","Given the facts below, answer the question.

Facts:
If Zara is highly curious, then she either excels in sciences or excels in arts, but not both. Demi reads widely. Demi explores new ideas. If someone reads widely and asks questions, then they are highly curious. If someone explores new ideas, then they ask questions and think critically. If Demi is highly curious, then she either excels in sciences or excels in arts, but not both. Demi thinks critically. If Demi has a passion for learning, then she either excels in sciences or has a talent for music, but not both. Demi has a passion for learning. Demi has a talent for music.

Question:
Based on the above information, is the following statement true, false, or uncertain? Demi does not excel in arts.

Options:
[""A) True"", ""B) False"", ""C) Uncertain""]",B,1,"fact1: Demi has a passion for learning.
fact2: Demi has a talent for music.
rule: If Demi has a passion for learning, then she either excels in sciences or has a talent for music, but not both.
conclusion: Demi does not excel in sciences.
fact1: Demi explores new ideas.
fact2: Demi thinks critically.
rule: If someone explores new ideas, then they ask questions and think critically.
conclusion: Demi asks questions.
fact1: Demi reads widely.
fact2: Demi asks questions.
rule: If someone reads widely and asks questions, then they are highly curious.
conclusion: Demi is highly curious.
fact1: Demi is highly curious.
fact2: Demi does not excel in sciences.
rule: If Demi is highly curious, then she either excels in sciences or excels in arts, but not both.
conclusion: Demi does not excel in arts.

Therefore, it is false that Demi does not excel in arts. The correct option is: B."
"Given the facts below, answer the question.

Facts:
Korbin lives in Reseda. Korbin values community history. If Korbin lives in Reseda, then he either appreciates local culture or values community history, but not both. Korbin does not tell stories. Korbin tells stories or captures moments. Korbin appreciates local culture or sees the big picture. Korbin either sees the big picture or observes details, but not both.

Question:
Based on the above information, is the following statement true, false, or uncertain? Korbin finds beauty everywhere and expresses it through art.

Options:
[""A) True"", ""B) False"", ""C) Uncertain""]","Given the facts below, answer the question.

Facts:
Korbin appreciates local culture or sees the big picture. Simon appreciates local culture or sees the big picture. Korbin either sees the big picture or observes details, but not both. If Korbin lives in Reseda, then he either appreciates local culture or values community history, but not both. Scarlet tells stories or captures moments. Autumn lives in Reseda. Korbin does not tell stories. If Scarlet lives in Reseda, then he either appreciates local culture or values community history, but not both. Korbin lives in Reseda. Scarlet does not tell stories. Korbin values community history. Simon values community history. Autumn either sees the big picture or observes details, but not both. Korbin tells stories or captures moments.

Question:
Based on the above information, is the following statement true, false, or uncertain? Korbin finds beauty everywhere and expresses it through art.

Options:
[""A) True"", ""B) False"", ""C) Uncertain""]",C,2,"fact1: Korbin lives in Reseda.
fact2: Korbin values community history.
rule: If Korbin lives in Reseda, then he either appreciates local culture or values community history, but not both.
conclusion: Korbin does not appreciate local culture.
fact1: Korbin does not tell stories.
rule: Korbin tells stories or captures moments.
conclusion: Korbin captures moments.
fact1: Korbin does not appreciate local culture.
rule: Korbin appreciates local culture or sees the big picture.
conclusion: Korbin sees the big picture.
fact1: Korbin sees the big picture.
rule: Korbin either sees the big picture or observes details, but not both.
conclusion: Korbin does not observe details.

According to the context and the conclusions that have already been drawn, we can deduce that it is uncertain that Korbin finds beauty everywhere and expresses it through art. The correct option is: C."
"Given the facts below, answer the question.

Facts:
Yasmin has a unique style. Yasmin does not value self-expression. Anyone who has a unique style either values self-expression or expresses themselves. Yasmin follows tradition. Yasmin either thinks outside the box or follows tradition, but not both. Anyone who thinks outside the box or expresses themselves can be creative. Yasmin takes risks. If Yasmin is creative, then she pursues multiple passions and takes risks. Yasmin is fashionable. If Yasmin is fashionable, then she either influences others or pursues multiple passions, but not both.

Question:
Based on the above information, is the following statement true, false, or uncertain? Yasmin does not influence others.

Options:
[""A) True"", ""B) False"", ""C) Uncertain""]","Given the facts below, answer the question.

Facts:
Yasmin has a unique style. Yasmin either thinks outside the box or follows tradition, but not both. Brylee is fashionable. If Yasmin is creative, then she pursues multiple passions and takes risks. Yasmin is fashionable. Yasmin follows tradition. If Toots is fashionable, then she either influences others or pursues multiple passions, but not both. Toots does not value self-expression. Toots follows tradition. Yasmin takes risks. Anyone who has a unique style either values self-expression or expresses themselves. Brylee has a unique style. Yasmin does not value self-expression. If Yasmin is fashionable, then she either influences others or pursues multiple passions, but not both. Anyone who thinks outside the box or expresses themselves can be creative.

Question:
Based on the above information, is the following statement true, false, or uncertain? Yasmin does not influence others.

Options:
[""A) True"", ""B) False"", ""C) Uncertain""]",A,0,"fact1: Yasmin has a unique style.
fact2: Yasmin does not value self-expression.
rule: Anyone who has a unique style either values self-expression or expresses themselves.
conclusion: Yasmin expresses herself.
fact1: Yasmin follows tradition.
rule: Yasmin either thinks outside the box or follows tradition, but not both.
conclusion: Yasmin does not think outside the box.
fact1: Yasmin does not think outside the box.
fact2: Yasmin expresses herself.
rule: Anyone who thinks outside the box or expresses themselves can be creative.
conclusion: Yasmin is creative.
fact1: Yasmin is creative.
fact2: Yasmin takes risks.
rule: If Yasmin is creative, then she pursues multiple passions and takes risks.
conclusion: Yasmin pursues multiple passions.
fact1: Yasmin is fashionable.
fact2: Yasmin pursues multiple passions.
rule: If Yasmin is fashionable, then she either influences others or pursues multiple passions, but not both.
conclusion: Yasmin does not influence others.

Therefore, it is true that Yasmin does not influence others. The correct option is: A."
"Given the facts below, answer the question.

Facts:
Mohamed is adventurous. Mohamed follows procedure. If Mohamed is adventurous, then he either relies on natural instincts or follows procedure, but not both. Mohamed is an astronaut. Mohamed has quick reflexes. If Mohamed is an astronaut, then he is either experienced in spacewalks or has quick reflexes, but not both. Mohamed either relies on natural instincts or is well-trained, but not both. For all humans, if they are well-trained or experienced in spacewalks, then they can handle emergencies.

Question:
Based on the above information, is the following statement true, false, or uncertain? Mohamed can handle emergencies.

Options:
[""A) True"", ""B) False"", ""C) Uncertain""]","Given the facts below, answer the question.

Facts:
Mohamed has quick reflexes. Mohamed is adventurous. If Mohamed is adventurous, then he either relies on natural instincts or follows procedure, but not both. For all humans, if they are well-trained or experienced in spacewalks, then they can handle emergencies. If Mohamed is an astronaut, then he is either experienced in spacewalks or has quick reflexes, but not both. Mohamed follows procedure. Fernando is an astronaut. Mohamed either relies on natural instincts or is well-trained, but not both. Mohamed is an astronaut. Kayden either relies on natural instincts or is well-trained, but not both.

Question:
Based on the above information, is the following statement true, false, or uncertain? Mohamed can handle emergencies.

Options:
[""A) True"", ""B) False"", ""C) Uncertain""]",A,0,"fact1: Mohamed is adventurous.
fact2: Mohamed follows procedure.
rule: If Mohamed is adventurous, then he either relies on natural instincts or follows procedure, but not both.
conclusion: Mohamed does not rely on natural instincts.
fact1: Mohamed is an astronaut.
fact2: Mohamed has quick reflexes.
rule: If Mohamed is an astronaut, then he is either experienced in spacewalks or has quick reflexes, but not both.
conclusion: Mohamed is not experienced in spacewalks.
fact1: Mohamed does not rely on natural instincts.
rule: Mohamed either relies on natural instincts or is well-trained, but not both.
conclusion: Mohamed is well-trained.
fact1: Mohamed is well-trained.
fact2: Mohamed is not experienced in spacewalks.
rule: For all humans, if they are well-trained or experienced in spacewalks, then they can handle emergencies.
conclusion: Mohamed can handle emergencies.

Therefore, it is true that Mohamed can handle emergencies. The correct option is: A."
"Given the facts below, answer the question.

Facts:
Everly thinks creatively. Everly either thinks creatively or shows emotion, but not both. Everly does not listen actively. Everly either listens actively or speaks freely, but not both. If Everly either speaks freely or shows emotion (but not both), then she is expressive. Everly is either expressive or reserved, but not both.

Question:
Based on the above information, is the following statement true, false, or uncertain? Everly is not reserved.

Options:
[""A) True"", ""B) False"", ""C) Uncertain""]","Given the facts below, answer the question.

Facts:
Everly is either expressive or reserved, but not both. Tomas either listens actively or speaks freely, but not both. Idris thinks creatively. Everly does not listen actively. Everly thinks creatively. Idris either thinks creatively or shows emotion, but not both. If Everly either speaks freely or shows emotion (but not both), then she is expressive. Everly either thinks creatively or shows emotion, but not both. Everly either listens actively or speaks freely, but not both.

Question:
Based on the above information, is the following statement true, false, or uncertain? Everly is not reserved.

Options:
[""A) True"", ""B) False"", ""C) Uncertain""]",A,0,"fact1: Everly thinks creatively.
rule: Everly either thinks creatively or shows emotion, but not both.
conclusion: Everly does not show emotion.
fact1: Everly does not listen actively.
rule: Everly either listens actively or speaks freely, but not both.
conclusion: Everly speaks freely.
fact1: Everly speaks freely.
fact2: Everly does not show emotion.
rule: If Everly either speaks freely or shows emotion (but not both), then she is expressive.
conclusion: Everly is expressive.
fact1: Everly is expressive.
rule: Everly is either expressive or reserved, but not both.
conclusion: Everly is not reserved.

Therefore, it is true that Everly is not reserved. The correct option is: A."
"Given the facts below, answer the question.

Facts:
Noor values feedback. Noor enjoys teamwork. If a scientist values feedback and enjoys teamwork, then they are collaborative. Noor is curious. All curious scientists are passionate about research and collaborative. If Noor is passionate about research, then she is specialized in microbiology and an excellent problem solver. For every scientist, either they are specialized in microbiology or they are not specialized in microbiology, but not both.

Question:
Based on the above information, is the following statement true, false, or uncertain? Noor is not specialized in microbiology.

Options:
[""A) True"", ""B) False"", ""C) Uncertain""]","Given the facts below, answer the question.

Facts:
If Pumpkin is passionate about research, then she is specialized in microbiology and an excellent problem solver. If Noor is passionate about research, then she is specialized in microbiology and an excellent problem solver. For every scientist, either they are specialized in microbiology or they are not specialized in microbiology, but not both. Noor enjoys teamwork. Pumpkin enjoys teamwork. Noor is curious. All curious scientists are passionate about research and collaborative. Noor values feedback. If a scientist values feedback and enjoys teamwork, then they are collaborative. Pumpkin is curious. Pumpkin values feedback.

Question:
Based on the above information, is the following statement true, false, or uncertain? Noor is not specialized in microbiology.

Options:
[""A) True"", ""B) False"", ""C) Uncertain""]",B,1,"fact1: Noor values feedback.
fact2: Noor enjoys teamwork.
rule: If a scientist values feedback and enjoys teamwork, then they are collaborative.
conclusion: Noor is collaborative.
fact1: Noor is curious.
fact2: Noor is collaborative.
rule: All curious scientists are passionate about research and collaborative.
conclusion: Noor is passionate about research.
fact1: Noor is passionate about research.
rule: If Noor is passionate about research, then she is specialized in microbiology and an excellent problem solver.
conclusion: Noor is specialized in microbiology.
fact1: Noor is specialized in microbiology.
rule: For every scientist, either they are specialized in microbiology or they are not specialized in microbiology, but not both.
conclusion: Noor is not specialized in microbiology.

Therefore, it is false that Noor is not specialized in microbiology. The correct option is: B."
"Given the facts below, answer the question.

Facts:
Damir listens to advice. Damir does not honor customs. If Damir either listens to advice or honors customs (but not both), then he respects his elders. Damir appreciates history. Damir admires masters. If someone appreciates history and admires masters, then they value classics. Anyone who values classics or respects elders follows tradition. Damir either follows tradition or is surrounded by creative energy, but not both.

Question:
Based on the above information, is the following statement true, false, or uncertain? Damir is not inspired to create.

Options:
[""A) True"", ""B) False"", ""C) Uncertain""]","Given the facts below, answer the question.

Facts:
Damir admires masters. Keaton does not honor customs. Keaton admires masters. Damir has new ideas or is surrounded by creative energy. If Imran either listens to advice or honors customs (but not both), then he respects his elders. Keaton appreciates history. If someone appreciates history and admires masters, then they value classics. If someone enjoys museums and reads art books, then they value classics. If Damir either listens to advice or honors customs (but not both), then he respects his elders. Damir does not honor customs. If Keaton is surrounded by creative energy, then he is inspired to create. Imran either follows tradition or is surrounded by creative energy, but not both. Damir either follows tradition or is surrounded by creative energy, but not both. Damir listens to advice. Damir appreciates history. Imran listens to advice. Anyone who values classics or respects elders follows tradition.

Question:
Based on the above information, is the following statement true, false, or uncertain? Damir is not inspired to create.

Options:
[""A) True"", ""B) False"", ""C) Uncertain""]",C,2,"fact1: Damir listens to advice.
fact2: Damir does not honor customs.
rule: If Damir either listens to advice or honors customs (but not both), then he respects his elders.
conclusion: Damir respects elders.
fact1: Damir appreciates history.
fact2: Damir admires masters.
rule: If someone appreciates history and admires masters, then they value classics.
conclusion: Damir values classics.
fact1: Damir values classics.
fact2: Damir respects elders.
rule: Anyone who values classics or respects elders follows tradition.
conclusion: Damir follows tradition.
fact1: Damir follows tradition.
rule: Damir either follows tradition or is surrounded by creative energy, but not both.
conclusion: Damir is not surrounded by creative energy.

According to the context and the conclusions that have already been drawn, we can deduce that it is uncertain that Damir is not inspired to create. The correct option is: C."
"Given the facts below, answer the question.

Facts:
Jerry dedicates himself to his craft. Jerry is knowledgeable about fabric. If Jerry dedicates himself to his craft, then he is either knowledgeable about fabric or attains fashion recognition (but not both). Jerry masters bespoke suits. Anyone who masters bespoke suits is either a skilled tailor or attains fashion recognition (or both). Jerry earns critical acclaim. If Jerry is a skilled tailor, then he can either create timeless designs or earn critical acclaim, but not both.

Question:
Based on the above information, is the following statement true, false, or uncertain? Jerry does not create timeless designs.

Options:
[""A) True"", ""B) False"", ""C) Uncertain""]","Given the facts below, answer the question.

Facts:
Dove masters bespoke suits. Daisy earns critical acclaim. Malik dedicates himself to his craft. Dove is knowledgeable about fabric. Anyone who masters bespoke suits is either a skilled tailor or attains fashion recognition (or both). If Jerry dedicates himself to his craft, then he is either knowledgeable about fabric or attains fashion recognition (but not both). Jerry dedicates himself to his craft. If Dove dedicates himself to his craft, then he is either knowledgeable about fabric or attains fashion recognition (but not both). Jerry masters bespoke suits. If Jerry is a skilled tailor, then he can either create timeless designs or earn critical acclaim, but not both. Jerry is knowledgeable about fabric. Jerry earns critical acclaim.

Question:
Based on the above information, is the following statement true, false, or uncertain? Jerry does not create timeless designs.

Options:
[""A) True"", ""B) False"", ""C) Uncertain""]",A,0,"fact1: Jerry dedicates himself to his craft.
fact2: Jerry is knowledgeable about fabric.
rule: If Jerry dedicates himself to his craft, then he is either knowledgeable about fabric or attains fashion recognition (but not both).
conclusion: Jerry does not attain fashion recognition.
fact1: Jerry masters bespoke suits.
fact2: Jerry does not attain fashion recognition.
rule: Anyone who masters bespoke suits is either a skilled tailor or attains fashion recognition (or both).
conclusion: Jerry is a skilled tailor.
fact1: Jerry is a skilled tailor.
fact2: Jerry earns critical acclaim.
rule: If Jerry is a skilled tailor, then he can either create timeless designs or earn critical acclaim, but not both.
conclusion: Jerry does not create timeless designs.

Therefore, it is true that Jerry does not create timeless designs. The correct option is: A."
"Given the facts below, answer the question.

Facts:
Joyce works with algorithms. Anyone who has programming skills or works with algorithms can write code. Joyce designs systems. If Joyce designs systems or writes code, then she can build devices. Anyone who understands gearboxes or builds devices is mechanically inclined. Joyce is either mechanically inclined or mechanically challenged, but not both.

Question:
Based on the above information, is the following statement true, false, or uncertain? Joyce is mechanically challenged.

Options:
[""A) True"", ""B) False"", ""C) Uncertain""]","Given the facts below, answer the question.

Facts:
Joyce is either mechanically inclined or mechanically challenged, but not both. Elina is either mechanically inclined or mechanically challenged, but not both. If Joyce either fixes machines or repairs equipment (but not both), then she is mechanically inclined. Joyce works with algorithms. Anyone who understands gearboxes or builds devices is mechanically inclined. If Elina designs systems or writes code, then she can build devices. Joyce designs systems. Anyone who has programming skills or works with algorithms can write code. Fernanda works with algorithms. If Joyce designs systems or writes code, then she can build devices. Bristol designs systems.

Question:
Based on the above information, is the following statement true, false, or uncertain? Joyce is mechanically challenged.

Options:
[""A) True"", ""B) False"", ""C) Uncertain""]",B,1,"fact1: Joyce works with algorithms.
rule: Anyone who has programming skills or works with algorithms can write code.
conclusion: Joyce writes code.
fact1: Joyce designs systems.
fact2: Joyce writes code.
rule: If Joyce designs systems or writes code, then she can build devices.
conclusion: Joyce builds devices.
fact1: Joyce builds devices.
rule: Anyone who understands gearboxes or builds devices is mechanically inclined.
conclusion: Joyce is mechanically inclined.
fact1: Joyce is mechanically inclined.
rule: Joyce is either mechanically inclined or mechanically challenged, but not both.
conclusion: Joyce is mechanically challenged.

Therefore, it is false that Joyce is mechanically challenged. The correct option is: B."
"Given the facts below, answer the question.

Facts:
Rose is a professional dancer. Rose is a choreographer. If Rose is a professional dancer, then she is either a choreographer or teaches traditional techniques, but not both. Rose either teaches traditional techniques or is a passionate dancer, but not both. Rose pursues her personal interests. Rose either pursues her personal interests or shares her cultural heritage, but not both. For all humans, if someone is a passionate dancer, then they either share their cultural heritage or inspire others (or both).

Question:
Based on the above information, is the following statement true, false, or uncertain? Rose does not inspire others.

Options:
[""A) True"", ""B) False"", ""C) Uncertain""]","Given the facts below, answer the question.

Facts:
Rose is a professional dancer. If Rose is a professional dancer, then she is either a choreographer or teaches traditional techniques, but not both. Rose either pursues her personal interests or shares her cultural heritage, but not both. Gianna is a professional dancer. Gianna pursues her personal interests. Rose pursues her personal interests. Rose either teaches traditional techniques or is a passionate dancer, but not both. Gianna is a choreographer. Rose is a choreographer. For all humans, if someone is a passionate dancer, then they either share their cultural heritage or inspire others (or both). Gianna either pursues her personal interests or shares her cultural heritage, but not both.

Question:
Based on the above information, is the following statement true, false, or uncertain? Rose does not inspire others.

Options:
[""A) True"", ""B) False"", ""C) Uncertain""]",B,1,"fact1: Rose is a professional dancer.
fact2: Rose is a choreographer.
rule: If Rose is a professional dancer, then she is either a choreographer or teaches traditional techniques, but not both.
conclusion: Rose does not teach traditional techniques.
fact1: Rose does not teach traditional techniques.
rule: Rose either teaches traditional techniques or is a passionate dancer, but not both.
conclusion: Rose is a passionate dancer.
fact1: Rose pursues her personal interests.
rule: Rose either pursues her personal interests or shares her cultural heritage, but not both.
conclusion: Rose does not share her cultural heritage.
fact1: Rose is a passionate dancer.
fact2: Rose does not share her cultural heritage.
rule: For all humans, if someone is a passionate dancer, then they either share their cultural heritage or inspire others (or both).
conclusion: Rose does not inspire others.

Therefore, it is false that Rose does not inspire others. The correct option is: B."
"Given the facts below, answer the question.

Facts:
Brooke contributes to research. If Brooke contributes to research, then she will analyze data. Brooke understands the Earth. Anyone who understands the Earth and analyzes data can study climate. Brooke develops solutions. If Brooke studies climate, then she either develops solutions or shapes policies, but not both.

Question:
Based on the above information, is the following statement true, false, or uncertain? Brooke shapes policies.

Options:
[""A) True"", ""B) False"", ""C) Uncertain""]","Given the facts below, answer the question.

Facts:
Taylor understands the Earth. Brooke develops solutions. If Taylor contributes to research, then she will analyze data. Anyone who understands the Earth and analyzes data can study climate. Taylor develops solutions. Brooke understands the Earth. Allyson contributes to research. If Brooke contributes to research, then she will analyze data. If Brooke studies climate, then she either develops solutions or shapes policies, but not both. Brooke contributes to research.

Question:
Based on the above information, is the following statement true, false, or uncertain? Brooke shapes policies.

Options:
[""A) True"", ""B) False"", ""C) Uncertain""]",B,1,"fact1: Brooke contributes to research.
rule: If Brooke contributes to research, then she will analyze data.
conclusion: Brooke analyzes data.
fact1: Brooke understands the Earth.
fact2: Brooke analyzes data.
rule: Anyone who understands the Earth and analyzes data can study climate.
conclusion: Brooke studies climate.
fact1: Brooke studies climate.
fact2: Brooke develops solutions.
rule: If Brooke studies climate, then she either develops solutions or shapes policies, but not both.
conclusion: Brooke shapes policies.

Therefore, it is false that Brooke shapes policies. The correct option is: B."
"Given the facts below, answer the question.

Facts:
Ariya explores social issues. An author either explores social issues or builds suspense, but not necessarily both. Ariya either builds suspense or writes engagingly. If Ariya writes engagingly, then she is a best-selling author and crafts compelling characters. Ariya is either a best-selling author or an unknown author, but not both.

Question:
Based on the above information, is the following statement true, false, or uncertain? Ariya is not an unknown author.

Options:
[""A) True"", ""B) False"", ""C) Uncertain""]","Given the facts below, answer the question.

Facts:
An author either explores social issues or builds suspense, but not necessarily both. Ariya either builds suspense or writes engagingly. Ariya is either a best-selling author or an unknown author, but not both. Aileen is either a best-selling author or an unknown author, but not both. Aileen explores social issues. If Ariya writes engagingly, then she is a best-selling author and crafts compelling characters. If Tatum writes engagingly, then she is a best-selling author and crafts compelling characters. Tatum either builds suspense or writes engagingly. Ariya explores social issues.

Question:
Based on the above information, is the following statement true, false, or uncertain? Ariya is not an unknown author.

Options:
[""A) True"", ""B) False"", ""C) Uncertain""]",A,0,"fact1: Ariya explores social issues.
rule: An author either explores social issues or builds suspense, but not necessarily both.
conclusion: Ariya does not build suspense.
fact1: Ariya does not build suspense.
rule: Ariya either builds suspense or writes engagingly.
conclusion: Ariya writes engagingly.
fact1: Ariya writes engagingly.
rule: If Ariya writes engagingly, then she is a best-selling author and crafts compelling characters.
conclusion: Ariya is a best-selling author.
fact1: Ariya is a best-selling author.
rule: Ariya is either a best-selling author or an unknown author, but not both.
conclusion: Ariya is not an unknown author.

Therefore, it is true that Ariya is not an unknown author. The correct option is: A."
"Given the facts below, answer the question.

Facts:
Lorelai performs orchestral. Lorelai is either an orchestral performer or plays acoustic, but not both. Lorelai is either an electronica experimental artist or plays acoustic, but not both. Lorelai is self-taught. Lorelai is either self-taught or classically trained, but not both. Lorelai is either an electronica experimental artist or has folk influences, but not both.

Question:
Based on the above information, is the following statement true, false, or uncertain? Lorelai is expressive.

Options:
[""A) True"", ""B) False"", ""C) Uncertain""]","Given the facts below, answer the question.

Facts:
Corbin is either self-taught or classically trained, but not both. Corbin is either an orchestral performer or plays acoustic, but not both. Emma performs orchestral. Lorelai performs orchestral. Lorelai is either an orchestral performer or plays acoustic, but not both. Lorelai is self-taught. Lorelai is either an electronica experimental artist or has folk influences, but not both. Emma is self-taught. Lorelai is either an electronica experimental artist or plays acoustic, but not both. If Lorelai strums a guitar, then she plays acoustic music. Corbin is either an electronica experimental artist or has folk influences, but not both. Luisa is either an electronica experimental artist or plays acoustic, but not both. Lorelai is either self-taught or classically trained, but not both. If Corbin is either classically trained or folk influenced (but not both), then she is expressive. If Lorelai studies music theory or practices piano daily, then she is classically trained.

Question:
Based on the above information, is the following statement true, false, or uncertain? Lorelai is expressive.

Options:
[""A) True"", ""B) False"", ""C) Uncertain""]",C,2,"fact1: Lorelai performs orchestral.
rule: Lorelai is either an orchestral performer or plays acoustic, but not both.
conclusion: Lorelai does not play acoustic.
fact1: Lorelai does not play acoustic.
rule: Lorelai is either an electronica experimental artist or plays acoustic, but not both.
conclusion: Lorelai is an electronica experimental artist.
fact1: Lorelai is self-taught.
rule: Lorelai is either self-taught or classically trained, but not both.
conclusion: Lorelai is not classically trained.
fact1: Lorelai is an electronica experimental artist.
rule: Lorelai is either an electronica experimental artist or has folk influences, but not both.
conclusion: Lorelai is not folk influenced.

According to the context and the conclusions that have already been drawn, we can deduce that it is uncertain that Lorelai is expressive. The correct option is: C."
"Given the facts below, answer the question.

Facts:
Priscilla is dedicated. Priscilla is perfectionistic. If Priscilla is dedicated, then she is both passionate and perfectionistic. Priscilla is skilled. If Priscilla is passionate, then she is both skilled and creative. Either Priscilla is creative or she is uninspired, but not both.

Question:
Based on the above information, is the following statement true, false, or uncertain? Priscilla is uninspired.

Options:
[""A) True"", ""B) False"", ""C) Uncertain""]","Given the facts below, answer the question.

Facts:
Either Sonny is creative or she is uninspired, but not both. Priscilla is dedicated. If Priscilla is dedicated, then she is both passionate and perfectionistic. If Priscilla is passionate, then she is both skilled and creative. Sonny is dedicated. Priscilla is skilled. Either Priscilla is creative or she is uninspired, but not both. Priscilla is perfectionistic.

Question:
Based on the above information, is the following statement true, false, or uncertain? Priscilla is uninspired.

Options:
[""A) True"", ""B) False"", ""C) Uncertain""]",B,1,"fact1: Priscilla is dedicated.
fact2: Priscilla is perfectionistic.
rule: If Priscilla is dedicated, then she is both passionate and perfectionistic.
conclusion: Priscilla is passionate.
fact1: Priscilla is passionate.
fact2: Priscilla is skilled.
rule: If Priscilla is passionate, then she is both skilled and creative.
conclusion: Priscilla is creative.
fact1: Priscilla is creative.
rule: Either Priscilla is creative or she is uninspired, but not both.
conclusion: Priscilla is uninspired.

Therefore, it is false that Priscilla is uninspired. The correct option is: B."
"Given the facts below, answer the question.

Facts:
Winston becomes more active. For Winston, either he becomes more active or he changes color, but not both. Winston does not increase in girth. Winston develops new scales. If Winston either increases in girth or develops new scales (but not both), then he grows in length. If Winston grows in length, then he either changes color or molts, but not both. For all snakes, if a snake molts, then it sheds its old skin and reveals new patterns.

Question:
Based on the above information, is the following statement true, false, or uncertain? Winston does not shed his old skin.

Options:
[""A) True"", ""B) False"", ""C) Uncertain""]","Given the facts below, answer the question.

Facts:
Alfredo develops new scales. If Winston either increases in girth or develops new scales (but not both), then he grows in length. Winston becomes more active. Winston does not increase in girth. Brooklyn becomes more active. Winston develops new scales. For Winston, either he becomes more active or he changes color, but not both. Luv does not increase in girth. For all snakes, if a snake molts, then it sheds its old skin and reveals new patterns. For Alfredo, either he becomes more active or he changes color, but not both. If Winston grows in length, then he either changes color or molts, but not both. If Alfredo either increases in girth or develops new scales (but not both), then he grows in length.

Question:
Based on the above information, is the following statement true, false, or uncertain? Winston does not shed his old skin.

Options:
[""A) True"", ""B) False"", ""C) Uncertain""]",B,1,"fact1: Winston becomes more active.
rule: For Winston, either he becomes more active or he changes color, but not both.
conclusion: Winston does not change color.
fact1: Winston does not increase in girth.
fact2: Winston develops new scales.
rule: If Winston either increases in girth or develops new scales (but not both), then he grows in length.
conclusion: Winston grows in length.
fact1: Winston grows in length.
fact2: Winston does not change color.
rule: If Winston grows in length, then he either changes color or molts, but not both.
conclusion: Winston molts.
fact1: Winston molts.
rule: For all snakes, if a snake molts, then it sheds its old skin and reveals new patterns.
conclusion: Winston does not shed his old skin.

Therefore, it is false that Winston does not shed his old skin. The correct option is: B."
"Given the facts below, answer the question.

Facts:
Hope values wealth. If someone values wealth, then they will pursue personal gain. Hope either pursues personal gain or shares her talents with others, but not both.

Question:
Based on the above information, is the following statement true, false, or uncertain? Hope makes a positive impact.

Options:
[""A) True"", ""B) False"", ""C) Uncertain""]","Given the facts below, answer the question.

Facts:
If someone values wealth, then they will pursue personal gain. Hope values wealth. Hope either pursues personal gain or shares her talents with others, but not both. Snookums either pursues personal gain or shares her talents with others, but not both. Ledger values wealth.

Question:
Based on the above information, is the following statement true, false, or uncertain? Hope makes a positive impact.

Options:
[""A) True"", ""B) False"", ""C) Uncertain""]",C,2,"fact1: Hope values wealth.
rule: If someone values wealth, then they will pursue personal gain.
conclusion: Hope pursues personal gain.
fact1: Hope pursues personal gain.
rule: Hope either pursues personal gain or shares her talents with others, but not both.
conclusion: Hope does not share her talents with others.

According to the context and the conclusions that have already been drawn, we can deduce that it is uncertain that Hope makes a positive impact. The correct option is: C."
"Given the facts below, answer the question.

Facts:
Sailor reaches maturity. Sailor engages in play. If Sailor reaches maturity, then he either struts proudly or engages in play, but not both. Sailor spreads his wings. Sailor either spreads his wings or makes noises, but not both. All peafowl either make noises or gain attention.

Question:
Based on the above information, is the following statement true, false, or uncertain? Sailor has vibrant plumage and either performs courtship displays or forms close bonds (or both).

Options:
[""A) True"", ""B) False"", ""C) Uncertain""]","Given the facts below, answer the question.

Facts:
Sailor reaches maturity. If Eyecandy displays his feathers, then he either attracts visitors or gains attention from others (but not both). Sailor engages in play. If Sailor reaches maturity, then he either struts proudly or engages in play, but not both. Sailor either spreads his wings or makes noises, but not both. All peafowl either make noises or gain attention. Sailor spreads his wings.

Question:
Based on the above information, is the following statement true, false, or uncertain? Sailor has vibrant plumage and either performs courtship displays or forms close bonds (or both).

Options:
[""A) True"", ""B) False"", ""C) Uncertain""]",C,2,"fact1: Sailor reaches maturity.
fact2: Sailor engages in play.
rule: If Sailor reaches maturity, then he either struts proudly or engages in play, but not both.
conclusion: Sailor does not strut proudly.
fact1: Sailor spreads his wings.
rule: Sailor either spreads his wings or makes noises, but not both.
conclusion: Sailor does not make noises.
fact1: Sailor does not make noises.
rule: All peafowl either make noises or gain attention.
conclusion: Sailor gains attention from others.

According to the context and the conclusions that have already been drawn, we can deduce that it is uncertain that Sailor has vibrant plumage and either performs courtship displays or forms close bonds (or both). The correct option is: C."
"Given the facts below, answer the question.

Facts:
Kimber does not set goals. Kimber meets deadlines. If Kimber either sets goals or meets deadlines (but not both), then he is disciplined. Kimber is adaptable. If Kimber is adaptable, then he either has common sense or is disciplined, but not both. Kimber has common sense or is responsible.

Question:
Based on the above information, is the following statement true, false, or uncertain? Kimber is not creative.

Options:
[""A) True"", ""B) False"", ""C) Uncertain""]","Given the facts below, answer the question.

Facts:
If Kimber is adaptable, then he either has common sense or is disciplined, but not both. Kimber meets deadlines. Kimber is adaptable. Melany is adaptable. Khaza meets deadlines. If Kimber either sets goals or meets deadlines (but not both), then he is disciplined. If Khaza either sets goals or meets deadlines (but not both), then he is disciplined. Kimber does not set goals. Kimber has common sense or is responsible.

Question:
Based on the above information, is the following statement true, false, or uncertain? Kimber is not creative.

Options:
[""A) True"", ""B) False"", ""C) Uncertain""]",C,2,"fact1: Kimber does not set goals.
fact2: Kimber meets deadlines.
rule: If Kimber either sets goals or meets deadlines (but not both), then he is disciplined.
conclusion: Kimber is disciplined.
fact1: Kimber is adaptable.
fact2: Kimber is disciplined.
rule: If Kimber is adaptable, then he either has common sense or is disciplined, but not both.
conclusion: Kimber does not have common sense.
fact1: Kimber does not have common sense.
rule: Kimber has common sense or is responsible.
conclusion: Kimber is responsible.

According to the context and the conclusions that have already been drawn, we can deduce that it is uncertain that Kimber is not creative. The correct option is: C."
"Given the facts below, answer the question.

Facts:
Ana is an artist. Ana evokes thoughts. If Ana is an artist, then she either evokes thoughts or conveys feelings, but not both. Ana tells stories. Anyone who tells stories or conveys feelings can express emotions. Ana has imagination. Anyone who has imagination and expresses emotions is creative. Ana is either creative or uncreative, but not both.

Question:
Based on the above information, is the following statement true, false, or uncertain? Ana is uncreative.

Options:
[""A) True"", ""B) False"", ""C) Uncertain""]","Given the facts below, answer the question.

Facts:
Ana is an artist. Ana tells stories. Ana is either creative or uncreative, but not both. If Ana is an artist, then she either evokes thoughts or conveys feelings, but not both. Hadassah evokes thoughts. Anyone who tells stories or conveys feelings can express emotions. Ana evokes thoughts. Novah has imagination. Anyone who has imagination and expresses emotions is creative. Novah is either creative or uncreative, but not both. Ana has imagination.

Question:
Based on the above information, is the following statement true, false, or uncertain? Ana is uncreative.

Options:
[""A) True"", ""B) False"", ""C) Uncertain""]",B,1,"fact1: Ana is an artist.
fact2: Ana evokes thoughts.
rule: If Ana is an artist, then she either evokes thoughts or conveys feelings, but not both.
conclusion: Ana does not convey feelings.
fact1: Ana tells stories.
fact2: Ana does not convey feelings.
rule: Anyone who tells stories or conveys feelings can express emotions.
conclusion: Ana expresses emotions.
fact1: Ana has imagination.
fact2: Ana expresses emotions.
rule: Anyone who has imagination and expresses emotions is creative.
conclusion: Ana is creative.
fact1: Ana is creative.
rule: Ana is either creative or uncreative, but not both.
conclusion: Ana is uncreative.

Therefore, it is false that Ana is uncreative. The correct option is: B."
"Given the facts below, answer the question.

Facts:
Charlotte is curious. Charlotte studies philosophy. If Charlotte is curious, then she either studies philosophy or explores psychology, but not both. Charlotte either explores psychology or pursues scientific research. Charlotte practises hypnosis. Charlotte does not achieve a meditative state. Anyone who practises hypnosis either achieves a meditative state or has catalepsy (or both). For Charlotte, pursuing scientific research and creating art are mutually exclusive. If Charlotte has catalepsy, then she can either use it to create art or struggle with losing control, but not both.

Question:
Based on the above information, is the following statement true, false, or uncertain? Charlotte does not struggle with losing control.

Options:
[""A) True"", ""B) False"", ""C) Uncertain""]","Given the facts below, answer the question.

Facts:
Charlotte studies philosophy. Charlotte either explores psychology or pursues scientific research. If Amaya has catalepsy, then she can either use it to create art or struggle with losing control, but not both. If Charlotte has catalepsy, then she can either use it to create art or struggle with losing control, but not both. For Charlotte, pursuing scientific research and creating art are mutually exclusive. Izabella does not achieve a meditative state. Charlotte practises hypnosis. Charlotte does not achieve a meditative state. Amaya either explores psychology or pursues scientific research. Charlotte is curious. Anyone who practises hypnosis either achieves a meditative state or has catalepsy (or both). If Charlotte is curious, then she either studies philosophy or explores psychology, but not both.

Question:
Based on the above information, is the following statement true, false, or uncertain? Charlotte does not struggle with losing control.

Options:
[""A) True"", ""B) False"", ""C) Uncertain""]",B,1,"fact1: Charlotte is curious.
fact2: Charlotte studies philosophy.
rule: If Charlotte is curious, then she either studies philosophy or explores psychology, but not both.
conclusion: Charlotte does not explore psychology.
fact1: Charlotte does not explore psychology.
rule: Charlotte either explores psychology or pursues scientific research.
conclusion: Charlotte pursues scientific research.
fact1: Charlotte practises hypnosis.
fact2: Charlotte does not achieve a meditative state.
rule: Anyone who practises hypnosis either achieves a meditative state or has catalepsy (or both).
conclusion: Charlotte has catalepsy.
fact1: Charlotte pursues scientific research.
rule: For Charlotte, pursuing scientific research and creating art are mutually exclusive.
conclusion: Charlotte does not use her catalepsy to create art.
fact1: Charlotte has catalepsy.
fact2: Charlotte does not use her catalepsy to create art.
rule: If Charlotte has catalepsy, then she can either use it to create art or struggle with losing control, but not both.
conclusion: Charlotte does not struggle with losing control.

Therefore, it is false that Charlotte does not struggle with losing control. The correct option is: B."
"Given the facts below, answer the question.

Facts:
Lia identifies plant types. Lia does not document plant habitats. If Lia either identifies plant types or documents plant habitats (but not both), then she collects plant samples. Lia is a botanist. If Lia is a botanist, then she either collects plant samples or works in a laboratory, but not both. Lia either works in a laboratory or explores remote regions, but not both. Lia conducts thorough research. If someone conducts thorough research and explores remote regions, then they can discover new species. Lia sparks an environmental movement. If Lia discovers a new species, then she will either gain international recognition or spark an environmental movement, but not both.

Question:
Based on the above information, is the following statement true, false, or uncertain? Lia does not gain international recognition.

Options:
[""A) True"", ""B) False"", ""C) Uncertain""]","Given the facts below, answer the question.

Facts:
Jamir identifies plant types. If Lamb is a botanist, then she either collects plant samples or works in a laboratory, but not both. Lia either works in a laboratory or explores remote regions, but not both. Lamb is a botanist. Enoch does not document plant habitats. Lamb conducts thorough research. Lia sparks an environmental movement. If Lia discovers a new species, then she will either gain international recognition or spark an environmental movement, but not both. Enoch either works in a laboratory or explores remote regions, but not both. If someone conducts thorough research and explores remote regions, then they can discover new species. Lia conducts thorough research. Lia is a botanist. If Lia is a botanist, then she either collects plant samples or works in a laboratory, but not both. If Lia either identifies plant types or documents plant habitats (but not both), then she collects plant samples. Lia identifies plant types. If Lamb discovers a new species, then she will either gain international recognition or spark an environmental movement, but not both. Enoch sparks an environmental movement. If Lia is passionate about science, then she works in a laboratory and values precise data. Lia does not document plant habitats. If Jamir either identifies plant types or documents plant habitats (but not both), then she collects plant samples.

Question:
Based on the above information, is the following statement true, false, or uncertain? Lia does not gain international recognition.

Options:
[""A) True"", ""B) False"", ""C) Uncertain""]",A,0,"fact1: Lia identifies plant types.
fact2: Lia does not document plant habitats.
rule: If Lia either identifies plant types or documents plant habitats (but not both), then she collects plant samples.
conclusion: Lia collects plant samples.
fact1: Lia is a botanist.
fact2: Lia collects plant samples.
rule: If Lia is a botanist, then she either collects plant samples or works in a laboratory, but not both.
conclusion: Lia does not work in a laboratory.
fact1: Lia does not work in a laboratory.
rule: Lia either works in a laboratory or explores remote regions, but not both.
conclusion: Lia explores remote regions.
fact1: Lia conducts thorough research.
fact2: Lia explores remote regions.
rule: If someone conducts thorough research and explores remote regions, then they can discover new species.
conclusion: Lia discovers a new species.
fact1: Lia discovers a new species.
fact2: Lia sparks an environmental movement.
rule: If Lia discovers a new species, then she will either gain international recognition or spark an environmental movement, but not both.
conclusion: Lia does not gain international recognition.

Therefore, it is true that Lia does not gain international recognition. The correct option is: A."
"Given the facts below, answer the question.

Facts:
Annalise conforms to norms. Annalise either conforms to norms or values individuality, but not both. Annalise values individuality or thinks outside the box. Annalise explores new ideas. For anyone who thinks outside the box and explores new ideas, they can express their creativity. Annalise is free-spirited. If Annalise is free-spirited, then she pursues her artistic passions and inspires others.

Question:
Based on the above information, is the following statement true, false, or uncertain? Annalise pursues her artistic passions.

Options:
[""A) True"", ""B) False"", ""C) Uncertain""]","Given the facts below, answer the question.

Facts:
Bodie explores new ideas. Amari is free-spirited. Bodie either conforms to norms or values individuality, but not both. Annalise values individuality or thinks outside the box. Annalise conforms to norms. Everyone who rejects convention values individuality. Bodie expresses her creativity or inspires others. If Leilany is free-spirited, then she pursues her artistic passions and inspires others. Annalise explores new ideas. For anyone who thinks outside the box and explores new ideas, they can express their creativity. Annalise either conforms to norms or values individuality, but not both. Everyone who has a unique style either enjoys self-expression or expresses their creativity. If Annalise is free-spirited, then she pursues her artistic passions and inspires others. Annalise is free-spirited. If Annalise takes risks, then she either inspires others or has a unique style (or both). Bodie values individuality or thinks outside the box. Bodie conforms to norms.

Question:
Based on the above information, is the following statement true, false, or uncertain? Annalise pursues her artistic passions.

Options:
[""A) True"", ""B) False"", ""C) Uncertain""]",A,0,"fact1: Annalise conforms to norms.
rule: Annalise either conforms to norms or values individuality, but not both.
conclusion: Annalise does not value individuality.
fact1: Annalise does not value individuality.
rule: Annalise values individuality or thinks outside the box.
conclusion: Annalise thinks outside the box.
fact1: Annalise thinks outside the box.
fact2: Annalise explores new ideas.
rule: For anyone who thinks outside the box and explores new ideas, they can express their creativity.
conclusion: Annalise expresses her creativity.
fact1: Annalise is free-spirited.
rule: If Annalise is free-spirited, then she pursues her artistic passions and inspires others.
conclusion: Annalise pursues her artistic passions.

Therefore, it is true that Annalise pursues her artistic passions. The correct option is: A."
"Given the facts below, answer the question.

Facts:
Dr. Emanuel cares for patients. Anyone who cares for patients is passionate about health. All individuals who are passionate about health and publish papers also conduct research. Emanuel does not develop new techniques. If Dr. Emanuel conducts research, then he improves patient outcomes or develops new techniques (or both). Dr. Emanuel specializes in medicine. If Dr. Emanuel specializes in medicine, then he can either improve patient outcomes or advance medical knowledge, but not both.

Question:
Based on the above information, is the following statement true, false, or uncertain? Dr. Emanuel does not advance medical knowledge.

Options:
[""A) True"", ""B) False"", ""C) Uncertain""]","Given the facts below, answer the question.

Facts:
Dr. Emanuel specializes in medicine. If Dr. Emanuel specializes in medicine, then he can either improve patient outcomes or advance medical knowledge, but not both. Saanvi does not share knowledge. If Dr. Emanuel conducts research, then he improves patient outcomes or develops new techniques (or both). If Dr. Estella conducts research, then he improves patient outcomes or develops new techniques (or both). Anyone who cares for patients is passionate about health. Emanuel does not develop new techniques. Dr. Emanuel cares for patients. All individuals who are passionate about health and publish papers also conduct research.

Question:
Based on the above information, is the following statement true, false, or uncertain? Dr. Emanuel does not advance medical knowledge.

Options:
[""A) True"", ""B) False"", ""C) Uncertain""]",A,0,"fact1: Dr. Emanuel cares for patients.
rule: Anyone who cares for patients is passionate about health.
conclusion: Emanuel is passionate about health.
fact1: Emanuel is passionate about health.
rule: All individuals who are passionate about health and publish papers also conduct research.
conclusion: Emanuel conducts research.
fact1: Emanuel conducts research.
fact2: Emanuel does not develop new techniques.
rule: If Dr. Emanuel conducts research, then he improves patient outcomes or develops new techniques (or both).
conclusion: Dr. Emanuel improves patient outcomes.
fact1: Dr. Emanuel specializes in medicine.
fact2: Dr. Emanuel improves patient outcomes.
rule: If Dr. Emanuel specializes in medicine, then he can either improve patient outcomes or advance medical knowledge, but not both.
conclusion: Dr. Emanuel does not advance medical knowledge.

Therefore, it is true that Dr. Emanuel does not advance medical knowledge. The correct option is: A."
"Given the facts below, answer the question.

Facts:
Juan has integrity. Juan is transparent. If Juan has integrity, then he is either honest or transparent, but not both. Juan is either honest or trustworthy. Juan is either trustworthy or deceptive, but not both.

Question:
Based on the above information, is the following statement true, false, or uncertain? Juan is not deceptive.

Options:
[""A) True"", ""B) False"", ""C) Uncertain""]","Given the facts below, answer the question.

Facts:
Juan is transparent. Juan is either honest or trustworthy. Juan is either trustworthy or deceptive, but not both. Dummy is either honest or trustworthy. Juan has integrity. If Juan has integrity, then he is either honest or transparent, but not both. Eugene is transparent.

Question:
Based on the above information, is the following statement true, false, or uncertain? Juan is not deceptive.

Options:
[""A) True"", ""B) False"", ""C) Uncertain""]",A,0,"fact1: Juan has integrity.
fact2: Juan is transparent.
rule: If Juan has integrity, then he is either honest or transparent, but not both.
conclusion: Juan is not honest.
fact1: Juan is not honest.
rule: Juan is either honest or trustworthy.
conclusion: Juan is trustworthy.
fact1: Juan is trustworthy.
rule: Juan is either trustworthy or deceptive, but not both.
conclusion: Juan is not deceptive.

Therefore, it is true that Juan is not deceptive. The correct option is: A."
"Given the facts below, answer the question.

Facts:
Stevie entertains crowds. If Stevie entertains crowds, then he will host events. If Stevie hosts events, then he is an emcee. Stevie does not have good humor. If Stevie is an emcee, then he is either charismatic or has good humor (but not both).

Question:
Based on the above information, is the following statement true, false, or uncertain? Stevie is not outgoing.

Options:
[""A) True"", ""B) False"", ""C) Uncertain""]","Given the facts below, answer the question.

Facts:
If Khari is an emcee, then he is either charismatic or has good humor (but not both). If Stevie hosts events, then he is an emcee. Stevie entertains crowds. If Stevie is an emcee, then he is either charismatic or has good humor (but not both). Stevie does not have good humor. Bubby is charismatic or outgoing (or both). If Sweets hosts events, then he is an emcee. If Khari entertains crowds, then he will host events. If Stevie entertains crowds, then he will host events. Sweets entertains crowds. Sweets does not have good humor.

Question:
Based on the above information, is the following statement true, false, or uncertain? Stevie is not outgoing.

Options:
[""A) True"", ""B) False"", ""C) Uncertain""]",C,2,"fact1: Stevie entertains crowds.
rule: If Stevie entertains crowds, then he will host events.
conclusion: Stevie hosts events.
fact1: Stevie hosts events.
rule: If Stevie hosts events, then he is an emcee.
conclusion: Stevie is an emcee.
fact1: Stevie is an emcee.
fact2: Stevie does not have good humor.
rule: If Stevie is an emcee, then he is either charismatic or has good humor (but not both).
conclusion: Stevie is charismatic.

According to the context and the conclusions that have already been drawn, we can deduce that it is uncertain that Stevie is not outgoing. The correct option is: C."
"Given the facts below, answer the question.

Facts:
Babe admires Bruegel. Babe practices painting. If Babe admires Bruegel and practices painting, then she will study art masterpieces. Babe pays homage to masters. Babe does not create timeless pieces. Anyone who pays homage to masters either preserves artistic traditions or creates timeless pieces (or both). For Babe, either she preserves artistic traditions or she influences others, but not both.

Question:
Based on the above information, is the following statement true, false, or uncertain? If Babe studies art masterpieces, then she develops a unique style.

Options:
[""A) True"", ""B) False"", ""C) Uncertain""]","Given the facts below, answer the question.

Facts:
Babe admires Bruegel. Babe expresses herself creatively or influences others. If Babe admires Bruegel and practices painting, then she will study art masterpieces. Ander does not create timeless pieces. Anyone who pays homage to masters either preserves artistic traditions or creates timeless pieces (or both). For Ahmir, either she preserves artistic traditions or she influences others, but not both. If Keith admires Bruegel and practices painting, then she will study art masterpieces. Babe practices painting. Keith practices painting. Ahmir admires Bruegel. Babe pays homage to masters. Keith pays homage to masters. For Babe, either she preserves artistic traditions or she influences others, but not both. Keith does not create original works. Babe does not create timeless pieces.

Question:
Based on the above information, is the following statement true, false, or uncertain? If Babe studies art masterpieces, then she develops a unique style.

Options:
[""A) True"", ""B) False"", ""C) Uncertain""]",C,2,"fact1: Babe admires Bruegel.
fact2: Babe practices painting.
rule: If Babe admires Bruegel and practices painting, then she will study art masterpieces.
conclusion: Babe studies art masterpieces.
fact1: Babe pays homage to masters.
fact2: Babe does not create timeless pieces.
rule: Anyone who pays homage to masters either preserves artistic traditions or creates timeless pieces (or both).
conclusion: Babe preserves artistic traditions.
fact1: Babe preserves artistic traditions.
rule: For Babe, either she preserves artistic traditions or she influences others, but not both.
conclusion: Babe does not influence others.

According to the context and the conclusions that have already been drawn, we can deduce that it is uncertain that If Babe studies art masterpieces, then she develops a unique style. The correct option is: C."
"Given the facts below, answer the question.

Facts:
Brodie has a vibrant shell. Brodie either has vibrant shell or unique tomalley, but not both. Brodie lives in shallow water. Brodie has large claws. If Brodie lives in shallow water, then he is either hard to catch or has large claws (but not both).

Question:
Based on the above information, is the following statement true, false, or uncertain? Brodie is highly prized.

Options:
[""A) True"", ""B) False"", ""C) Uncertain""]","Given the facts below, answer the question.

Facts:
If Brodie has a large body, then he is either hard to catch or tastes delicious. Brodie lives in shallow water. Brodie has large claws. If Averie lives in shallow water, then he is either hard to catch or has large claws (but not both). Averie has large claws. Averie lives in shallow water. Braylon either has vibrant shell or unique tomalley, but not both. Brodie either has vibrant shell or unique tomalley, but not both. Brodie has a vibrant shell. If Brodie lives in shallow water, then he is either hard to catch or has large claws (but not both). Averie has a vibrant shell.

Question:
Based on the above information, is the following statement true, false, or uncertain? Brodie is highly prized.

Options:
[""A) True"", ""B) False"", ""C) Uncertain""]",C,2,"fact1: Brodie has a vibrant shell.
rule: Brodie either has vibrant shell or unique tomalley, but not both.
conclusion: Brodie does not have unique tomalley.
fact1: Brodie lives in shallow water.
fact2: Brodie has large claws.
rule: If Brodie lives in shallow water, then he is either hard to catch or has large claws (but not both).
conclusion: Brodie is not hard to catch.

According to the context and the conclusions that have already been drawn, we can deduce that it is uncertain that Brodie is highly prized. The correct option is: C."
"Given the facts below, answer the question.

Facts:
Bronson engages in physical activity. For Bronson, he either engages in physical activity or meditates daily, but not necessarily both. Bronson meditates daily or practices yoga. If Bronson practices yoga, then he finds inner peace and is spiritually aware. For every human, they are either spiritually aware or spiritually unaware, but not both.

Question:
Based on the above information, is the following statement true, false, or uncertain? Bronson is spiritually unaware.

Options:
[""A) True"", ""B) False"", ""C) Uncertain""]","Given the facts below, answer the question.

Facts:
If Damir practices yoga, then he finds inner peace and is spiritually aware. If Bronson values serenity, then he meditates daily and prioritizes self-care. If Bronson practices yoga, then he finds inner peace and is spiritually aware. Bronson engages in physical activity. For Bronson, he either engages in physical activity or meditates daily, but not necessarily both. For Damir, he either engages in physical activity or meditates daily, but not necessarily both. Damir engages in physical activity. For every human, they are either spiritually aware or spiritually unaware, but not both. Dutton meditates daily or practices yoga. If Bronson appreciates nature, then he is both spiritually aware and values simplicity. Bronson meditates daily or practices yoga.

Question:
Based on the above information, is the following statement true, false, or uncertain? Bronson is spiritually unaware.

Options:
[""A) True"", ""B) False"", ""C) Uncertain""]",B,1,"fact1: Bronson engages in physical activity.
rule: For Bronson, he either engages in physical activity or meditates daily, but not necessarily both.
conclusion: Bronson does not meditate daily.
fact1: Bronson does not meditate daily.
rule: Bronson meditates daily or practices yoga.
conclusion: Bronson practices yoga.
fact1: Bronson practices yoga.
rule: If Bronson practices yoga, then he finds inner peace and is spiritually aware.
conclusion: Bronson is spiritually aware.
fact1: Bronson is spiritually aware.
rule: For every human, they are either spiritually aware or spiritually unaware, but not both.
conclusion: Bronson is spiritually unaware.

Therefore, it is false that Bronson is spiritually unaware. The correct option is: B."
"Given the facts below, answer the question.

Facts:
Legend chants ancient prayers. If Legend carries a sacred staff or chants ancient prayers, then he can purify souls. Legend brings hope if he purifies souls. Legend prepares the land. If Legend prepares the land, then he either ushers in renewal or brings hope, but not both.

Question:
Based on the above information, is the following statement true, false, or uncertain? Legend ushers in renewal.

Options:
[""A) True"", ""B) False"", ""C) Uncertain""]","Given the facts below, answer the question.

Facts:
If Legend prepares the land, then he either ushers in renewal or brings hope, but not both. Brycen does not hold ritual objects. Legend brings hope if he purifies souls. Legend prepares the land. If Legend carries a sacred staff or chants ancient prayers, then he can purify souls. Legend chants ancient prayers. Rhodes chants ancient prayers.

Question:
Based on the above information, is the following statement true, false, or uncertain? Legend ushers in renewal.

Options:
[""A) True"", ""B) False"", ""C) Uncertain""]",B,1,"fact1: Legend chants ancient prayers.
rule: If Legend carries a sacred staff or chants ancient prayers, then he can purify souls.
conclusion: Legend purifies souls.
fact1: Legend purifies souls.
rule: Legend brings hope if he purifies souls.
conclusion: Legend brings hope.
fact1: Legend prepares the land.
fact2: Legend brings hope.
rule: If Legend prepares the land, then he either ushers in renewal or brings hope, but not both.
conclusion: Legend ushers in renewal.

Therefore, it is false that Legend ushers in renewal. The correct option is: B."
"Given the facts below, answer the question.

Facts:
Brixton has charisma. Brixton has strategic insight. If Brixton has charisma, then he either builds partnerships or has strategic insight, but not both. Brixton resolves conflicts. If Brixton either builds partnerships or resolves conflicts (but not both), then he is a skilled negotiator. If Brixton is a skilled negotiator, then he thinks creatively and achieves success.

Question:
Based on the above information, is the following statement true, false, or uncertain? Brixton achieves success.

Options:
[""A) True"", ""B) False"", ""C) Uncertain""]","Given the facts below, answer the question.

Facts:
Brixton has strategic insight. If Rex is a skilled negotiator, then he thinks creatively and achieves success. If Brixton is a skilled negotiator, then he thinks creatively and achieves success. Brixton resolves conflicts. If Brixton either builds partnerships or resolves conflicts (but not both), then he is a skilled negotiator. Donovan has strategic insight. Rex has charisma. Brixton has charisma. If Brixton has charisma, then he either builds partnerships or has strategic insight, but not both. Cowboy resolves conflicts.

Question:
Based on the above information, is the following statement true, false, or uncertain? Brixton achieves success.

Options:
[""A) True"", ""B) False"", ""C) Uncertain""]",A,0,"fact1: Brixton has charisma.
fact2: Brixton has strategic insight.
rule: If Brixton has charisma, then he either builds partnerships or has strategic insight, but not both.
conclusion: Brixton does not build partnerships.
fact1: Brixton does not build partnerships.
fact2: Brixton resolves conflicts.
rule: If Brixton either builds partnerships or resolves conflicts (but not both), then he is a skilled negotiator.
conclusion: Brixton is a skilled negotiator.
fact1: Brixton is a skilled negotiator.
rule: If Brixton is a skilled negotiator, then he thinks creatively and achieves success.
conclusion: Brixton achieves success.

Therefore, it is true that Brixton achieves success. The correct option is: A."
"Given the facts below, answer the question.

Facts:
Noe reads recipe books. Noe does not watch cooking videos. If Noe either reads recipe books or watches cooking videos (but not both), then he studies cooking. Noe loves Italian cuisine. If Noe studies cooking or loves Italian cuisine, then he can become a chef. Noe values culinary art. Noe does not explore different cuisines. Everyone who values culinary art appreciates good food or explores different cuisines (or both). If Noe appreciates good food, then he can either become a chef or enjoy dining out, but not both.

Question:
Based on the above information, is the following statement true, false, or uncertain? Noe does not enjoy dining out.

Options:
[""A) True"", ""B) False"", ""C) Uncertain""]","Given the facts below, answer the question.

Facts:
Eric reads recipe books. Noe values culinary art. Mariam does not explore different cuisines. Noe reads recipe books. Noe does not watch cooking videos. Josiah values culinary art. If Josiah appreciates good food, then he can either become a chef or enjoy dining out, but not both. If Noe studies cooking or loves Italian cuisine, then he can become a chef. Everyone who values culinary art appreciates good food or explores different cuisines (or both). If Noe appreciates good food, then he can either become a chef or enjoy dining out, but not both. Mariam loves Italian cuisine. Eric does not watch cooking videos. Noe loves Italian cuisine. If Noe either reads recipe books or watches cooking videos (but not both), then he studies cooking. Noe does not explore different cuisines.

Question:
Based on the above information, is the following statement true, false, or uncertain? Noe does not enjoy dining out.

Options:
[""A) True"", ""B) False"", ""C) Uncertain""]",A,0,"fact1: Noe reads recipe books.
fact2: Noe does not watch cooking videos.
rule: If Noe either reads recipe books or watches cooking videos (but not both), then he studies cooking.
conclusion: Noe studies cooking.
fact1: Noe studies cooking.
fact2: Noe loves Italian cuisine.
rule: If Noe studies cooking or loves Italian cuisine, then he can become a chef.
conclusion: Noe becomes a chef.
fact1: Noe values culinary art.
fact2: Noe does not explore different cuisines.
rule: Everyone who values culinary art appreciates good food or explores different cuisines (or both).
conclusion: Noe appreciates good food.
fact1: Noe appreciates good food.
fact2: Noe becomes a chef.
rule: If Noe appreciates good food, then he can either become a chef or enjoy dining out, but not both.
conclusion: Noe does not enjoy dining out.

Therefore, it is true that Noe does not enjoy dining out. The correct option is: A."
"Given the facts below, answer the question.

Facts:
Monroe does not value serenity. Everyone values serenity or prefers privacy. If Monroe prefers privacy, then he seeks anonymity. Monroe either seeks anonymity or is influential, but not both.

Question:
Based on the above information, is the following statement true, false, or uncertain? Monroe is creative, or he is both influential and philanthropic.

Options:
[""A) True"", ""B) False"", ""C) Uncertain""]","Given the facts below, answer the question.

Facts:
Kehlani is philanthropic. Everyone values serenity or prefers privacy. If Kaia prefers privacy, then he seeks anonymity. Kingsley does not value serenity. If Monroe prefers privacy, then he seeks anonymity. Monroe does not value serenity. Monroe either seeks anonymity or is influential, but not both.

Question:
Based on the above information, is the following statement true, false, or uncertain? Monroe is creative, or he is both influential and philanthropic.

Options:
[""A) True"", ""B) False"", ""C) Uncertain""]",C,2,"fact1: Monroe does not value serenity.
rule: Everyone values serenity or prefers privacy.
conclusion: Monroe prefers privacy.
fact1: Monroe prefers privacy.
rule: If Monroe prefers privacy, then he seeks anonymity.
conclusion: Monroe seeks anonymity.
fact1: Monroe seeks anonymity.
rule: Monroe either seeks anonymity or is influential, but not both.
conclusion: Monroe is not influential.

According to the context and the conclusions that have already been drawn, we can deduce that it is uncertain that Monroe is creative, or he is both influential and philanthropic. The correct option is: C."
"Given the facts below, answer the question.

Facts:
Easton doodles symbols. Easton does not illustrate fantasy. If Easton either doodles symbols or illustrates fantasy (but not both), then he sketches landscapes. Easton does not draw cartoons. If Easton sketches landscapes, then he either paints realistic portraits or draws cartoons, but not both. Easton is an artist. If Easton is an artist, then he either works with onyx or paints realistic portraits, but not both.

Question:
Based on the above information, is the following statement true, false, or uncertain? Easton creates dark art.

Options:
[""A) True"", ""B) False"", ""C) Uncertain""]","Given the facts below, answer the question.

Facts:
Ronin does not draw cartoons. Waylen does not illustrate fantasy. Easton doodles symbols. If Easton either doodles symbols or illustrates fantasy (but not both), then he sketches landscapes. If Charlotte is an artist, then he either works with onyx or paints realistic portraits, but not both. If Easton sketches landscapes, then he either paints realistic portraits or draws cartoons, but not both. Easton is an artist. If Easton is an artist, then he either works with onyx or paints realistic portraits, but not both. If Waylen either doodles symbols or illustrates fantasy (but not both), then he sketches landscapes. Ronin is an artist. Easton does not illustrate fantasy. Easton does not draw cartoons. Ronin doodles symbols. If Ronin works with onyx, then he creates dark art.

Question:
Based on the above information, is the following statement true, false, or uncertain? Easton creates dark art.

Options:
[""A) True"", ""B) False"", ""C) Uncertain""]",C,2,"fact1: Easton doodles symbols.
fact2: Easton does not illustrate fantasy.
rule: If Easton either doodles symbols or illustrates fantasy (but not both), then he sketches landscapes.
conclusion: Easton sketches landscapes.
fact1: Easton sketches landscapes.
fact2: Easton does not draw cartoons.
rule: If Easton sketches landscapes, then he either paints realistic portraits or draws cartoons, but not both.
conclusion: Easton paints realistic portraits.
fact1: Easton is an artist.
fact2: Easton paints realistic portraits.
rule: If Easton is an artist, then he either works with onyx or paints realistic portraits, but not both.
conclusion: Easton does not work with onyx.

According to the context and the conclusions that have already been drawn, we can deduce that it is uncertain that Easton creates dark art. The correct option is: C."
"Given the facts below, answer the question.

Facts:
Anaya cares for nature. Anaya does not harmonize with fish. If Anaya cares for nature, then she either swims with marine life or harmonizes with fish (or both). Anaya does not guard sea creatures. Anaya patrols ocean depths. If Anaya either guards sea creatures or patrols ocean depths (but not both), then she defends the ocean. If Anaya defends the ocean, then she either swims with marine life or lives near a pike sanctuary (but not both).

Question:
Based on the above information, is the following statement true, false, or uncertain? Anaya forms strong alliances.

Options:
[""A) True"", ""B) False"", ""C) Uncertain""]","Given the facts below, answer the question.

Facts:
Egypt cares for nature. If Anaya either guards sea creatures or patrols ocean depths (but not both), then she defends the ocean. Anaya does not harmonize with fish. Johanna does not protect northern pike. Whitley patrols ocean depths. Anaya patrols ocean depths. Johanna does not guard sea creatures. Anaya cares for nature. Anaya does not guard sea creatures. If Anaya cares for nature, then she either swims with marine life or harmonizes with fish (or both). If Anaya defends the ocean, then she either swims with marine life or lives near a pike sanctuary (but not both).

Question:
Based on the above information, is the following statement true, false, or uncertain? Anaya forms strong alliances.

Options:
[""A) True"", ""B) False"", ""C) Uncertain""]",C,2,"fact1: Anaya cares for nature.
fact2: Anaya does not harmonize with fish.
rule: If Anaya cares for nature, then she either swims with marine life or harmonizes with fish (or both).
conclusion: Anaya swims with marine life.
fact1: Anaya does not guard sea creatures.
fact2: Anaya patrols ocean depths.
rule: If Anaya either guards sea creatures or patrols ocean depths (but not both), then she defends the ocean.
conclusion: Anaya defends the ocean.
fact1: Anaya defends the ocean.
fact2: Anaya swims with marine life.
rule: If Anaya defends the ocean, then she either swims with marine life or lives near a pike sanctuary (but not both).
conclusion: Anaya does not live near a pike sanctuary.

According to the context and the conclusions that have already been drawn, we can deduce that it is uncertain that Anaya forms strong alliances. The correct option is: C."
"Given the facts below, answer the question.

Facts:
Kamari does not examine crime scenes. Kamari studies case files. If someone either examines crime scenes or studies case files (but not both), then they pay attention to clues. Kamari does not analyze evidence. Kamari follows leads. If Kamari either analyzes evidence or follows leads (but not both), then he investigates crime. If Kamari investigates crime, then he either overlooks details or pays attention to clues, but not both. Kamari either overlooks details or is good at making suppositions, but not both. Kamari is either good at making suppositions or bad at making suppositions, but not both.

Question:
Based on the above information, is the following statement true, false, or uncertain? Kamari is bad at making suppositions.

Options:
[""A) True"", ""B) False"", ""C) Uncertain""]","Given the facts below, answer the question.

Facts:
Kamari is either good at making suppositions or bad at making suppositions, but not both. Kamari follows leads. If Kamari investigates crime, then he either overlooks details or pays attention to clues, but not both. Kamari studies case files. Kamari does not analyze evidence. If someone either examines crime scenes or studies case files (but not both), then they pay attention to clues. If Gabriella investigates crime, then he either overlooks details or pays attention to clues, but not both. Kamari does not examine crime scenes. Cyrus is either good at making suppositions or bad at making suppositions, but not both. If Kamari either analyzes evidence or follows leads (but not both), then he investigates crime. Kamari either overlooks details or is good at making suppositions, but not both. Gabriella does not examine crime scenes.

Question:
Based on the above information, is the following statement true, false, or uncertain? Kamari is bad at making suppositions.

Options:
[""A) True"", ""B) False"", ""C) Uncertain""]",B,1,"fact1: Kamari does not examine crime scenes.
fact2: Kamari studies case files.
rule: If someone either examines crime scenes or studies case files (but not both), then they pay attention to clues.
conclusion: Kamari pays attention to clues.
fact1: Kamari does not analyze evidence.
fact2: Kamari follows leads.
rule: If Kamari either analyzes evidence or follows leads (but not both), then he investigates crime.
conclusion: Kamari investigates crime.
fact1: Kamari investigates crime.
fact2: Kamari pays attention to clues.
rule: If Kamari investigates crime, then he either overlooks details or pays attention to clues, but not both.
conclusion: Kamari does not overlook details.
fact1: Kamari does not overlook details.
rule: Kamari either overlooks details or is good at making suppositions, but not both.
conclusion: Kamari is good at making suppositions.
fact1: Kamari is good at making suppositions.
rule: Kamari is either good at making suppositions or bad at making suppositions, but not both.
conclusion: Kamari is bad at making suppositions.

Therefore, it is false that Kamari is bad at making suppositions. The correct option is: B."
"Given the facts below, answer the question.

Facts:
Jujube has a unique appearance. Jujube is not playful. If Jujube has a unique appearance, then she is either independent or playful, but not both. Jujube sees illusions often. Any cat that lives with a magician or sees illusions often can witness magic tricks. For all cats, if they witness magic tricks, then they remain unimpressed.

Question:
Based on the above information, is the following statement true, false, or uncertain? Jujube remains unimpressed.

Options:
[""A) True"", ""B) False"", ""C) Uncertain""]","Given the facts below, answer the question.

Facts:
If Kimber has discerning taste, then she is independent and lives with a magician. For all cats, if they witness magic tricks, then they remain unimpressed. Kimber sees illusions often. Jujube sees illusions often. Karim is not playful. Kimber has a unique appearance. Jujube has a unique appearance. Alina does not have discerning taste. If Jujube has a unique appearance, then she is either independent or playful, but not both. Jujube is not playful. Any cat that lives with a magician or sees illusions often can witness magic tricks.

Question:
Based on the above information, is the following statement true, false, or uncertain? Jujube remains unimpressed.

Options:
[""A) True"", ""B) False"", ""C) Uncertain""]",A,0,"fact1: Jujube has a unique appearance.
fact2: Jujube is not playful.
rule: If Jujube has a unique appearance, then she is either independent or playful, but not both.
conclusion: Jujube is independent.
fact1: Jujube sees illusions often.
rule: Any cat that lives with a magician or sees illusions often can witness magic tricks.
conclusion: Jujube witnesses magic tricks.
fact1: Jujube witnesses magic tricks.
rule: For all cats, if they witness magic tricks, then they remain unimpressed.
conclusion: Jujube remains unimpressed.

Therefore, it is true that Jujube remains unimpressed. The correct option is: A."
"Given the facts below, answer the question.

Facts:
Rosie collaborates with others. Rosie either collaborates with others or creates original works, but not both. Rosie has good taste. If someone has good taste, then they pay attention to detail and are creative. If Rosie is creative, then she can either create original works or leave a lasting legacy, but not both.

Question:
Based on the above information, is the following statement true, false, or uncertain? Rosie does not leave a lasting legacy.

Options:
[""A) True"", ""B) False"", ""C) Uncertain""]","Given the facts below, answer the question.

Facts:
Rosie collaborates with others. Zyon collaborates with others. Rosie has good taste. Rosie either collaborates with others or creates original works, but not both. Colt either collaborates with others or creates original works, but not both. If someone has good taste, then they pay attention to detail and are creative. If Rosie is creative, then she can either create original works or leave a lasting legacy, but not both.

Question:
Based on the above information, is the following statement true, false, or uncertain? Rosie does not leave a lasting legacy.

Options:
[""A) True"", ""B) False"", ""C) Uncertain""]",B,1,"fact1: Rosie collaborates with others.
rule: Rosie either collaborates with others or creates original works, but not both.
conclusion: Rosie does not create original works.
fact1: Rosie has good taste.
rule: If someone has good taste, then they pay attention to detail and are creative.
conclusion: Rosie is creative.
fact1: Rosie is creative.
fact2: Rosie does not create original works.
rule: If Rosie is creative, then she can either create original works or leave a lasting legacy, but not both.
conclusion: Rosie does not leave a lasting legacy.

Therefore, it is false that Rosie does not leave a lasting legacy. The correct option is: B."
"Given the facts below, answer the question.

Facts:
Eugene studies geography. Eugene does not create atlases. If Eugene studies geography, then he either creates atlases or specializes in oceanography, but not both. Eugene either specializes in oceanography or accurately maps territories, but not both.

Question:
Based on the above information, is the following statement true, false, or uncertain? Eugene cannot help resolve border disputes.

Options:
[""A) True"", ""B) False"", ""C) Uncertain""]","Given the facts below, answer the question.

Facts:
Eugene studies geography. Zariyah studies geography. Lia either specializes in oceanography or accurately maps territories, but not both. Eugene does not create atlases. Eugene either specializes in oceanography or accurately maps territories, but not both. If Eugene studies geography, then he either creates atlases or specializes in oceanography, but not both.

Question:
Based on the above information, is the following statement true, false, or uncertain? Eugene cannot help resolve border disputes.

Options:
[""A) True"", ""B) False"", ""C) Uncertain""]",C,2,"fact1: Eugene studies geography.
fact2: Eugene does not create atlases.
rule: If Eugene studies geography, then he either creates atlases or specializes in oceanography, but not both.
conclusion: Eugene specializes in oceanography.
fact1: Eugene specializes in oceanography.
rule: Eugene either specializes in oceanography or accurately maps territories, but not both.
conclusion: Eugene does not accurately map territories.

According to the context and the conclusions that have already been drawn, we can deduce that it is uncertain that Eugene cannot help resolve border disputes. The correct option is: C."
"Given the facts below, answer the question.

Facts:
Evangeline uses a wheelchair. Evangeline does not need a caregiver. If someone either uses a wheelchair or needs a caregiver (but not both), then they require assistance. Evangeline has a rare condition. Anyone who has a rare condition or requires assistance is physically challenged. Evangeline does not overcome adversity. Evangeline either overcomes adversity or inspires others, but not both. If Evangeline is physically challenged, then she can either inspire others or pursue creative passions, but not both.

Question:
Based on the above information, is the following statement true, false, or uncertain? Evangeline does not pursue creative passions.

Options:
[""A) True"", ""B) False"", ""C) Uncertain""]","Given the facts below, answer the question.

Facts:
Evangeline does not need a caregiver. Evangeline has a rare condition. If someone either uses a wheelchair or needs a caregiver (but not both), then they require assistance. Evangeline uses a wheelchair. Evangeline either overcomes adversity or inspires others, but not both. Anyone who has a rare condition or requires assistance is physically challenged. If Evangeline is physically challenged, then she can either inspire others or pursue creative passions, but not both. Evangeline does not overcome adversity. Sasha does not need a caregiver.

Question:
Based on the above information, is the following statement true, false, or uncertain? Evangeline does not pursue creative passions.

Options:
[""A) True"", ""B) False"", ""C) Uncertain""]",A,0,"fact1: Evangeline uses a wheelchair.
fact2: Evangeline does not need a caregiver.
rule: If someone either uses a wheelchair or needs a caregiver (but not both), then they require assistance.
conclusion: Evangeline requires assistance.
fact1: Evangeline has a rare condition.
fact2: Evangeline requires assistance.
rule: Anyone who has a rare condition or requires assistance is physically challenged.
conclusion: Evangeline is physically challenged.
fact1: Evangeline does not overcome adversity.
rule: Evangeline either overcomes adversity or inspires others, but not both.
conclusion: Evangeline inspires others.
fact1: Evangeline is physically challenged.
fact2: Evangeline inspires others.
rule: If Evangeline is physically challenged, then she can either inspire others or pursue creative passions, but not both.
conclusion: Evangeline does not pursue creative passions.

Therefore, it is true that Evangeline does not pursue creative passions. The correct option is: A."
"Given the facts below, answer the question.

Facts:
Giselle has natural ability. Giselle either has natural ability or works hard, but not both. Giselle has good taste. If Giselle has good taste or works hard, then she can be a skilled baker. Giselle does not create masterpieces. Every skilled baker either creates masterpieces or is experienced (or both). Giselle is a master chef. If Giselle is a master chef, then she is either innovative or experienced, but not both.

Question:
Based on the above information, is the following statement true, false, or uncertain? Giselle is not renowned.

Options:
[""A) True"", ""B) False"", ""C) Uncertain""]","Given the facts below, answer the question.

Facts:
Giselle has good taste. Every skilled baker either creates masterpieces or is experienced (or both). Giselle does not create masterpieces. If Brycen has good taste or works hard, then she can be a skilled baker. If Giselle is a master chef, then she is either innovative or experienced, but not both. If Giselle has good taste or works hard, then she can be a skilled baker. Giselle is a master chef. Giselle has natural ability. Giselle either has natural ability or works hard, but not both.

Question:
Based on the above information, is the following statement true, false, or uncertain? Giselle is not renowned.

Options:
[""A) True"", ""B) False"", ""C) Uncertain""]",C,2,"fact1: Giselle has natural ability.
rule: Giselle either has natural ability or works hard, but not both.
conclusion: Giselle does not work hard.
fact1: Giselle has good taste.
fact2: Giselle does not work hard.
rule: If Giselle has good taste or works hard, then she can be a skilled baker.
conclusion: Giselle is a skilled baker.
fact1: Giselle is a skilled baker.
fact2: Giselle does not create masterpieces.
rule: Every skilled baker either creates masterpieces or is experienced (or both).
conclusion: Giselle is experienced.
fact1: Giselle is a master chef.
fact2: Giselle is experienced.
rule: If Giselle is a master chef, then she is either innovative or experienced, but not both.
conclusion: Giselle is not innovative in her culinary approach.

According to the context and the conclusions that have already been drawn, we can deduce that it is uncertain that Giselle is not renowned. The correct option is: C."
"Given the facts below, answer the question.

Facts:
Skyler has experience. Skyler asks questions. If Skyler has experience, then he either finds solutions or asks questions (but not both). Skyler analyzes data. If Skyler either analyzes data or finds solutions (but not both), then he thinks critically. If Skyler thinks critically, then he values efficiency and enjoys innovating. Skyler enjoys solving problems. If Skyler enjoys solving problems, then he is a tech enthusiast and enjoys innovating. Skyler is either a tech enthusiast or a tech phobe, but not both.

Question:
Based on the above information, is the following statement true, false, or uncertain? Skyler is a tech phobe.

Options:
[""A) True"", ""B) False"", ""C) Uncertain""]","Given the facts below, answer the question.

Facts:
If Skyler either analyzes data or finds solutions (but not both), then he thinks critically. If Skyler has experience, then he either finds solutions or asks questions (but not both). Zaylee enjoys solving problems. Skyler asks questions. Skyler has experience. If Skyler enjoys solving problems, then he is a tech enthusiast and enjoys innovating. If Zaylee has experience, then he either finds solutions or asks questions (but not both). Wyatt analyzes data. Skyler is either a tech enthusiast or a tech phobe, but not both. If Zaylee enjoys solving problems, then he is a tech enthusiast and enjoys innovating. If Wyatt either analyzes data or finds solutions (but not both), then he thinks critically. Wyatt asks questions. Skyler analyzes data. If Skyler thinks critically, then he values efficiency and enjoys innovating. Sweetkins is either a tech enthusiast or a tech phobe, but not both. Skyler enjoys solving problems.

Question:
Based on the above information, is the following statement true, false, or uncertain? Skyler is a tech phobe.

Options:
[""A) True"", ""B) False"", ""C) Uncertain""]",B,1,"fact1: Skyler has experience.
fact2: Skyler asks questions.
rule: If Skyler has experience, then he either finds solutions or asks questions (but not both).
conclusion: Skyler does not find solutions.
fact1: Skyler analyzes data.
fact2: Skyler does not find solutions.
rule: If Skyler either analyzes data or finds solutions (but not both), then he thinks critically.
conclusion: Skyler thinks critically.
fact1: Skyler thinks critically.
rule: If Skyler thinks critically, then he values efficiency and enjoys innovating.
conclusion: Skyler enjoys innovating.
fact1: Skyler enjoys solving problems.
fact2: Skyler enjoys innovating.
rule: If Skyler enjoys solving problems, then he is a tech enthusiast and enjoys innovating.
conclusion: Skyler is a tech enthusiast.
fact1: Skyler is a tech enthusiast.
rule: Skyler is either a tech enthusiast or a tech phobe, but not both.
conclusion: Skyler is a tech phobe.

Therefore, it is false that Skyler is a tech phobe. The correct option is: B."
"Given the facts below, answer the question.

Facts:
Westyn leads innovative projects. Westyn does not value teamwork. Everyone who leads innovative projects either has a collaborative mindset or values teamwork (or both). Westyn is passionate about health. Westyn is not driven by empathy. Anyone who is passionate about health or driven by empathy has a dedication to the cause.

Question:
Based on the above information, is the following statement true, false, or uncertain? If Westyn has either expertise in HIV research or dedication to the cause (but not both), then he is making a difference.

Options:
[""A) True"", ""B) False"", ""C) Uncertain""]","Given the facts below, answer the question.

Facts:
Westyn does not value teamwork. Westyn leads innovative projects. If Dewdrop is persistent in his efforts, then he has expertise in HIV research and a collaborative mindset. Westyn is not driven by empathy. Westyn is passionate about health. Everyone who leads innovative projects either has a collaborative mindset or values teamwork (or both). Anyone who is passionate about health or driven by empathy has a dedication to the cause.

Question:
Based on the above information, is the following statement true, false, or uncertain? If Westyn has either expertise in HIV research or dedication to the cause (but not both), then he is making a difference.

Options:
[""A) True"", ""B) False"", ""C) Uncertain""]",C,2,"fact1: Westyn leads innovative projects.
fact2: Westyn does not value teamwork.
rule: Everyone who leads innovative projects either has a collaborative mindset or values teamwork (or both).
conclusion: Westyn has a collaborative mindset.
fact1: Westyn is passionate about health.
fact2: Westyn is not driven by empathy.
rule: Anyone who is passionate about health or driven by empathy has a dedication to the cause.
conclusion: Westyn is dedicated to the cause.

According to the context and the conclusions that have already been drawn, we can deduce that it is uncertain that If Westyn has either expertise in HIV research or dedication to the cause (but not both), then he is making a difference. The correct option is: C."
"Given the facts below, answer the question.

Facts:
Dariel studies philosophy. Dariel either studies philosophy or practices martial arts, but not both.

Question:
Based on the above information, is the following statement true, false, or uncertain? Dariel becomes a mentor.

Options:
[""A) True"", ""B) False"", ""C) Uncertain""]","Given the facts below, answer the question.

Facts:
Carolina studies philosophy. Dariel either studies philosophy or practices martial arts, but not both. If Mckenzie practices martial arts, then he can either achieve inner peace or become a mentor, but not both. Dariel studies philosophy. Carolina either studies philosophy or practices martial arts, but not both.

Question:
Based on the above information, is the following statement true, false, or uncertain? Dariel becomes a mentor.

Options:
[""A) True"", ""B) False"", ""C) Uncertain""]",C,2,"fact1: Dariel studies philosophy.
rule: Dariel either studies philosophy or practices martial arts, but not both.
conclusion: Dariel does not practice martial arts.

According to the context and the conclusions that have already been drawn, we can deduce that it is uncertain that Dariel becomes a mentor. The correct option is: C."
"Given the facts below, answer the question.

Facts:
Katherine is adventurous. Katherine is physically strong. If Katherine is adventurous, then she either has mental fortitude or is physically strong, but not both. Katherine faces challenges. Katherine either faces challenges or gains experience, but not necessarily both. Katherine gains experience or has expertise.

Question:
Based on the above information, is the following statement true, false, or uncertain? Katherine does not succeed in harsh conditions.

Options:
[""A) True"", ""B) False"", ""C) Uncertain""]","Given the facts below, answer the question.

Facts:
If Sky is adventurous, then she either has mental fortitude or is physically strong, but not both. Katherine faces challenges. Katherine gains experience or has expertise. Rebecca either faces challenges or gains experience, but not necessarily both. If Katherine is adventurous, then she either has mental fortitude or is physically strong, but not both. Katherine is adventurous. Katherine either faces challenges or gains experience, but not necessarily both. Sky is adventurous. Kohen gains experience or has expertise. Katherine is physically strong.

Question:
Based on the above information, is the following statement true, false, or uncertain? Katherine does not succeed in harsh conditions.

Options:
[""A) True"", ""B) False"", ""C) Uncertain""]",C,2,"fact1: Katherine is adventurous.
fact2: Katherine is physically strong.
rule: If Katherine is adventurous, then she either has mental fortitude or is physically strong, but not both.
conclusion: Katherine does not have mental fortitude.
fact1: Katherine faces challenges.
rule: Katherine either faces challenges or gains experience, but not necessarily both.
conclusion: Katherine does not gain experience.
fact1: Katherine does not gain experience.
rule: Katherine gains experience or has expertise.
conclusion: Katherine has expertise.

According to the context and the conclusions that have already been drawn, we can deduce that it is uncertain that Katherine does not succeed in harsh conditions. The correct option is: C."
"Given the facts below, answer the question.

Facts:
Allie is expressive. All expressive people have artistic talent and value creativity. Allie thinks logically. Allie is either impulsive or thinks logically, but not both. If Allie has artistic talent, then she is either emotionally stable or impulsive, but not both. Allie is either emotionally stable or emotionally unstable, but not both.

Question:
Based on the above information, is the following statement true, false, or uncertain? Allie is emotionally unstable.

Options:
[""A) True"", ""B) False"", ""C) Uncertain""]","Given the facts below, answer the question.

Facts:
Allie thinks logically. Allie is expressive. Allie is either emotionally stable or emotionally unstable, but not both. Kaia is either impulsive or thinks logically, but not both. Livia is either emotionally stable or emotionally unstable, but not both. If Emmett has artistic talent, then she is either emotionally stable or impulsive, but not both. If Allie has artistic talent, then she is either emotionally stable or impulsive, but not both. All expressive people have artistic talent and value creativity. Allie is either impulsive or thinks logically, but not both. Kaia does not appreciate beauty.

Question:
Based on the above information, is the following statement true, false, or uncertain? Allie is emotionally unstable.

Options:
[""A) True"", ""B) False"", ""C) Uncertain""]",B,1,"fact1: Allie is expressive.
rule: All expressive people have artistic talent and value creativity.
conclusion: Allie has artistic talent.
fact1: Allie thinks logically.
rule: Allie is either impulsive or thinks logically, but not both.
conclusion: Allie is not impulsive.
fact1: Allie has artistic talent.
fact2: Allie is not impulsive.
rule: If Allie has artistic talent, then she is either emotionally stable or impulsive, but not both.
conclusion: Allie is emotionally stable.
fact1: Allie is emotionally stable.
rule: Allie is either emotionally stable or emotionally unstable, but not both.
conclusion: Allie is emotionally unstable.

Therefore, it is false that Allie is emotionally unstable. The correct option is: B."
"Given the facts below, answer the question.

Facts:
Gatlin undergoes trauma. Gatlin seeks support. If Gatlin undergoes trauma, then she can either find healing or seek support, but not both. Gatlin does not live a stable life. Gatlin either lives a stable life or faces adversity, but not both. If Gatlin faces adversity, then she can either find healing or create something meaningful, but not both.

Question:
Based on the above information, is the following statement true, false, or uncertain? Gatlin does not create something meaningful.

Options:
[""A) True"", ""B) False"", ""C) Uncertain""]","Given the facts below, answer the question.

Facts:
Gatlin seeks support. Laylani seeks support. Gatlin undergoes trauma. Gatlin does not live a stable life. If Gatlin undergoes trauma, then she can either find healing or seek support, but not both. Laylani does not live a stable life. Gatlin either lives a stable life or faces adversity, but not both. If Gatlin faces adversity, then she can either find healing or create something meaningful, but not both.

Question:
Based on the above information, is the following statement true, false, or uncertain? Gatlin does not create something meaningful.

Options:
[""A) True"", ""B) False"", ""C) Uncertain""]",B,1,"fact1: Gatlin undergoes trauma.
fact2: Gatlin seeks support.
rule: If Gatlin undergoes trauma, then she can either find healing or seek support, but not both.
conclusion: Gatlin does not find healing.
fact1: Gatlin does not live a stable life.
rule: Gatlin either lives a stable life or faces adversity, but not both.
conclusion: Gatlin faces adversity.
fact1: Gatlin faces adversity.
fact2: Gatlin does not find healing.
rule: If Gatlin faces adversity, then she can either find healing or create something meaningful, but not both.
conclusion: Gatlin does not create something meaningful.

Therefore, it is false that Gatlin does not create something meaningful. The correct option is: B."
"Given the facts below, answer the question.

Facts:
Truett is reliable. Truett follows rules. If Truett is reliable, then he follows rules and seeks justice. Truett makes tough decisions. Anyone who makes tough decisions is responsible. If Truett is responsible and has a conflict of interest, then he upholds ethics. If Truett has a conflict of interest or holds public office, then he prioritizes impartiality.

Question:
Based on the above information, is the following statement true, false, or uncertain? Truett does not prioritize impartiality.

Options:
[""A) True"", ""B) False"", ""C) Uncertain""]","Given the facts below, answer the question.

Facts:
Anyone who makes tough decisions is responsible. Aidan makes tough decisions. If Truett is reliable, then he follows rules and seeks justice. Truett is reliable. If Truett is responsible and has a conflict of interest, then he upholds ethics. If Truett has a conflict of interest or holds public office, then he prioritizes impartiality. Truett follows rules. Truett makes tough decisions.

Question:
Based on the above information, is the following statement true, false, or uncertain? Truett does not prioritize impartiality.

Options:
[""A) True"", ""B) False"", ""C) Uncertain""]",B,1,"fact1: Truett is reliable.
fact2: Truett follows rules.
rule: If Truett is reliable, then he follows rules and seeks justice.
conclusion: Truett seeks justice.
fact1: Truett makes tough decisions.
rule: Anyone who makes tough decisions is responsible.
conclusion: Truett is responsible.
fact1: Truett is responsible.
rule: If Truett is responsible and has a conflict of interest, then he upholds ethics.
conclusion: Truett has a conflict of interest.
fact1: Truett has a conflict of interest.
rule: If Truett has a conflict of interest or holds public office, then he prioritizes impartiality.
conclusion: Truett does not prioritize impartiality.

Therefore, it is false that Truett does not prioritize impartiality. The correct option is: B."
"Given the facts below, answer the question.

Facts:
Zahir meditates regularly. Zahir finds inner peace. If Zahir meditates regularly, then he either gains insight or finds inner peace, but not both. Zahir seeks guidance. Everyone who seeks guidance either gains insight or becomes self-aware (or both). Either Zahir's visitor is self-aware or self-unaware, but not both.

Question:
Based on the above information, is the following statement true, false, or uncertain? Zahir's visitor is not self-unaware.

Options:
[""A) True"", ""B) False"", ""C) Uncertain""]","Given the facts below, answer the question.

Facts:
Either Caspian's visitor is self-aware or self-unaware, but not both. Zahir finds inner peace. Caspian meditates regularly. Everyone who seeks guidance either gains insight or becomes self-aware (or both). If Zahir meditates regularly, then he either gains insight or finds inner peace, but not both. Zahir seeks guidance. Either Zahir's visitor is self-aware or self-unaware, but not both. Zahir meditates regularly.

Question:
Based on the above information, is the following statement true, false, or uncertain? Zahir's visitor is not self-unaware.

Options:
[""A) True"", ""B) False"", ""C) Uncertain""]",A,0,"fact1: Zahir meditates regularly.
fact2: Zahir finds inner peace.
rule: If Zahir meditates regularly, then he either gains insight or finds inner peace, but not both.
conclusion: Zahir does not gain insight.
fact1: Zahir seeks guidance.
fact2: Zahir does not gain insight.
rule: Everyone who seeks guidance either gains insight or becomes self-aware (or both).
conclusion: Zahir's visitor is self-aware.
fact1: Zahir's visitor is self-aware.
rule: Either Zahir's visitor is self-aware or self-unaware, but not both.
conclusion: Zahir's visitor is not self-unaware.

Therefore, it is true that Zahir's visitor is not self-unaware. The correct option is: A."
"Given the facts below, answer the question.

Facts:
Alexander is determined. Alexander craves recognition. If Alexander is determined, then he either seeks power or craves recognition, but not both. Alexander seeks power or pursues success at all costs. If Alexander pursues success at all costs, then he is overly ambitious. Alexander does not compromise his values. If Alexander is overly ambitious, then he either compromises his values or loses his reputation (or both).

Question:
Based on the above information, is the following statement true, false, or uncertain? Alexander does not lose his reputation.

Options:
[""A) True"", ""B) False"", ""C) Uncertain""]","Given the facts below, answer the question.

Facts:
If Kabir pursues success at all costs, then he is overly ambitious. Alexander craves recognition. If Alexander pursues success at all costs, then he is overly ambitious. If Alexander is overly ambitious, then he either compromises his values or loses his reputation (or both). If Kabir is determined, then he either seeks power or craves recognition, but not both. If Alexander is determined, then he either seeks power or craves recognition, but not both. Alexander seeks power or pursues success at all costs. If Marleigh is overly ambitious, then he either compromises his values or loses his reputation (or both). Kabir is determined. Marleigh seeks power or pursues success at all costs. Alexander is determined. Kabir craves recognition. Alexander does not compromise his values.

Question:
Based on the above information, is the following statement true, false, or uncertain? Alexander does not lose his reputation.

Options:
[""A) True"", ""B) False"", ""C) Uncertain""]",B,1,"fact1: Alexander is determined.
fact2: Alexander craves recognition.
rule: If Alexander is determined, then he either seeks power or craves recognition, but not both.
conclusion: Alexander does not seek power.
fact1: Alexander does not seek power.
rule: Alexander seeks power or pursues success at all costs.
conclusion: Alexander pursues success at all costs.
fact1: Alexander pursues success at all costs.
rule: If Alexander pursues success at all costs, then he is overly ambitious.
conclusion: Alexander is overly ambitious.
fact1: Alexander is overly ambitious.
fact2: Alexander does not compromise his values.
rule: If Alexander is overly ambitious, then he either compromises his values or loses his reputation (or both).
conclusion: Alexander does not lose his reputation.

Therefore, it is false that Alexander does not lose his reputation. The correct option is: B."
"Given the facts below, answer the question.

Facts:
Amanda does not value minimalism. Amanda understands human psychology. If Amanda either values minimalism or understands human psychology (but not both), then she is able to design serenity spaces. Amanda has cultural knowledge. If Amanda has cultural knowledge, then she either designs serenity spaces or crafts unique experiences, but not both. Amanda blends tradition and modernity. Everyone who blends tradition and modernity either creates innovative spaces or crafts unique experiences (or both). Amanda is a visionary designer. If Amanda is a visionary designer, then she creates innovative spaces and earns widespread recognition.

Question:
Based on the above information, is the following statement true, false, or uncertain? Amanda does not earn widespread recognition.

Options:
[""A) True"", ""B) False"", ""C) Uncertain""]","Given the facts below, answer the question.

Facts:
Everyone who blends tradition and modernity either creates innovative spaces or crafts unique experiences (or both). Amanda is a visionary designer. If Lilith has cultural knowledge, then she either designs serenity spaces or crafts unique experiences, but not both. Amanda understands human psychology. If Amanda is a visionary designer, then she creates innovative spaces and earns widespread recognition. Amanda blends tradition and modernity. Amanda has cultural knowledge. If Amanda has cultural knowledge, then she either designs serenity spaces or crafts unique experiences, but not both. If Amanda either values minimalism or understands human psychology (but not both), then she is able to design serenity spaces. Amanda does not value minimalism.

Question:
Based on the above information, is the following statement true, false, or uncertain? Amanda does not earn widespread recognition.

Options:
[""A) True"", ""B) False"", ""C) Uncertain""]",B,1,"fact1: Amanda does not value minimalism.
fact2: Amanda understands human psychology.
rule: If Amanda either values minimalism or understands human psychology (but not both), then she is able to design serenity spaces.
conclusion: Amanda designs serenity spaces.
fact1: Amanda has cultural knowledge.
fact2: Amanda designs serenity spaces.
rule: If Amanda has cultural knowledge, then she either designs serenity spaces or crafts unique experiences, but not both.
conclusion: Amanda does not craft unique experiences.
fact1: Amanda blends tradition and modernity.
fact2: Amanda does not craft unique experiences.
rule: Everyone who blends tradition and modernity either creates innovative spaces or crafts unique experiences (or both).
conclusion: Amanda creates innovative spaces.
fact1: Amanda is a visionary designer.
fact2: Amanda creates innovative spaces.
rule: If Amanda is a visionary designer, then she creates innovative spaces and earns widespread recognition.
conclusion: Amanda does not earn widespread recognition.

Therefore, it is false that Amanda does not earn widespread recognition. The correct option is: B."
"Given the facts below, answer the question.

Facts:
Rayden does not develop theories. Rayden either develops theories or tests hypotheses, but these two approaches are not necessarily used together. Rayden analyzes results. Rayden either analyzes results or collects data, but not both. Rayden follows scientific methods. Anyone who follows scientific methods and tests hypotheses can conduct experiments. If Rayden either conducts experiments or collects data (but not both), then he is empirical.

Question:
Based on the above information, is the following statement true, false, or uncertain? Rayden's findings are reliable.

Options:
[""A) True"", ""B) False"", ""C) Uncertain""]","Given the facts below, answer the question.

Facts:
Anyone who follows scientific methods and tests hypotheses can conduct experiments. Rayden either analyzes results or collects data, but not both. Rayden follows scientific methods. Salvatore follows scientific methods. Rayden does not develop theories. Makai does not develop theories. Rayden analyzes results. Rayden either develops theories or tests hypotheses, but these two approaches are not necessarily used together. If Rayden either conducts experiments or collects data (but not both), then he is empirical.

Question:
Based on the above information, is the following statement true, false, or uncertain? Rayden's findings are reliable.

Options:
[""A) True"", ""B) False"", ""C) Uncertain""]",C,2,"fact1: Rayden does not develop theories.
rule: Rayden either develops theories or tests hypotheses, but these two approaches are not necessarily used together.
conclusion: Rayden tests hypotheses.
fact1: Rayden analyzes results.
rule: Rayden either analyzes results or collects data, but not both.
conclusion: Rayden does not collect data.
fact1: Rayden follows scientific methods.
fact2: Rayden tests hypotheses.
rule: Anyone who follows scientific methods and tests hypotheses can conduct experiments.
conclusion: Rayden conducts experiments.
fact1: Rayden conducts experiments.
fact2: Rayden does not collect data.
rule: If Rayden either conducts experiments or collects data (but not both), then he is empirical.
conclusion: Rayden's approach is empirical.

According to the context and the conclusions that have already been drawn, we can deduce that it is uncertain that Rayden's findings are reliable. The correct option is: C."
"Given the facts below, answer the question.

Facts:
Chloe tolerates mess. Chloe finds freedom. If someone tolerates mess and finds freedom, then they can embrace chaos. Chloe appreciates beauty. If Chloe embraces chaos, then she values imperfection and appreciates beauty. Chloe either values imperfection or is a perfectionist, but not both.

Question:
Based on the above information, is the following statement true, false, or uncertain? Chloe struggles with creativity.

Options:
[""A) True"", ""B) False"", ""C) Uncertain""]","Given the facts below, answer the question.

Facts:
Chloe finds freedom. Chloe appreciates beauty. If Milena is a perfectionist or dissatisfied with life, then she struggles with creativity. Makai finds freedom. Albert is not dissatisfied with life. Chloe tolerates mess. If someone tolerates mess and finds freedom, then they can embrace chaos. Milena appreciates beauty. Makai tolerates mess. Milena either values imperfection or is a perfectionist, but not both. Chloe either values imperfection or is a perfectionist, but not both. If Chloe embraces chaos, then she values imperfection and appreciates beauty.

Question:
Based on the above information, is the following statement true, false, or uncertain? Chloe struggles with creativity.

Options:
[""A) True"", ""B) False"", ""C) Uncertain""]",C,2,"fact1: Chloe tolerates mess.
fact2: Chloe finds freedom.
rule: If someone tolerates mess and finds freedom, then they can embrace chaos.
conclusion: Chloe embraces chaos.
fact1: Chloe embraces chaos.
fact2: Chloe appreciates beauty.
rule: If Chloe embraces chaos, then she values imperfection and appreciates beauty.
conclusion: Chloe values imperfection.
fact1: Chloe values imperfection.
rule: Chloe either values imperfection or is a perfectionist, but not both.
conclusion: Chloe is not a perfectionist.

According to the context and the conclusions that have already been drawn, we can deduce that it is uncertain that Chloe struggles with creativity. The correct option is: C."
"Given the facts below, answer the question.

Facts:
Ariya works in a lab. Ariya pursues medical research. If Ariya works in a lab, then she either pursues medical research or investigates genetics, but not both. Ariya teaches research methods. Ariya either teaches research methods or analyzes biological processes, but not both. Ariya interprets laboratory results. Ariya either interprets laboratory results or examines microscopic data, but not both. Ariya researches molecular biology. If Ariya either investigates genetics or researches molecular biology (but not both), then she studies embryonic development.

Question:
Based on the above information, is the following statement true, false, or uncertain? If Ariya studies embryonic development and understands cell division, then she can make breakthrough discoveries.

Options:
[""A) True"", ""B) False"", ""C) Uncertain""]","Given the facts below, answer the question.

Facts:
Jesse either teaches research methods or analyzes biological processes, but not both. Imran researches molecular biology. If Imran works in a lab, then she either pursues medical research or investigates genetics, but not both. Ariya teaches research methods. If Ariya works in a lab, then she either pursues medical research or investigates genetics, but not both. Ariya researches molecular biology. Ariya interprets laboratory results. Ariya either interprets laboratory results or examines microscopic data, but not both. If Jesse either investigates genetics or researches molecular biology (but not both), then she studies embryonic development. If Ariya either investigates genetics or researches molecular biology (but not both), then she studies embryonic development. Bjorn either interprets laboratory results or examines microscopic data, but not both. Ariya works in a lab. Bjorn pursues medical research. Jesse does not make breakthrough discoveries. If Jesse examines microscopic data or analyzes biological processes, then she can understand cell division. Imran interprets laboratory results. Bjorn teaches research methods. Bjorn works in a lab. Ariya either teaches research methods or analyzes biological processes, but not both. Ariya pursues medical research.

Question:
Based on the above information, is the following statement true, false, or uncertain? If Ariya studies embryonic development and understands cell division, then she can make breakthrough discoveries.

Options:
[""A) True"", ""B) False"", ""C) Uncertain""]",C,2,"fact1: Ariya works in a lab.
fact2: Ariya pursues medical research.
rule: If Ariya works in a lab, then she either pursues medical research or investigates genetics, but not both.
conclusion: Ariya does not investigate genetics.
fact1: Ariya teaches research methods.
rule: Ariya either teaches research methods or analyzes biological processes, but not both.
conclusion: Ariya does not analyze biological processes.
fact1: Ariya interprets laboratory results.
rule: Ariya either interprets laboratory results or examines microscopic data, but not both.
conclusion: Ariya does not examine microscopic data.
fact1: Ariya does not investigate genetics.
fact2: Ariya researches molecular biology.
rule: If Ariya either investigates genetics or researches molecular biology (but not both), then she studies embryonic development.
conclusion: Ariya studies embryonic development.

According to the context and the conclusions that have already been drawn, we can deduce that it is uncertain that If Ariya studies embryonic development and understands cell division, then she can make breakthrough discoveries. The correct option is: C."
"Given the facts below, answer the question.

Facts:
Brody is introspective. Brody enjoys reading. If Brody is introspective, then he is either quiet by nature or enjoys reading, but not both. Brody avoids social media. Brody keeps a low profile. Anyone who avoids social media or keeps a low profile values their privacy. Anyone who values their privacy or prefers quiet can live in solitude. Brody does not pursue fame. For Brody, pursuing fame and remaining humble are mutually exclusive. If Brody lives in solitude, then he either produces acclaimed work or remains humble, but not both.

Question:
Based on the above information, is the following statement true, false, or uncertain? Brody does not produce acclaimed work.

Options:
[""A) True"", ""B) False"", ""C) Uncertain""]","Given the facts below, answer the question.

Facts:
If Zaria lives in solitude, then he either produces acclaimed work or remains humble, but not both. Brody does not pursue fame. Charlee avoids social media. Brody keeps a low profile. For Brody, pursuing fame and remaining humble are mutually exclusive. Brody enjoys reading. If Brody seeks inspiration, then he either finds a creative outlet or lives in solitude (or both). Zaria keeps a low profile. Anyone who values their privacy or prefers quiet can live in solitude. If Brody lives in solitude, then he either produces acclaimed work or remains humble, but not both. Anyone who avoids social media or keeps a low profile values their privacy. Brody avoids social media. Charlee does not pursue fame. For Armani, pursuing fame and remaining humble are mutually exclusive. Brody is introspective. Zaria enjoys reading. If Brody is introspective, then he is either quiet by nature or enjoys reading, but not both. If Brody shuns wealth, then he will remain humble. If Armani is introspective, then he is either quiet by nature or enjoys reading, but not both. Charlee is introspective.

Question:
Based on the above information, is the following statement true, false, or uncertain? Brody does not produce acclaimed work.

Options:
[""A) True"", ""B) False"", ""C) Uncertain""]",A,0,"fact1: Brody is introspective.
fact2: Brody enjoys reading.
rule: If Brody is introspective, then he is either quiet by nature or enjoys reading, but not both.
conclusion: Brody does not prefer quiet.
fact1: Brody avoids social media.
fact2: Brody keeps a low profile.
rule: Anyone who avoids social media or keeps a low profile values their privacy.
conclusion: Brody values his privacy.
fact1: Brody values his privacy.
fact2: Brody does not prefer quiet.
rule: Anyone who values their privacy or prefers quiet can live in solitude.
conclusion: Brody lives in solitude.
fact1: Brody does not pursue fame.
rule: For Brody, pursuing fame and remaining humble are mutually exclusive.
conclusion: Brody remains humble.
fact1: Brody lives in solitude.
fact2: Brody remains humble.
rule: If Brody lives in solitude, then he either produces acclaimed work or remains humble, but not both.
conclusion: Brody does not produce acclaimed work.

Therefore, it is true that Brody does not produce acclaimed work. The correct option is: A."
"Given the facts below, answer the question.

Facts:
Kimber takes risks. Kimber faces hazards. If someone takes risks and faces hazards, then they can get injured. If Kimber gets injured, then she has a weakness. Kimber either has weakness or is resilient, but not both. Kimber is resilient or compassionate.

Question:
Based on the above information, is the following statement true, false, or uncertain? Kimber is not compassionate.

Options:
[""A) True"", ""B) False"", ""C) Uncertain""]","Given the facts below, answer the question.

Facts:
If Kimber gets injured, then she has a weakness. Kimber is resilient or compassionate. Brynlee is resilient or compassionate. Kimber faces hazards. Kimber either has weakness or is resilient, but not both. Kimber takes risks. If someone takes risks and faces hazards, then they can get injured.

Question:
Based on the above information, is the following statement true, false, or uncertain? Kimber is not compassionate.

Options:
[""A) True"", ""B) False"", ""C) Uncertain""]",B,1,"fact1: Kimber takes risks.
fact2: Kimber faces hazards.
rule: If someone takes risks and faces hazards, then they can get injured.
conclusion: Kimber gets injured.
fact1: Kimber gets injured.
rule: If Kimber gets injured, then she has a weakness.
conclusion: Kimber has weakness.
fact1: Kimber has weakness.
rule: Kimber either has weakness or is resilient, but not both.
conclusion: Kimber is not resilient.
fact1: Kimber is not resilient.
rule: Kimber is resilient or compassionate.
conclusion: Kimber is not compassionate.

Therefore, it is false that Kimber is not compassionate. The correct option is: B."
"Given the facts below, answer the question.

Facts:
Louisa does not pursue her dreams. Louisa ignores critics. Anyone who pursues their dreams or ignores critics can follow their passion. Louisa does not speak her mind. If Louisa either speaks her mind or follows her passion (but not both), then she expresses herself freely. Louisa thinks outside the box. Anyone who thinks outside the box or expresses themselves freely can inspire others. Louisa does not value tradition. Louisa is either creative or values tradition, but not both. If Louisa is creative, then she can either inspire others or break conventions, but not both.

Question:
Based on the above information, is the following statement true, false, or uncertain? Louisa breaks conventions.

Options:
[""A) True"", ""B) False"", ""C) Uncertain""]","Given the facts below, answer the question.

Facts:
Louisa does not value tradition. Alfredo is either creative or values tradition, but not both. If Louisa is creative, then she can either inspire others or break conventions, but not both. Louisa is either creative or values tradition, but not both. If Louisa either speaks her mind or follows her passion (but not both), then she expresses herself freely. Anyone who pursues their dreams or ignores critics can follow their passion. Aitana does not speak her mind. Louisa does not speak her mind. Aitana does not value tradition. Alfredo thinks outside the box. If Erick either speaks her mind or follows her passion (but not both), then she expresses herself freely. Louisa does not pursue her dreams. Louisa ignores critics. If Aitana is creative, then she can either inspire others or break conventions, but not both. Alfredo ignores critics. Louisa thinks outside the box. Anyone who thinks outside the box or expresses themselves freely can inspire others.

Question:
Based on the above information, is the following statement true, false, or uncertain? Louisa breaks conventions.

Options:
[""A) True"", ""B) False"", ""C) Uncertain""]",B,1,"fact1: Louisa does not pursue her dreams.
fact2: Louisa ignores critics.
rule: Anyone who pursues their dreams or ignores critics can follow their passion.
conclusion: Louisa follows her passion.
fact1: Louisa does not speak her mind.
fact2: Louisa follows her passion.
rule: If Louisa either speaks her mind or follows her passion (but not both), then she expresses herself freely.
conclusion: Louisa expresses herself freely.
fact1: Louisa thinks outside the box.
fact2: Louisa expresses herself freely.
rule: Anyone who thinks outside the box or expresses themselves freely can inspire others.
conclusion: Louisa inspires others.
fact1: Louisa does not value tradition.
rule: Louisa is either creative or values tradition, but not both.
conclusion: Louisa is creative.
fact1: Louisa is creative.
fact2: Louisa inspires others.
rule: If Louisa is creative, then she can either inspire others or break conventions, but not both.
conclusion: Louisa breaks conventions.

Therefore, it is false that Louisa breaks conventions. The correct option is: B."
"Given the facts below, answer the question.

Facts:
Olivia advocates for change. Olivia does not volunteer for causes. If Olivia advocates for change, then she either volunteers for causes or participates in protests, but not both. Olivia fights for rights. If Olivia fights for rights, then she either organizes rallies or participates in protests, but not both. Olivia writes influential articles. Olivia either delivers passionate speeches or writes influential articles, but not both.

Question:
Based on the above information, is the following statement true, false, or uncertain? If Olivia is a social activist, then she either organizes rallies or delivers passionate speeches (or both).

Options:
[""A) True"", ""B) False"", ""C) Uncertain""]","Given the facts below, answer the question.

Facts:
If Tiffany fights for rights, then she either organizes rallies or participates in protests, but not both. Olivia writes influential articles. If Olivia advocates for change, then she either volunteers for causes or participates in protests, but not both. If Sariah advocates for change, then she either volunteers for causes or participates in protests, but not both. If Olivia fights for rights, then she either organizes rallies or participates in protests, but not both. Olivia either delivers passionate speeches or writes influential articles, but not both. Olivia does not volunteer for causes. Olivia advocates for change. Olivia fights for rights. Cruz does not volunteer for causes.

Question:
Based on the above information, is the following statement true, false, or uncertain? If Olivia is a social activist, then she either organizes rallies or delivers passionate speeches (or both).

Options:
[""A) True"", ""B) False"", ""C) Uncertain""]",C,2,"fact1: Olivia advocates for change.
fact2: Olivia does not volunteer for causes.
rule: If Olivia advocates for change, then she either volunteers for causes or participates in protests, but not both.
conclusion: Olivia participates in protests.
fact1: Olivia fights for rights.
fact2: Olivia participates in protests.
rule: If Olivia fights for rights, then she either organizes rallies or participates in protests, but not both.
conclusion: Olivia does not organize rallies.
fact1: Olivia writes influential articles.
rule: Olivia either delivers passionate speeches or writes influential articles, but not both.
conclusion: Olivia does not deliver passionate speeches.

According to the context and the conclusions that have already been drawn, we can deduce that it is uncertain that If Olivia is a social activist, then she either organizes rallies or delivers passionate speeches (or both). The correct option is: C."
"Given the facts below, answer the question.

Facts:
Dennis follows authority. Dennis either follows authority or rejects conformity, but not both. Dennis embraces innovation. If Dennis either embraces innovation or rejects conformity (but not both), then he values progress. Dennis either values progress or appreciates tradition, but not necessarily both. Dennis studies royal history. If Dennis studies royal history, then he either supports the monarchy or appreciates tradition (or both). Either Dennis supports the monarchy or opposes the monarchy, but not both.

Question:
Based on the above information, is the following statement true, false, or uncertain? Dennis opposes the monarchy.

Options:
[""A) True"", ""B) False"", ""C) Uncertain""]","Given the facts below, answer the question.

Facts:
Dennis embraces innovation. Dennis studies royal history. Either Eden supports the monarchy or opposes the monarchy, but not both. If Makenzie studies royal history, then he either supports the monarchy or appreciates tradition (or both). If Dennis either embraces innovation or rejects conformity (but not both), then he values progress. Aitana either values progress or appreciates tradition, but not necessarily both. Makenzie either follows authority or rejects conformity, but not both. If Dennis studies royal history, then he either supports the monarchy or appreciates tradition (or both). Makenzie studies royal history. If Aitana either embraces innovation or rejects conformity (but not both), then he values progress. Eden follows authority. Either Dennis supports the monarchy or opposes the monarchy, but not both. Makenzie embraces innovation. Dennis either follows authority or rejects conformity, but not both. Dennis follows authority. Dennis either values progress or appreciates tradition, but not necessarily both. Anyone who seeks knowledge or embraces change can value progress.

Question:
Based on the above information, is the following statement true, false, or uncertain? Dennis opposes the monarchy.

Options:
[""A) True"", ""B) False"", ""C) Uncertain""]",B,1,"fact1: Dennis follows authority.
rule: Dennis either follows authority or rejects conformity, but not both.
conclusion: Dennis does not reject conformity.
fact1: Dennis embraces innovation.
fact2: Dennis does not reject conformity.
rule: If Dennis either embraces innovation or rejects conformity (but not both), then he values progress.
conclusion: Dennis values progress.
fact1: Dennis values progress.
rule: Dennis either values progress or appreciates tradition, but not necessarily both.
conclusion: Dennis does not appreciate tradition.
fact1: Dennis studies royal history.
fact2: Dennis does not appreciate tradition.
rule: If Dennis studies royal history, then he either supports the monarchy or appreciates tradition (or both).
conclusion: Dennis supports the monarchy.
fact1: Dennis supports the monarchy.
rule: Either Dennis supports the monarchy or opposes the monarchy, but not both.
conclusion: Dennis opposes the monarchy.

Therefore, it is false that Dennis opposes the monarchy. The correct option is: B."
"Given the facts below, answer the question.

Facts:
Claire challenges authority. If Claire challenges authority, then she will expose corruption. Claire is an investigative journalist. If Claire is an investigative journalist, then she either seeks truth or exposes corruption, but not both. Claire either seeks truth or fights injustice (or both).

Question:
Based on the above information, is the following statement true, false, or uncertain? Claire does not fight injustice.

Options:
[""A) True"", ""B) False"", ""C) Uncertain""]","Given the facts below, answer the question.

Facts:
If Julissa challenges authority, then she will expose corruption. Claire challenges authority. Claire either seeks truth or fights injustice (or both). Claire is an investigative journalist. If Claire challenges authority, then she will expose corruption. If Claire is an investigative journalist, then she either seeks truth or exposes corruption, but not both. If Ailani is an investigative journalist, then she either seeks truth or exposes corruption, but not both.

Question:
Based on the above information, is the following statement true, false, or uncertain? Claire does not fight injustice.

Options:
[""A) True"", ""B) False"", ""C) Uncertain""]",B,1,"fact1: Claire challenges authority.
rule: If Claire challenges authority, then she will expose corruption.
conclusion: Claire exposes corruption.
fact1: Claire is an investigative journalist.
fact2: Claire exposes corruption.
rule: If Claire is an investigative journalist, then she either seeks truth or exposes corruption, but not both.
conclusion: Claire does not seek truth.
fact1: Claire does not seek truth.
rule: Claire either seeks truth or fights injustice (or both).
conclusion: Claire does not fight injustice.

Therefore, it is false that Claire does not fight injustice. The correct option is: B."
